timestamp,worker,gpu,variant,task,seq_len,shared_chunk,expert_chunk,checkpoint,returncode,passed,peak_mb,avg_ms,min_ms,max_ms,elapsed_s
2026-05-13T12:43:10.859486+00:00,gpu0_correctness,0,ckpt_s2048_e2048,correctness,2048,2048,2048,1,0,True,,,,,9.103
2026-05-13T12:43:19.962589+00:00,gpu0_correctness,0,ckpt_s2048_e2048,correctness,8192,2048,2048,1,0,True,,,,,9.298
2026-05-13T12:43:29.260976+00:00,gpu0_correctness,0,ckpt_s2048_e2048,benchmark,8192,2048,2048,1,0,True,4133.78,252.87,252.87,252.87,9.231
2026-05-13T12:43:29.260976+00:00,gpu0_correctness,0,ckpt_s2048_e2048,benchmark,32768,2048,2048,1,0,True,6934.88,1091.27,1091.27,1091.27,9.231
2026-05-13T12:43:38.492022+00:00,gpu0_correctness,0,ckpt_s2048_e2048,benchmark,65536,2048,2048,1,0,True,11272.01,2320.49,2320.49,2320.49,10.688
2026-05-13T12:43:49.180776+00:00,gpu0_correctness,0,ckpt_s4096_e2048,correctness,2048,4096,2048,1,0,True,,,,,8.593
2026-05-13T12:43:57.774302+00:00,gpu0_correctness,0,ckpt_s4096_e2048,correctness,8192,4096,2048,1,0,True,,,,,8.030
2026-05-13T12:44:05.804306+00:00,gpu0_correctness,0,ckpt_s4096_e2048,benchmark,8192,4096,2048,1,0,True,4132.78,252.05,252.05,252.05,9.198
2026-05-13T12:44:05.804306+00:00,gpu0_correctness,0,ckpt_s4096_e2048,benchmark,32768,4096,2048,1,0,True,6934.88,1046.59,1046.59,1046.59,9.198
2026-05-13T12:44:15.002913+00:00,gpu0_correctness,0,ckpt_s4096_e2048,benchmark,65536,4096,2048,1,0,True,11272.01,2296.78,2296.78,2296.78,10.708
2026-05-13T12:44:25.711521+00:00,gpu0_correctness,0,ckpt_s8192_e2048,correctness,2048,8192,2048,1,0,True,,,,,9.188
2026-05-13T12:44:34.900202+00:00,gpu0_correctness,0,ckpt_s8192_e2048,correctness,8192,8192,2048,1,0,True,,,,,8.676
2026-05-13T12:44:43.576222+00:00,gpu0_correctness,0,ckpt_s8192_e2048,benchmark,8192,8192,2048,1,0,True,4132.78,240.15,240.15,240.15,9.004
2026-05-13T12:44:43.576222+00:00,gpu0_correctness,0,ckpt_s8192_e2048,benchmark,32768,8192,2048,1,0,True,6934.88,1031.4,1031.4,1031.4,9.004
2026-05-13T12:44:52.581097+00:00,gpu0_correctness,0,ckpt_s8192_e2048,benchmark,65536,8192,2048,1,0,True,11272.01,2277.04,2277.04,2277.04,10.653
2026-05-13T12:45:03.234512+00:00,gpu0_correctness,0,ckpt_s4096_e4096,correctness,2048,4096,4096,1,0,True,,,,,8.361
2026-05-13T12:45:11.595544+00:00,gpu0_correctness,0,ckpt_s4096_e4096,correctness,8192,4096,4096,1,0,True,,,,,8.044
2026-05-13T12:45:19.639666+00:00,gpu0_correctness,0,ckpt_s4096_e4096,benchmark,8192,4096,4096,1,0,True,4092.77,126.68,126.68,126.68,8.224
2026-05-13T12:45:19.639666+00:00,gpu0_correctness,0,ckpt_s4096_e4096,benchmark,32768,4096,4096,1,0,True,6894.87,541.98,541.98,541.98,8.224
2026-05-13T12:45:27.864299+00:00,gpu0_correctness,0,ckpt_s4096_e4096,benchmark,65536,4096,4096,1,0,True,11272.01,1318.03,1318.03,1318.03,8.948
2026-05-13T12:45:36.813141+00:00,gpu0_correctness,0,ckpt_s8192_e4096,correctness,2048,8192,4096,1,0,True,,,,,8.292
2026-05-13T12:45:45.105129+00:00,gpu0_correctness,0,ckpt_s8192_e4096,correctness,8192,8192,4096,1,0,True,,,,,8.661
2026-05-13T12:45:53.766668+00:00,gpu0_correctness,0,ckpt_s8192_e4096,benchmark,8192,8192,4096,1,0,True,4092.77,242.22,242.22,242.22,7.969
2026-05-13T12:45:53.766668+00:00,gpu0_correctness,0,ckpt_s8192_e4096,benchmark,32768,8192,4096,1,0,True,6894.87,613.98,613.98,613.98,7.969
2026-05-13T12:46:01.736392+00:00,gpu0_correctness,0,ckpt_s8192_e4096,benchmark,65536,8192,4096,1,0,True,11272.01,1311.54,1311.54,1311.54,8.749
2026-05-13T12:46:10.485616+00:00,gpu0_correctness,0,ckpt_s16384_e4096,correctness,2048,16384,4096,1,0,True,,,,,9.561
2026-05-13T12:46:20.046517+00:00,gpu0_correctness,0,ckpt_s16384_e4096,correctness,8192,16384,4096,1,0,True,,,,,8.581
2026-05-13T12:46:28.627866+00:00,gpu0_correctness,0,ckpt_s16384_e4096,benchmark,8192,16384,4096,1,0,True,4092.77,305.28,305.28,305.28,8.670
2026-05-13T12:46:28.627866+00:00,gpu0_correctness,0,ckpt_s16384_e4096,benchmark,32768,16384,4096,1,0,True,6894.87,609.39,609.39,609.39,8.670
2026-05-13T12:46:37.298334+00:00,gpu0_correctness,0,ckpt_s16384_e4096,benchmark,65536,16384,4096,1,0,True,11272.01,1298.01,1298.01,1298.01,9.034
2026-05-13T12:46:46.333196+00:00,gpu0_correctness,0,ckpt_s8192_e8192,correctness,2048,8192,8192,1,0,True,,,,,9.119
2026-05-13T12:46:55.452143+00:00,gpu0_correctness,0,ckpt_s8192_e8192,correctness,8192,8192,8192,1,0,True,,,,,9.130
2026-05-13T12:47:04.582880+00:00,gpu0_correctness,0,ckpt_s8192_e8192,benchmark,8192,8192,8192,1,0,True,4012.63,96.31,96.31,96.31,8.103
2026-05-13T12:47:04.582880+00:00,gpu0_correctness,0,ckpt_s8192_e8192,benchmark,32768,8192,8192,1,0,True,6814.85,387.94,387.94,387.94,8.103
2026-05-13T12:47:12.686527+00:00,gpu0_correctness,0,ckpt_s8192_e8192,benchmark,65536,8192,8192,1,0,True,11272.01,869.98,869.98,869.98,7.740
2026-05-13T12:47:20.427388+00:00,gpu0_correctness,0,nocp_s2048_e2048,correctness,2048,2048,2048,0,0,True,,,,,7.932
2026-05-13T12:47:28.359803+00:00,gpu0_correctness,0,nocp_s2048_e2048,correctness,8192,2048,2048,0,0,True,,,,,8.447
2026-05-13T12:47:36.807219+00:00,gpu0_correctness,0,nocp_s2048_e2048,benchmark,8192,2048,2048,0,0,True,4526.78,235.02,235.02,235.02,8.630
2026-05-13T12:47:36.807219+00:00,gpu0_correctness,0,nocp_s2048_e2048,benchmark,32768,2048,2048,0,0,True,9474.38,1009.16,1009.16,1009.16,8.630
2026-05-13T12:47:45.437772+00:00,gpu0_correctness,0,nocp_s2048_e2048,benchmark,65536,2048,2048,0,0,True,17708.01,2220.46,2220.46,2220.46,9.539
2026-05-13T12:47:54.977612+00:00,gpu0_correctness,0,nocp_s4096_e2048,correctness,2048,4096,2048,0,0,True,,,,,7.563
2026-05-13T12:48:02.540895+00:00,gpu0_correctness,0,nocp_s4096_e2048,correctness,8192,4096,2048,0,0,True,,,,,8.084
2026-05-13T12:48:10.625317+00:00,gpu0_correctness,0,nocp_s4096_e2048,benchmark,8192,4096,2048,0,0,True,4527.66,240.46,240.46,240.46,8.765
2026-05-13T12:48:10.625317+00:00,gpu0_correctness,0,nocp_s4096_e2048,benchmark,32768,4096,2048,0,0,True,9473.26,999.62,999.62,999.62,8.765
2026-05-13T12:48:19.390851+00:00,gpu0_correctness,0,nocp_s4096_e2048,benchmark,65536,4096,2048,0,0,True,17708.01,2176.74,2176.74,2176.74,10.000
2026-05-13T12:48:29.391528+00:00,gpu0_correctness,0,nocp_s4096_e4096,correctness,2048,4096,4096,0,0,True,,,,,8.604
2026-05-13T12:48:37.996242+00:00,gpu0_correctness,0,nocp_s4096_e4096,correctness,8192,4096,4096,0,0,True,,,,,8.268
2026-05-13T12:48:46.264292+00:00,gpu0_correctness,0,nocp_s4096_e4096,benchmark,8192,4096,4096,0,0,True,4428.77,138.29,138.29,138.29,7.904
2026-05-13T12:48:46.264292+00:00,gpu0_correctness,0,nocp_s4096_e4096,benchmark,32768,4096,4096,0,0,True,9328.38,577.71,577.71,577.71,7.904
2026-05-13T12:48:54.168536+00:00,gpu0_correctness,0,nocp_s4096_e4096,benchmark,65536,4096,4096,0,0,True,17416.01,1272.69,1272.69,1272.69,7.721
2026-05-13T12:49:01.890461+00:00,gpu0_correctness,0,nocp_s8192_e4096,correctness,2048,8192,4096,0,0,True,,,,,7.630
2026-05-13T12:49:09.520849+00:00,gpu0_correctness,0,nocp_s8192_e4096,correctness,8192,8192,4096,0,0,True,,,,,8.312
2026-05-13T12:49:17.833501+00:00,gpu0_correctness,0,nocp_s8192_e4096,benchmark,8192,8192,4096,0,0,True,4428.77,131.14,131.14,131.14,8.144
2026-05-13T12:49:17.833501+00:00,gpu0_correctness,0,nocp_s8192_e4096,benchmark,32768,8192,4096,0,0,True,9328.38,581.17,581.17,581.17,8.144
2026-05-13T12:49:25.977430+00:00,gpu0_correctness,0,nocp_s8192_e4096,benchmark,65536,8192,4096,0,0,True,17416.01,1255.41,1255.41,1255.41,7.650
2026-05-13T12:49:33.627816+00:00,gpu0_correctness,0,nocp_s8192_e8192,correctness,2048,8192,8192,0,0,True,,,,,7.858
2026-05-13T12:49:41.486051+00:00,gpu0_correctness,0,nocp_s8192_e8192,correctness,8192,8192,8192,0,0,True,,,,,7.825
2026-05-13T12:49:49.311402+00:00,gpu0_correctness,0,nocp_s8192_e8192,benchmark,8192,8192,8192,0,0,True,4300.63,83.54,83.54,83.54,6.844
2026-05-13T12:49:49.311402+00:00,gpu0_correctness,0,nocp_s8192_e8192,benchmark,32768,8192,8192,0,0,True,9328.38,366.06,366.06,366.06,6.844
2026-05-13T12:49:56.155238+00:00,gpu0_correctness,0,nocp_s8192_e8192,benchmark,65536,8192,8192,0,0,True,17416.01,806.0,806.0,806.0,6.955
2026-05-13T12:50:03.111149+00:00,gpu0_correctness,0,ckpt_s1024_e1024,correctness,2048,1024,1024,1,0,True,,,,,9.226
2026-05-13T12:50:12.337777+00:00,gpu0_correctness,0,ckpt_s1024_e1024,correctness,8192,1024,1024,1,0,True,,,,,8.794
2026-05-13T12:50:21.132047+00:00,gpu0_correctness,0,ckpt_s1024_e1024,benchmark,8192,1024,1024,1,0,True,4152.79,469.18,469.18,469.18,12.071
2026-05-13T12:50:21.132047+00:00,gpu0_correctness,0,ckpt_s1024_e1024,benchmark,32768,1024,1024,1,0,True,6954.88,1977.31,1977.31,1977.31,12.071
2026-05-13T12:50:33.203527+00:00,gpu0_correctness,0,ckpt_s1024_e1024,benchmark,65536,1024,1024,1,0,True,11272.01,4187.86,4187.86,4187.86,14.836
2026-05-13T12:50:48.039756+00:00,gpu0_correctness,0,ckpt_s2048_e1024,correctness,2048,2048,1024,1,0,True,,,,,8.002
2026-05-13T12:50:56.042518+00:00,gpu0_correctness,0,ckpt_s2048_e1024,correctness,8192,2048,1024,1,0,True,,,,,8.238
2026-05-13T12:51:04.281149+00:00,gpu0_correctness,0,ckpt_s2048_e1024,benchmark,8192,2048,1024,1,0,True,4153.66,403.26,403.26,403.26,11.414
2026-05-13T12:51:04.281149+00:00,gpu0_correctness,0,ckpt_s2048_e1024,benchmark,32768,2048,1024,1,0,True,6955.75,1932.12,1932.12,1932.12,11.414
2026-05-13T12:51:15.695112+00:00,gpu0_correctness,0,ckpt_s2048_e1024,benchmark,65536,2048,1024,1,0,True,11272.51,4257.61,4257.61,4257.61,14.320
2026-05-13T12:51:30.015909+00:00,gpu0_correctness,0,ckpt_s4096_e1024,correctness,2048,4096,1024,1,0,True,,,,,8.718
2026-05-13T12:51:38.734355+00:00,gpu0_correctness,0,ckpt_s4096_e1024,correctness,8192,4096,1024,1,0,True,,,,,8.796
2026-05-13T12:51:47.530479+00:00,gpu0_correctness,0,ckpt_s4096_e1024,benchmark,8192,4096,1024,1,0,True,4153.16,447.57,447.57,447.57,12.318
2026-05-13T12:51:47.530479+00:00,gpu0_correctness,0,ckpt_s4096_e1024,benchmark,32768,4096,1024,1,0,True,6955.25,1970.65,1970.65,1970.65,12.318
2026-05-13T12:51:59.848642+00:00,gpu0_correctness,0,ckpt_s4096_e1024,benchmark,65536,4096,1024,1,0,True,11272.51,4290.67,4290.67,4290.67,14.359
2026-05-13T12:52:14.208354+00:00,gpu0_correctness,0,ckpt_s2048_e2048,correctness,2048,2048,2048,1,0,True,,,,,9.382
2026-05-13T12:52:23.590359+00:00,gpu0_correctness,0,ckpt_s2048_e2048,correctness,8192,2048,2048,1,0,True,,,,,9.755
2026-05-13T12:52:33.345159+00:00,gpu0_correctness,0,ckpt_s2048_e2048,benchmark,8192,2048,2048,1,0,True,4133.78,251.57,251.57,251.57,9.180
2026-05-13T12:52:33.345159+00:00,gpu0_correctness,0,ckpt_s2048_e2048,benchmark,32768,2048,2048,1,0,True,6934.88,1067.61,1067.61,1067.61,9.180
2026-05-13T12:52:42.525300+00:00,gpu0_correctness,0,ckpt_s2048_e2048,benchmark,65536,2048,2048,1,0,True,11272.01,2330.93,2330.93,2330.93,10.817
2026-05-13T12:52:53.342531+00:00,gpu0_correctness,0,ckpt_s4096_e2048,correctness,2048,4096,2048,1,0,True,,,,,9.344
2026-05-13T12:53:02.687290+00:00,gpu0_correctness,0,ckpt_s4096_e2048,correctness,8192,4096,2048,1,0,True,,,,,8.947
2026-05-13T12:53:11.634693+00:00,gpu0_correctness,0,ckpt_s4096_e2048,benchmark,8192,4096,2048,1,0,True,4132.78,248.35,248.35,248.35,9.579
2026-05-13T12:53:11.634693+00:00,gpu0_correctness,0,ckpt_s4096_e2048,benchmark,32768,4096,2048,1,0,True,6934.88,1044.95,1044.95,1044.95,9.579
2026-05-13T12:53:21.214519+00:00,gpu0_correctness,0,ckpt_s4096_e2048,benchmark,65536,4096,2048,1,0,True,11272.01,2318.97,2318.97,2318.97,10.193
2026-05-13T12:53:31.408432+00:00,gpu0_correctness,0,ckpt_s8192_e2048,correctness,2048,8192,2048,1,0,True,,,,,8.200
2026-05-13T12:53:39.609191+00:00,gpu0_correctness,0,ckpt_s8192_e2048,correctness,8192,8192,2048,1,0,True,,,,,8.633
2026-05-13T12:53:48.242456+00:00,gpu0_correctness,0,ckpt_s8192_e2048,benchmark,8192,8192,2048,1,0,True,4132.78,245.08,245.08,245.08,9.530
2026-05-13T12:53:48.242456+00:00,gpu0_correctness,0,ckpt_s8192_e2048,benchmark,32768,8192,2048,1,0,True,6934.88,1044.64,1044.64,1044.64,9.530
2026-05-13T12:53:57.772964+00:00,gpu0_correctness,0,ckpt_s8192_e2048,benchmark,65536,8192,2048,1,0,True,11272.01,2278.09,2278.09,2278.09,10.547
2026-05-13T12:54:08.320563+00:00,gpu0_correctness,0,ckpt_s4096_e4096,correctness,2048,4096,4096,1,0,True,,,,,8.524
2026-05-13T12:54:16.844552+00:00,gpu0_correctness,0,ckpt_s4096_e4096,correctness,8192,4096,4096,1,0,True,,,,,8.836
2026-05-13T12:54:25.681042+00:00,gpu0_correctness,0,ckpt_s4096_e4096,benchmark,8192,4096,4096,1,0,True,4092.77,140.7,140.7,140.7,8.580
2026-05-13T12:54:25.681042+00:00,gpu0_correctness,0,ckpt_s4096_e4096,benchmark,32768,4096,4096,1,0,True,6894.87,602.74,602.74,602.74,8.580
2026-05-13T12:54:34.261354+00:00,gpu0_correctness,0,ckpt_s4096_e4096,benchmark,65536,4096,4096,1,0,True,11272.01,1330.05,1330.05,1330.05,8.288
2026-05-13T12:54:42.550327+00:00,gpu0_correctness,0,ckpt_s8192_e4096,correctness,2048,8192,4096,1,0,True,,,,,8.488
2026-05-13T12:54:51.038514+00:00,gpu0_correctness,0,ckpt_s8192_e4096,correctness,8192,8192,4096,1,0,True,,,,,9.194
2026-05-13T12:55:00.232619+00:00,gpu0_correctness,0,ckpt_s8192_e4096,benchmark,8192,8192,4096,1,0,True,4092.77,262.86,262.86,262.86,8.557
2026-05-13T12:55:00.232619+00:00,gpu0_correctness,0,ckpt_s8192_e4096,benchmark,32768,8192,4096,1,0,True,6894.87,604.51,604.51,604.51,8.557
2026-05-13T12:55:08.789629+00:00,gpu0_correctness,0,ckpt_s8192_e4096,benchmark,65536,8192,4096,1,0,True,11272.01,1310.02,1310.02,1310.02,9.004
2026-05-13T12:55:17.793987+00:00,gpu0_correctness,0,ckpt_s16384_e4096,correctness,2048,16384,4096,1,0,True,,,,,8.389
2026-05-13T12:55:26.183509+00:00,gpu0_correctness,0,ckpt_s16384_e4096,correctness,8192,16384,4096,1,0,True,,,,,8.878
2026-05-13T12:55:35.061637+00:00,gpu0_correctness,0,ckpt_s16384_e4096,benchmark,8192,16384,4096,1,0,True,4092.77,329.48,329.48,329.48,8.016
2026-05-13T12:55:35.061637+00:00,gpu0_correctness,0,ckpt_s16384_e4096,benchmark,32768,16384,4096,1,0,True,6894.87,593.81,593.81,593.81,8.016
2026-05-13T12:55:43.078418+00:00,gpu0_correctness,0,ckpt_s16384_e4096,benchmark,65536,16384,4096,1,0,True,11272.01,1145.06,1145.06,1145.06,8.484
2026-05-13T12:55:51.562592+00:00,gpu0_correctness,0,ckpt_s8192_e8192,correctness,2048,8192,8192,1,0,True,,,,,9.894
2026-05-13T12:56:01.457054+00:00,gpu0_correctness,0,ckpt_s8192_e8192,correctness,8192,8192,8192,1,0,True,,,,,8.928
2026-05-13T12:56:10.385527+00:00,gpu0_correctness,0,ckpt_s8192_e8192,benchmark,8192,8192,8192,1,0,True,4012.63,93.13,93.13,93.13,8.393
2026-05-13T12:56:10.385527+00:00,gpu0_correctness,0,ckpt_s8192_e8192,benchmark,32768,8192,8192,1,0,True,6814.85,392.26,392.26,392.26,8.393
2026-05-13T12:56:18.779445+00:00,gpu0_correctness,0,ckpt_s8192_e8192,benchmark,65536,8192,8192,1,0,True,11272.01,845.01,845.01,845.01,7.995
2026-05-13T12:56:26.775461+00:00,gpu0_correctness,0,nocp_s2048_e2048,correctness,2048,2048,2048,0,0,True,,,,,7.162
2026-05-13T12:56:33.937934+00:00,gpu0_correctness,0,nocp_s2048_e2048,correctness,8192,2048,2048,0,0,True,,,,,7.034
2026-05-13T12:56:40.972551+00:00,gpu0_correctness,0,nocp_s2048_e2048,benchmark,8192,2048,2048,0,0,True,4526.78,203.0,203.0,203.0,8.378
2026-05-13T12:56:40.972551+00:00,gpu0_correctness,0,nocp_s2048_e2048,benchmark,32768,2048,2048,0,0,True,9474.38,893.15,893.15,893.15,8.378
2026-05-13T12:56:49.350704+00:00,gpu0_correctness,0,nocp_s2048_e2048,benchmark,65536,2048,2048,0,0,True,17708.01,2079.2,2079.2,2079.2,9.209
2026-05-13T12:56:58.560132+00:00,gpu0_correctness,0,nocp_s4096_e2048,correctness,2048,4096,2048,0,0,True,,,,,7.668
2026-05-13T12:57:06.228811+00:00,gpu0_correctness,0,nocp_s4096_e2048,correctness,8192,4096,2048,0,0,True,,,,,8.118
2026-05-13T12:57:14.347038+00:00,gpu0_correctness,0,nocp_s4096_e2048,benchmark,8192,4096,2048,0,0,True,4527.66,226.5,226.5,226.5,8.697
2026-05-13T12:57:14.347038+00:00,gpu0_correctness,0,nocp_s4096_e2048,benchmark,32768,4096,2048,0,0,True,9473.26,1003.95,1003.95,1003.95,8.697
2026-05-13T12:57:23.044410+00:00,gpu0_correctness,0,nocp_s4096_e2048,benchmark,65536,4096,2048,0,0,True,17708.01,2169.88,2169.88,2169.88,9.432
2026-05-13T12:57:32.476964+00:00,gpu0_correctness,0,nocp_s4096_e4096,correctness,2048,4096,4096,0,0,True,,,,,7.885
2026-05-13T12:57:40.362246+00:00,gpu0_correctness,0,nocp_s4096_e4096,correctness,8192,4096,4096,0,0,True,,,,,8.058
2026-05-13T12:57:48.420505+00:00,gpu0_correctness,0,nocp_s4096_e4096,benchmark,8192,4096,4096,0,0,True,4428.77,138.73,138.73,138.73,8.155
2026-05-13T12:57:48.420505+00:00,gpu0_correctness,0,nocp_s4096_e4096,benchmark,32768,4096,4096,0,0,True,9328.38,593.6,593.6,593.6,8.155
2026-05-13T12:57:56.576356+00:00,gpu0_correctness,0,nocp_s4096_e4096,benchmark,65536,4096,4096,0,0,True,17416.01,1269.27,1269.27,1269.27,7.802
2026-05-13T12:58:04.378974+00:00,gpu0_correctness,0,nocp_s8192_e4096,correctness,2048,8192,4096,0,0,True,,,,,7.672
2026-05-13T12:58:12.051082+00:00,gpu0_correctness,0,nocp_s8192_e4096,correctness,8192,8192,4096,0,0,True,,,,,8.028
2026-05-13T12:58:20.079514+00:00,gpu0_correctness,0,nocp_s8192_e4096,benchmark,8192,8192,4096,0,0,True,4428.77,139.64,139.64,139.64,7.381
2026-05-13T12:58:20.079514+00:00,gpu0_correctness,0,nocp_s8192_e4096,benchmark,32768,8192,4096,0,0,True,9328.38,573.28,573.28,573.28,7.381
2026-05-13T12:58:27.460789+00:00,gpu0_correctness,0,nocp_s8192_e4096,benchmark,65536,8192,4096,0,0,True,17416.01,1253.72,1253.72,1253.72,7.859
2026-05-13T12:58:35.320730+00:00,gpu0_correctness,0,nocp_s8192_e8192,correctness,2048,8192,8192,0,0,True,,,,,7.351
2026-05-13T12:58:42.671978+00:00,gpu0_correctness,0,nocp_s8192_e8192,correctness,8192,8192,8192,0,0,True,,,,,7.705
2026-05-13T12:58:50.377389+00:00,gpu0_correctness,0,nocp_s8192_e8192,benchmark,8192,8192,8192,0,0,True,4300.63,89.38,89.38,89.38,7.171
2026-05-13T12:58:50.377389+00:00,gpu0_correctness,0,nocp_s8192_e8192,benchmark,32768,8192,8192,0,0,True,9328.38,365.21,365.21,365.21,7.171
2026-05-13T12:58:57.548507+00:00,gpu0_correctness,0,nocp_s8192_e8192,benchmark,65536,8192,8192,0,0,True,17416.01,785.48,785.48,785.48,6.465
2026-05-13T12:59:04.013579+00:00,gpu0_correctness,0,ckpt_s1024_e1024,correctness,2048,1024,1024,1,0,True,,,,,8.387
2026-05-13T12:59:12.400534+00:00,gpu0_correctness,0,ckpt_s1024_e1024,correctness,8192,1024,1024,1,0,True,,,,,8.218
2026-05-13T12:59:20.618307+00:00,gpu0_correctness,0,ckpt_s1024_e1024,benchmark,8192,1024,1024,1,0,True,4152.79,452.8,452.8,452.8,11.531
2026-05-13T12:59:20.618307+00:00,gpu0_correctness,0,ckpt_s1024_e1024,benchmark,32768,1024,1024,1,0,True,6954.88,2029.9,2029.9,2029.9,11.531
2026-05-13T12:59:32.149467+00:00,gpu0_correctness,0,ckpt_s1024_e1024,benchmark,65536,1024,1024,1,0,True,11272.01,4383.89,4383.89,4383.89,14.728
2026-05-13T12:59:46.877534+00:00,gpu0_correctness,0,ckpt_s2048_e1024,correctness,2048,2048,1024,1,0,True,,,,,8.401
2026-05-13T12:59:55.279127+00:00,gpu0_correctness,0,ckpt_s2048_e1024,correctness,8192,2048,1024,1,0,True,,,,,8.641
2026-05-13T13:00:03.920348+00:00,gpu0_correctness,0,ckpt_s2048_e1024,benchmark,8192,2048,1024,1,0,True,4153.66,452.31,452.31,452.31,11.596
2026-05-13T13:00:03.920348+00:00,gpu0_correctness,0,ckpt_s2048_e1024,benchmark,32768,2048,1024,1,0,True,6955.75,1958.84,1958.84,1958.84,11.596
2026-05-13T13:00:15.516584+00:00,gpu0_correctness,0,ckpt_s2048_e1024,benchmark,65536,2048,1024,1,0,True,11272.51,4332.48,4332.48,4332.48,14.678
2026-05-13T13:00:30.195286+00:00,gpu0_correctness,0,ckpt_s4096_e1024,correctness,2048,4096,1024,1,0,True,,,,,8.477
2026-05-13T13:00:38.673039+00:00,gpu0_correctness,0,ckpt_s4096_e1024,correctness,8192,4096,1024,1,0,True,,,,,8.363
2026-05-13T13:00:47.035891+00:00,gpu0_correctness,0,ckpt_s4096_e1024,benchmark,8192,4096,1024,1,0,True,4153.16,456.97,456.97,456.97,11.852
2026-05-13T13:00:47.035891+00:00,gpu0_correctness,0,ckpt_s4096_e1024,benchmark,32768,4096,1024,1,0,True,6955.25,1970.99,1970.99,1970.99,11.852
2026-05-13T13:00:58.888358+00:00,gpu0_correctness,0,ckpt_s4096_e1024,benchmark,65536,4096,1024,1,0,True,11272.51,4279.48,4279.48,4279.48,14.100
2026-05-13T13:01:12.989214+00:00,gpu0_correctness,0,ckpt_s2048_e2048,correctness,2048,2048,2048,1,0,True,,,,,8.474
2026-05-13T13:01:21.463415+00:00,gpu0_correctness,0,ckpt_s2048_e2048,correctness,8192,2048,2048,1,0,True,,,,,8.294
2026-05-13T13:01:29.757820+00:00,gpu0_correctness,0,ckpt_s2048_e2048,benchmark,8192,2048,2048,1,0,True,4133.78,241.93,241.93,241.93,9.038
2026-05-13T13:01:29.757820+00:00,gpu0_correctness,0,ckpt_s2048_e2048,benchmark,32768,2048,2048,1,0,True,6934.88,1069.73,1069.73,1069.73,9.038
2026-05-13T13:01:38.795749+00:00,gpu0_correctness,0,ckpt_s2048_e2048,benchmark,65536,2048,2048,1,0,True,11272.01,2235.08,2235.08,2235.08,9.979
2026-05-13T13:01:48.774755+00:00,gpu0_correctness,0,ckpt_s4096_e2048,correctness,2048,4096,2048,1,0,True,,,,,8.806
2026-05-13T13:01:57.581308+00:00,gpu0_correctness,0,ckpt_s4096_e2048,correctness,8192,4096,2048,1,0,True,,,,,9.264
2026-05-13T13:02:06.845416+00:00,gpu0_correctness,0,ckpt_s4096_e2048,benchmark,8192,4096,2048,1,0,True,4132.78,244.2,244.2,244.2,9.468
2026-05-13T13:02:06.845416+00:00,gpu0_correctness,0,ckpt_s4096_e2048,benchmark,32768,4096,2048,1,0,True,6934.88,1042.79,1042.79,1042.79,9.468
2026-05-13T13:02:16.313770+00:00,gpu0_correctness,0,ckpt_s4096_e2048,benchmark,65536,4096,2048,1,0,True,11272.01,2277.33,2277.33,2277.33,10.307
2026-05-13T13:02:26.621474+00:00,gpu0_correctness,0,ckpt_s8192_e2048,correctness,2048,8192,2048,1,0,True,,,,,8.302
2026-05-13T13:02:34.923376+00:00,gpu0_correctness,0,ckpt_s8192_e2048,correctness,8192,8192,2048,1,0,True,,,,,8.665
2026-05-13T13:02:43.588295+00:00,gpu0_correctness,0,ckpt_s8192_e2048,benchmark,8192,8192,2048,1,0,True,4132.78,227.87,227.87,227.87,8.783
2026-05-13T13:02:43.588295+00:00,gpu0_correctness,0,ckpt_s8192_e2048,benchmark,32768,8192,2048,1,0,True,6934.88,927.89,927.89,927.89,8.783
2026-05-13T13:02:52.371535+00:00,gpu0_correctness,0,ckpt_s8192_e2048,benchmark,65536,8192,2048,1,0,True,11272.01,2264.99,2264.99,2264.99,10.273
2026-05-13T13:03:02.645039+00:00,gpu0_correctness,0,ckpt_s4096_e4096,correctness,2048,4096,4096,1,0,True,,,,,8.685
2026-05-13T13:03:11.330531+00:00,gpu0_correctness,0,ckpt_s4096_e4096,correctness,8192,4096,4096,1,0,True,,,,,8.218
2026-05-13T13:03:19.548937+00:00,gpu0_correctness,0,ckpt_s4096_e4096,benchmark,8192,4096,4096,1,0,True,4092.77,140.76,140.76,140.76,7.668
2026-05-13T13:03:19.548937+00:00,gpu0_correctness,0,ckpt_s4096_e4096,benchmark,32768,4096,4096,1,0,True,6894.87,614.94,614.94,614.94,7.668
2026-05-13T13:03:27.217421+00:00,gpu0_correctness,0,ckpt_s4096_e4096,benchmark,65536,4096,4096,1,0,True,11272.01,1324.66,1324.66,1324.66,8.451
2026-05-13T13:03:35.669381+00:00,gpu0_correctness,0,ckpt_s8192_e4096,correctness,2048,8192,4096,1,0,True,,,,,9.355
2026-05-13T13:03:45.024606+00:00,gpu0_correctness,0,ckpt_s8192_e4096,correctness,8192,8192,4096,1,0,True,,,,,7.963
2026-05-13T13:03:52.987801+00:00,gpu0_correctness,0,ckpt_s8192_e4096,benchmark,8192,8192,4096,1,0,True,4092.77,247.12,247.12,247.12,7.618
2026-05-13T13:03:52.987801+00:00,gpu0_correctness,0,ckpt_s8192_e4096,benchmark,32768,8192,4096,1,0,True,6894.87,615.67,615.67,615.67,7.618
2026-05-13T13:04:00.606635+00:00,gpu0_correctness,0,ckpt_s8192_e4096,benchmark,65536,8192,4096,1,0,True,11272.01,1303.98,1303.98,1303.98,8.815
2026-05-13T13:04:09.422014+00:00,gpu0_correctness,0,ckpt_s16384_e4096,correctness,2048,16384,4096,1,0,True,,,,,8.447
2026-05-13T13:04:17.868903+00:00,gpu0_correctness,0,ckpt_s16384_e4096,correctness,8192,16384,4096,1,0,True,,,,,8.864
2026-05-13T13:04:26.733222+00:00,gpu0_correctness,0,ckpt_s16384_e4096,benchmark,8192,16384,4096,1,0,True,4092.77,338.8,338.8,338.8,8.737
2026-05-13T13:04:26.733222+00:00,gpu0_correctness,0,ckpt_s16384_e4096,benchmark,32768,16384,4096,1,0,True,6894.87,605.25,605.25,605.25,8.737
2026-05-13T13:04:35.470504+00:00,gpu0_correctness,0,ckpt_s16384_e4096,benchmark,65536,16384,4096,1,0,True,11272.01,1291.28,1291.28,1291.28,8.284
2026-05-13T13:04:43.754593+00:00,gpu0_correctness,0,ckpt_s8192_e8192,correctness,2048,8192,8192,1,0,True,,,,,8.010
2026-05-13T13:04:51.764583+00:00,gpu0_correctness,0,ckpt_s8192_e8192,correctness,8192,8192,8192,1,0,True,,,,,8.294
2026-05-13T13:05:00.059174+00:00,gpu0_correctness,0,ckpt_s8192_e8192,benchmark,8192,8192,8192,1,0,True,4012.63,93.01,93.01,93.01,7.410
2026-05-13T13:05:00.059174+00:00,gpu0_correctness,0,ckpt_s8192_e8192,benchmark,32768,8192,8192,1,0,True,6814.85,390.15,390.15,390.15,7.410
2026-05-13T13:05:07.469552+00:00,gpu0_correctness,0,ckpt_s8192_e8192,benchmark,65536,8192,8192,1,0,True,11272.01,840.87,840.87,840.87,7.268
2026-05-13T13:05:14.737896+00:00,gpu0_correctness,0,nocp_s2048_e2048,correctness,2048,2048,2048,0,0,True,,,,,7.708
2026-05-13T13:05:22.446771+00:00,gpu0_correctness,0,nocp_s2048_e2048,correctness,8192,2048,2048,0,0,True,,,,,7.895
2026-05-13T13:05:30.342420+00:00,gpu0_correctness,0,nocp_s2048_e2048,benchmark,8192,2048,2048,0,0,True,4526.78,234.71,234.71,234.71,8.173
2026-05-13T13:05:30.342420+00:00,gpu0_correctness,0,nocp_s2048_e2048,benchmark,32768,2048,2048,0,0,True,9474.38,1001.89,1001.89,1001.89,8.173
2026-05-13T13:05:38.515992+00:00,gpu0_correctness,0,nocp_s2048_e2048,benchmark,65536,2048,2048,0,0,True,17708.01,2208.01,2208.01,2208.01,9.899
2026-05-13T13:05:48.415399+00:00,gpu0_correctness,0,nocp_s4096_e2048,correctness,2048,4096,2048,0,0,True,,,,,7.807
2026-05-13T13:05:56.222856+00:00,gpu0_correctness,0,nocp_s4096_e2048,correctness,8192,4096,2048,0,0,True,,,,,7.649
2026-05-13T13:06:03.872566+00:00,gpu0_correctness,0,nocp_s4096_e2048,benchmark,8192,4096,2048,0,0,True,4527.66,226.94,226.94,226.94,8.427
2026-05-13T13:06:03.872566+00:00,gpu0_correctness,0,nocp_s4096_e2048,benchmark,32768,4096,2048,0,0,True,9473.26,1000.43,1000.43,1000.43,8.427
2026-05-13T13:06:12.299671+00:00,gpu0_correctness,0,nocp_s4096_e2048,benchmark,65536,4096,2048,0,0,True,17708.01,2170.78,2170.78,2170.78,9.412
2026-05-13T13:06:21.711881+00:00,gpu0_correctness,0,nocp_s4096_e4096,correctness,2048,4096,4096,0,0,True,,,,,7.278
2026-05-13T13:06:28.989934+00:00,gpu0_correctness,0,nocp_s4096_e4096,correctness,8192,4096,4096,0,0,True,,,,,7.407
2026-05-13T13:06:36.397486+00:00,gpu0_correctness,0,nocp_s4096_e4096,benchmark,8192,4096,4096,0,0,True,4428.77,132.73,132.73,132.73,7.500
2026-05-13T13:06:36.397486+00:00,gpu0_correctness,0,nocp_s4096_e4096,benchmark,32768,4096,4096,0,0,True,9328.38,583.82,583.82,583.82,7.500
2026-05-13T13:06:43.897736+00:00,gpu0_correctness,0,nocp_s4096_e4096,benchmark,65536,4096,4096,0,0,True,17416.01,1267.42,1267.42,1267.42,7.709
2026-05-13T13:06:51.607716+00:00,gpu0_correctness,0,nocp_s8192_e4096,correctness,2048,8192,4096,0,0,True,,,,,7.324
2026-05-13T13:06:58.931620+00:00,gpu0_correctness,0,nocp_s8192_e4096,correctness,8192,8192,4096,0,0,True,,,,,7.222
2026-05-13T13:07:06.154050+00:00,gpu0_correctness,0,nocp_s8192_e4096,benchmark,8192,8192,4096,0,0,True,4428.77,132.13,132.13,132.13,7.238
2026-05-13T13:07:06.154050+00:00,gpu0_correctness,0,nocp_s8192_e4096,benchmark,32768,8192,4096,0,0,True,9328.38,567.48,567.48,567.48,7.238
2026-05-13T13:07:13.392484+00:00,gpu0_correctness,0,nocp_s8192_e4096,benchmark,65536,8192,4096,0,0,True,17416.01,1256.6,1256.6,1256.6,7.474
2026-05-13T13:07:20.867308+00:00,gpu0_correctness,0,nocp_s8192_e8192,correctness,2048,8192,8192,0,0,True,,,,,7.638
2026-05-13T13:07:28.505301+00:00,gpu0_correctness,0,nocp_s8192_e8192,correctness,8192,8192,8192,0,0,True,,,,,7.778
2026-05-13T13:07:36.283388+00:00,gpu0_correctness,0,nocp_s8192_e8192,benchmark,8192,8192,8192,0,0,True,4300.63,86.35,86.35,86.35,7.221
2026-05-13T13:07:36.283388+00:00,gpu0_correctness,0,nocp_s8192_e8192,benchmark,32768,8192,8192,0,0,True,9328.38,364.64,364.64,364.64,7.221
2026-05-13T13:07:43.504473+00:00,gpu0_correctness,0,nocp_s8192_e8192,benchmark,65536,8192,8192,0,0,True,17416.01,780.97,780.97,780.97,6.569
2026-05-13T13:07:50.073774+00:00,gpu0_correctness,0,ckpt_s1024_e1024,correctness,2048,1024,1024,1,0,True,,,,,9.066
2026-05-13T13:07:59.140238+00:00,gpu0_correctness,0,ckpt_s1024_e1024,correctness,8192,1024,1024,1,0,True,,,,,8.829
2026-05-13T13:08:07.969289+00:00,gpu0_correctness,0,ckpt_s1024_e1024,benchmark,8192,1024,1024,1,0,True,4152.79,405.85,405.85,405.85,11.089
2026-05-13T13:08:07.969289+00:00,gpu0_correctness,0,ckpt_s1024_e1024,benchmark,32768,1024,1024,1,0,True,6954.88,1779.22,1779.22,1779.22,11.089
2026-05-13T13:08:19.058367+00:00,gpu0_correctness,0,ckpt_s1024_e1024,benchmark,65536,1024,1024,1,0,True,11272.01,4096.42,4096.42,4096.42,13.520
2026-05-13T13:08:32.578824+00:00,gpu0_correctness,0,ckpt_s2048_e1024,correctness,2048,2048,1024,1,0,True,,,,,8.964
2026-05-13T13:08:41.543352+00:00,gpu0_correctness,0,ckpt_s2048_e1024,correctness,8192,2048,1024,1,0,True,,,,,8.969
2026-05-13T13:08:50.512748+00:00,gpu0_correctness,0,ckpt_s2048_e1024,benchmark,8192,2048,1024,1,0,True,4153.66,456.51,456.51,456.51,11.944
2026-05-13T13:08:50.512748+00:00,gpu0_correctness,0,ckpt_s2048_e1024,benchmark,32768,2048,1024,1,0,True,6955.75,1955.71,1955.71,1955.71,11.944
2026-05-13T13:09:02.457048+00:00,gpu0_correctness,0,ckpt_s2048_e1024,benchmark,65536,2048,1024,1,0,True,11272.51,4309.36,4309.36,4309.36,14.746
2026-05-13T13:09:17.204071+00:00,gpu0_correctness,0,ckpt_s4096_e1024,correctness,2048,4096,1024,1,0,True,,,,,8.279
2026-05-13T13:09:25.483021+00:00,gpu0_correctness,0,ckpt_s4096_e1024,correctness,8192,4096,1024,1,0,True,,,,,8.321
2026-05-13T13:09:33.804166+00:00,gpu0_correctness,0,ckpt_s4096_e1024,benchmark,8192,4096,1024,1,0,True,4153.16,445.47,445.47,445.47,11.546
2026-05-13T13:09:33.804166+00:00,gpu0_correctness,0,ckpt_s4096_e1024,benchmark,32768,4096,1024,1,0,True,6955.25,1977.74,1977.74,1977.74,11.546
2026-05-13T13:09:45.350416+00:00,gpu0_correctness,0,ckpt_s4096_e1024,benchmark,65536,4096,1024,1,0,True,11272.51,4296.0,4296.0,4296.0,14.379
2026-05-13T13:09:59.729774+00:00,gpu0_correctness,0,ckpt_s2048_e2048,correctness,2048,2048,2048,1,0,True,,,,,8.174
2026-05-13T13:10:07.904304+00:00,gpu0_correctness,0,ckpt_s2048_e2048,correctness,8192,2048,2048,1,0,True,,,,,8.575
2026-05-13T13:10:16.480128+00:00,gpu0_correctness,0,ckpt_s2048_e2048,benchmark,8192,2048,2048,1,0,True,4133.78,250.05,250.05,250.05,9.872
2026-05-13T13:10:16.480128+00:00,gpu0_correctness,0,ckpt_s2048_e2048,benchmark,32768,2048,2048,1,0,True,6934.88,1064.6,1064.6,1064.6,9.872
2026-05-13T13:10:26.352595+00:00,gpu0_correctness,0,ckpt_s2048_e2048,benchmark,65536,2048,2048,1,0,True,11272.01,2310.29,2310.29,2310.29,10.752
2026-05-13T13:10:37.105446+00:00,gpu0_correctness,0,ckpt_s4096_e2048,correctness,2048,4096,2048,1,0,True,,,,,8.542
2026-05-13T13:10:45.648160+00:00,gpu0_correctness,0,ckpt_s4096_e2048,correctness,8192,4096,2048,1,0,True,,,,,8.890
2026-05-13T13:10:54.538486+00:00,gpu0_correctness,0,ckpt_s4096_e2048,benchmark,8192,4096,2048,1,0,True,4132.78,250.75,250.75,250.75,9.250
2026-05-13T13:10:54.538486+00:00,gpu0_correctness,0,ckpt_s4096_e2048,benchmark,32768,4096,2048,1,0,True,6934.88,1054.33,1054.33,1054.33,9.250
2026-05-13T13:11:03.789061+00:00,gpu0_correctness,0,ckpt_s4096_e2048,benchmark,65536,4096,2048,1,0,True,11272.01,2278.74,2278.74,2278.74,10.528
2026-05-13T13:11:14.318049+00:00,gpu0_correctness,0,ckpt_s8192_e2048,correctness,2048,8192,2048,1,0,True,,,,,8.314
2026-05-13T13:11:22.632750+00:00,gpu0_correctness,0,ckpt_s8192_e2048,correctness,8192,8192,2048,1,0,True,,,,,8.454
2026-05-13T13:11:31.087306+00:00,gpu0_correctness,0,ckpt_s8192_e2048,benchmark,8192,8192,2048,1,0,True,4132.78,239.18,239.18,239.18,9.175
2026-05-13T13:11:31.087306+00:00,gpu0_correctness,0,ckpt_s8192_e2048,benchmark,32768,8192,2048,1,0,True,6934.88,1036.45,1036.45,1036.45,9.175
2026-05-13T13:11:40.262302+00:00,gpu0_correctness,0,ckpt_s8192_e2048,benchmark,65536,8192,2048,1,0,True,11272.01,2266.94,2266.94,2266.94,10.023
2026-05-13T13:11:50.285644+00:00,gpu0_correctness,0,ckpt_s4096_e4096,correctness,2048,4096,4096,1,0,True,,,,,8.502
2026-05-13T13:11:58.787736+00:00,gpu0_correctness,0,ckpt_s4096_e4096,correctness,8192,4096,4096,1,0,True,,,,,8.843
2026-05-13T13:12:07.631061+00:00,gpu0_correctness,0,ckpt_s4096_e4096,benchmark,8192,4096,4096,1,0,True,4092.77,144.25,144.25,144.25,8.548
2026-05-13T13:12:07.631061+00:00,gpu0_correctness,0,ckpt_s4096_e4096,benchmark,32768,4096,4096,1,0,True,6894.87,620.78,620.78,620.78,8.548
2026-05-13T13:12:16.179481+00:00,gpu0_correctness,0,ckpt_s4096_e4096,benchmark,65536,4096,4096,1,0,True,11272.01,1316.67,1316.67,1316.67,8.219
2026-05-13T13:12:24.399479+00:00,gpu0_correctness,0,ckpt_s8192_e4096,correctness,2048,8192,4096,1,0,True,,,,,8.285
2026-05-13T13:12:32.685296+00:00,gpu0_correctness,0,ckpt_s8192_e4096,correctness,8192,8192,4096,1,0,True,,,,,8.287
2026-05-13T13:12:40.973029+00:00,gpu0_correctness,0,ckpt_s8192_e4096,benchmark,8192,8192,4096,1,0,True,4092.77,249.55,249.55,249.55,7.871
2026-05-13T13:12:40.973029+00:00,gpu0_correctness,0,ckpt_s8192_e4096,benchmark,32768,8192,4096,1,0,True,6894.87,610.81,610.81,610.81,7.871
2026-05-13T13:12:48.844797+00:00,gpu0_correctness,0,ckpt_s8192_e4096,benchmark,65536,8192,4096,1,0,True,11272.01,1310.41,1310.41,1310.41,8.285
2026-05-13T13:12:57.130963+00:00,gpu0_correctness,0,ckpt_s16384_e4096,correctness,2048,16384,4096,1,0,True,,,,,8.945
2026-05-13T13:13:06.075866+00:00,gpu0_correctness,0,ckpt_s16384_e4096,correctness,8192,16384,4096,1,0,True,,,,,8.218
2026-05-13T13:13:14.293845+00:00,gpu0_correctness,0,ckpt_s16384_e4096,benchmark,8192,16384,4096,1,0,True,4092.77,236.27,236.27,236.27,8.276
2026-05-13T13:13:14.293845+00:00,gpu0_correctness,0,ckpt_s16384_e4096,benchmark,32768,16384,4096,1,0,True,6894.87,595.24,595.24,595.24,8.276
2026-05-13T13:13:22.570438+00:00,gpu0_correctness,0,ckpt_s16384_e4096,benchmark,65536,16384,4096,1,0,True,11272.01,1280.03,1280.03,1280.03,8.562
2026-05-13T13:13:31.132643+00:00,gpu0_correctness,0,ckpt_s8192_e8192,correctness,2048,8192,8192,1,0,True,,,,,8.309
2026-05-13T13:13:39.441777+00:00,gpu0_correctness,0,ckpt_s8192_e8192,correctness,8192,8192,8192,1,0,True,,,,,8.566
2026-05-13T13:13:48.008255+00:00,gpu0_correctness,0,ckpt_s8192_e8192,benchmark,8192,8192,8192,1,0,True,4012.63,84.27,84.27,84.27,7.848
2026-05-13T13:13:48.008255+00:00,gpu0_correctness,0,ckpt_s8192_e8192,benchmark,32768,8192,8192,1,0,True,6814.85,351.1,351.1,351.1,7.848
2026-05-13T13:13:55.856474+00:00,gpu0_correctness,0,ckpt_s8192_e8192,benchmark,65536,8192,8192,1,0,True,11272.01,749.41,749.41,749.41,7.188
2026-05-13T13:14:03.045207+00:00,gpu0_correctness,0,nocp_s2048_e2048,correctness,2048,2048,2048,0,0,True,,,,,6.550
2026-05-13T13:14:09.595515+00:00,gpu0_correctness,0,nocp_s2048_e2048,correctness,8192,2048,2048,0,0,True,,,,,7.032
2026-05-13T13:14:16.627312+00:00,gpu0_correctness,0,nocp_s2048_e2048,benchmark,8192,2048,2048,0,0,True,4526.78,235.83,235.83,235.83,8.501
2026-05-13T13:14:16.627312+00:00,gpu0_correctness,0,nocp_s2048_e2048,benchmark,32768,2048,2048,0,0,True,9474.38,1016.74,1016.74,1016.74,8.501
2026-05-13T13:14:25.128492+00:00,gpu0_correctness,0,nocp_s2048_e2048,benchmark,65536,2048,2048,0,0,True,17708.01,2212.0,2212.0,2212.0,9.571
2026-05-13T13:14:34.700537+00:00,gpu0_correctness,0,nocp_s4096_e2048,correctness,2048,4096,2048,0,0,True,,,,,7.706
2026-05-13T13:14:42.406434+00:00,gpu0_correctness,0,nocp_s4096_e2048,correctness,8192,4096,2048,0,0,True,,,,,7.829
2026-05-13T13:14:50.236141+00:00,gpu0_correctness,0,nocp_s4096_e2048,benchmark,8192,4096,2048,0,0,True,4527.66,236.13,236.13,236.13,8.444
2026-05-13T13:14:50.236141+00:00,gpu0_correctness,0,nocp_s4096_e2048,benchmark,32768,4096,2048,0,0,True,9473.26,998.15,998.15,998.15,8.444
2026-05-13T13:14:58.680347+00:00,gpu0_correctness,0,nocp_s4096_e2048,benchmark,65536,4096,2048,0,0,True,17708.01,2174.67,2174.67,2174.67,9.301
2026-05-13T13:15:07.981938+00:00,gpu0_correctness,0,nocp_s4096_e4096,correctness,2048,4096,4096,0,0,True,,,,,7.630
2026-05-13T13:15:15.612171+00:00,gpu0_correctness,0,nocp_s4096_e4096,correctness,8192,4096,4096,0,0,True,,,,,8.323
2026-05-13T13:15:23.935649+00:00,gpu0_correctness,0,nocp_s4096_e4096,benchmark,8192,4096,4096,0,0,True,4428.77,137.47,137.47,137.47,7.166
2026-05-13T13:15:23.935649+00:00,gpu0_correctness,0,nocp_s4096_e4096,benchmark,32768,4096,4096,0,0,True,9328.38,586.83,586.83,586.83,7.166
2026-05-13T13:15:31.101669+00:00,gpu0_correctness,0,nocp_s4096_e4096,benchmark,65536,4096,4096,0,0,True,17416.01,1268.3,1268.3,1268.3,7.949
2026-05-13T13:15:39.051179+00:00,gpu0_correctness,0,nocp_s8192_e4096,correctness,2048,8192,4096,0,0,True,,,,,7.901
2026-05-13T13:15:46.952531+00:00,gpu0_correctness,0,nocp_s8192_e4096,correctness,8192,8192,4096,0,0,True,,,,,7.778
2026-05-13T13:15:54.730536+00:00,gpu0_correctness,0,nocp_s8192_e4096,benchmark,8192,8192,4096,0,0,True,4428.77,131.05,131.05,131.05,7.285
2026-05-13T13:15:54.730536+00:00,gpu0_correctness,0,nocp_s8192_e4096,benchmark,32768,8192,4096,0,0,True,9328.38,582.71,582.71,582.71,7.285
2026-05-13T13:16:02.015559+00:00,gpu0_correctness,0,nocp_s8192_e4096,benchmark,65536,8192,4096,0,0,True,17416.01,1254.65,1254.65,1254.65,7.522
2026-05-13T13:16:09.538641+00:00,gpu0_correctness,0,nocp_s8192_e8192,correctness,2048,8192,8192,0,0,True,,,,,7.314
2026-05-13T13:16:16.852885+00:00,gpu0_correctness,0,nocp_s8192_e8192,correctness,8192,8192,8192,0,0,True,,,,,8.347
2026-05-13T13:16:25.200267+00:00,gpu0_correctness,0,nocp_s8192_e8192,benchmark,8192,8192,8192,0,0,True,4300.63,88.93,88.93,88.93,6.570
2026-05-13T13:16:25.200267+00:00,gpu0_correctness,0,nocp_s8192_e8192,benchmark,32768,8192,8192,0,0,True,9328.38,362.79,362.79,362.79,6.570
2026-05-13T13:16:31.770406+00:00,gpu0_correctness,0,nocp_s8192_e8192,benchmark,65536,8192,8192,0,0,True,17416.01,792.56,792.56,792.56,6.694
2026-05-13T13:16:38.464759+00:00,gpu0_correctness,0,ckpt_s1024_e1024,correctness,2048,1024,1024,1,0,True,,,,,8.091
2026-05-13T13:16:46.555606+00:00,gpu0_correctness,0,ckpt_s1024_e1024,correctness,8192,1024,1024,1,0,True,,,,,8.874
2026-05-13T13:16:55.429913+00:00,gpu0_correctness,0,ckpt_s1024_e1024,benchmark,8192,1024,1024,1,0,True,4152.79,457.7,457.7,457.7,11.856
2026-05-13T13:16:55.429913+00:00,gpu0_correctness,0,ckpt_s1024_e1024,benchmark,32768,1024,1024,1,0,True,6954.88,1972.92,1972.92,1972.92,11.856
2026-05-13T13:17:07.286578+00:00,gpu0_correctness,0,ckpt_s1024_e1024,benchmark,65536,1024,1024,1,0,True,11272.01,4389.9,4389.9,4389.9,14.744
2026-05-13T13:17:22.031598+00:00,gpu0_correctness,0,ckpt_s2048_e1024,correctness,2048,2048,1024,1,0,True,,,,,8.667
2026-05-13T13:17:30.699065+00:00,gpu0_correctness,0,ckpt_s2048_e1024,correctness,8192,2048,1024,1,0,True,,,,,8.310
2026-05-13T13:17:39.009072+00:00,gpu0_correctness,0,ckpt_s2048_e1024,benchmark,8192,2048,1024,1,0,True,4153.66,461.25,461.25,461.25,11.209
2026-05-13T13:17:39.009072+00:00,gpu0_correctness,0,ckpt_s2048_e1024,benchmark,32768,2048,1024,1,0,True,6955.75,1969.96,1969.96,1969.96,11.209
2026-05-13T13:17:50.218041+00:00,gpu0_correctness,0,ckpt_s2048_e1024,benchmark,65536,2048,1024,1,0,True,11272.51,4312.02,4312.02,4312.02,14.587
2026-05-13T13:18:04.805308+00:00,gpu0_correctness,0,ckpt_s4096_e1024,correctness,2048,4096,1024,1,0,True,,,,,8.051
2026-05-13T13:18:12.856490+00:00,gpu0_correctness,0,ckpt_s4096_e1024,correctness,8192,4096,1024,1,0,True,,,,,8.716
2026-05-13T13:18:21.572451+00:00,gpu0_correctness,0,ckpt_s4096_e1024,benchmark,8192,4096,1024,1,0,True,4153.16,459.15,459.15,459.15,11.543
2026-05-13T13:18:21.572451+00:00,gpu0_correctness,0,ckpt_s4096_e1024,benchmark,32768,4096,1024,1,0,True,6955.25,1986.85,1986.85,1986.85,11.543
2026-05-13T13:18:33.115736+00:00,gpu0_correctness,0,ckpt_s4096_e1024,benchmark,65536,4096,1024,1,0,True,11272.51,4297.61,4297.61,4297.61,14.964
2026-05-13T13:18:48.080588+00:00,gpu0_correctness,0,ckpt_s2048_e2048,correctness,2048,2048,2048,1,0,True,,,,,8.324
2026-05-13T13:18:56.404498+00:00,gpu0_correctness,0,ckpt_s2048_e2048,correctness,8192,2048,2048,1,0,True,,,,,8.717
2026-05-13T13:19:05.121368+00:00,gpu0_correctness,0,ckpt_s2048_e2048,benchmark,8192,2048,2048,1,0,True,4133.78,213.71,213.71,213.71,9.623
2026-05-13T13:19:05.121368+00:00,gpu0_correctness,0,ckpt_s2048_e2048,benchmark,32768,2048,2048,1,0,True,6934.88,1051.25,1051.25,1051.25,9.623
2026-05-13T13:19:14.745408+00:00,gpu0_correctness,0,ckpt_s2048_e2048,benchmark,65536,2048,2048,1,0,True,11272.01,2344.7,2344.7,2344.7,10.707
2026-05-13T13:19:25.452595+00:00,gpu0_correctness,0,ckpt_s4096_e2048,correctness,2048,4096,2048,1,0,True,,,,,9.210
2026-05-13T13:19:34.662750+00:00,gpu0_correctness,0,ckpt_s4096_e2048,correctness,8192,4096,2048,1,0,True,,,,,8.676
2026-05-13T13:19:43.339537+00:00,gpu0_correctness,0,ckpt_s4096_e2048,benchmark,8192,4096,2048,1,0,True,4132.78,242.23,242.23,242.23,10.208
2026-05-13T13:19:43.339537+00:00,gpu0_correctness,0,ckpt_s4096_e2048,benchmark,32768,4096,2048,1,0,True,6934.88,1046.59,1046.59,1046.59,10.208
2026-05-13T13:19:53.547564+00:00,gpu0_correctness,0,ckpt_s4096_e2048,benchmark,65536,4096,2048,1,0,True,11272.01,2054.15,2054.15,2054.15,10.616
2026-05-13T13:20:04.163966+00:00,gpu0_correctness,0,ckpt_s8192_e2048,correctness,2048,8192,2048,1,0,True,,,,,7.442
2026-05-13T13:20:11.606465+00:00,gpu0_correctness,0,ckpt_s8192_e2048,correctness,8192,8192,2048,1,0,True,,,,,8.126
2026-05-13T13:20:19.732468+00:00,gpu0_correctness,0,ckpt_s8192_e2048,benchmark,8192,8192,2048,1,0,True,4132.78,252.38,252.38,252.38,9.269
2026-05-13T13:20:19.732468+00:00,gpu0_correctness,0,ckpt_s8192_e2048,benchmark,32768,8192,2048,1,0,True,6934.88,1051.78,1051.78,1051.78,9.269
2026-05-13T13:20:29.001702+00:00,gpu0_correctness,0,ckpt_s8192_e2048,benchmark,65536,8192,2048,1,0,True,11272.01,2320.44,2320.44,2320.44,10.356
2026-05-13T13:20:39.358230+00:00,gpu0_correctness,0,ckpt_s4096_e4096,correctness,2048,4096,4096,1,0,True,,,,,8.265
2026-05-13T13:20:47.623361+00:00,gpu0_correctness,0,ckpt_s4096_e4096,correctness,8192,4096,4096,1,0,True,,,,,8.603
2026-05-13T13:20:56.226494+00:00,gpu0_correctness,0,ckpt_s4096_e4096,benchmark,8192,4096,4096,1,0,True,4092.77,138.82,138.82,138.82,8.190
2026-05-13T13:20:56.226494+00:00,gpu0_correctness,0,ckpt_s4096_e4096,benchmark,32768,4096,4096,1,0,True,6894.87,613.65,613.65,613.65,8.190
2026-05-13T13:21:04.416836+00:00,gpu0_correctness,0,ckpt_s4096_e4096,benchmark,65536,4096,4096,1,0,True,11272.01,1324.01,1324.01,1324.01,8.237
2026-05-13T13:21:12.654389+00:00,gpu0_correctness,0,ckpt_s8192_e4096,correctness,2048,8192,4096,1,0,True,,,,,8.668
2026-05-13T13:21:21.322406+00:00,gpu0_correctness,0,ckpt_s8192_e4096,correctness,8192,8192,4096,1,0,True,,,,,8.654
2026-05-13T13:21:29.976394+00:00,gpu0_correctness,0,ckpt_s8192_e4096,benchmark,8192,8192,4096,1,0,True,4092.77,266.02,266.02,266.02,8.211
2026-05-13T13:21:29.976394+00:00,gpu0_correctness,0,ckpt_s8192_e4096,benchmark,32768,8192,4096,1,0,True,6894.87,606.95,606.95,606.95,8.211
2026-05-13T13:21:38.188131+00:00,gpu0_correctness,0,ckpt_s8192_e4096,benchmark,65536,8192,4096,1,0,True,11272.01,1306.59,1306.59,1306.59,8.103
2026-05-13T13:21:46.291922+00:00,gpu0_correctness,0,ckpt_s16384_e4096,correctness,2048,16384,4096,1,0,True,,,,,8.462
2026-05-13T13:21:54.754275+00:00,gpu0_correctness,0,ckpt_s16384_e4096,correctness,8192,16384,4096,1,0,True,,,,,8.666
2026-05-13T13:22:03.420781+00:00,gpu0_correctness,0,ckpt_s16384_e4096,benchmark,8192,16384,4096,1,0,True,4092.77,278.95,278.95,278.95,7.941
2026-05-13T13:22:03.420781+00:00,gpu0_correctness,0,ckpt_s16384_e4096,benchmark,32768,16384,4096,1,0,True,6894.87,608.05,608.05,608.05,7.941
2026-05-13T13:22:11.362577+00:00,gpu0_correctness,0,ckpt_s16384_e4096,benchmark,65536,16384,4096,1,0,True,11272.01,1293.31,1293.31,1293.31,8.397
2026-05-13T13:22:19.760621+00:00,gpu0_correctness,0,ckpt_s8192_e8192,correctness,2048,8192,8192,1,0,True,,,,,8.501
2026-05-13T13:22:28.261897+00:00,gpu0_correctness,0,ckpt_s8192_e8192,correctness,8192,8192,8192,1,0,True,,,,,8.544
2026-05-13T13:22:36.806463+00:00,gpu0_correctness,0,ckpt_s8192_e8192,benchmark,8192,8192,8192,1,0,True,4012.63,95.89,95.89,95.89,7.683
2026-05-13T13:22:36.806463+00:00,gpu0_correctness,0,ckpt_s8192_e8192,benchmark,32768,8192,8192,1,0,True,6814.85,392.08,392.08,392.08,7.683
2026-05-13T13:22:44.489534+00:00,gpu0_correctness,0,ckpt_s8192_e8192,benchmark,65536,8192,8192,1,0,True,11272.01,844.41,844.41,844.41,7.489
2026-05-13T13:22:51.978615+00:00,gpu0_correctness,0,nocp_s2048_e2048,correctness,2048,2048,2048,0,0,True,,,,,7.420
2026-05-13T13:22:59.399303+00:00,gpu0_correctness,0,nocp_s2048_e2048,correctness,8192,2048,2048,0,0,True,,,,,7.105
2026-05-13T13:23:06.504975+00:00,gpu0_correctness,0,nocp_s2048_e2048,benchmark,8192,2048,2048,0,0,True,4526.78,233.47,233.47,233.47,8.225
2026-05-13T13:23:06.504975+00:00,gpu0_correctness,0,nocp_s2048_e2048,benchmark,32768,2048,2048,0,0,True,9474.38,1010.16,1010.16,1010.16,8.225
2026-05-13T13:23:14.730581+00:00,gpu0_correctness,0,nocp_s2048_e2048,benchmark,65536,2048,2048,0,0,True,17708.01,2231.41,2231.41,2231.41,9.998
2026-05-13T13:23:24.728940+00:00,gpu0_correctness,0,nocp_s4096_e2048,correctness,2048,4096,2048,0,0,True,,,,,7.964
2026-05-13T13:23:32.693504+00:00,gpu0_correctness,0,nocp_s4096_e2048,correctness,8192,4096,2048,0,0,True,,,,,7.467
2026-05-13T13:23:40.160776+00:00,gpu0_correctness,0,nocp_s4096_e2048,benchmark,8192,4096,2048,0,0,True,4527.66,235.68,235.68,235.68,8.290
2026-05-13T13:23:40.160776+00:00,gpu0_correctness,0,nocp_s4096_e2048,benchmark,32768,4096,2048,0,0,True,9473.26,995.96,995.96,995.96,8.290
2026-05-13T13:23:48.451295+00:00,gpu0_correctness,0,nocp_s4096_e2048,benchmark,65536,4096,2048,0,0,True,17708.01,2178.04,2178.04,2178.04,9.547
2026-05-13T13:23:57.999048+00:00,gpu0_correctness,0,nocp_s4096_e4096,correctness,2048,4096,4096,0,0,True,,,,,7.323
2026-05-13T13:24:05.322784+00:00,gpu0_correctness,0,nocp_s4096_e4096,correctness,8192,4096,4096,0,0,True,,,,,7.489
2026-05-13T13:24:12.812395+00:00,gpu0_correctness,0,nocp_s4096_e4096,benchmark,8192,4096,4096,0,0,True,4428.77,137.9,137.9,137.9,7.441
2026-05-13T13:24:12.812395+00:00,gpu0_correctness,0,nocp_s4096_e4096,benchmark,32768,4096,4096,0,0,True,9328.38,586.3,586.3,586.3,7.441
2026-05-13T13:24:20.253487+00:00,gpu0_correctness,0,nocp_s4096_e4096,benchmark,65536,4096,4096,0,0,True,17416.01,1275.14,1275.14,1275.14,7.393
2026-05-13T13:24:27.647502+00:00,gpu0_correctness,0,nocp_s8192_e4096,correctness,2048,8192,4096,0,0,True,,,,,7.805
2026-05-13T13:24:35.452814+00:00,gpu0_correctness,0,nocp_s8192_e4096,correctness,8192,8192,4096,0,0,True,,,,,7.865
2026-05-13T13:24:43.318153+00:00,gpu0_correctness,0,nocp_s8192_e4096,benchmark,8192,8192,4096,0,0,True,4428.77,129.96,129.96,129.96,7.864
2026-05-13T13:24:43.318153+00:00,gpu0_correctness,0,nocp_s8192_e4096,benchmark,32768,8192,4096,0,0,True,9328.38,571.56,571.56,571.56,7.864
2026-05-13T13:24:51.182548+00:00,gpu0_correctness,0,nocp_s8192_e4096,benchmark,65536,8192,4096,0,0,True,17416.01,1239.52,1239.52,1239.52,7.586
2026-05-13T13:24:58.769548+00:00,gpu0_correctness,0,nocp_s8192_e8192,correctness,2048,8192,8192,0,0,True,,,,,8.073
2026-05-13T13:25:06.843256+00:00,gpu0_correctness,0,nocp_s8192_e8192,correctness,8192,8192,8192,0,0,True,,,,,8.144
2026-05-13T13:25:14.987447+00:00,gpu0_correctness,0,nocp_s8192_e8192,benchmark,8192,8192,8192,0,0,True,4300.63,76.61,76.61,76.61,6.633
2026-05-13T13:25:14.987447+00:00,gpu0_correctness,0,nocp_s8192_e8192,benchmark,32768,8192,8192,0,0,True,9328.38,365.52,365.52,365.52,6.633
2026-05-13T13:25:21.621076+00:00,gpu0_correctness,0,nocp_s8192_e8192,benchmark,65536,8192,8192,0,0,True,17416.01,784.81,784.81,784.81,6.852
2026-05-13T13:25:28.473704+00:00,gpu0_correctness,0,ckpt_s1024_e1024,correctness,2048,1024,1024,1,0,True,,,,,8.933
2026-05-13T13:25:37.407347+00:00,gpu0_correctness,0,ckpt_s1024_e1024,correctness,8192,1024,1024,1,0,True,,,,,8.285
2026-05-13T13:25:45.692265+00:00,gpu0_correctness,0,ckpt_s1024_e1024,benchmark,8192,1024,1024,1,0,True,4152.79,408.93,408.93,408.93,10.489
2026-05-13T13:25:45.692265+00:00,gpu0_correctness,0,ckpt_s1024_e1024,benchmark,32768,1024,1024,1,0,True,6954.88,1778.49,1778.49,1778.49,10.489
2026-05-13T13:25:56.182101+00:00,gpu0_correctness,0,ckpt_s1024_e1024,benchmark,65536,1024,1024,1,0,True,11272.01,4337.66,4337.66,4337.66,13.722
2026-05-13T13:26:09.905025+00:00,gpu0_correctness,0,ckpt_s2048_e1024,correctness,2048,2048,1024,1,0,True,,,,,8.413
2026-05-13T13:26:18.318266+00:00,gpu0_correctness,0,ckpt_s2048_e1024,correctness,8192,2048,1024,1,0,True,,,,,8.476
2026-05-13T13:26:26.794886+00:00,gpu0_correctness,0,ckpt_s2048_e1024,benchmark,8192,2048,1024,1,0,True,4153.66,457.88,457.88,457.88,11.386
2026-05-13T13:26:26.794886+00:00,gpu0_correctness,0,ckpt_s2048_e1024,benchmark,32768,2048,1024,1,0,True,6955.75,1973.64,1973.64,1973.64,11.386
2026-05-13T13:26:38.181009+00:00,gpu0_correctness,0,ckpt_s2048_e1024,benchmark,65536,2048,1024,1,0,True,11272.51,4365.71,4365.71,4365.71,14.683
2026-05-13T13:26:52.864152+00:00,gpu0_correctness,0,ckpt_s4096_e1024,correctness,2048,4096,1024,1,0,True,,,,,8.522
2026-05-13T13:27:01.386675+00:00,gpu0_correctness,0,ckpt_s4096_e1024,correctness,8192,4096,1024,1,0,True,,,,,8.984
2026-05-13T13:27:10.370453+00:00,gpu0_correctness,0,ckpt_s4096_e1024,benchmark,8192,4096,1024,1,0,True,4153.16,449.15,449.15,449.15,12.359
2026-05-13T13:27:10.370453+00:00,gpu0_correctness,0,ckpt_s4096_e1024,benchmark,32768,4096,1024,1,0,True,6955.25,1970.5,1970.5,1970.5,12.359
2026-05-13T13:27:22.730329+00:00,gpu0_correctness,0,ckpt_s4096_e1024,benchmark,65536,4096,1024,1,0,True,11272.51,4250.72,4250.72,4250.72,14.775
2026-05-13T13:27:37.505449+00:00,gpu0_correctness,0,ckpt_s2048_e2048,correctness,2048,2048,2048,1,0,True,,,,,8.423
2026-05-13T13:27:45.928247+00:00,gpu0_correctness,0,ckpt_s2048_e2048,correctness,8192,2048,2048,1,0,True,,,,,8.722
2026-05-13T13:27:54.650401+00:00,gpu0_correctness,0,ckpt_s2048_e2048,benchmark,8192,2048,2048,1,0,True,4133.78,250.23,250.23,250.23,10.191
2026-05-13T13:27:54.650401+00:00,gpu0_correctness,0,ckpt_s2048_e2048,benchmark,32768,2048,2048,1,0,True,6934.88,1048.25,1048.25,1048.25,10.191
2026-05-13T13:28:04.841623+00:00,gpu0_correctness,0,ckpt_s2048_e2048,benchmark,65536,2048,2048,1,0,True,11272.01,2319.72,2319.72,2319.72,10.637
2026-05-13T13:28:15.479307+00:00,gpu0_correctness,0,ckpt_s4096_e2048,correctness,2048,4096,2048,1,0,True,,,,,8.528
2026-05-13T13:28:24.007577+00:00,gpu0_correctness,0,ckpt_s4096_e2048,correctness,8192,4096,2048,1,0,True,,,,,8.264
2026-05-13T13:28:32.271947+00:00,gpu0_correctness,0,ckpt_s4096_e2048,benchmark,8192,4096,2048,1,0,True,4132.78,240.5,240.5,240.5,9.716
2026-05-13T13:28:32.271947+00:00,gpu0_correctness,0,ckpt_s4096_e2048,benchmark,32768,4096,2048,1,0,True,6934.88,1034.71,1034.71,1034.71,9.716
2026-05-13T13:28:41.988494+00:00,gpu0_correctness,0,ckpt_s4096_e2048,benchmark,65536,4096,2048,1,0,True,11272.01,2292.24,2292.24,2292.24,10.165
2026-05-13T13:28:52.153944+00:00,gpu0_correctness,0,ckpt_s8192_e2048,correctness,2048,8192,2048,1,0,True,,,,,7.995
2026-05-13T13:29:00.149378+00:00,gpu0_correctness,0,ckpt_s8192_e2048,correctness,8192,8192,2048,1,0,True,,,,,8.881
2026-05-13T13:29:09.030361+00:00,gpu0_correctness,0,ckpt_s8192_e2048,benchmark,8192,8192,2048,1,0,True,4132.78,246.49,246.49,246.49,9.436
2026-05-13T13:29:09.030361+00:00,gpu0_correctness,0,ckpt_s8192_e2048,benchmark,32768,8192,2048,1,0,True,6934.88,1038.72,1038.72,1038.72,9.436
2026-05-13T13:29:18.467153+00:00,gpu0_correctness,0,ckpt_s8192_e2048,benchmark,65536,8192,2048,1,0,True,11272.01,2264.09,2264.09,2264.09,10.340
2026-05-13T13:29:28.807911+00:00,gpu0_correctness,0,ckpt_s4096_e4096,correctness,2048,4096,4096,1,0,True,,,,,9.179
2026-05-13T13:29:37.987484+00:00,gpu0_correctness,0,ckpt_s4096_e4096,correctness,8192,4096,4096,1,0,True,,,,,9.257
2026-05-13T13:29:47.245368+00:00,gpu0_correctness,0,ckpt_s4096_e4096,benchmark,8192,4096,4096,1,0,True,4092.77,144.44,144.44,144.44,8.447
2026-05-13T13:29:47.245368+00:00,gpu0_correctness,0,ckpt_s4096_e4096,benchmark,32768,4096,4096,1,0,True,6894.87,620.2,620.2,620.2,8.447
2026-05-13T13:29:55.692911+00:00,gpu0_correctness,0,ckpt_s4096_e4096,benchmark,65536,4096,4096,1,0,True,11272.01,1321.24,1321.24,1321.24,8.656
2026-05-13T13:30:04.349070+00:00,gpu0_correctness,0,ckpt_s8192_e4096,correctness,2048,8192,4096,1,0,True,,,,,8.964
2026-05-13T13:30:13.313806+00:00,gpu0_correctness,0,ckpt_s8192_e4096,correctness,8192,8192,4096,1,0,True,,,,,9.205
2026-05-13T13:30:22.519347+00:00,gpu0_correctness,0,ckpt_s8192_e4096,benchmark,8192,8192,4096,1,0,True,4092.77,385.15,385.15,385.15,9.018
2026-05-13T13:30:22.519347+00:00,gpu0_correctness,0,ckpt_s8192_e4096,benchmark,32768,8192,4096,1,0,True,6894.87,601.19,601.19,601.19,9.018
2026-05-13T13:30:31.537434+00:00,gpu0_correctness,0,ckpt_s8192_e4096,benchmark,65536,8192,4096,1,0,True,11272.01,1309.0,1309.0,1309.0,8.866
2026-05-13T13:30:40.403393+00:00,gpu0_correctness,0,ckpt_s16384_e4096,correctness,2048,16384,4096,1,0,True,,,,,9.191
2026-05-13T13:30:49.594472+00:00,gpu0_correctness,0,ckpt_s16384_e4096,correctness,8192,16384,4096,1,0,True,,,,,8.360
2026-05-13T13:30:57.954566+00:00,gpu0_correctness,0,ckpt_s16384_e4096,benchmark,8192,16384,4096,1,0,True,4092.77,271.97,271.97,271.97,8.620
2026-05-13T13:30:57.954566+00:00,gpu0_correctness,0,ckpt_s16384_e4096,benchmark,32768,16384,4096,1,0,True,6894.87,596.19,596.19,596.19,8.620
2026-05-13T13:31:06.574601+00:00,gpu0_correctness,0,ckpt_s16384_e4096,benchmark,65536,16384,4096,1,0,True,11272.01,1275.49,1275.49,1275.49,8.647
2026-05-13T13:31:15.221707+00:00,gpu0_correctness,0,ckpt_s8192_e8192,correctness,2048,8192,8192,1,0,True,,,,,8.367
2026-05-13T13:31:23.589467+00:00,gpu0_correctness,0,ckpt_s8192_e8192,correctness,8192,8192,8192,1,0,True,,,,,8.646
2026-05-13T13:31:32.236287+00:00,gpu0_correctness,0,ckpt_s8192_e8192,benchmark,8192,8192,8192,1,0,True,4012.63,82.8,82.8,82.8,6.866
2026-05-13T13:31:32.236287+00:00,gpu0_correctness,0,ckpt_s8192_e8192,benchmark,32768,8192,8192,1,0,True,6814.85,350.95,350.95,350.95,6.866
2026-05-13T13:31:39.102490+00:00,gpu0_correctness,0,ckpt_s8192_e8192,benchmark,65536,8192,8192,1,0,True,11272.01,748.54,748.54,748.54,7.262
2026-05-13T13:31:46.365559+00:00,gpu0_correctness,0,nocp_s2048_e2048,correctness,2048,2048,2048,0,0,True,,,,,7.531
2026-05-13T13:31:53.897297+00:00,gpu0_correctness,0,nocp_s2048_e2048,correctness,8192,2048,2048,0,0,True,,,,,7.583
2026-05-13T13:32:01.480950+00:00,gpu0_correctness,0,nocp_s2048_e2048,benchmark,8192,2048,2048,0,0,True,4526.78,227.44,227.44,227.44,8.222
2026-05-13T13:32:01.480950+00:00,gpu0_correctness,0,nocp_s2048_e2048,benchmark,32768,2048,2048,0,0,True,9474.38,1013.12,1013.12,1013.12,8.222
2026-05-13T13:32:09.703222+00:00,gpu0_correctness,0,nocp_s2048_e2048,benchmark,65536,2048,2048,0,0,True,17708.01,2212.64,2212.64,2212.64,9.764
2026-05-13T13:32:19.467284+00:00,gpu0_correctness,0,nocp_s4096_e2048,correctness,2048,4096,2048,0,0,True,,,,,7.693
2026-05-13T13:32:27.160951+00:00,gpu0_correctness,0,nocp_s4096_e2048,correctness,8192,4096,2048,0,0,True,,,,,7.518
2026-05-13T13:32:34.679628+00:00,gpu0_correctness,0,nocp_s4096_e2048,benchmark,8192,4096,2048,0,0,True,4527.66,225.07,225.07,225.07,8.186
2026-05-13T13:32:34.679628+00:00,gpu0_correctness,0,nocp_s4096_e2048,benchmark,32768,4096,2048,0,0,True,9473.26,990.86,990.86,990.86,8.186
2026-05-13T13:32:42.865568+00:00,gpu0_correctness,0,nocp_s4096_e2048,benchmark,65536,4096,2048,0,0,True,17708.01,2176.05,2176.05,2176.05,9.738
2026-05-13T13:32:52.603969+00:00,gpu0_correctness,0,nocp_s4096_e4096,correctness,2048,4096,4096,0,0,True,,,,,7.566
2026-05-13T13:33:00.170388+00:00,gpu0_correctness,0,nocp_s4096_e4096,correctness,8192,4096,4096,0,0,True,,,,,7.673
2026-05-13T13:33:07.844176+00:00,gpu0_correctness,0,nocp_s4096_e4096,benchmark,8192,4096,4096,0,0,True,4428.77,139.26,139.26,139.26,7.292
2026-05-13T13:33:07.844176+00:00,gpu0_correctness,0,nocp_s4096_e4096,benchmark,32768,4096,4096,0,0,True,9328.38,584.86,584.86,584.86,7.292
2026-05-13T13:33:15.136737+00:00,gpu0_correctness,0,nocp_s4096_e4096,benchmark,65536,4096,4096,0,0,True,17416.01,1270.13,1270.13,1270.13,7.536
2026-05-13T13:33:22.673586+00:00,gpu0_correctness,0,nocp_s8192_e4096,correctness,2048,8192,4096,0,0,True,,,,,7.478
2026-05-13T13:33:30.151959+00:00,gpu0_correctness,0,nocp_s8192_e4096,correctness,8192,8192,4096,0,0,True,,,,,8.031
2026-05-13T13:33:38.183526+00:00,gpu0_correctness,0,nocp_s8192_e4096,benchmark,8192,8192,4096,0,0,True,4428.77,131.73,131.73,131.73,7.770
2026-05-13T13:33:38.183526+00:00,gpu0_correctness,0,nocp_s8192_e4096,benchmark,32768,8192,4096,0,0,True,9328.38,572.78,572.78,572.78,7.770
2026-05-13T13:33:45.953639+00:00,gpu0_correctness,0,nocp_s8192_e4096,benchmark,65536,8192,4096,0,0,True,17416.01,1245.51,1245.51,1245.51,7.399
2026-05-13T13:33:53.353346+00:00,gpu0_correctness,0,nocp_s8192_e8192,correctness,2048,8192,8192,0,0,True,,,,,7.309
2026-05-13T13:34:00.662489+00:00,gpu0_correctness,0,nocp_s8192_e8192,correctness,8192,8192,8192,0,0,True,,,,,7.570
2026-05-13T13:34:08.232705+00:00,gpu0_correctness,0,nocp_s8192_e8192,benchmark,8192,8192,8192,0,0,True,4300.63,84.11,84.11,84.11,6.980
2026-05-13T13:34:08.232705+00:00,gpu0_correctness,0,nocp_s8192_e8192,benchmark,32768,8192,8192,0,0,True,9328.38,364.61,364.61,364.61,6.980
2026-05-13T13:34:15.213293+00:00,gpu0_correctness,0,nocp_s8192_e8192,benchmark,65536,8192,8192,0,0,True,17416.01,806.68,806.68,806.68,6.327
2026-05-13T13:34:21.540629+00:00,gpu0_correctness,0,ckpt_s1024_e1024,correctness,2048,1024,1024,1,0,True,,,,,8.215
2026-05-13T13:34:29.755916+00:00,gpu0_correctness,0,ckpt_s1024_e1024,correctness,8192,1024,1024,1,0,True,,,,,9.284
2026-05-13T13:34:39.040233+00:00,gpu0_correctness,0,ckpt_s1024_e1024,benchmark,8192,1024,1024,1,0,True,4152.79,454.2,454.2,454.2,12.005
2026-05-13T13:34:39.040233+00:00,gpu0_correctness,0,ckpt_s1024_e1024,benchmark,32768,1024,1024,1,0,True,6954.88,1981.0,1981.0,1981.0,12.005
2026-05-13T13:34:51.045799+00:00,gpu0_correctness,0,ckpt_s1024_e1024,benchmark,65536,1024,1024,1,0,True,11272.01,4404.07,4404.07,4404.07,14.369
2026-05-13T13:35:05.415496+00:00,gpu0_correctness,0,ckpt_s2048_e1024,correctness,2048,2048,1024,1,0,True,,,,,8.981
2026-05-13T13:35:14.397066+00:00,gpu0_correctness,0,ckpt_s2048_e1024,correctness,8192,2048,1024,1,0,True,,,,,8.626
2026-05-13T13:35:23.023599+00:00,gpu0_correctness,0,ckpt_s2048_e1024,benchmark,8192,2048,1024,1,0,True,4153.66,449.27,449.27,449.27,11.913
2026-05-13T13:35:23.023599+00:00,gpu0_correctness,0,ckpt_s2048_e1024,benchmark,32768,2048,1024,1,0,True,6955.75,1935.14,1935.14,1935.14,11.913
2026-05-13T13:35:34.937449+00:00,gpu0_correctness,0,ckpt_s2048_e1024,benchmark,65536,2048,1024,1,0,True,11272.51,4330.81,4330.81,4330.81,14.560
2026-05-13T13:35:49.498288+00:00,gpu0_correctness,0,ckpt_s4096_e1024,correctness,2048,4096,1024,1,0,True,,,,,8.682
2026-05-13T13:35:58.180643+00:00,gpu0_correctness,0,ckpt_s4096_e1024,correctness,8192,4096,1024,1,0,True,,,,,9.194
2026-05-13T13:36:07.374623+00:00,gpu0_correctness,0,ckpt_s4096_e1024,benchmark,8192,4096,1024,1,0,True,4153.16,459.95,459.95,459.95,12.010
2026-05-13T13:36:07.374623+00:00,gpu0_correctness,0,ckpt_s4096_e1024,benchmark,32768,4096,1024,1,0,True,6955.25,1949.85,1949.85,1949.85,12.010
2026-05-13T13:36:19.385178+00:00,gpu0_correctness,0,ckpt_s4096_e1024,benchmark,65536,4096,1024,1,0,True,11272.51,4276.42,4276.42,4276.42,14.420
2026-05-13T13:36:33.805880+00:00,gpu0_correctness,0,ckpt_s2048_e2048,correctness,2048,2048,2048,1,0,True,,,,,8.618
2026-05-13T13:36:42.424453+00:00,gpu0_correctness,0,ckpt_s2048_e2048,correctness,8192,2048,2048,1,0,True,,,,,8.238
2026-05-13T13:36:50.662440+00:00,gpu0_correctness,0,ckpt_s2048_e2048,benchmark,8192,2048,2048,1,0,True,4133.78,246.71,246.71,246.71,9.364
2026-05-13T13:36:50.662440+00:00,gpu0_correctness,0,ckpt_s2048_e2048,benchmark,32768,2048,2048,1,0,True,6934.88,1052.32,1052.32,1052.32,9.364
2026-05-13T13:37:00.027022+00:00,gpu0_correctness,0,ckpt_s2048_e2048,benchmark,65536,2048,2048,1,0,True,11272.01,2308.28,2308.28,2308.28,10.582
2026-05-13T13:37:10.609830+00:00,gpu0_correctness,0,ckpt_s4096_e2048,correctness,2048,4096,2048,1,0,True,,,,,8.502
2026-05-13T13:37:19.112251+00:00,gpu0_correctness,0,ckpt_s4096_e2048,correctness,8192,4096,2048,1,0,True,,,,,9.058
2026-05-13T13:37:28.170542+00:00,gpu0_correctness,0,ckpt_s4096_e2048,benchmark,8192,4096,2048,1,0,True,4132.78,239.58,239.58,239.58,9.488
2026-05-13T13:37:28.170542+00:00,gpu0_correctness,0,ckpt_s4096_e2048,benchmark,32768,4096,2048,1,0,True,6934.88,1042.48,1042.48,1042.48,9.488
2026-05-13T13:37:37.659302+00:00,gpu0_correctness,0,ckpt_s4096_e2048,benchmark,65536,4096,2048,1,0,True,11272.01,2069.03,2069.03,2069.03,9.054
2026-05-13T13:37:46.713957+00:00,gpu0_correctness,0,ckpt_s8192_e2048,correctness,2048,8192,2048,1,0,True,,,,,8.150
2026-05-13T13:37:54.864501+00:00,gpu0_correctness,0,ckpt_s8192_e2048,correctness,8192,8192,2048,1,0,True,,,,,8.233
2026-05-13T13:38:03.097807+00:00,gpu0_correctness,0,ckpt_s8192_e2048,benchmark,8192,8192,2048,1,0,True,4132.78,252.69,252.69,252.69,9.167
2026-05-13T13:38:03.097807+00:00,gpu0_correctness,0,ckpt_s8192_e2048,benchmark,32768,8192,2048,1,0,True,6934.88,1055.31,1055.31,1055.31,9.167
2026-05-13T13:38:12.265423+00:00,gpu0_correctness,0,ckpt_s8192_e2048,benchmark,65536,8192,2048,1,0,True,11272.01,2271.22,2271.22,2271.22,10.485
2026-05-13T13:38:22.750671+00:00,gpu0_correctness,0,ckpt_s4096_e4096,correctness,2048,4096,4096,1,0,True,,,,,8.361
2026-05-13T13:38:31.111921+00:00,gpu0_correctness,0,ckpt_s4096_e4096,correctness,8192,4096,4096,1,0,True,,,,,8.774
2026-05-13T13:38:39.886550+00:00,gpu0_correctness,0,ckpt_s4096_e4096,benchmark,8192,4096,4096,1,0,True,4092.77,141.09,141.09,141.09,8.510
2026-05-13T13:38:39.886550+00:00,gpu0_correctness,0,ckpt_s4096_e4096,benchmark,32768,4096,4096,1,0,True,6894.87,621.52,621.52,621.52,8.510
2026-05-13T13:38:48.396754+00:00,gpu0_correctness,0,ckpt_s4096_e4096,benchmark,65536,4096,4096,1,0,True,11272.01,1323.19,1323.19,1323.19,8.602
2026-05-13T13:38:56.999497+00:00,gpu0_correctness,0,ckpt_s8192_e4096,correctness,2048,8192,4096,1,0,True,,,,,8.280
2026-05-13T13:39:05.280276+00:00,gpu0_correctness,0,ckpt_s8192_e4096,correctness,8192,8192,4096,1,0,True,,,,,8.350
2026-05-13T13:39:13.630783+00:00,gpu0_correctness,0,ckpt_s8192_e4096,benchmark,8192,8192,4096,1,0,True,4092.77,282.01,282.01,282.01,8.593
2026-05-13T13:39:13.630783+00:00,gpu0_correctness,0,ckpt_s8192_e4096,benchmark,32768,8192,4096,1,0,True,6894.87,616.66,616.66,616.66,8.593
2026-05-13T13:39:22.223985+00:00,gpu0_correctness,0,ckpt_s8192_e4096,benchmark,65536,8192,4096,1,0,True,11272.01,1302.07,1302.07,1302.07,8.446
2026-05-13T13:39:30.670753+00:00,gpu0_correctness,0,ckpt_s16384_e4096,correctness,2048,16384,4096,1,0,True,,,,,8.783
2026-05-13T13:39:39.454046+00:00,gpu0_correctness,0,ckpt_s16384_e4096,correctness,8192,16384,4096,1,0,True,,,,,8.465
2026-05-13T13:39:47.919481+00:00,gpu0_correctness,0,ckpt_s16384_e4096,benchmark,8192,16384,4096,1,0,True,4092.77,330.98,330.98,330.98,8.524
2026-05-13T13:39:47.919481+00:00,gpu0_correctness,0,ckpt_s16384_e4096,benchmark,32768,16384,4096,1,0,True,6894.87,604.17,604.17,604.17,8.524
2026-05-13T13:39:56.443996+00:00,gpu0_correctness,0,ckpt_s16384_e4096,benchmark,65536,16384,4096,1,0,True,11272.01,1293.63,1293.63,1293.63,8.434
2026-05-13T13:40:04.878394+00:00,gpu0_correctness,0,ckpt_s8192_e8192,correctness,2048,8192,8192,1,0,True,,,,,8.534
2026-05-13T13:40:13.412479+00:00,gpu0_correctness,0,ckpt_s8192_e8192,correctness,8192,8192,8192,1,0,True,,,,,8.920
2026-05-13T13:40:22.332398+00:00,gpu0_correctness,0,ckpt_s8192_e8192,benchmark,8192,8192,8192,1,0,True,4012.63,89.66,89.66,89.66,8.141
2026-05-13T13:40:22.332398+00:00,gpu0_correctness,0,ckpt_s8192_e8192,benchmark,32768,8192,8192,1,0,True,6814.85,391.15,391.15,391.15,8.141
2026-05-13T13:40:30.473696+00:00,gpu0_correctness,0,ckpt_s8192_e8192,benchmark,65536,8192,8192,1,0,True,11272.01,843.8,843.8,843.8,7.638
2026-05-13T13:40:38.112052+00:00,gpu0_correctness,0,nocp_s2048_e2048,correctness,2048,2048,2048,0,0,True,,,,,7.551
2026-05-13T13:40:45.663780+00:00,gpu0_correctness,0,nocp_s2048_e2048,correctness,8192,2048,2048,0,0,True,,,,,7.839
2026-05-13T13:40:53.503540+00:00,gpu0_correctness,0,nocp_s2048_e2048,benchmark,8192,2048,2048,0,0,True,4526.78,234.02,234.02,234.02,8.359
2026-05-13T13:40:53.503540+00:00,gpu0_correctness,0,nocp_s2048_e2048,benchmark,32768,2048,2048,0,0,True,9474.38,1005.78,1005.78,1005.78,8.359
2026-05-13T13:41:01.863094+00:00,gpu0_correctness,0,nocp_s2048_e2048,benchmark,65536,2048,2048,0,0,True,17708.01,2219.07,2219.07,2219.07,9.060
2026-05-13T13:41:10.923463+00:00,gpu0_correctness,0,nocp_s4096_e2048,correctness,2048,4096,2048,0,0,True,,,,,7.245
2026-05-13T13:41:18.168875+00:00,gpu0_correctness,0,nocp_s4096_e2048,correctness,8192,4096,2048,0,0,True,,,,,7.764
2026-05-13T13:41:25.933314+00:00,gpu0_correctness,0,nocp_s4096_e2048,benchmark,8192,4096,2048,0,0,True,4527.66,232.82,232.82,232.82,9.004
2026-05-13T13:41:25.933314+00:00,gpu0_correctness,0,nocp_s4096_e2048,benchmark,32768,4096,2048,0,0,True,9473.26,998.1,998.1,998.1,9.004
2026-05-13T13:41:34.937878+00:00,gpu0_correctness,0,nocp_s4096_e2048,benchmark,65536,4096,2048,0,0,True,17708.01,2187.01,2187.01,2187.01,9.401
2026-05-13T13:41:44.339547+00:00,gpu0_correctness,0,nocp_s4096_e4096,correctness,2048,4096,4096,0,0,True,,,,,7.709
2026-05-13T13:41:52.048534+00:00,gpu0_correctness,0,nocp_s4096_e4096,correctness,8192,4096,4096,0,0,True,,,,,7.836
2026-05-13T13:41:59.885167+00:00,gpu0_correctness,0,nocp_s4096_e4096,benchmark,8192,4096,4096,0,0,True,4428.77,139.5,139.5,139.5,7.252
2026-05-13T13:41:59.885167+00:00,gpu0_correctness,0,nocp_s4096_e4096,benchmark,32768,4096,4096,0,0,True,9328.38,585.88,585.88,585.88,7.252
2026-05-13T13:42:07.137540+00:00,gpu0_correctness,0,nocp_s4096_e4096,benchmark,65536,4096,4096,0,0,True,17416.01,1273.4,1273.4,1273.4,7.931
2026-05-13T13:42:15.069555+00:00,gpu0_correctness,0,nocp_s8192_e4096,correctness,2048,8192,4096,0,0,True,,,,,8.187
2026-05-13T13:42:23.257360+00:00,gpu0_correctness,0,nocp_s8192_e4096,correctness,8192,8192,4096,0,0,True,,,,,7.735
2026-05-13T13:42:30.993045+00:00,gpu0_correctness,0,nocp_s8192_e4096,benchmark,8192,8192,4096,0,0,True,4428.77,117.64,117.64,117.64,7.307
2026-05-13T13:42:30.993045+00:00,gpu0_correctness,0,nocp_s8192_e4096,benchmark,32768,8192,4096,0,0,True,9328.38,570.63,570.63,570.63,7.307
2026-05-13T13:42:38.300541+00:00,gpu0_correctness,0,nocp_s8192_e4096,benchmark,65536,8192,4096,0,0,True,17416.01,1234.96,1234.96,1234.96,7.927
2026-05-13T13:42:46.227706+00:00,gpu0_correctness,0,nocp_s8192_e8192,correctness,2048,8192,8192,0,0,True,,,,,7.636
2026-05-13T13:42:53.864501+00:00,gpu0_correctness,0,nocp_s8192_e8192,correctness,8192,8192,8192,0,0,True,,,,,7.218
2026-05-13T13:43:01.082911+00:00,gpu0_correctness,0,nocp_s8192_e8192,benchmark,8192,8192,8192,0,0,True,4300.63,85.44,85.44,85.44,7.307
2026-05-13T13:43:01.082911+00:00,gpu0_correctness,0,nocp_s8192_e8192,benchmark,32768,8192,8192,0,0,True,9328.38,366.9,366.9,366.9,7.307
2026-05-13T13:43:08.390722+00:00,gpu0_correctness,0,nocp_s8192_e8192,benchmark,65536,8192,8192,0,0,True,17416.01,782.26,782.26,782.26,7.495
2026-05-13T13:43:15.886575+00:00,gpu0_correctness,0,ckpt_s1024_e1024,correctness,2048,1024,1024,1,0,True,,,,,7.845
2026-05-13T13:43:23.732019+00:00,gpu0_correctness,0,ckpt_s1024_e1024,correctness,8192,1024,1024,1,0,True,,,,,7.978
2026-05-13T13:43:31.710080+00:00,gpu0_correctness,0,ckpt_s1024_e1024,benchmark,8192,1024,1024,1,0,True,4152.79,398.86,398.86,398.86,10.592
2026-05-13T13:43:31.710080+00:00,gpu0_correctness,0,ckpt_s1024_e1024,benchmark,32768,1024,1024,1,0,True,6954.88,1773.11,1773.11,1773.11,10.592
2026-05-13T13:43:42.302309+00:00,gpu0_correctness,0,ckpt_s1024_e1024,benchmark,65536,1024,1024,1,0,True,11272.01,4378.84,4378.84,4378.84,14.455
2026-05-13T13:43:56.757851+00:00,gpu0_correctness,0,ckpt_s2048_e1024,correctness,2048,2048,1024,1,0,True,,,,,9.039
2026-05-13T13:44:05.796732+00:00,gpu0_correctness,0,ckpt_s2048_e1024,correctness,8192,2048,1024,1,0,True,,,,,8.682
2026-05-13T13:44:14.479040+00:00,gpu0_correctness,0,ckpt_s2048_e1024,benchmark,8192,2048,1024,1,0,True,4153.66,451.41,451.41,451.41,11.238
2026-05-13T13:44:14.479040+00:00,gpu0_correctness,0,ckpt_s2048_e1024,benchmark,32768,2048,1024,1,0,True,6955.75,1986.81,1986.81,1986.81,11.238
2026-05-13T13:44:25.717601+00:00,gpu0_correctness,0,ckpt_s2048_e1024,benchmark,65536,2048,1024,1,0,True,11272.51,4372.9,4372.9,4372.9,14.905
2026-05-13T13:44:40.623505+00:00,gpu0_correctness,0,ckpt_s4096_e1024,correctness,2048,4096,1024,1,0,True,,,,,8.715
2026-05-13T13:44:49.338913+00:00,gpu0_correctness,0,ckpt_s4096_e1024,correctness,8192,4096,1024,1,0,True,,,,,8.914
2026-05-13T13:44:58.253418+00:00,gpu0_correctness,0,ckpt_s4096_e1024,benchmark,8192,4096,1024,1,0,True,4153.16,460.05,460.05,460.05,11.730
2026-05-13T13:44:58.253418+00:00,gpu0_correctness,0,ckpt_s4096_e1024,benchmark,32768,4096,1024,1,0,True,6955.25,2018.65,2018.65,2018.65,11.730
2026-05-13T13:45:09.983636+00:00,gpu0_correctness,0,ckpt_s4096_e1024,benchmark,65536,4096,1024,1,0,True,11272.51,4245.71,4245.71,4245.71,14.676
2026-05-13T13:45:24.659700+00:00,gpu0_correctness,0,ckpt_s2048_e2048,correctness,2048,2048,2048,1,0,True,,,,,8.758
2026-05-13T13:45:33.418380+00:00,gpu0_correctness,0,ckpt_s2048_e2048,correctness,8192,2048,2048,1,0,True,,,,,8.784
2026-05-13T13:45:42.202285+00:00,gpu0_correctness,0,ckpt_s2048_e2048,benchmark,8192,2048,2048,1,0,True,4133.78,258.87,258.87,258.87,9.483
2026-05-13T13:45:42.202285+00:00,gpu0_correctness,0,ckpt_s2048_e2048,benchmark,32768,2048,2048,1,0,True,6934.88,1060.4,1060.4,1060.4,9.483
2026-05-13T13:45:51.686120+00:00,gpu0_correctness,0,ckpt_s2048_e2048,benchmark,65536,2048,2048,1,0,True,11272.01,2325.09,2325.09,2325.09,10.753
2026-05-13T13:46:02.439266+00:00,gpu0_correctness,0,ckpt_s4096_e2048,correctness,2048,4096,2048,1,0,True,,,,,8.929
2026-05-13T13:46:11.368615+00:00,gpu0_correctness,0,ckpt_s4096_e2048,correctness,8192,4096,2048,1,0,True,,,,,9.282
2026-05-13T13:46:20.650863+00:00,gpu0_correctness,0,ckpt_s4096_e2048,benchmark,8192,4096,2048,1,0,True,4132.78,249.69,249.69,249.69,9.856
2026-05-13T13:46:20.650863+00:00,gpu0_correctness,0,ckpt_s4096_e2048,benchmark,32768,4096,2048,1,0,True,6934.88,1071.53,1071.53,1071.53,9.856
2026-05-13T13:46:30.507412+00:00,gpu0_correctness,0,ckpt_s4096_e2048,benchmark,65536,4096,2048,1,0,True,11272.01,2325.69,2325.69,2325.69,10.468
2026-05-13T13:46:40.975440+00:00,gpu0_correctness,0,ckpt_s8192_e2048,correctness,2048,8192,2048,1,0,True,,,,,9.130
2026-05-13T13:46:50.105509+00:00,gpu0_correctness,0,ckpt_s8192_e2048,correctness,8192,8192,2048,1,0,True,,,,,9.986
2026-05-13T13:47:00.091885+00:00,gpu0_correctness,0,ckpt_s8192_e2048,benchmark,8192,8192,2048,1,0,True,4132.78,248.5,248.5,248.5,9.683
2026-05-13T13:47:00.091885+00:00,gpu0_correctness,0,ckpt_s8192_e2048,benchmark,32768,8192,2048,1,0,True,6934.88,1057.59,1057.59,1057.59,9.683
2026-05-13T13:47:09.774832+00:00,gpu0_correctness,0,ckpt_s8192_e2048,benchmark,65536,8192,2048,1,0,True,11272.01,2258.02,2258.02,2258.02,10.325
2026-05-13T13:47:20.100504+00:00,gpu0_correctness,0,ckpt_s4096_e4096,correctness,2048,4096,4096,1,0,True,,,,,8.300
2026-05-13T13:47:28.400407+00:00,gpu0_correctness,0,ckpt_s4096_e4096,correctness,8192,4096,4096,1,0,True,,,,,8.987
2026-05-13T13:47:37.387228+00:00,gpu0_correctness,0,ckpt_s4096_e4096,benchmark,8192,4096,4096,1,0,True,4092.77,140.82,140.82,140.82,7.875
2026-05-13T13:47:37.387228+00:00,gpu0_correctness,0,ckpt_s4096_e4096,benchmark,32768,4096,4096,1,0,True,6894.87,613.52,613.52,613.52,7.875
2026-05-13T13:47:45.262379+00:00,gpu0_correctness,0,ckpt_s4096_e4096,benchmark,65536,4096,4096,1,0,True,11272.01,1318.15,1318.15,1318.15,8.611
2026-05-13T13:47:53.874310+00:00,gpu0_correctness,0,ckpt_s8192_e4096,correctness,2048,8192,4096,1,0,True,,,,,8.804
2026-05-13T13:48:02.678399+00:00,gpu0_correctness,0,ckpt_s8192_e4096,correctness,8192,8192,4096,1,0,True,,,,,9.167
2026-05-13T13:48:11.845941+00:00,gpu0_correctness,0,ckpt_s8192_e4096,benchmark,8192,8192,4096,1,0,True,4092.77,258.07,258.07,258.07,8.314
2026-05-13T13:48:11.845941+00:00,gpu0_correctness,0,ckpt_s8192_e4096,benchmark,32768,8192,4096,1,0,True,6894.87,606.88,606.88,606.88,8.314
2026-05-13T13:48:20.160141+00:00,gpu0_correctness,0,ckpt_s8192_e4096,benchmark,65536,8192,4096,1,0,True,11272.01,1339.48,1339.48,1339.48,8.330
2026-05-13T13:48:28.490967+00:00,gpu0_correctness,0,ckpt_s16384_e4096,correctness,2048,16384,4096,1,0,True,,,,,8.786
2026-05-13T13:48:37.277764+00:00,gpu0_correctness,0,ckpt_s16384_e4096,correctness,8192,16384,4096,1,0,True,,,,,8.944
2026-05-13T13:48:46.222323+00:00,gpu0_correctness,0,ckpt_s16384_e4096,benchmark,8192,16384,4096,1,0,True,4092.77,299.44,299.44,299.44,8.735
2026-05-13T13:48:46.222323+00:00,gpu0_correctness,0,ckpt_s16384_e4096,benchmark,32768,16384,4096,1,0,True,6894.87,646.67,646.67,646.67,8.735
2026-05-13T13:48:54.958076+00:00,gpu0_correctness,0,ckpt_s16384_e4096,benchmark,65536,16384,4096,1,0,True,11272.01,1278.0,1278.0,1278.0,8.518
2026-05-13T13:49:03.476580+00:00,gpu0_correctness,0,ckpt_s8192_e8192,correctness,2048,8192,8192,1,0,True,,,,,8.211
2026-05-13T13:49:11.687665+00:00,gpu0_correctness,0,ckpt_s8192_e8192,correctness,8192,8192,8192,1,0,True,,,,,9.060
2026-05-13T13:49:20.748323+00:00,gpu0_correctness,0,ckpt_s8192_e8192,benchmark,8192,8192,8192,1,0,True,4012.63,84.24,84.24,84.24,7.461
2026-05-13T13:49:20.748323+00:00,gpu0_correctness,0,ckpt_s8192_e8192,benchmark,32768,8192,8192,1,0,True,6814.85,351.7,351.7,351.7,7.461
2026-05-13T13:49:28.209455+00:00,gpu0_correctness,0,ckpt_s8192_e8192,benchmark,65536,8192,8192,1,0,True,11272.01,747.85,747.85,747.85,6.970
2026-05-13T13:49:35.180062+00:00,gpu0_correctness,0,nocp_s2048_e2048,correctness,2048,2048,2048,0,0,True,,,,,7.206
2026-05-13T13:49:42.386107+00:00,gpu0_correctness,0,nocp_s2048_e2048,correctness,8192,2048,2048,0,0,True,,,,,7.343
2026-05-13T13:49:49.728980+00:00,gpu0_correctness,0,nocp_s2048_e2048,benchmark,8192,2048,2048,0,0,True,4526.78,234.97,234.97,234.97,8.419
2026-05-13T13:49:49.728980+00:00,gpu0_correctness,0,nocp_s2048_e2048,benchmark,32768,2048,2048,0,0,True,9474.38,1005.55,1005.55,1005.55,8.419
2026-05-13T13:49:58.148745+00:00,gpu0_correctness,0,nocp_s2048_e2048,benchmark,65536,2048,2048,0,0,True,17708.01,2227.01,2227.01,2227.01,9.396
2026-05-13T13:50:07.545644+00:00,gpu0_correctness,0,nocp_s4096_e2048,correctness,2048,4096,2048,0,0,True,,,,,7.705
2026-05-13T13:50:15.250859+00:00,gpu0_correctness,0,nocp_s4096_e2048,correctness,8192,4096,2048,0,0,True,,,,,7.664
2026-05-13T13:50:22.915578+00:00,gpu0_correctness,0,nocp_s4096_e2048,benchmark,8192,4096,2048,0,0,True,4527.66,234.3,234.3,234.3,8.192
2026-05-13T13:50:22.915578+00:00,gpu0_correctness,0,nocp_s4096_e2048,benchmark,32768,4096,2048,0,0,True,9473.26,1003.16,1003.16,1003.16,8.192
2026-05-13T13:50:31.108206+00:00,gpu0_correctness,0,nocp_s4096_e2048,benchmark,65536,4096,2048,0,0,True,17708.01,2189.24,2189.24,2189.24,9.161
2026-05-13T13:50:40.270281+00:00,gpu0_correctness,0,nocp_s4096_e4096,correctness,2048,4096,4096,0,0,True,,,,,7.346
2026-05-13T13:50:47.616721+00:00,gpu0_correctness,0,nocp_s4096_e4096,correctness,8192,4096,4096,0,0,True,,,,,7.916
2026-05-13T13:50:55.533316+00:00,gpu0_correctness,0,nocp_s4096_e4096,benchmark,8192,4096,4096,0,0,True,4428.77,138.94,138.94,138.94,7.613
2026-05-13T13:50:55.533316+00:00,gpu0_correctness,0,nocp_s4096_e4096,benchmark,32768,4096,4096,0,0,True,9328.38,575.28,575.28,575.28,7.613
2026-05-13T13:51:03.147095+00:00,gpu0_correctness,0,nocp_s4096_e4096,benchmark,65536,4096,4096,0,0,True,17416.01,1254.33,1254.33,1254.33,7.520
2026-05-13T13:51:10.667300+00:00,gpu0_correctness,0,nocp_s8192_e4096,correctness,2048,8192,4096,0,0,True,,,,,7.485
2026-05-13T13:51:18.153099+00:00,gpu0_correctness,0,nocp_s8192_e4096,correctness,8192,8192,4096,0,0,True,,,,,7.765
2026-05-13T13:51:25.917920+00:00,gpu0_correctness,0,nocp_s8192_e4096,benchmark,8192,8192,4096,0,0,True,4428.77,135.63,135.63,135.63,6.860
2026-05-13T13:51:25.917920+00:00,gpu0_correctness,0,nocp_s8192_e4096,benchmark,32768,8192,4096,0,0,True,9328.38,576.79,576.79,576.79,6.860
2026-05-13T13:51:32.778137+00:00,gpu0_correctness,0,nocp_s8192_e4096,benchmark,65536,8192,4096,0,0,True,17416.01,1253.33,1253.33,1253.33,7.212
2026-05-13T13:51:39.990990+00:00,gpu0_correctness,0,nocp_s8192_e8192,correctness,2048,8192,8192,0,0,True,,,,,8.156
2026-05-13T13:51:48.147160+00:00,gpu0_correctness,0,nocp_s8192_e8192,correctness,8192,8192,8192,0,0,True,,,,,7.979
2026-05-13T13:51:56.126651+00:00,gpu0_correctness,0,nocp_s8192_e8192,benchmark,8192,8192,8192,0,0,True,4300.63,85.21,85.21,85.21,7.002
2026-05-13T13:51:56.126651+00:00,gpu0_correctness,0,nocp_s8192_e8192,benchmark,32768,8192,8192,0,0,True,9328.38,366.22,366.22,366.22,7.002
2026-05-13T13:52:03.129278+00:00,gpu0_correctness,0,nocp_s8192_e8192,benchmark,65536,8192,8192,0,0,True,17416.01,794.4,794.4,794.4,6.244
2026-05-13T13:52:09.373919+00:00,gpu0_correctness,0,ckpt_s1024_e1024,correctness,2048,1024,1024,1,0,True,,,,,8.557
2026-05-13T13:52:17.931291+00:00,gpu0_correctness,0,ckpt_s1024_e1024,correctness,8192,1024,1024,1,0,True,,,,,8.191
2026-05-13T13:52:26.122237+00:00,gpu0_correctness,0,ckpt_s1024_e1024,benchmark,8192,1024,1024,1,0,True,4152.79,460.66,460.66,460.66,10.882
2026-05-13T13:52:26.122237+00:00,gpu0_correctness,0,ckpt_s1024_e1024,benchmark,32768,1024,1024,1,0,True,6954.88,1967.4,1967.4,1967.4,10.882
2026-05-13T13:52:37.005050+00:00,gpu0_correctness,0,ckpt_s1024_e1024,benchmark,65536,1024,1024,1,0,True,11272.01,4359.41,4359.41,4359.41,14.756
2026-05-13T13:52:51.761676+00:00,gpu0_correctness,0,ckpt_s2048_e1024,correctness,2048,2048,1024,1,0,True,,,,,8.647
2026-05-13T13:53:00.408980+00:00,gpu0_correctness,0,ckpt_s2048_e1024,correctness,8192,2048,1024,1,0,True,,,,,8.824
2026-05-13T13:53:09.233291+00:00,gpu0_correctness,0,ckpt_s2048_e1024,benchmark,8192,2048,1024,1,0,True,4153.66,449.89,449.89,449.89,12.796
2026-05-13T13:53:09.233291+00:00,gpu0_correctness,0,ckpt_s2048_e1024,benchmark,32768,2048,1024,1,0,True,6955.75,1964.13,1964.13,1964.13,12.796
2026-05-13T13:53:22.029419+00:00,gpu0_correctness,0,ckpt_s2048_e1024,benchmark,65536,2048,1024,1,0,True,11272.51,4263.35,4263.35,4263.35,14.512
2026-05-13T13:53:36.542234+00:00,gpu0_correctness,0,ckpt_s4096_e1024,correctness,2048,4096,1024,1,0,True,,,,,8.769
2026-05-13T13:53:45.311593+00:00,gpu0_correctness,0,ckpt_s4096_e1024,correctness,8192,4096,1024,1,0,True,,,,,8.050
2026-05-13T13:53:53.362062+00:00,gpu0_correctness,0,ckpt_s4096_e1024,benchmark,8192,4096,1024,1,0,True,4153.16,458.81,458.81,458.81,11.509
2026-05-13T13:53:53.362062+00:00,gpu0_correctness,0,ckpt_s4096_e1024,benchmark,32768,4096,1024,1,0,True,6955.25,1992.91,1992.91,1992.91,11.509
2026-05-13T13:54:04.871354+00:00,gpu0_correctness,0,ckpt_s4096_e1024,benchmark,65536,4096,1024,1,0,True,11272.51,4347.8,4347.8,4347.8,14.847
2026-05-13T13:54:19.718503+00:00,gpu0_correctness,0,ckpt_s2048_e2048,correctness,2048,2048,2048,1,0,True,,,,,8.181
2026-05-13T13:54:27.900151+00:00,gpu0_correctness,0,ckpt_s2048_e2048,correctness,8192,2048,2048,1,0,True,,,,,8.973
2026-05-13T13:54:36.873929+00:00,gpu0_correctness,0,ckpt_s2048_e2048,benchmark,8192,2048,2048,1,0,True,4133.78,243.46,243.46,243.46,9.443
2026-05-13T13:54:36.873929+00:00,gpu0_correctness,0,ckpt_s2048_e2048,benchmark,32768,2048,2048,1,0,True,6934.88,1061.45,1061.45,1061.45,9.443
2026-05-13T13:54:46.317470+00:00,gpu0_correctness,0,ckpt_s2048_e2048,benchmark,65536,2048,2048,1,0,True,11272.01,2302.85,2302.85,2302.85,10.788
2026-05-13T13:54:57.105742+00:00,gpu0_correctness,0,ckpt_s4096_e2048,correctness,2048,4096,2048,1,0,True,,,,,8.838
2026-05-13T13:55:05.944395+00:00,gpu0_correctness,0,ckpt_s4096_e2048,correctness,8192,4096,2048,1,0,True,,,,,8.667
2026-05-13T13:55:14.611565+00:00,gpu0_correctness,0,ckpt_s4096_e2048,benchmark,8192,4096,2048,1,0,True,4132.78,244.17,244.17,244.17,9.618
2026-05-13T13:55:14.611565+00:00,gpu0_correctness,0,ckpt_s4096_e2048,benchmark,32768,4096,2048,1,0,True,6934.88,1064.44,1064.44,1064.44,9.618
2026-05-13T13:55:24.230434+00:00,gpu0_correctness,0,ckpt_s4096_e2048,benchmark,65536,4096,2048,1,0,True,11272.01,2301.72,2301.72,2301.72,10.301
2026-05-13T13:55:34.531633+00:00,gpu0_correctness,0,ckpt_s8192_e2048,correctness,2048,8192,2048,1,0,True,,,,,7.910
2026-05-13T13:55:42.442255+00:00,gpu0_correctness,0,ckpt_s8192_e2048,correctness,8192,8192,2048,1,0,True,,,,,7.796
2026-05-13T13:55:50.238592+00:00,gpu0_correctness,0,ckpt_s8192_e2048,benchmark,8192,8192,2048,1,0,True,4132.78,219.61,219.61,219.61,9.000
2026-05-13T13:55:50.238592+00:00,gpu0_correctness,0,ckpt_s8192_e2048,benchmark,32768,8192,2048,1,0,True,6934.88,951.81,951.81,951.81,9.000
2026-05-13T13:55:59.238939+00:00,gpu0_correctness,0,ckpt_s8192_e2048,benchmark,65536,8192,2048,1,0,True,11272.01,2275.26,2275.26,2275.26,10.098
2026-05-13T13:56:09.337353+00:00,gpu0_correctness,0,ckpt_s4096_e4096,correctness,2048,4096,4096,1,0,True,,,,,8.466
2026-05-13T13:56:17.803597+00:00,gpu0_correctness,0,ckpt_s4096_e4096,correctness,8192,4096,4096,1,0,True,,,,,8.468
2026-05-13T13:56:26.271392+00:00,gpu0_correctness,0,ckpt_s4096_e4096,benchmark,8192,4096,4096,1,0,True,4092.77,141.81,141.81,141.81,8.687
2026-05-13T13:56:26.271392+00:00,gpu0_correctness,0,ckpt_s4096_e4096,benchmark,32768,4096,4096,1,0,True,6894.87,601.13,601.13,601.13,8.687
2026-05-13T13:56:34.958408+00:00,gpu0_correctness,0,ckpt_s4096_e4096,benchmark,65536,4096,4096,1,0,True,11272.01,1325.7,1325.7,1325.7,8.596
2026-05-13T13:56:43.554807+00:00,gpu0_correctness,0,ckpt_s8192_e4096,correctness,2048,8192,4096,1,0,True,,,,,8.836
2026-05-13T13:56:52.391293+00:00,gpu0_correctness,0,ckpt_s8192_e4096,correctness,8192,8192,4096,1,0,True,,,,,9.077
2026-05-13T13:57:01.468750+00:00,gpu0_correctness,0,ckpt_s8192_e4096,benchmark,8192,8192,4096,1,0,True,4092.77,269.37,269.37,269.37,8.600
2026-05-13T13:57:01.468750+00:00,gpu0_correctness,0,ckpt_s8192_e4096,benchmark,32768,8192,4096,1,0,True,6894.87,608.05,608.05,608.05,8.600
2026-05-13T13:57:10.068943+00:00,gpu0_correctness,0,ckpt_s8192_e4096,benchmark,65536,8192,4096,1,0,True,11272.01,1303.98,1303.98,1303.98,8.536
2026-05-13T13:57:18.605952+00:00,gpu0_correctness,0,ckpt_s16384_e4096,correctness,2048,16384,4096,1,0,True,,,,,8.596
2026-05-13T13:57:27.202420+00:00,gpu0_correctness,0,ckpt_s16384_e4096,correctness,8192,16384,4096,1,0,True,,,,,9.192
2026-05-13T13:57:36.394818+00:00,gpu0_correctness,0,ckpt_s16384_e4096,benchmark,8192,16384,4096,1,0,True,4092.77,305.89,305.89,305.89,8.904
2026-05-13T13:57:36.394818+00:00,gpu0_correctness,0,ckpt_s16384_e4096,benchmark,32768,16384,4096,1,0,True,6894.87,604.24,604.24,604.24,8.904
2026-05-13T13:57:45.299719+00:00,gpu0_correctness,0,ckpt_s16384_e4096,benchmark,65536,16384,4096,1,0,True,11272.01,1306.43,1306.43,1306.43,8.253
2026-05-13T13:57:53.553148+00:00,gpu0_correctness,0,ckpt_s8192_e8192,correctness,2048,8192,8192,1,0,True,,,,,8.530
2026-05-13T13:58:02.083252+00:00,gpu0_correctness,0,ckpt_s8192_e8192,correctness,8192,8192,8192,1,0,True,,,,,8.336
2026-05-13T13:58:10.419804+00:00,gpu0_correctness,0,ckpt_s8192_e8192,benchmark,8192,8192,8192,1,0,True,4012.63,92.54,92.54,92.54,8.287
2026-05-13T13:58:10.419804+00:00,gpu0_correctness,0,ckpt_s8192_e8192,benchmark,32768,8192,8192,1,0,True,6814.85,391.73,391.73,391.73,8.287
2026-05-13T13:58:18.707195+00:00,gpu0_correctness,0,ckpt_s8192_e8192,benchmark,65536,8192,8192,1,0,True,11272.01,840.89,840.89,840.89,7.379
2026-05-13T13:58:26.086609+00:00,gpu0_correctness,0,nocp_s2048_e2048,correctness,2048,2048,2048,0,0,True,,,,,7.568
2026-05-13T13:58:33.654639+00:00,gpu0_correctness,0,nocp_s2048_e2048,correctness,8192,2048,2048,0,0,True,,,,,8.259
2026-05-13T13:58:41.913814+00:00,gpu0_correctness,0,nocp_s2048_e2048,benchmark,8192,2048,2048,0,0,True,4526.78,234.89,234.89,234.89,8.551
2026-05-13T13:58:41.913814+00:00,gpu0_correctness,0,nocp_s2048_e2048,benchmark,32768,2048,2048,0,0,True,9474.38,999.91,999.91,999.91,8.551
2026-05-13T13:58:50.465609+00:00,gpu0_correctness,0,nocp_s2048_e2048,benchmark,65536,2048,2048,0,0,True,17708.01,2217.37,2217.37,2217.37,9.951
2026-05-13T13:59:00.417602+00:00,gpu0_correctness,0,nocp_s4096_e2048,correctness,2048,4096,2048,0,0,True,,,,,7.680
2026-05-13T13:59:08.098408+00:00,gpu0_correctness,0,nocp_s4096_e2048,correctness,8192,4096,2048,0,0,True,,,,,8.156
2026-05-13T13:59:16.254645+00:00,gpu0_correctness,0,nocp_s4096_e2048,benchmark,8192,4096,2048,0,0,True,4527.66,231.12,231.12,231.12,8.780
2026-05-13T13:59:16.254645+00:00,gpu0_correctness,0,nocp_s4096_e2048,benchmark,32768,4096,2048,0,0,True,9473.26,999.96,999.96,999.96,8.780
2026-05-13T13:59:25.035004+00:00,gpu0_correctness,0,nocp_s4096_e2048,benchmark,65536,4096,2048,0,0,True,17708.01,2187.63,2187.63,2187.63,9.796
2026-05-13T13:59:34.831948+00:00,gpu0_correctness,0,nocp_s4096_e4096,correctness,2048,4096,4096,0,0,True,,,,,7.751
2026-05-13T13:59:42.583592+00:00,gpu0_correctness,0,nocp_s4096_e4096,correctness,8192,4096,4096,0,0,True,,,,,7.439
2026-05-13T13:59:50.023219+00:00,gpu0_correctness,0,nocp_s4096_e4096,benchmark,8192,4096,4096,0,0,True,4428.77,133.78,133.78,133.78,7.240
2026-05-13T13:59:50.023219+00:00,gpu0_correctness,0,nocp_s4096_e4096,benchmark,32768,4096,4096,0,0,True,9328.38,584.5,584.5,584.5,7.240
2026-05-13T13:59:57.263613+00:00,gpu0_correctness,0,nocp_s4096_e4096,benchmark,65536,4096,4096,0,0,True,17416.01,1269.59,1269.59,1269.59,6.781
2026-05-13T14:00:04.045115+00:00,gpu0_correctness,0,nocp_s8192_e4096,correctness,2048,8192,4096,0,0,True,,,,,7.071
2026-05-13T14:00:11.116628+00:00,gpu0_correctness,0,nocp_s8192_e4096,correctness,8192,8192,4096,0,0,True,,,,,7.149
2026-05-13T14:00:18.266344+00:00,gpu0_correctness,0,nocp_s8192_e4096,benchmark,8192,8192,4096,0,0,True,4428.77,132.64,132.64,132.64,7.508
2026-05-13T14:00:18.266344+00:00,gpu0_correctness,0,nocp_s8192_e4096,benchmark,32768,8192,4096,0,0,True,9328.38,580.42,580.42,580.42,7.508
2026-05-13T14:00:25.774463+00:00,gpu0_correctness,0,nocp_s8192_e4096,benchmark,65536,8192,4096,0,0,True,17416.01,1250.38,1250.38,1250.38,7.329
2026-05-13T14:00:33.104441+00:00,gpu0_correctness,0,nocp_s8192_e8192,correctness,2048,8192,8192,0,0,True,,,,,7.616
2026-05-13T14:00:40.720922+00:00,gpu0_correctness,0,nocp_s8192_e8192,correctness,8192,8192,8192,0,0,True,,,,,7.650
2026-05-13T14:00:48.370996+00:00,gpu0_correctness,0,nocp_s8192_e8192,benchmark,8192,8192,8192,0,0,True,4300.63,83.59,83.59,83.59,6.694
2026-05-13T14:00:48.370996+00:00,gpu0_correctness,0,nocp_s8192_e8192,benchmark,32768,8192,8192,0,0,True,9328.38,364.07,364.07,364.07,6.694
2026-05-13T14:00:55.065310+00:00,gpu0_correctness,0,nocp_s8192_e8192,benchmark,65536,8192,8192,0,0,True,17416.01,764.41,764.41,764.41,6.682
2026-05-13T14:01:01.748278+00:00,gpu0_correctness,0,ckpt_s1024_e1024,correctness,2048,1024,1024,1,0,True,,,,,8.710
2026-05-13T14:01:10.458660+00:00,gpu0_correctness,0,ckpt_s1024_e1024,correctness,8192,1024,1024,1,0,True,,,,,9.080
2026-05-13T14:01:19.539035+00:00,gpu0_correctness,0,ckpt_s1024_e1024,benchmark,8192,1024,1024,1,0,True,4152.79,405.56,405.56,405.56,11.119
2026-05-13T14:01:19.539035+00:00,gpu0_correctness,0,ckpt_s1024_e1024,benchmark,32768,1024,1024,1,0,True,6954.88,1761.67,1761.67,1761.67,11.119
2026-05-13T14:01:30.658726+00:00,gpu0_correctness,0,ckpt_s1024_e1024,benchmark,65536,1024,1024,1,0,True,11272.01,3947.36,3947.36,3947.36,13.444
2026-05-13T14:01:44.103633+00:00,gpu0_correctness,0,ckpt_s2048_e1024,correctness,2048,2048,1024,1,0,True,,,,,8.505
2026-05-13T14:01:52.608685+00:00,gpu0_correctness,0,ckpt_s2048_e1024,correctness,8192,2048,1024,1,0,True,,,,,8.762
2026-05-13T14:02:01.371422+00:00,gpu0_correctness,0,ckpt_s2048_e1024,benchmark,8192,2048,1024,1,0,True,4153.66,453.75,453.75,453.75,11.830
2026-05-13T14:02:01.371422+00:00,gpu0_correctness,0,ckpt_s2048_e1024,benchmark,32768,2048,1024,1,0,True,6955.75,1963.05,1963.05,1963.05,11.830
2026-05-13T14:02:13.201615+00:00,gpu0_correctness,0,ckpt_s2048_e1024,benchmark,65536,2048,1024,1,0,True,11272.51,4298.19,4298.19,4298.19,15.312
2026-05-13T14:02:28.513679+00:00,gpu0_correctness,0,ckpt_s4096_e1024,correctness,2048,4096,1024,1,0,True,,,,,8.581
2026-05-13T14:02:37.095363+00:00,gpu0_correctness,0,ckpt_s4096_e1024,correctness,8192,4096,1024,1,0,True,,,,,8.731
2026-05-13T14:02:45.826290+00:00,gpu0_correctness,0,ckpt_s4096_e1024,benchmark,8192,4096,1024,1,0,True,4153.16,454.3,454.3,454.3,11.897
2026-05-13T14:02:45.826290+00:00,gpu0_correctness,0,ckpt_s4096_e1024,benchmark,32768,4096,1024,1,0,True,6955.25,1966.9,1966.9,1966.9,11.897
2026-05-13T14:02:57.724033+00:00,gpu0_correctness,0,ckpt_s4096_e1024,benchmark,65536,4096,1024,1,0,True,11272.51,4268.7,4268.7,4268.7,14.944
2026-05-13T14:03:12.669031+00:00,gpu0_correctness,0,ckpt_s2048_e2048,correctness,2048,2048,2048,1,0,True,,,,,8.953
2026-05-13T14:03:21.622703+00:00,gpu0_correctness,0,ckpt_s2048_e2048,correctness,8192,2048,2048,1,0,True,,,,,8.814
2026-05-13T14:03:30.437428+00:00,gpu0_correctness,0,ckpt_s2048_e2048,benchmark,8192,2048,2048,1,0,True,4133.78,255.44,255.44,255.44,9.672
2026-05-13T14:03:30.437428+00:00,gpu0_correctness,0,ckpt_s2048_e2048,benchmark,32768,2048,2048,1,0,True,6934.88,1053.38,1053.38,1053.38,9.672
2026-05-13T14:03:40.109597+00:00,gpu0_correctness,0,ckpt_s2048_e2048,benchmark,65536,2048,2048,1,0,True,11272.01,2334.96,2334.96,2334.96,10.986
2026-05-13T14:03:51.096623+00:00,gpu0_correctness,0,ckpt_s4096_e2048,correctness,2048,4096,2048,1,0,True,,,,,8.943
2026-05-13T14:04:00.040331+00:00,gpu0_correctness,0,ckpt_s4096_e2048,correctness,8192,4096,2048,1,0,True,,,,,8.868
2026-05-13T14:04:08.908996+00:00,gpu0_correctness,0,ckpt_s4096_e2048,benchmark,8192,4096,2048,1,0,True,4132.78,258.53,258.53,258.53,10.210
2026-05-13T14:04:08.908996+00:00,gpu0_correctness,0,ckpt_s4096_e2048,benchmark,32768,4096,2048,1,0,True,6934.88,1054.95,1054.95,1054.95,10.210
2026-05-13T14:04:19.119617+00:00,gpu0_correctness,0,ckpt_s4096_e2048,benchmark,65536,4096,2048,1,0,True,11272.01,2318.18,2318.18,2318.18,11.350
2026-05-13T14:04:30.470640+00:00,gpu0_correctness,0,ckpt_s8192_e2048,correctness,2048,8192,2048,1,0,True,,,,,8.044
2026-05-13T14:04:38.514936+00:00,gpu0_correctness,0,ckpt_s8192_e2048,correctness,8192,8192,2048,1,0,True,,,,,8.714
2026-05-13T14:04:47.229249+00:00,gpu0_correctness,0,ckpt_s8192_e2048,benchmark,8192,8192,2048,1,0,True,4132.78,247.37,247.37,247.37,9.169
2026-05-13T14:04:47.229249+00:00,gpu0_correctness,0,ckpt_s8192_e2048,benchmark,32768,8192,2048,1,0,True,6934.88,1034.1,1034.1,1034.1,9.169
2026-05-13T14:04:56.398691+00:00,gpu0_correctness,0,ckpt_s8192_e2048,benchmark,65536,8192,2048,1,0,True,11272.01,2265.62,2265.62,2265.62,10.606
2026-05-13T14:05:07.005663+00:00,gpu0_correctness,0,ckpt_s4096_e4096,correctness,2048,4096,4096,1,0,True,,,,,8.799
2026-05-13T14:05:15.805401+00:00,gpu0_correctness,0,ckpt_s4096_e4096,correctness,8192,4096,4096,1,0,True,,,,,8.631
2026-05-13T14:05:24.436940+00:00,gpu0_correctness,0,ckpt_s4096_e4096,benchmark,8192,4096,4096,1,0,True,4092.77,143.23,143.23,143.23,8.845
2026-05-13T14:05:24.436940+00:00,gpu0_correctness,0,ckpt_s4096_e4096,benchmark,32768,4096,4096,1,0,True,6894.87,602.59,602.59,602.59,8.845
2026-05-13T14:05:33.282479+00:00,gpu0_correctness,0,ckpt_s4096_e4096,benchmark,65536,4096,4096,1,0,True,11272.01,1316.6,1316.6,1316.6,8.640
2026-05-13T14:05:41.922889+00:00,gpu0_correctness,0,ckpt_s8192_e4096,correctness,2048,8192,4096,1,0,True,,,,,8.825
2026-05-13T14:05:50.748086+00:00,gpu0_correctness,0,ckpt_s8192_e4096,correctness,8192,8192,4096,1,0,True,,,,,9.208
2026-05-13T14:05:59.956271+00:00,gpu0_correctness,0,ckpt_s8192_e4096,benchmark,8192,8192,4096,1,0,True,4092.77,284.4,284.4,284.4,8.097
2026-05-13T14:05:59.956271+00:00,gpu0_correctness,0,ckpt_s8192_e4096,benchmark,32768,8192,4096,1,0,True,6894.87,610.41,610.41,610.41,8.097
2026-05-13T14:06:08.053334+00:00,gpu0_correctness,0,ckpt_s8192_e4096,benchmark,65536,8192,4096,1,0,True,11272.01,1306.98,1306.98,1306.98,8.468
2026-05-13T14:06:16.521607+00:00,gpu0_correctness,0,ckpt_s16384_e4096,correctness,2048,16384,4096,1,0,True,,,,,8.440
2026-05-13T14:06:24.961600+00:00,gpu0_correctness,0,ckpt_s16384_e4096,correctness,8192,16384,4096,1,0,True,,,,,8.180
2026-05-13T14:06:33.142028+00:00,gpu0_correctness,0,ckpt_s16384_e4096,benchmark,8192,16384,4096,1,0,True,4092.77,248.34,248.34,248.34,8.970
2026-05-13T14:06:33.142028+00:00,gpu0_correctness,0,ckpt_s16384_e4096,benchmark,32768,16384,4096,1,0,True,6894.87,596.36,596.36,596.36,8.970
2026-05-13T14:06:42.112456+00:00,gpu0_correctness,0,ckpt_s16384_e4096,benchmark,65536,16384,4096,1,0,True,11272.01,1289.89,1289.89,1289.89,9.123
2026-05-13T14:06:51.235738+00:00,gpu0_correctness,0,ckpt_s8192_e8192,correctness,2048,8192,8192,1,0,True,,,,,8.159
2026-05-13T14:06:59.395266+00:00,gpu0_correctness,0,ckpt_s8192_e8192,correctness,8192,8192,8192,1,0,True,,,,,8.765
2026-05-13T14:07:08.161067+00:00,gpu0_correctness,0,ckpt_s8192_e8192,benchmark,8192,8192,8192,1,0,True,4012.63,83.42,83.42,83.42,8.169
2026-05-13T14:07:08.161067+00:00,gpu0_correctness,0,ckpt_s8192_e8192,benchmark,32768,8192,8192,1,0,True,6814.85,358.68,358.68,358.68,8.169
2026-05-13T14:07:16.330095+00:00,gpu0_correctness,0,ckpt_s8192_e8192,benchmark,65536,8192,8192,1,0,True,11272.01,748.21,748.21,748.21,7.170
2026-05-13T14:07:23.501001+00:00,gpu0_correctness,0,nocp_s2048_e2048,correctness,2048,2048,2048,0,0,True,,,,,7.376
2026-05-13T14:07:30.877707+00:00,gpu0_correctness,0,nocp_s2048_e2048,correctness,8192,2048,2048,0,0,True,,,,,7.471
2026-05-13T14:07:38.348496+00:00,gpu0_correctness,0,nocp_s2048_e2048,benchmark,8192,2048,2048,0,0,True,4526.78,236.37,236.37,236.37,8.697
2026-05-13T14:07:38.348496+00:00,gpu0_correctness,0,nocp_s2048_e2048,benchmark,32768,2048,2048,0,0,True,9474.38,1002.04,1002.04,1002.04,8.697
2026-05-13T14:07:47.045770+00:00,gpu0_correctness,0,nocp_s2048_e2048,benchmark,65536,2048,2048,0,0,True,17708.01,2208.48,2208.48,2208.48,9.978
2026-05-13T14:07:57.024289+00:00,gpu0_correctness,0,nocp_s4096_e2048,correctness,2048,4096,2048,0,0,True,,,,,7.670
2026-05-13T14:08:04.694110+00:00,gpu0_correctness,0,nocp_s4096_e2048,correctness,8192,4096,2048,0,0,True,,,,,7.958
2026-05-13T14:08:12.652875+00:00,gpu0_correctness,0,nocp_s4096_e2048,benchmark,8192,4096,2048,0,0,True,4527.66,226.1,226.1,226.1,8.711
2026-05-13T14:08:12.652875+00:00,gpu0_correctness,0,nocp_s4096_e2048,benchmark,32768,4096,2048,0,0,True,9473.26,1002.81,1002.81,1002.81,8.711
2026-05-13T14:08:21.364565+00:00,gpu0_correctness,0,nocp_s4096_e2048,benchmark,65536,4096,2048,0,0,True,17708.01,2180.12,2180.12,2180.12,9.864
2026-05-13T14:08:31.229300+00:00,gpu0_correctness,0,nocp_s4096_e4096,correctness,2048,4096,4096,0,0,True,,,,,7.327
2026-05-13T14:08:38.556511+00:00,gpu0_correctness,0,nocp_s4096_e4096,correctness,8192,4096,4096,0,0,True,,,,,7.889
2026-05-13T14:08:46.445990+00:00,gpu0_correctness,0,nocp_s4096_e4096,benchmark,8192,4096,4096,0,0,True,4428.77,132.94,132.94,132.94,7.987
2026-05-13T14:08:46.445990+00:00,gpu0_correctness,0,nocp_s4096_e4096,benchmark,32768,4096,4096,0,0,True,9328.38,581.79,581.79,581.79,7.987
2026-05-13T14:08:54.433016+00:00,gpu0_correctness,0,nocp_s4096_e4096,benchmark,65536,4096,4096,0,0,True,17416.01,1266.38,1266.38,1266.38,7.393
2026-05-13T14:09:01.826904+00:00,gpu0_correctness,0,nocp_s8192_e4096,correctness,2048,8192,4096,0,0,True,,,,,7.676
2026-05-13T14:09:09.502799+00:00,gpu0_correctness,0,nocp_s8192_e4096,correctness,8192,8192,4096,0,0,True,,,,,7.607
2026-05-13T14:09:17.110370+00:00,gpu0_correctness,0,nocp_s8192_e4096,benchmark,8192,8192,4096,0,0,True,4428.77,130.81,130.81,130.81,7.369
2026-05-13T14:09:17.110370+00:00,gpu0_correctness,0,nocp_s8192_e4096,benchmark,32768,8192,4096,0,0,True,9328.38,580.39,580.39,580.39,7.369
2026-05-13T14:09:24.479926+00:00,gpu0_correctness,0,nocp_s8192_e4096,benchmark,65536,8192,4096,0,0,True,17416.01,1256.5,1256.5,1256.5,7.218
2026-05-13T14:09:31.698185+00:00,gpu0_correctness,0,nocp_s8192_e8192,correctness,2048,8192,8192,0,0,True,,,,,7.163
2026-05-13T14:09:38.861732+00:00,gpu0_correctness,0,nocp_s8192_e8192,correctness,8192,8192,8192,0,0,True,,,,,7.181
2026-05-13T14:09:46.042722+00:00,gpu0_correctness,0,nocp_s8192_e8192,benchmark,8192,8192,8192,0,0,True,4300.63,89.26,89.26,89.26,6.366
2026-05-13T14:09:46.042722+00:00,gpu0_correctness,0,nocp_s8192_e8192,benchmark,32768,8192,8192,0,0,True,9328.38,372.13,372.13,372.13,6.366
2026-05-13T14:09:52.409382+00:00,gpu0_correctness,0,nocp_s8192_e8192,benchmark,65536,8192,8192,0,0,True,17416.01,791.33,791.33,791.33,6.883
2026-05-13T14:09:59.292750+00:00,gpu0_correctness,0,ckpt_s1024_e1024,correctness,2048,1024,1024,1,0,True,,,,,8.804
2026-05-13T14:10:08.096867+00:00,gpu0_correctness,0,ckpt_s1024_e1024,correctness,8192,1024,1024,1,0,True,,,,,8.280
2026-05-13T14:10:16.377487+00:00,gpu0_correctness,0,ckpt_s1024_e1024,benchmark,8192,1024,1024,1,0,True,4152.79,464.42,464.42,464.42,11.300
2026-05-13T14:10:16.377487+00:00,gpu0_correctness,0,ckpt_s1024_e1024,benchmark,32768,1024,1024,1,0,True,6954.88,1996.93,1996.93,1996.93,11.300
2026-05-13T14:10:27.677405+00:00,gpu0_correctness,0,ckpt_s1024_e1024,benchmark,65536,1024,1024,1,0,True,11272.01,4350.82,4350.82,4350.82,14.705
2026-05-13T14:10:42.383388+00:00,gpu0_correctness,0,ckpt_s2048_e1024,correctness,2048,2048,1024,1,0,True,,,,,8.888
2026-05-13T14:10:51.271278+00:00,gpu0_correctness,0,ckpt_s2048_e1024,correctness,8192,2048,1024,1,0,True,,,,,8.853
2026-05-13T14:11:00.124116+00:00,gpu0_correctness,0,ckpt_s2048_e1024,benchmark,8192,2048,1024,1,0,True,4153.66,471.28,471.28,471.28,11.886
2026-05-13T14:11:00.124116+00:00,gpu0_correctness,0,ckpt_s2048_e1024,benchmark,32768,2048,1024,1,0,True,6955.75,1969.82,1969.82,1969.82,11.886
2026-05-13T14:11:12.010610+00:00,gpu0_correctness,0,ckpt_s2048_e1024,benchmark,65536,2048,1024,1,0,True,11272.51,4301.93,4301.93,4301.93,14.134
2026-05-13T14:11:26.145422+00:00,gpu0_correctness,0,ckpt_s4096_e1024,correctness,2048,4096,1024,1,0,True,,,,,8.580
2026-05-13T14:11:34.726255+00:00,gpu0_correctness,0,ckpt_s4096_e1024,correctness,8192,4096,1024,1,0,True,,,,,9.180
2026-05-13T14:11:43.906357+00:00,gpu0_correctness,0,ckpt_s4096_e1024,benchmark,8192,4096,1024,1,0,True,4153.16,453.31,453.31,453.31,12.276
2026-05-13T14:11:43.906357+00:00,gpu0_correctness,0,ckpt_s4096_e1024,benchmark,32768,4096,1024,1,0,True,6955.25,2001.02,2001.02,2001.02,12.276
2026-05-13T14:11:56.183006+00:00,gpu0_correctness,0,ckpt_s4096_e1024,benchmark,65536,4096,1024,1,0,True,11272.51,4395.77,4395.77,4395.77,14.722
2026-05-13T14:12:10.905773+00:00,gpu0_correctness,0,ckpt_s2048_e2048,correctness,2048,2048,2048,1,0,True,,,,,8.954
2026-05-13T14:12:19.860591+00:00,gpu0_correctness,0,ckpt_s2048_e2048,correctness,8192,2048,2048,1,0,True,,,,,8.846
2026-05-13T14:12:28.706725+00:00,gpu0_correctness,0,ckpt_s2048_e2048,benchmark,8192,2048,2048,1,0,True,4133.78,220.25,220.25,220.25,9.953
2026-05-13T14:12:28.706725+00:00,gpu0_correctness,0,ckpt_s2048_e2048,benchmark,32768,2048,2048,1,0,True,6934.88,1045.33,1045.33,1045.33,9.953
2026-05-13T14:12:38.659877+00:00,gpu0_correctness,0,ckpt_s2048_e2048,benchmark,65536,2048,2048,1,0,True,11272.01,2316.45,2316.45,2316.45,11.061
2026-05-13T14:12:49.721709+00:00,gpu0_correctness,0,ckpt_s4096_e2048,correctness,2048,4096,2048,1,0,True,,,,,9.181
2026-05-13T14:12:58.903080+00:00,gpu0_correctness,0,ckpt_s4096_e2048,correctness,8192,4096,2048,1,0,True,,,,,8.974
2026-05-13T14:13:07.877433+00:00,gpu0_correctness,0,ckpt_s4096_e2048,benchmark,8192,4096,2048,1,0,True,4132.78,238.28,238.28,238.28,10.232
2026-05-13T14:13:07.877433+00:00,gpu0_correctness,0,ckpt_s4096_e2048,benchmark,32768,4096,2048,1,0,True,6934.88,1042.62,1042.62,1042.62,10.232
2026-05-13T14:13:18.109702+00:00,gpu0_correctness,0,ckpt_s4096_e2048,benchmark,65536,4096,2048,1,0,True,11272.01,2026.39,2026.39,2026.39,9.921
2026-05-13T14:13:28.031542+00:00,gpu0_correctness,0,ckpt_s8192_e2048,correctness,2048,8192,2048,1,0,True,,,,,8.475
2026-05-13T14:13:36.506403+00:00,gpu0_correctness,0,ckpt_s8192_e2048,correctness,8192,8192,2048,1,0,True,,,,,8.114
2026-05-13T14:13:44.620935+00:00,gpu0_correctness,0,ckpt_s8192_e2048,benchmark,8192,8192,2048,1,0,True,4132.78,227.68,227.68,227.68,9.592
2026-05-13T14:13:44.620935+00:00,gpu0_correctness,0,ckpt_s8192_e2048,benchmark,32768,8192,2048,1,0,True,6934.88,1043.95,1043.95,1043.95,9.592
2026-05-13T14:13:54.213466+00:00,gpu0_correctness,0,ckpt_s8192_e2048,benchmark,65536,8192,2048,1,0,True,11272.01,2279.24,2279.24,2279.24,10.451
2026-05-13T14:14:04.664740+00:00,gpu0_correctness,0,ckpt_s4096_e4096,correctness,2048,4096,4096,1,0,True,,,,,8.768
2026-05-13T14:14:13.433543+00:00,gpu0_correctness,0,ckpt_s4096_e4096,correctness,8192,4096,4096,1,0,True,,,,,8.811
2026-05-13T14:14:22.244455+00:00,gpu0_correctness,0,ckpt_s4096_e4096,benchmark,8192,4096,4096,1,0,True,4092.77,144.47,144.47,144.47,9.017
2026-05-13T14:14:22.244455+00:00,gpu0_correctness,0,ckpt_s4096_e4096,benchmark,32768,4096,4096,1,0,True,6894.87,610.38,610.38,610.38,9.017
2026-05-13T14:14:31.262298+00:00,gpu0_correctness,0,ckpt_s4096_e4096,benchmark,65536,4096,4096,1,0,True,11272.01,1325.68,1325.68,1325.68,8.557
2026-05-13T14:14:39.819784+00:00,gpu0_correctness,0,ckpt_s8192_e4096,correctness,2048,8192,4096,1,0,True,,,,,8.859
2026-05-13T14:14:48.679310+00:00,gpu0_correctness,0,ckpt_s8192_e4096,correctness,8192,8192,4096,1,0,True,,,,,9.207
2026-05-13T14:14:57.886336+00:00,gpu0_correctness,0,ckpt_s8192_e4096,benchmark,8192,8192,4096,1,0,True,4092.77,286.75,286.75,286.75,8.674
2026-05-13T14:14:57.886336+00:00,gpu0_correctness,0,ckpt_s8192_e4096,benchmark,32768,8192,4096,1,0,True,6894.87,608.85,608.85,608.85,8.674
2026-05-13T14:15:06.560454+00:00,gpu0_correctness,0,ckpt_s8192_e4096,benchmark,65536,8192,4096,1,0,True,11272.01,1299.22,1299.22,1299.22,9.000
2026-05-13T14:15:15.561437+00:00,gpu0_correctness,0,ckpt_s16384_e4096,correctness,2048,16384,4096,1,0,True,,,,,9.000
2026-05-13T14:15:24.561303+00:00,gpu0_correctness,0,ckpt_s16384_e4096,correctness,8192,16384,4096,1,0,True,,,,,8.979
2026-05-13T14:15:33.540169+00:00,gpu0_correctness,0,ckpt_s16384_e4096,benchmark,8192,16384,4096,1,0,True,4092.77,252.55,252.55,252.55,8.248
2026-05-13T14:15:33.540169+00:00,gpu0_correctness,0,ckpt_s16384_e4096,benchmark,32768,16384,4096,1,0,True,6894.87,603.52,603.52,603.52,8.248
2026-05-13T14:15:41.788473+00:00,gpu0_correctness,0,ckpt_s16384_e4096,benchmark,65536,16384,4096,1,0,True,11272.01,1293.27,1293.27,1293.27,8.965
2026-05-13T14:15:50.754097+00:00,gpu0_correctness,0,ckpt_s8192_e8192,correctness,2048,8192,8192,1,0,True,,,,,8.370
2026-05-13T14:15:59.124533+00:00,gpu0_correctness,0,ckpt_s8192_e8192,correctness,8192,8192,8192,1,0,True,,,,,9.120
2026-05-13T14:16:08.244534+00:00,gpu0_correctness,0,ckpt_s8192_e8192,benchmark,8192,8192,8192,1,0,True,4012.63,94.16,94.16,94.16,7.990
2026-05-13T14:16:08.244534+00:00,gpu0_correctness,0,ckpt_s8192_e8192,benchmark,32768,8192,8192,1,0,True,6814.85,402.03,402.03,402.03,7.990
2026-05-13T14:16:16.234578+00:00,gpu0_correctness,0,ckpt_s8192_e8192,benchmark,65536,8192,8192,1,0,True,11272.01,843.69,843.69,843.69,7.470
2026-05-13T14:16:23.704634+00:00,gpu0_correctness,0,nocp_s2048_e2048,correctness,2048,2048,2048,0,0,True,,,,,7.882
2026-05-13T14:16:31.586738+00:00,gpu0_correctness,0,nocp_s2048_e2048,correctness,8192,2048,2048,0,0,True,,,,,8.067
2026-05-13T14:16:39.654579+00:00,gpu0_correctness,0,nocp_s2048_e2048,benchmark,8192,2048,2048,0,0,True,4526.78,229.36,229.36,229.36,8.685
2026-05-13T14:16:39.654579+00:00,gpu0_correctness,0,nocp_s2048_e2048,benchmark,32768,2048,2048,0,0,True,9474.38,1005.7,1005.7,1005.7,8.685
2026-05-13T14:16:48.339622+00:00,gpu0_correctness,0,nocp_s2048_e2048,benchmark,65536,2048,2048,0,0,True,17708.01,2217.77,2217.77,2217.77,9.346
2026-05-13T14:16:57.685918+00:00,gpu0_correctness,0,nocp_s4096_e2048,correctness,2048,4096,2048,0,0,True,,,,,7.190
2026-05-13T14:17:04.876052+00:00,gpu0_correctness,0,nocp_s4096_e2048,correctness,8192,4096,2048,0,0,True,,,,,7.804
2026-05-13T14:17:12.680381+00:00,gpu0_correctness,0,nocp_s4096_e2048,benchmark,8192,4096,2048,0,0,True,4527.66,227.95,227.95,227.95,8.297
2026-05-13T14:17:12.680381+00:00,gpu0_correctness,0,nocp_s4096_e2048,benchmark,32768,4096,2048,0,0,True,9473.26,1019.24,1019.24,1019.24,8.297
2026-05-13T14:17:20.977479+00:00,gpu0_correctness,0,nocp_s4096_e2048,benchmark,65536,4096,2048,0,0,True,17708.01,2178.2,2178.2,2178.2,9.646
2026-05-13T14:17:30.623701+00:00,gpu0_correctness,0,nocp_s4096_e4096,correctness,2048,4096,4096,0,0,True,,,,,7.744
2026-05-13T14:17:38.368110+00:00,gpu0_correctness,0,nocp_s4096_e4096,correctness,8192,4096,4096,0,0,True,,,,,7.377
2026-05-13T14:17:45.745270+00:00,gpu0_correctness,0,nocp_s4096_e4096,benchmark,8192,4096,4096,0,0,True,4428.77,132.04,132.04,132.04,7.447
2026-05-13T14:17:45.745270+00:00,gpu0_correctness,0,nocp_s4096_e4096,benchmark,32768,4096,4096,0,0,True,9328.38,580.05,580.05,580.05,7.447
2026-05-13T14:17:53.192413+00:00,gpu0_correctness,0,nocp_s4096_e4096,benchmark,65536,4096,4096,0,0,True,17416.01,1272.49,1272.49,1272.49,7.812
2026-05-13T14:18:01.005060+00:00,gpu0_correctness,0,nocp_s8192_e4096,correctness,2048,8192,4096,0,0,True,,,,,7.559
2026-05-13T14:18:08.564808+00:00,gpu0_correctness,0,nocp_s8192_e4096,correctness,8192,8192,4096,0,0,True,,,,,7.495
2026-05-13T14:18:16.060423+00:00,gpu0_correctness,0,nocp_s8192_e4096,benchmark,8192,8192,4096,0,0,True,4428.77,130.47,130.47,130.47,7.186
2026-05-13T14:18:16.060423+00:00,gpu0_correctness,0,nocp_s8192_e4096,benchmark,32768,8192,4096,0,0,True,9328.38,581.67,581.67,581.67,7.186
2026-05-13T14:18:23.246389+00:00,gpu0_correctness,0,nocp_s8192_e4096,benchmark,65536,8192,4096,0,0,True,17416.01,1239.52,1239.52,1239.52,7.648
2026-05-13T14:18:30.894596+00:00,gpu0_correctness,0,nocp_s8192_e8192,correctness,2048,8192,8192,0,0,True,,,,,8.095
2026-05-13T14:18:38.989433+00:00,gpu0_correctness,0,nocp_s8192_e8192,correctness,8192,8192,8192,0,0,True,,,,,7.673
2026-05-13T14:18:46.662299+00:00,gpu0_correctness,0,nocp_s8192_e8192,benchmark,8192,8192,8192,0,0,True,4300.63,80.38,80.38,80.38,6.694
2026-05-13T14:18:46.662299+00:00,gpu0_correctness,0,nocp_s8192_e8192,benchmark,32768,8192,8192,0,0,True,9328.38,364.41,364.41,364.41,6.694
2026-05-13T14:18:53.356954+00:00,gpu0_correctness,0,nocp_s8192_e8192,benchmark,65536,8192,8192,0,0,True,17416.01,781.3,781.3,781.3,6.414
2026-05-13T14:18:59.771765+00:00,gpu0_correctness,0,ckpt_s1024_e1024,correctness,2048,1024,1024,1,0,True,,,,,8.444
2026-05-13T14:19:08.216301+00:00,gpu0_correctness,0,ckpt_s1024_e1024,correctness,8192,1024,1024,1,0,True,,,,,8.252
2026-05-13T14:19:16.468582+00:00,gpu0_correctness,0,ckpt_s1024_e1024,benchmark,8192,1024,1024,1,0,True,4152.79,404.71,404.71,404.71,10.414
2026-05-13T14:19:16.468582+00:00,gpu0_correctness,0,ckpt_s1024_e1024,benchmark,32768,1024,1024,1,0,True,6954.88,1780.52,1780.52,1780.52,10.414
2026-05-13T14:19:26.882669+00:00,gpu0_correctness,0,ckpt_s1024_e1024,benchmark,65536,1024,1024,1,0,True,11272.01,4297.36,4297.36,4297.36,13.740
2026-05-13T14:19:40.623446+00:00,gpu0_correctness,0,ckpt_s2048_e1024,correctness,2048,2048,1024,1,0,True,,,,,8.287
2026-05-13T14:19:48.911191+00:00,gpu0_correctness,0,ckpt_s2048_e1024,correctness,8192,2048,1024,1,0,True,,,,,8.485
2026-05-13T14:19:57.396758+00:00,gpu0_correctness,0,ckpt_s2048_e1024,benchmark,8192,2048,1024,1,0,True,4153.66,451.23,451.23,451.23,11.707
2026-05-13T14:19:57.396758+00:00,gpu0_correctness,0,ckpt_s2048_e1024,benchmark,32768,2048,1024,1,0,True,6955.75,1973.29,1973.29,1973.29,11.707
2026-05-13T14:20:09.104157+00:00,gpu0_correctness,0,ckpt_s2048_e1024,benchmark,65536,2048,1024,1,0,True,11272.51,4293.15,4293.15,4293.15,14.072
2026-05-13T14:20:23.176675+00:00,gpu0_correctness,0,ckpt_s4096_e1024,correctness,2048,4096,1024,1,0,True,,,,,8.582
2026-05-13T14:20:31.758840+00:00,gpu0_correctness,0,ckpt_s4096_e1024,correctness,8192,4096,1024,1,0,True,,,,,8.391
2026-05-13T14:20:40.150042+00:00,gpu0_correctness,0,ckpt_s4096_e1024,benchmark,8192,4096,1024,1,0,True,4153.16,454.5,454.5,454.5,11.643
2026-05-13T14:20:40.150042+00:00,gpu0_correctness,0,ckpt_s4096_e1024,benchmark,32768,4096,1024,1,0,True,6955.25,1957.38,1957.38,1957.38,11.643
2026-05-13T14:20:51.793538+00:00,gpu0_correctness,0,ckpt_s4096_e1024,benchmark,65536,4096,1024,1,0,True,11272.51,4263.93,4263.93,4263.93,14.640
2026-05-13T14:21:06.433945+00:00,gpu0_correctness,0,ckpt_s2048_e2048,correctness,2048,2048,2048,1,0,True,,,,,9.042
2026-05-13T14:21:15.475831+00:00,gpu0_correctness,0,ckpt_s2048_e2048,correctness,8192,2048,2048,1,0,True,,,,,8.538
2026-05-13T14:21:24.014227+00:00,gpu0_correctness,0,ckpt_s2048_e2048,benchmark,8192,2048,2048,1,0,True,4133.78,247.32,247.32,247.32,9.828
2026-05-13T14:21:24.014227+00:00,gpu0_correctness,0,ckpt_s2048_e2048,benchmark,32768,2048,2048,1,0,True,6934.88,1055.56,1055.56,1055.56,9.828
2026-05-13T14:21:33.842735+00:00,gpu0_correctness,0,ckpt_s2048_e2048,benchmark,65536,2048,2048,1,0,True,11272.01,2344.21,2344.21,2344.21,11.159
2026-05-13T14:21:45.002723+00:00,gpu0_correctness,0,ckpt_s4096_e2048,correctness,2048,4096,2048,1,0,True,,,,,8.737
2026-05-13T14:21:53.740364+00:00,gpu0_correctness,0,ckpt_s4096_e2048,correctness,8192,4096,2048,1,0,True,,,,,8.295
2026-05-13T14:22:02.035522+00:00,gpu0_correctness,0,ckpt_s4096_e2048,benchmark,8192,4096,2048,1,0,True,4132.78,267.73,267.73,267.73,9.561
2026-05-13T14:22:02.035522+00:00,gpu0_correctness,0,ckpt_s4096_e2048,benchmark,32768,4096,2048,1,0,True,6934.88,1061.45,1061.45,1061.45,9.561
2026-05-13T14:22:11.597282+00:00,gpu0_correctness,0,ckpt_s4096_e2048,benchmark,65536,4096,2048,1,0,True,11272.01,2313.89,2313.89,2313.89,10.866
2026-05-13T14:22:22.463468+00:00,gpu0_correctness,0,ckpt_s8192_e2048,correctness,2048,8192,2048,1,0,True,,,,,9.275
2026-05-13T14:22:31.738983+00:00,gpu0_correctness,0,ckpt_s8192_e2048,correctness,8192,8192,2048,1,0,True,,,,,8.961
2026-05-13T14:22:40.700286+00:00,gpu0_correctness,0,ckpt_s8192_e2048,benchmark,8192,8192,2048,1,0,True,4132.78,243.05,243.05,243.05,9.529
2026-05-13T14:22:40.700286+00:00,gpu0_correctness,0,ckpt_s8192_e2048,benchmark,32768,8192,2048,1,0,True,6934.88,1041.19,1041.19,1041.19,9.529
2026-05-13T14:22:50.229402+00:00,gpu0_correctness,0,ckpt_s8192_e2048,benchmark,65536,8192,2048,1,0,True,11272.01,2245.79,2245.79,2245.79,11.146
2026-05-13T14:23:01.375547+00:00,gpu0_correctness,0,ckpt_s4096_e4096,correctness,2048,4096,4096,1,0,True,,,,,9.274
2026-05-13T14:23:10.649713+00:00,gpu0_correctness,0,ckpt_s4096_e4096,correctness,8192,4096,4096,1,0,True,,,,,9.152
2026-05-13T14:23:19.802415+00:00,gpu0_correctness,0,ckpt_s4096_e4096,benchmark,8192,4096,4096,1,0,True,4092.77,154.6,154.6,154.6,8.837
2026-05-13T14:23:19.802415+00:00,gpu0_correctness,0,ckpt_s4096_e4096,benchmark,32768,4096,4096,1,0,True,6894.87,608.44,608.44,608.44,8.837
2026-05-13T14:23:28.639443+00:00,gpu0_correctness,0,ckpt_s4096_e4096,benchmark,65536,4096,4096,1,0,True,11272.01,1324.34,1324.34,1324.34,8.381
2026-05-13T14:23:37.020681+00:00,gpu0_correctness,0,ckpt_s8192_e4096,correctness,2048,8192,4096,1,0,True,,,,,8.906
2026-05-13T14:23:45.927361+00:00,gpu0_correctness,0,ckpt_s8192_e4096,correctness,8192,8192,4096,1,0,True,,,,,9.305
2026-05-13T14:23:55.232460+00:00,gpu0_correctness,0,ckpt_s8192_e4096,benchmark,8192,8192,4096,1,0,True,4092.77,366.28,366.28,366.28,9.284
2026-05-13T14:23:55.232460+00:00,gpu0_correctness,0,ckpt_s8192_e4096,benchmark,32768,8192,4096,1,0,True,6894.87,608.47,608.47,608.47,9.284
2026-05-13T14:24:04.517135+00:00,gpu0_correctness,0,ckpt_s8192_e4096,benchmark,65536,8192,4096,1,0,True,11272.01,1306.18,1306.18,1306.18,8.202
2026-05-13T14:24:12.719774+00:00,gpu0_correctness,0,ckpt_s16384_e4096,correctness,2048,16384,4096,1,0,True,,,,,8.343
2026-05-13T14:24:21.062755+00:00,gpu0_correctness,0,ckpt_s16384_e4096,correctness,8192,16384,4096,1,0,True,,,,,8.399
2026-05-13T14:24:29.462240+00:00,gpu0_correctness,0,ckpt_s16384_e4096,benchmark,8192,16384,4096,1,0,True,4092.77,444.1,444.1,444.1,9.085
2026-05-13T14:24:29.462240+00:00,gpu0_correctness,0,ckpt_s16384_e4096,benchmark,32768,16384,4096,1,0,True,6894.87,601.97,601.97,601.97,9.085
2026-05-13T14:24:38.547454+00:00,gpu0_correctness,0,ckpt_s16384_e4096,benchmark,65536,16384,4096,1,0,True,11272.01,1276.77,1276.77,1276.77,8.853
2026-05-13T14:24:47.401452+00:00,gpu0_correctness,0,ckpt_s8192_e8192,correctness,2048,8192,8192,1,0,True,,,,,8.468
2026-05-13T14:24:55.870181+00:00,gpu0_correctness,0,ckpt_s8192_e8192,correctness,8192,8192,8192,1,0,True,,,,,9.590
2026-05-13T14:25:05.460338+00:00,gpu0_correctness,0,ckpt_s8192_e8192,benchmark,8192,8192,8192,1,0,True,4012.63,91.55,91.55,91.55,7.504
2026-05-13T14:25:05.460338+00:00,gpu0_correctness,0,ckpt_s8192_e8192,benchmark,32768,8192,8192,1,0,True,6814.85,354.82,354.82,354.82,7.504
2026-05-13T14:25:12.964800+00:00,gpu0_correctness,0,ckpt_s8192_e8192,benchmark,65536,8192,8192,1,0,True,11272.01,748.64,748.64,748.64,7.030
2026-05-13T14:25:19.995674+00:00,gpu0_correctness,0,nocp_s2048_e2048,correctness,2048,2048,2048,0,0,True,,,,,7.015
2026-05-13T14:25:27.011348+00:00,gpu0_correctness,0,nocp_s2048_e2048,correctness,8192,2048,2048,0,0,True,,,,,7.323
2026-05-13T14:25:34.334371+00:00,gpu0_correctness,0,nocp_s2048_e2048,benchmark,8192,2048,2048,0,0,True,4526.78,233.0,233.0,233.0,8.524
2026-05-13T14:25:34.334371+00:00,gpu0_correctness,0,nocp_s2048_e2048,benchmark,32768,2048,2048,0,0,True,9474.38,1011.76,1011.76,1011.76,8.524
2026-05-13T14:25:42.858733+00:00,gpu0_correctness,0,nocp_s2048_e2048,benchmark,65536,2048,2048,0,0,True,17708.01,2219.11,2219.11,2219.11,9.635
2026-05-13T14:25:52.494601+00:00,gpu0_correctness,0,nocp_s4096_e2048,correctness,2048,4096,2048,0,0,True,,,,,8.031
2026-05-13T14:26:00.526080+00:00,gpu0_correctness,0,nocp_s4096_e2048,correctness,8192,4096,2048,0,0,True,,,,,8.053
2026-05-13T14:26:08.578944+00:00,gpu0_correctness,0,nocp_s4096_e2048,benchmark,8192,4096,2048,0,0,True,4527.66,236.56,236.56,236.56,8.876
2026-05-13T14:26:08.578944+00:00,gpu0_correctness,0,nocp_s4096_e2048,benchmark,32768,4096,2048,0,0,True,9473.26,1007.18,1007.18,1007.18,8.876
2026-05-13T14:26:17.455091+00:00,gpu0_correctness,0,nocp_s4096_e2048,benchmark,65536,4096,2048,0,0,True,17708.01,2156.99,2156.99,2156.99,9.845
2026-05-13T14:26:27.301156+00:00,gpu0_correctness,0,nocp_s4096_e4096,correctness,2048,4096,4096,0,0,True,,,,,8.152
2026-05-13T14:26:35.453881+00:00,gpu0_correctness,0,nocp_s4096_e4096,correctness,8192,4096,4096,0,0,True,,,,,7.511
2026-05-13T14:26:42.965259+00:00,gpu0_correctness,0,nocp_s4096_e4096,benchmark,8192,4096,4096,0,0,True,4428.77,136.37,136.37,136.37,7.490
2026-05-13T14:26:42.965259+00:00,gpu0_correctness,0,nocp_s4096_e4096,benchmark,32768,4096,4096,0,0,True,9328.38,584.95,584.95,584.95,7.490
2026-05-13T14:26:50.456123+00:00,gpu0_correctness,0,nocp_s4096_e4096,benchmark,65536,4096,4096,0,0,True,17416.01,1265.09,1265.09,1265.09,7.443
2026-05-13T14:26:57.899922+00:00,gpu0_correctness,0,nocp_s8192_e4096,correctness,2048,8192,4096,0,0,True,,,,,7.903
2026-05-13T14:27:05.802902+00:00,gpu0_correctness,0,nocp_s8192_e4096,correctness,8192,8192,4096,0,0,True,,,,,7.668
2026-05-13T14:27:13.471686+00:00,gpu0_correctness,0,nocp_s8192_e4096,benchmark,8192,8192,4096,0,0,True,4428.77,140.95,140.95,140.95,7.694
2026-05-13T14:27:13.471686+00:00,gpu0_correctness,0,nocp_s8192_e4096,benchmark,32768,8192,4096,0,0,True,9328.38,571.67,571.67,571.67,7.694
2026-05-13T14:27:21.165598+00:00,gpu0_correctness,0,nocp_s8192_e4096,benchmark,65536,8192,4096,0,0,True,17416.01,1252.37,1252.37,1252.37,8.141
2026-05-13T14:27:29.307655+00:00,gpu0_correctness,0,nocp_s8192_e8192,correctness,2048,8192,8192,0,0,True,,,,,8.016
2026-05-13T14:27:37.324781+00:00,gpu0_correctness,0,nocp_s8192_e8192,correctness,8192,8192,8192,0,0,True,,,,,7.231
2026-05-13T14:27:44.556326+00:00,gpu0_correctness,0,nocp_s8192_e8192,benchmark,8192,8192,8192,0,0,True,4300.63,84.87,84.87,84.87,6.605
2026-05-13T14:27:44.556326+00:00,gpu0_correctness,0,nocp_s8192_e8192,benchmark,32768,8192,8192,0,0,True,9328.38,363.29,363.29,363.29,6.605
2026-05-13T14:27:51.161970+00:00,gpu0_correctness,0,nocp_s8192_e8192,benchmark,65536,8192,8192,0,0,True,17416.01,790.06,790.06,790.06,6.701
2026-05-13T14:27:57.863163+00:00,gpu0_correctness,0,ckpt_s1024_e1024,correctness,2048,1024,1024,1,0,True,,,,,8.601
2026-05-13T14:28:06.464919+00:00,gpu0_correctness,0,ckpt_s1024_e1024,correctness,8192,1024,1024,1,0,True,,,,,8.761
2026-05-13T14:28:15.226742+00:00,gpu0_correctness,0,ckpt_s1024_e1024,benchmark,8192,1024,1024,1,0,True,4152.79,453.84,453.84,453.84,11.590
2026-05-13T14:28:15.226742+00:00,gpu0_correctness,0,ckpt_s1024_e1024,benchmark,32768,1024,1024,1,0,True,6954.88,2028.36,2028.36,2028.36,11.590
2026-05-13T14:28:26.817554+00:00,gpu0_correctness,0,ckpt_s1024_e1024,benchmark,65536,1024,1024,1,0,True,11272.01,4433.3,4433.3,4433.3,14.297
2026-05-13T14:28:41.114943+00:00,gpu0_correctness,0,ckpt_s2048_e1024,correctness,2048,2048,1024,1,0,True,,,,,8.067
2026-05-13T14:28:49.182534+00:00,gpu0_correctness,0,ckpt_s2048_e1024,correctness,8192,2048,1024,1,0,True,,,,,8.338
2026-05-13T14:28:57.520471+00:00,gpu0_correctness,0,ckpt_s2048_e1024,benchmark,8192,2048,1024,1,0,True,4153.66,452.16,452.16,452.16,11.439
2026-05-13T14:28:57.520471+00:00,gpu0_correctness,0,ckpt_s2048_e1024,benchmark,32768,2048,1024,1,0,True,6955.75,1954.01,1954.01,1954.01,11.439
2026-05-13T14:29:08.960118+00:00,gpu0_correctness,0,ckpt_s2048_e1024,benchmark,65536,2048,1024,1,0,True,11272.51,4299.44,4299.44,4299.44,14.604
2026-05-13T14:29:23.564992+00:00,gpu0_correctness,0,ckpt_s4096_e1024,correctness,2048,4096,1024,1,0,True,,,,,8.559
2026-05-13T14:29:32.124304+00:00,gpu0_correctness,0,ckpt_s4096_e1024,correctness,8192,4096,1024,1,0,True,,,,,8.842
2026-05-13T14:29:40.966539+00:00,gpu0_correctness,0,ckpt_s4096_e1024,benchmark,8192,4096,1024,1,0,True,4153.16,449.1,449.1,449.1,10.924
2026-05-13T14:29:40.966539+00:00,gpu0_correctness,0,ckpt_s4096_e1024,benchmark,32768,4096,1024,1,0,True,6955.25,1991.12,1991.12,1991.12,10.924
2026-05-13T14:29:51.890448+00:00,gpu0_correctness,0,ckpt_s4096_e1024,benchmark,65536,4096,1024,1,0,True,11272.51,4306.16,4306.16,4306.16,14.228
2026-05-13T14:30:06.118768+00:00,gpu0_correctness,0,ckpt_s2048_e2048,correctness,2048,2048,2048,1,0,True,,,,,8.400
2026-05-13T14:30:14.519248+00:00,gpu0_correctness,0,ckpt_s2048_e2048,correctness,8192,2048,2048,1,0,True,,,,,8.395
2026-05-13T14:30:22.914299+00:00,gpu0_correctness,0,ckpt_s2048_e2048,benchmark,8192,2048,2048,1,0,True,4133.78,253.83,253.83,253.83,9.039
2026-05-13T14:30:22.914299+00:00,gpu0_correctness,0,ckpt_s2048_e2048,benchmark,32768,2048,2048,1,0,True,6934.88,948.67,948.67,948.67,9.039
2026-05-13T14:30:31.953217+00:00,gpu0_correctness,0,ckpt_s2048_e2048,benchmark,65536,2048,2048,1,0,True,11272.01,2324.05,2324.05,2324.05,10.123
2026-05-13T14:30:42.076225+00:00,gpu0_correctness,0,ckpt_s4096_e2048,correctness,2048,4096,2048,1,0,True,,,,,8.451
2026-05-13T14:30:50.527388+00:00,gpu0_correctness,0,ckpt_s4096_e2048,correctness,8192,4096,2048,1,0,True,,,,,8.528
2026-05-13T14:30:59.055295+00:00,gpu0_correctness,0,ckpt_s4096_e2048,benchmark,8192,4096,2048,1,0,True,4132.78,250.31,250.31,250.31,9.734
2026-05-13T14:30:59.055295+00:00,gpu0_correctness,0,ckpt_s4096_e2048,benchmark,32768,4096,2048,1,0,True,6934.88,1043.21,1043.21,1043.21,9.734
2026-05-13T14:31:08.789341+00:00,gpu0_correctness,0,ckpt_s4096_e2048,benchmark,65536,4096,2048,1,0,True,11272.01,2285.9,2285.9,2285.9,10.412
2026-05-13T14:31:19.201680+00:00,gpu0_correctness,0,ckpt_s8192_e2048,correctness,2048,8192,2048,1,0,True,,,,,7.777
2026-05-13T14:31:26.979042+00:00,gpu0_correctness,0,ckpt_s8192_e2048,correctness,8192,8192,2048,1,0,True,,,,,7.873
2026-05-13T14:31:34.852732+00:00,gpu0_correctness,0,ckpt_s8192_e2048,benchmark,8192,8192,2048,1,0,True,4132.78,220.07,220.07,220.07,8.863
2026-05-13T14:31:34.852732+00:00,gpu0_correctness,0,ckpt_s8192_e2048,benchmark,32768,8192,2048,1,0,True,6934.88,930.11,930.11,930.11,8.863
2026-05-13T14:31:43.715941+00:00,gpu0_correctness,0,ckpt_s8192_e2048,benchmark,65536,8192,2048,1,0,True,11272.01,2267.85,2267.85,2267.85,10.588
2026-05-13T14:31:54.304392+00:00,gpu0_correctness,0,ckpt_s4096_e4096,correctness,2048,4096,4096,1,0,True,,,,,8.672
2026-05-13T14:32:02.976463+00:00,gpu0_correctness,0,ckpt_s4096_e4096,correctness,8192,4096,4096,1,0,True,,,,,8.305
2026-05-13T14:32:11.281996+00:00,gpu0_correctness,0,ckpt_s4096_e4096,benchmark,8192,4096,4096,1,0,True,4092.77,134.92,134.92,134.92,8.264
2026-05-13T14:32:11.281996+00:00,gpu0_correctness,0,ckpt_s4096_e4096,benchmark,32768,4096,4096,1,0,True,6894.87,620.92,620.92,620.92,8.264
2026-05-13T14:32:19.546772+00:00,gpu0_correctness,0,ckpt_s4096_e4096,benchmark,65536,4096,4096,1,0,True,11272.01,1307.93,1307.93,1307.93,8.199
2026-05-13T14:32:27.745868+00:00,gpu0_correctness,0,ckpt_s8192_e4096,correctness,2048,8192,4096,1,0,True,,,,,8.322
2026-05-13T14:32:36.067982+00:00,gpu0_correctness,0,ckpt_s8192_e4096,correctness,8192,8192,4096,1,0,True,,,,,8.374
2026-05-13T14:32:44.441935+00:00,gpu0_correctness,0,ckpt_s8192_e4096,benchmark,8192,8192,4096,1,0,True,4092.77,274.37,274.37,274.37,8.397
2026-05-13T14:32:44.441935+00:00,gpu0_correctness,0,ckpt_s8192_e4096,benchmark,32768,8192,4096,1,0,True,6894.87,607.41,607.41,607.41,8.397
2026-05-13T14:32:52.839798+00:00,gpu0_correctness,0,ckpt_s8192_e4096,benchmark,65536,8192,4096,1,0,True,11272.01,1345.65,1345.65,1345.65,8.443
2026-05-13T14:33:01.283345+00:00,gpu0_correctness,0,ckpt_s16384_e4096,correctness,2048,16384,4096,1,0,True,,,,,8.580
2026-05-13T14:33:09.863375+00:00,gpu0_correctness,0,ckpt_s16384_e4096,correctness,8192,16384,4096,1,0,True,,,,,8.234
2026-05-13T14:33:18.097271+00:00,gpu0_correctness,0,ckpt_s16384_e4096,benchmark,8192,16384,4096,1,0,True,4092.77,260.65,260.65,260.65,8.577
2026-05-13T14:33:18.097271+00:00,gpu0_correctness,0,ckpt_s16384_e4096,benchmark,32768,16384,4096,1,0,True,6894.87,607.11,607.11,607.11,8.577
2026-05-13T14:33:26.674438+00:00,gpu0_correctness,0,ckpt_s16384_e4096,benchmark,65536,16384,4096,1,0,True,11272.01,1311.98,1311.98,1311.98,8.293
2026-05-13T14:33:34.967779+00:00,gpu0_correctness,0,ckpt_s8192_e8192,correctness,2048,8192,8192,1,0,True,,,,,8.780
2026-05-13T14:33:43.747708+00:00,gpu0_correctness,0,ckpt_s8192_e8192,correctness,8192,8192,8192,1,0,True,,,,,8.445
2026-05-13T14:33:52.193412+00:00,gpu0_correctness,0,ckpt_s8192_e8192,benchmark,8192,8192,8192,1,0,True,4012.63,90.63,90.63,90.63,8.000
2026-05-13T14:33:52.193412+00:00,gpu0_correctness,0,ckpt_s8192_e8192,benchmark,32768,8192,8192,1,0,True,6814.85,394.18,394.18,394.18,8.000
2026-05-13T14:34:00.193428+00:00,gpu0_correctness,0,ckpt_s8192_e8192,benchmark,65536,8192,8192,1,0,True,11272.01,833.51,833.51,833.51,7.278
2026-05-13T14:34:07.472109+00:00,gpu0_correctness,0,nocp_s2048_e2048,correctness,2048,2048,2048,0,0,True,,,,,7.649
2026-05-13T14:34:15.121305+00:00,gpu0_correctness,0,nocp_s2048_e2048,correctness,8192,2048,2048,0,0,True,,,,,8.250
2026-05-13T14:34:23.371430+00:00,gpu0_correctness,0,nocp_s2048_e2048,benchmark,8192,2048,2048,0,0,True,4526.78,237.83,237.83,237.83,8.912
2026-05-13T14:34:23.371430+00:00,gpu0_correctness,0,nocp_s2048_e2048,benchmark,32768,2048,2048,0,0,True,9474.38,1005.92,1005.92,1005.92,8.912
2026-05-13T14:34:32.283398+00:00,gpu0_correctness,0,nocp_s2048_e2048,benchmark,65536,2048,2048,0,0,True,17708.01,2178.44,2178.44,2178.44,9.781
2026-05-13T14:34:42.064672+00:00,gpu0_correctness,0,nocp_s4096_e2048,correctness,2048,4096,2048,0,0,True,,,,,8.119
2026-05-13T14:34:50.183962+00:00,gpu0_correctness,0,nocp_s4096_e2048,correctness,8192,4096,2048,0,0,True,,,,,7.577
2026-05-13T14:34:57.761300+00:00,gpu0_correctness,0,nocp_s4096_e2048,benchmark,8192,4096,2048,0,0,True,4527.66,228.25,228.25,228.25,8.721
2026-05-13T14:34:57.761300+00:00,gpu0_correctness,0,nocp_s4096_e2048,benchmark,32768,4096,2048,0,0,True,9473.26,1006.49,1006.49,1006.49,8.721
2026-05-13T14:35:06.482742+00:00,gpu0_correctness,0,nocp_s4096_e2048,benchmark,65536,4096,2048,0,0,True,17708.01,2174.23,2174.23,2174.23,9.608
2026-05-13T14:35:16.091012+00:00,gpu0_correctness,0,nocp_s4096_e4096,correctness,2048,4096,4096,0,0,True,,,,,7.787
2026-05-13T14:35:23.877954+00:00,gpu0_correctness,0,nocp_s4096_e4096,correctness,8192,4096,4096,0,0,True,,,,,7.593
2026-05-13T14:35:31.471314+00:00,gpu0_correctness,0,nocp_s4096_e4096,benchmark,8192,4096,4096,0,0,True,4428.77,140.42,140.42,140.42,7.443
2026-05-13T14:35:31.471314+00:00,gpu0_correctness,0,nocp_s4096_e4096,benchmark,32768,4096,4096,0,0,True,9328.38,583.51,583.51,583.51,7.443
2026-05-13T14:35:38.914338+00:00,gpu0_correctness,0,nocp_s4096_e4096,benchmark,65536,4096,4096,0,0,True,17416.01,1270.98,1270.98,1270.98,7.891
2026-05-13T14:35:46.805976+00:00,gpu0_correctness,0,nocp_s8192_e4096,correctness,2048,8192,4096,0,0,True,,,,,7.478
2026-05-13T14:35:54.284254+00:00,gpu0_correctness,0,nocp_s8192_e4096,correctness,8192,8192,4096,0,0,True,,,,,7.365
2026-05-13T14:36:01.649534+00:00,gpu0_correctness,0,nocp_s8192_e4096,benchmark,8192,8192,4096,0,0,True,4428.77,134.05,134.05,134.05,7.034
2026-05-13T14:36:01.649534+00:00,gpu0_correctness,0,nocp_s8192_e4096,benchmark,32768,8192,4096,0,0,True,9328.38,577.87,577.87,577.87,7.034
2026-05-13T14:36:08.684015+00:00,gpu0_correctness,0,nocp_s8192_e4096,benchmark,65536,8192,4096,0,0,True,17416.01,1248.94,1248.94,1248.94,7.626
2026-05-13T14:36:16.310457+00:00,gpu0_correctness,0,nocp_s8192_e8192,correctness,2048,8192,8192,0,0,True,,,,,7.547
2026-05-13T14:36:23.857886+00:00,gpu0_correctness,0,nocp_s8192_e8192,correctness,8192,8192,8192,0,0,True,,,,,8.135
2026-05-13T14:36:31.993214+00:00,gpu0_correctness,0,nocp_s8192_e8192,benchmark,8192,8192,8192,0,0,True,4300.63,83.51,83.51,83.51,7.074
2026-05-13T14:36:31.993214+00:00,gpu0_correctness,0,nocp_s8192_e8192,benchmark,32768,8192,8192,0,0,True,9328.38,366.47,366.47,366.47,7.074
2026-05-13T14:36:39.067248+00:00,gpu0_correctness,0,nocp_s8192_e8192,benchmark,65536,8192,8192,0,0,True,17416.01,701.51,701.51,701.51,6.370
2026-05-13T14:36:45.437667+00:00,gpu0_correctness,0,ckpt_s1024_e1024,correctness,2048,1024,1024,1,0,True,,,,,9.040
2026-05-13T14:36:54.478409+00:00,gpu0_correctness,0,ckpt_s1024_e1024,correctness,8192,1024,1024,1,0,True,,,,,8.961
2026-05-13T14:37:03.439411+00:00,gpu0_correctness,0,ckpt_s1024_e1024,benchmark,8192,1024,1024,1,0,True,4152.79,416.85,416.85,416.85,11.321
2026-05-13T14:37:03.439411+00:00,gpu0_correctness,0,ckpt_s1024_e1024,benchmark,32768,1024,1024,1,0,True,6954.88,1757.16,1757.16,1757.16,11.321
2026-05-13T14:37:14.760622+00:00,gpu0_correctness,0,ckpt_s1024_e1024,benchmark,65536,1024,1024,1,0,True,11272.01,3899.67,3899.67,3899.67,13.538
2026-05-13T14:37:28.299627+00:00,gpu0_correctness,0,ckpt_s2048_e1024,correctness,2048,2048,1024,1,0,True,,,,,8.797
2026-05-13T14:37:37.097261+00:00,gpu0_correctness,0,ckpt_s2048_e1024,correctness,8192,2048,1024,1,0,True,,,,,9.774
2026-05-13T14:37:46.872115+00:00,gpu0_correctness,0,ckpt_s2048_e1024,benchmark,8192,2048,1024,1,0,True,4153.66,447.73,447.73,447.73,11.765
2026-05-13T14:37:46.872115+00:00,gpu0_correctness,0,ckpt_s2048_e1024,benchmark,32768,2048,1024,1,0,True,6955.75,1932.52,1932.52,1932.52,11.765
2026-05-13T14:37:58.637388+00:00,gpu0_correctness,0,ckpt_s2048_e1024,benchmark,65536,2048,1024,1,0,True,11272.51,4268.02,4268.02,4268.02,14.290
2026-05-13T14:38:12.927943+00:00,gpu0_correctness,0,ckpt_s4096_e1024,correctness,2048,4096,1024,1,0,True,,,,,8.062
2026-05-13T14:38:20.990294+00:00,gpu0_correctness,0,ckpt_s4096_e1024,correctness,8192,4096,1024,1,0,True,,,,,8.146
2026-05-13T14:38:29.136386+00:00,gpu0_correctness,0,ckpt_s4096_e1024,benchmark,8192,4096,1024,1,0,True,4153.16,454.47,454.47,454.47,11.581
2026-05-13T14:38:29.136386+00:00,gpu0_correctness,0,ckpt_s4096_e1024,benchmark,32768,4096,1024,1,0,True,6955.25,1940.6,1940.6,1940.6,11.581
2026-05-13T14:38:40.718025+00:00,gpu0_correctness,0,ckpt_s4096_e1024,benchmark,65536,4096,1024,1,0,True,11272.51,4293.04,4293.04,4293.04,13.984
2026-05-13T14:38:54.702622+00:00,gpu0_correctness,0,ckpt_s2048_e2048,correctness,2048,2048,2048,1,0,True,,,,,8.020
2026-05-13T14:39:02.723323+00:00,gpu0_correctness,0,ckpt_s2048_e2048,correctness,8192,2048,2048,1,0,True,,,,,8.614
2026-05-13T14:39:11.337783+00:00,gpu0_correctness,0,ckpt_s2048_e2048,benchmark,8192,2048,2048,1,0,True,4133.78,246.84,246.84,246.84,9.429
2026-05-13T14:39:11.337783+00:00,gpu0_correctness,0,ckpt_s2048_e2048,benchmark,32768,2048,2048,1,0,True,6934.88,1072.02,1072.02,1072.02,9.429
2026-05-13T14:39:20.767689+00:00,gpu0_correctness,0,ckpt_s2048_e2048,benchmark,65536,2048,2048,1,0,True,11272.01,2334.89,2334.89,2334.89,10.611
2026-05-13T14:39:31.379627+00:00,gpu0_correctness,0,ckpt_s4096_e2048,correctness,2048,4096,2048,1,0,True,,,,,8.489
2026-05-13T14:39:39.868635+00:00,gpu0_correctness,0,ckpt_s4096_e2048,correctness,8192,4096,2048,1,0,True,,,,,8.661
2026-05-13T14:39:48.529744+00:00,gpu0_correctness,0,ckpt_s4096_e2048,benchmark,8192,4096,2048,1,0,True,4132.78,249.39,249.39,249.39,9.136
2026-05-13T14:39:48.529744+00:00,gpu0_correctness,0,ckpt_s4096_e2048,benchmark,32768,4096,2048,1,0,True,6934.88,1050.89,1050.89,1050.89,9.136
2026-05-13T14:39:57.665674+00:00,gpu0_correctness,0,ckpt_s4096_e2048,benchmark,65536,4096,2048,1,0,True,11272.01,2299.77,2299.77,2299.77,10.261
2026-05-13T14:40:07.927287+00:00,gpu0_correctness,0,ckpt_s8192_e2048,correctness,2048,8192,2048,1,0,True,,,,,8.480
2026-05-13T14:40:16.407704+00:00,gpu0_correctness,0,ckpt_s8192_e2048,correctness,8192,8192,2048,1,0,True,,,,,8.570
2026-05-13T14:40:24.978362+00:00,gpu0_correctness,0,ckpt_s8192_e2048,benchmark,8192,8192,2048,1,0,True,4132.78,245.95,245.95,245.95,9.493
2026-05-13T14:40:24.978362+00:00,gpu0_correctness,0,ckpt_s8192_e2048,benchmark,32768,8192,2048,1,0,True,6934.88,1030.31,1030.31,1030.31,9.493
2026-05-13T14:40:34.472091+00:00,gpu0_correctness,0,ckpt_s8192_e2048,benchmark,65536,8192,2048,1,0,True,11272.01,2293.4,2293.4,2293.4,10.459
2026-05-13T14:40:44.931909+00:00,gpu0_correctness,0,ckpt_s4096_e4096,correctness,2048,4096,4096,1,0,True,,,,,8.663
2026-05-13T14:40:53.595229+00:00,gpu0_correctness,0,ckpt_s4096_e4096,correctness,8192,4096,4096,1,0,True,,,,,8.093
2026-05-13T14:41:01.688442+00:00,gpu0_correctness,0,ckpt_s4096_e4096,benchmark,8192,4096,4096,1,0,True,4092.77,152.44,152.44,152.44,8.288
2026-05-13T14:41:01.688442+00:00,gpu0_correctness,0,ckpt_s4096_e4096,benchmark,32768,4096,4096,1,0,True,6894.87,620.02,620.02,620.02,8.288
2026-05-13T14:41:09.976670+00:00,gpu0_correctness,0,ckpt_s4096_e4096,benchmark,65536,4096,4096,1,0,True,11272.01,1322.03,1322.03,1322.03,8.709
2026-05-13T14:41:18.686670+00:00,gpu0_correctness,0,ckpt_s8192_e4096,correctness,2048,8192,4096,1,0,True,,,,,9.125
2026-05-13T14:41:27.811565+00:00,gpu0_correctness,0,ckpt_s8192_e4096,correctness,8192,8192,4096,1,0,True,,,,,8.512
2026-05-13T14:41:36.324187+00:00,gpu0_correctness,0,ckpt_s8192_e4096,benchmark,8192,8192,4096,1,0,True,4092.77,284.71,284.71,284.71,8.640
2026-05-13T14:41:36.324187+00:00,gpu0_correctness,0,ckpt_s8192_e4096,benchmark,32768,8192,4096,1,0,True,6894.87,610.16,610.16,610.16,8.640
2026-05-13T14:41:44.964479+00:00,gpu0_correctness,0,ckpt_s8192_e4096,benchmark,65536,8192,4096,1,0,True,11272.01,1298.77,1298.77,1298.77,8.492
2026-05-13T14:41:53.457041+00:00,gpu0_correctness,0,ckpt_s16384_e4096,correctness,2048,16384,4096,1,0,True,,,,,8.306
2026-05-13T14:42:01.763023+00:00,gpu0_correctness,0,ckpt_s16384_e4096,correctness,8192,16384,4096,1,0,True,,,,,8.331
2026-05-13T14:42:10.094607+00:00,gpu0_correctness,0,ckpt_s16384_e4096,benchmark,8192,16384,4096,1,0,True,4092.77,252.27,252.27,252.27,8.645
2026-05-13T14:42:10.094607+00:00,gpu0_correctness,0,ckpt_s16384_e4096,benchmark,32768,16384,4096,1,0,True,6894.87,603.75,603.75,603.75,8.645
2026-05-13T14:42:18.740384+00:00,gpu0_correctness,0,ckpt_s16384_e4096,benchmark,65536,16384,4096,1,0,True,11272.01,1279.03,1279.03,1279.03,8.332
2026-05-13T14:42:27.073210+00:00,gpu0_correctness,0,ckpt_s8192_e8192,correctness,2048,8192,8192,1,0,True,,,,,9.118
2026-05-13T14:42:36.191554+00:00,gpu0_correctness,0,ckpt_s8192_e8192,correctness,8192,8192,8192,1,0,True,,,,,8.813
2026-05-13T14:42:45.004797+00:00,gpu0_correctness,0,ckpt_s8192_e8192,benchmark,8192,8192,8192,1,0,True,4012.63,93.14,93.14,93.14,8.376
2026-05-13T14:42:45.004797+00:00,gpu0_correctness,0,ckpt_s8192_e8192,benchmark,32768,8192,8192,1,0,True,6814.85,393.39,393.39,393.39,8.376
2026-05-13T14:42:53.381404+00:00,gpu0_correctness,0,ckpt_s8192_e8192,benchmark,65536,8192,8192,1,0,True,11272.01,839.91,839.91,839.91,7.691
2026-05-13T14:43:01.072464+00:00,gpu0_correctness,0,nocp_s2048_e2048,correctness,2048,2048,2048,0,0,True,,,,,7.100
2026-05-13T14:43:08.173244+00:00,gpu0_correctness,0,nocp_s2048_e2048,correctness,8192,2048,2048,0,0,True,,,,,7.165
2026-05-13T14:43:15.338335+00:00,gpu0_correctness,0,nocp_s2048_e2048,benchmark,8192,2048,2048,0,0,True,4526.78,203.02,203.02,203.02,7.716
2026-05-13T14:43:15.338335+00:00,gpu0_correctness,0,nocp_s2048_e2048,benchmark,32768,2048,2048,0,0,True,9474.38,903.04,903.04,903.04,7.716
2026-05-13T14:43:23.055049+00:00,gpu0_correctness,0,nocp_s2048_e2048,benchmark,65536,2048,2048,0,0,True,17708.01,2194.65,2194.65,2194.65,9.303
2026-05-13T14:43:32.358951+00:00,gpu0_correctness,0,nocp_s4096_e2048,correctness,2048,4096,2048,0,0,True,,,,,7.837
2026-05-13T14:43:40.196616+00:00,gpu0_correctness,0,nocp_s4096_e2048,correctness,8192,4096,2048,0,0,True,,,,,7.811
2026-05-13T14:43:48.007967+00:00,gpu0_correctness,0,nocp_s4096_e2048,benchmark,8192,4096,2048,0,0,True,4527.66,234.29,234.29,234.29,8.678
2026-05-13T14:43:48.007967+00:00,gpu0_correctness,0,nocp_s4096_e2048,benchmark,32768,4096,2048,0,0,True,9473.26,1001.59,1001.59,1001.59,8.678
2026-05-13T14:43:56.686508+00:00,gpu0_correctness,0,nocp_s4096_e2048,benchmark,65536,4096,2048,0,0,True,17708.01,2183.33,2183.33,2183.33,9.874
2026-05-13T14:44:06.561067+00:00,gpu0_correctness,0,nocp_s4096_e4096,correctness,2048,4096,4096,0,0,True,,,,,7.806
2026-05-13T14:44:14.367575+00:00,gpu0_correctness,0,nocp_s4096_e4096,correctness,8192,4096,4096,0,0,True,,,,,8.162
2026-05-13T14:44:22.529801+00:00,gpu0_correctness,0,nocp_s4096_e4096,benchmark,8192,4096,4096,0,0,True,4428.77,131.13,131.13,131.13,7.560
2026-05-13T14:44:22.529801+00:00,gpu0_correctness,0,nocp_s4096_e4096,benchmark,32768,4096,4096,0,0,True,9328.38,576.51,576.51,576.51,7.560
2026-05-13T14:44:30.090150+00:00,gpu0_correctness,0,nocp_s4096_e4096,benchmark,65536,4096,4096,0,0,True,17416.01,1271.9,1271.9,1271.9,7.827
2026-05-13T14:44:37.917630+00:00,gpu0_correctness,0,nocp_s8192_e4096,correctness,2048,8192,4096,0,0,True,,,,,8.033
2026-05-13T14:44:45.950444+00:00,gpu0_correctness,0,nocp_s8192_e4096,correctness,8192,8192,4096,0,0,True,,,,,7.876
2026-05-13T14:44:53.827246+00:00,gpu0_correctness,0,nocp_s8192_e4096,benchmark,8192,8192,4096,0,0,True,4428.77,135.5,135.5,135.5,7.668
2026-05-13T14:44:53.827246+00:00,gpu0_correctness,0,nocp_s8192_e4096,benchmark,32768,8192,4096,0,0,True,9328.38,574.23,574.23,574.23,7.668
2026-05-13T14:45:01.495100+00:00,gpu0_correctness,0,nocp_s8192_e4096,benchmark,65536,8192,4096,0,0,True,17416.01,1248.31,1248.31,1248.31,7.972
2026-05-13T14:45:09.467751+00:00,gpu0_correctness,0,nocp_s8192_e8192,correctness,2048,8192,8192,0,0,True,,,,,7.951
2026-05-13T14:45:17.419442+00:00,gpu0_correctness,0,nocp_s8192_e8192,correctness,8192,8192,8192,0,0,True,,,,,8.197
2026-05-13T14:45:25.617004+00:00,gpu0_correctness,0,nocp_s8192_e8192,benchmark,8192,8192,8192,0,0,True,4300.63,85.93,85.93,85.93,6.967
2026-05-13T14:45:25.617004+00:00,gpu0_correctness,0,nocp_s8192_e8192,benchmark,32768,8192,8192,0,0,True,9328.38,364.46,364.46,364.46,6.967
2026-05-13T14:45:32.584278+00:00,gpu0_correctness,0,nocp_s8192_e8192,benchmark,65536,8192,8192,0,0,True,17416.01,780.69,780.69,780.69,6.506
2026-05-13T14:45:39.091212+00:00,gpu0_correctness,0,ckpt_s1024_e1024,correctness,2048,1024,1024,1,0,True,,,,,8.522
2026-05-13T14:45:47.613485+00:00,gpu0_correctness,0,ckpt_s1024_e1024,correctness,8192,1024,1024,1,0,True,,,,,8.277
2026-05-13T14:45:55.890532+00:00,gpu0_correctness,0,ckpt_s1024_e1024,benchmark,8192,1024,1024,1,0,True,4152.79,470.71,470.71,470.71,11.735
2026-05-13T14:45:55.890532+00:00,gpu0_correctness,0,ckpt_s1024_e1024,benchmark,32768,1024,1024,1,0,True,6954.88,1986.3,1986.3,1986.3,11.735
2026-05-13T14:46:07.625861+00:00,gpu0_correctness,0,ckpt_s1024_e1024,benchmark,65536,1024,1024,1,0,True,11272.01,4407.33,4407.33,4407.33,14.244
2026-05-13T14:46:21.870668+00:00,gpu0_correctness,0,ckpt_s2048_e1024,correctness,2048,2048,1024,1,0,True,,,,,8.661
2026-05-13T14:46:30.532401+00:00,gpu0_correctness,0,ckpt_s2048_e1024,correctness,8192,2048,1024,1,0,True,,,,,8.721
2026-05-13T14:46:39.253800+00:00,gpu0_correctness,0,ckpt_s2048_e1024,benchmark,8192,2048,1024,1,0,True,4153.66,453.57,453.57,453.57,11.446
2026-05-13T14:46:39.253800+00:00,gpu0_correctness,0,ckpt_s2048_e1024,benchmark,32768,2048,1024,1,0,True,6955.75,1931.86,1931.86,1931.86,11.446
2026-05-13T14:46:50.700304+00:00,gpu0_correctness,0,ckpt_s2048_e1024,benchmark,65536,2048,1024,1,0,True,11272.51,4288.51,4288.51,4288.51,14.660
2026-05-13T14:47:05.360454+00:00,gpu0_correctness,0,ckpt_s4096_e1024,correctness,2048,4096,1024,1,0,True,,,,,8.537
2026-05-13T14:47:13.897425+00:00,gpu0_correctness,0,ckpt_s4096_e1024,correctness,8192,4096,1024,1,0,True,,,,,8.416
2026-05-13T14:47:22.313963+00:00,gpu0_correctness,0,ckpt_s4096_e1024,benchmark,8192,4096,1024,1,0,True,4153.16,462.57,462.57,462.57,11.308
2026-05-13T14:47:22.313963+00:00,gpu0_correctness,0,ckpt_s4096_e1024,benchmark,32768,4096,1024,1,0,True,6955.25,1971.21,1971.21,1971.21,11.308
2026-05-13T14:47:33.622111+00:00,gpu0_correctness,0,ckpt_s4096_e1024,benchmark,65536,4096,1024,1,0,True,11272.51,4322.32,4322.32,4322.32,14.261
2026-05-13T14:47:47.883193+00:00,gpu0_correctness,0,ckpt_s2048_e2048,correctness,2048,2048,2048,1,0,True,,,,,8.829
2026-05-13T14:47:56.712346+00:00,gpu0_correctness,0,ckpt_s2048_e2048,correctness,8192,2048,2048,1,0,True,,,,,8.832
2026-05-13T14:48:05.544492+00:00,gpu0_correctness,0,ckpt_s2048_e2048,benchmark,8192,2048,2048,1,0,True,4133.78,241.16,241.16,241.16,9.804
2026-05-13T14:48:05.544492+00:00,gpu0_correctness,0,ckpt_s2048_e2048,benchmark,32768,2048,2048,1,0,True,6934.88,1074.65,1074.65,1074.65,9.804
2026-05-13T14:48:15.349118+00:00,gpu0_correctness,0,ckpt_s2048_e2048,benchmark,65536,2048,2048,1,0,True,11272.01,2073.1,2073.1,2073.1,10.454
2026-05-13T14:48:25.804053+00:00,gpu0_correctness,0,ckpt_s4096_e2048,correctness,2048,4096,2048,1,0,True,,,,,8.432
2026-05-13T14:48:34.236254+00:00,gpu0_correctness,0,ckpt_s4096_e2048,correctness,8192,4096,2048,1,0,True,,,,,8.713
2026-05-13T14:48:42.949485+00:00,gpu0_correctness,0,ckpt_s4096_e2048,benchmark,8192,4096,2048,1,0,True,4132.78,242.0,242.0,242.0,9.749
2026-05-13T14:48:42.949485+00:00,gpu0_correctness,0,ckpt_s4096_e2048,benchmark,32768,4096,2048,1,0,True,6934.88,1049.89,1049.89,1049.89,9.749
2026-05-13T14:48:52.699043+00:00,gpu0_correctness,0,ckpt_s4096_e2048,benchmark,65536,4096,2048,1,0,True,11272.01,2273.24,2273.24,2273.24,10.701
2026-05-13T14:49:03.400480+00:00,gpu0_correctness,0,ckpt_s8192_e2048,correctness,2048,8192,2048,1,0,True,,,,,9.077
2026-05-13T14:49:12.477908+00:00,gpu0_correctness,0,ckpt_s8192_e2048,correctness,8192,8192,2048,1,0,True,,,,,8.156
2026-05-13T14:49:20.634382+00:00,gpu0_correctness,0,ckpt_s8192_e2048,benchmark,8192,8192,2048,1,0,True,4132.78,215.72,215.72,215.72,8.781
2026-05-13T14:49:20.634382+00:00,gpu0_correctness,0,ckpt_s8192_e2048,benchmark,32768,8192,2048,1,0,True,6934.88,935.27,935.27,935.27,8.781
2026-05-13T14:49:29.415395+00:00,gpu0_correctness,0,ckpt_s8192_e2048,benchmark,65536,8192,2048,1,0,True,11272.01,2299.48,2299.48,2299.48,9.905
2026-05-13T14:49:39.321149+00:00,gpu0_correctness,0,ckpt_s4096_e4096,correctness,2048,4096,4096,1,0,True,,,,,8.893
2026-05-13T14:49:48.214274+00:00,gpu0_correctness,0,ckpt_s4096_e4096,correctness,8192,4096,4096,1,0,True,,,,,8.793
2026-05-13T14:49:57.007408+00:00,gpu0_correctness,0,ckpt_s4096_e4096,benchmark,8192,4096,4096,1,0,True,4092.77,145.37,145.37,145.37,8.290
2026-05-13T14:49:57.007408+00:00,gpu0_correctness,0,ckpt_s4096_e4096,benchmark,32768,4096,4096,1,0,True,6894.87,609.51,609.51,609.51,8.290
2026-05-13T14:50:05.297355+00:00,gpu0_correctness,0,ckpt_s4096_e4096,benchmark,65536,4096,4096,1,0,True,11272.01,1318.44,1318.44,1318.44,8.535
2026-05-13T14:50:13.832357+00:00,gpu0_correctness,0,ckpt_s8192_e4096,correctness,2048,8192,4096,1,0,True,,,,,8.686
2026-05-13T14:50:22.518944+00:00,gpu0_correctness,0,ckpt_s8192_e4096,correctness,8192,8192,4096,1,0,True,,,,,8.639
2026-05-13T14:50:31.158192+00:00,gpu0_correctness,0,ckpt_s8192_e4096,benchmark,8192,8192,4096,1,0,True,4092.77,272.82,272.82,272.82,8.633
2026-05-13T14:50:31.158192+00:00,gpu0_correctness,0,ckpt_s8192_e4096,benchmark,32768,8192,4096,1,0,True,6894.87,598.04,598.04,598.04,8.633
2026-05-13T14:50:39.791478+00:00,gpu0_correctness,0,ckpt_s8192_e4096,benchmark,65536,8192,4096,1,0,True,11272.01,1311.89,1311.89,1311.89,8.433
2026-05-13T14:50:48.225082+00:00,gpu0_correctness,0,ckpt_s16384_e4096,correctness,2048,16384,4096,1,0,True,,,,,8.445
2026-05-13T14:50:56.670385+00:00,gpu0_correctness,0,ckpt_s16384_e4096,correctness,8192,16384,4096,1,0,True,,,,,8.088
2026-05-13T14:51:04.758582+00:00,gpu0_correctness,0,ckpt_s16384_e4096,benchmark,8192,16384,4096,1,0,True,4092.77,268.21,268.21,268.21,8.418
2026-05-13T14:51:04.758582+00:00,gpu0_correctness,0,ckpt_s16384_e4096,benchmark,32768,16384,4096,1,0,True,6894.87,602.95,602.95,602.95,8.418
2026-05-13T14:51:13.176565+00:00,gpu0_correctness,0,ckpt_s16384_e4096,benchmark,65536,16384,4096,1,0,True,11272.01,1289.52,1289.52,1289.52,8.902
2026-05-13T14:51:22.079028+00:00,gpu0_correctness,0,ckpt_s8192_e8192,correctness,2048,8192,8192,1,0,True,,,,,8.488
2026-05-13T14:51:30.567080+00:00,gpu0_correctness,0,ckpt_s8192_e8192,correctness,8192,8192,8192,1,0,True,,,,,8.912
2026-05-13T14:51:39.479808+00:00,gpu0_correctness,0,ckpt_s8192_e8192,benchmark,8192,8192,8192,1,0,True,4012.63,91.05,91.05,91.05,8.234
2026-05-13T14:51:39.479808+00:00,gpu0_correctness,0,ckpt_s8192_e8192,benchmark,32768,8192,8192,1,0,True,6814.85,403.61,403.61,403.61,8.234
2026-05-13T14:51:47.714330+00:00,gpu0_correctness,0,ckpt_s8192_e8192,benchmark,65536,8192,8192,1,0,True,11272.01,845.67,845.67,845.67,7.778
2026-05-13T14:51:55.493115+00:00,gpu0_correctness,0,nocp_s2048_e2048,correctness,2048,2048,2048,0,0,True,,,,,7.727
2026-05-13T14:52:03.220651+00:00,gpu0_correctness,0,nocp_s2048_e2048,correctness,8192,2048,2048,0,0,True,,,,,7.987
2026-05-13T14:52:11.207461+00:00,gpu0_correctness,0,nocp_s2048_e2048,benchmark,8192,2048,2048,0,0,True,4526.78,226.51,226.51,226.51,8.655
2026-05-13T14:52:11.207461+00:00,gpu0_correctness,0,nocp_s2048_e2048,benchmark,32768,2048,2048,0,0,True,9474.38,1018.12,1018.12,1018.12,8.655
2026-05-13T14:52:19.862658+00:00,gpu0_correctness,0,nocp_s2048_e2048,benchmark,65536,2048,2048,0,0,True,17708.01,2231.66,2231.66,2231.66,9.984
2026-05-13T14:52:29.846893+00:00,gpu0_correctness,0,nocp_s4096_e2048,correctness,2048,4096,2048,0,0,True,,,,,7.496
2026-05-13T14:52:37.343146+00:00,gpu0_correctness,0,nocp_s4096_e2048,correctness,8192,4096,2048,0,0,True,,,,,7.559
2026-05-13T14:52:44.902349+00:00,gpu0_correctness,0,nocp_s4096_e2048,benchmark,8192,4096,2048,0,0,True,4527.66,225.86,225.86,225.86,9.263
2026-05-13T14:52:44.902349+00:00,gpu0_correctness,0,nocp_s4096_e2048,benchmark,32768,4096,2048,0,0,True,9473.26,1003.09,1003.09,1003.09,9.263
2026-05-13T14:52:54.165304+00:00,gpu0_correctness,0,nocp_s4096_e2048,benchmark,65536,4096,2048,0,0,True,17708.01,2188.4,2188.4,2188.4,9.941
2026-05-13T14:53:04.107198+00:00,gpu0_correctness,0,nocp_s4096_e4096,correctness,2048,4096,4096,0,0,True,,,,,7.711
2026-05-13T14:53:11.818293+00:00,gpu0_correctness,0,nocp_s4096_e4096,correctness,8192,4096,4096,0,0,True,,,,,7.852
2026-05-13T14:53:19.670361+00:00,gpu0_correctness,0,nocp_s4096_e4096,benchmark,8192,4096,4096,0,0,True,4428.77,131.92,131.92,131.92,7.483
2026-05-13T14:53:19.670361+00:00,gpu0_correctness,0,nocp_s4096_e4096,benchmark,32768,4096,4096,0,0,True,9328.38,582.78,582.78,582.78,7.483
2026-05-13T14:53:27.153559+00:00,gpu0_correctness,0,nocp_s4096_e4096,benchmark,65536,4096,4096,0,0,True,17416.01,1298.47,1298.47,1298.47,7.880
2026-05-13T14:53:35.033986+00:00,gpu0_correctness,0,nocp_s8192_e4096,correctness,2048,8192,4096,0,0,True,,,,,7.818
2026-05-13T14:53:42.852388+00:00,gpu0_correctness,0,nocp_s8192_e4096,correctness,8192,8192,4096,0,0,True,,,,,7.944
2026-05-13T14:53:50.796634+00:00,gpu0_correctness,0,nocp_s8192_e4096,benchmark,8192,8192,4096,0,0,True,4428.77,130.68,130.68,130.68,7.250
2026-05-13T14:53:50.796634+00:00,gpu0_correctness,0,nocp_s8192_e4096,benchmark,32768,8192,4096,0,0,True,9328.38,581.02,581.02,581.02,7.250
2026-05-13T14:53:58.047403+00:00,gpu0_correctness,0,nocp_s8192_e4096,benchmark,65536,8192,4096,0,0,True,17416.01,1251.64,1251.64,1251.64,7.839
2026-05-13T14:54:05.886619+00:00,gpu0_correctness,0,nocp_s8192_e8192,correctness,2048,8192,8192,0,0,True,,,,,7.649
2026-05-13T14:54:13.536409+00:00,gpu0_correctness,0,nocp_s8192_e8192,correctness,8192,8192,8192,0,0,True,,,,,7.877
2026-05-13T14:54:21.413338+00:00,gpu0_correctness,0,nocp_s8192_e8192,benchmark,8192,8192,8192,0,0,True,4300.63,84.54,84.54,84.54,7.263
2026-05-13T14:54:21.413338+00:00,gpu0_correctness,0,nocp_s8192_e8192,benchmark,32768,8192,8192,0,0,True,9328.38,364.53,364.53,364.53,7.263
2026-05-13T14:54:28.676374+00:00,gpu0_correctness,0,nocp_s8192_e8192,benchmark,65536,8192,8192,0,0,True,17416.01,702.37,702.37,702.37,6.496
2026-05-13T14:54:35.172945+00:00,gpu0_correctness,0,ckpt_s1024_e1024,correctness,2048,1024,1024,1,0,True,,,,,8.528
2026-05-13T14:54:43.701301+00:00,gpu0_correctness,0,ckpt_s1024_e1024,correctness,8192,1024,1024,1,0,True,,,,,9.216
2026-05-13T14:54:52.918057+00:00,gpu0_correctness,0,ckpt_s1024_e1024,benchmark,8192,1024,1024,1,0,True,4152.79,406.78,406.78,406.78,11.122
2026-05-13T14:54:52.918057+00:00,gpu0_correctness,0,ckpt_s1024_e1024,benchmark,32768,1024,1024,1,0,True,6954.88,1781.24,1781.24,1781.24,11.122
2026-05-13T14:55:04.040732+00:00,gpu0_correctness,0,ckpt_s1024_e1024,benchmark,65536,1024,1024,1,0,True,11272.01,3860.97,3860.97,3860.97,13.659
2026-05-13T14:55:17.699942+00:00,gpu0_correctness,0,ckpt_s2048_e1024,correctness,2048,2048,1024,1,0,True,,,,,8.462
2026-05-13T14:55:26.162255+00:00,gpu0_correctness,0,ckpt_s2048_e1024,correctness,8192,2048,1024,1,0,True,,,,,8.737
2026-05-13T14:55:34.899308+00:00,gpu0_correctness,0,ckpt_s2048_e1024,benchmark,8192,2048,1024,1,0,True,4153.66,457.89,457.89,457.89,11.765
2026-05-13T14:55:34.899308+00:00,gpu0_correctness,0,ckpt_s2048_e1024,benchmark,32768,2048,1024,1,0,True,6955.75,1973.75,1973.75,1973.75,11.765
2026-05-13T14:55:46.664405+00:00,gpu0_correctness,0,ckpt_s2048_e1024,benchmark,65536,2048,1024,1,0,True,11272.51,4355.22,4355.22,4355.22,14.299
2026-05-13T14:56:00.964012+00:00,gpu0_correctness,0,ckpt_s4096_e1024,correctness,2048,4096,1024,1,0,True,,,,,8.377
2026-05-13T14:56:09.340861+00:00,gpu0_correctness,0,ckpt_s4096_e1024,correctness,8192,4096,1024,1,0,True,,,,,8.742
2026-05-13T14:56:18.083370+00:00,gpu0_correctness,0,ckpt_s4096_e1024,benchmark,8192,4096,1024,1,0,True,4153.16,451.29,451.29,451.29,12.259
2026-05-13T14:56:18.083370+00:00,gpu0_correctness,0,ckpt_s4096_e1024,benchmark,32768,4096,1024,1,0,True,6955.25,1988.84,1988.84,1988.84,12.259
2026-05-13T14:56:30.342544+00:00,gpu0_correctness,0,ckpt_s4096_e1024,benchmark,65536,4096,1024,1,0,True,11272.51,4255.69,4255.69,4255.69,14.246
2026-05-13T14:56:44.588935+00:00,gpu0_correctness,0,ckpt_s2048_e2048,correctness,2048,2048,2048,1,0,True,,,,,8.524
2026-05-13T14:56:53.112975+00:00,gpu0_correctness,0,ckpt_s2048_e2048,correctness,8192,2048,2048,1,0,True,,,,,8.564
2026-05-13T14:57:01.677648+00:00,gpu0_correctness,0,ckpt_s2048_e2048,benchmark,8192,2048,2048,1,0,True,4133.78,252.84,252.84,252.84,8.884
2026-05-13T14:57:01.677648+00:00,gpu0_correctness,0,ckpt_s2048_e2048,benchmark,32768,2048,2048,1,0,True,6934.88,1061.2,1061.2,1061.2,8.884
2026-05-13T14:57:10.562092+00:00,gpu0_correctness,0,ckpt_s2048_e2048,benchmark,65536,2048,2048,1,0,True,11272.01,2348.14,2348.14,2348.14,10.991
2026-05-13T14:57:21.553498+00:00,gpu0_correctness,0,ckpt_s4096_e2048,correctness,2048,4096,2048,1,0,True,,,,,8.594
2026-05-13T14:57:30.147841+00:00,gpu0_correctness,0,ckpt_s4096_e2048,correctness,8192,4096,2048,1,0,True,,,,,8.676
2026-05-13T14:57:38.824373+00:00,gpu0_correctness,0,ckpt_s4096_e2048,benchmark,8192,4096,2048,1,0,True,4132.78,249.4,249.4,249.4,9.335
2026-05-13T14:57:38.824373+00:00,gpu0_correctness,0,ckpt_s4096_e2048,benchmark,32768,4096,2048,1,0,True,6934.88,1033.29,1033.29,1033.29,9.335
2026-05-13T14:57:48.159916+00:00,gpu0_correctness,0,ckpt_s4096_e2048,benchmark,65536,4096,2048,1,0,True,11272.01,2303.02,2303.02,2303.02,10.124
2026-05-13T14:57:58.284031+00:00,gpu0_correctness,0,ckpt_s8192_e2048,correctness,2048,8192,2048,1,0,True,,,,,8.141
2026-05-13T14:58:06.425271+00:00,gpu0_correctness,0,ckpt_s8192_e2048,correctness,8192,8192,2048,1,0,True,,,,,8.594
2026-05-13T14:58:15.019520+00:00,gpu0_correctness,0,ckpt_s8192_e2048,benchmark,8192,8192,2048,1,0,True,4132.78,251.36,251.36,251.36,9.444
2026-05-13T14:58:15.019520+00:00,gpu0_correctness,0,ckpt_s8192_e2048,benchmark,32768,8192,2048,1,0,True,6934.88,1034.26,1034.26,1034.26,9.444
2026-05-13T14:58:24.463517+00:00,gpu0_correctness,0,ckpt_s8192_e2048,benchmark,65536,8192,2048,1,0,True,11272.01,2282.97,2282.97,2282.97,10.762
2026-05-13T14:58:35.226511+00:00,gpu0_correctness,0,ckpt_s4096_e4096,correctness,2048,4096,4096,1,0,True,,,,,8.356
2026-05-13T14:58:43.582582+00:00,gpu0_correctness,0,ckpt_s4096_e4096,correctness,8192,4096,4096,1,0,True,,,,,8.305
2026-05-13T14:58:51.888135+00:00,gpu0_correctness,0,ckpt_s4096_e4096,benchmark,8192,4096,4096,1,0,True,4092.77,144.57,144.57,144.57,8.287
2026-05-13T14:58:51.888135+00:00,gpu0_correctness,0,ckpt_s4096_e4096,benchmark,32768,4096,4096,1,0,True,6894.87,623.84,623.84,623.84,8.287
2026-05-13T14:59:00.175569+00:00,gpu0_correctness,0,ckpt_s4096_e4096,benchmark,65536,4096,4096,1,0,True,11272.01,1324.61,1324.61,1324.61,8.455
2026-05-13T14:59:08.631522+00:00,gpu0_correctness,0,ckpt_s8192_e4096,correctness,2048,8192,4096,1,0,True,,,,,8.795
2026-05-13T14:59:17.427225+00:00,gpu0_correctness,0,ckpt_s8192_e4096,correctness,8192,8192,4096,1,0,True,,,,,8.485
2026-05-13T14:59:25.912178+00:00,gpu0_correctness,0,ckpt_s8192_e4096,benchmark,8192,8192,4096,1,0,True,4092.77,242.96,242.96,242.96,8.248
2026-05-13T14:59:25.912178+00:00,gpu0_correctness,0,ckpt_s8192_e4096,benchmark,32768,8192,4096,1,0,True,6894.87,615.7,615.7,615.7,8.248
2026-05-13T14:59:34.160481+00:00,gpu0_correctness,0,ckpt_s8192_e4096,benchmark,65536,8192,4096,1,0,True,11272.01,1306.73,1306.73,1306.73,8.845
2026-05-13T14:59:43.005959+00:00,gpu0_correctness,0,ckpt_s16384_e4096,correctness,2048,16384,4096,1,0,True,,,,,9.314
2026-05-13T14:59:52.319953+00:00,gpu0_correctness,0,ckpt_s16384_e4096,correctness,8192,16384,4096,1,0,True,,,,,8.778
2026-05-13T15:00:01.098593+00:00,gpu0_correctness,0,ckpt_s16384_e4096,benchmark,8192,16384,4096,1,0,True,4092.77,240.28,240.28,240.28,8.285
2026-05-13T15:00:01.098593+00:00,gpu0_correctness,0,ckpt_s16384_e4096,benchmark,32768,16384,4096,1,0,True,6894.87,552.52,552.52,552.52,8.285
2026-05-13T15:00:09.383530+00:00,gpu0_correctness,0,ckpt_s16384_e4096,benchmark,65536,16384,4096,1,0,True,11272.01,1310.88,1310.88,1310.88,8.630
2026-05-13T15:00:18.014554+00:00,gpu0_correctness,0,ckpt_s8192_e8192,correctness,2048,8192,8192,1,0,True,,,,,9.253
2026-05-13T15:00:27.267413+00:00,gpu0_correctness,0,ckpt_s8192_e8192,correctness,8192,8192,8192,1,0,True,,,,,8.480
2026-05-13T15:00:35.747496+00:00,gpu0_correctness,0,ckpt_s8192_e8192,benchmark,8192,8192,8192,1,0,True,4012.63,92.2,92.2,92.2,7.930
2026-05-13T15:00:35.747496+00:00,gpu0_correctness,0,ckpt_s8192_e8192,benchmark,32768,8192,8192,1,0,True,6814.85,391.06,391.06,391.06,7.930
2026-05-13T15:00:43.678241+00:00,gpu0_correctness,0,ckpt_s8192_e8192,benchmark,65536,8192,8192,1,0,True,11272.01,839.45,839.45,839.45,7.513
2026-05-13T15:00:51.192224+00:00,gpu0_correctness,0,nocp_s2048_e2048,correctness,2048,2048,2048,0,0,True,,,,,7.434
2026-05-13T15:00:58.627048+00:00,gpu0_correctness,0,nocp_s2048_e2048,correctness,8192,2048,2048,0,0,True,,,,,7.443
2026-05-13T15:01:06.070864+00:00,gpu0_correctness,0,nocp_s2048_e2048,benchmark,8192,2048,2048,0,0,True,4526.78,204.79,204.79,204.79,8.416
2026-05-13T15:01:06.070864+00:00,gpu0_correctness,0,nocp_s2048_e2048,benchmark,32768,2048,2048,0,0,True,9474.38,894.25,894.25,894.25,8.416
2026-05-13T15:01:14.487006+00:00,gpu0_correctness,0,nocp_s2048_e2048,benchmark,65536,2048,2048,0,0,True,17708.01,2191.8,2191.8,2191.8,8.915
2026-05-13T15:01:23.402502+00:00,gpu0_correctness,0,nocp_s4096_e2048,correctness,2048,4096,2048,0,0,True,,,,,7.813
2026-05-13T15:01:31.216063+00:00,gpu0_correctness,0,nocp_s4096_e2048,correctness,8192,4096,2048,0,0,True,,,,,7.199
2026-05-13T15:01:38.415300+00:00,gpu0_correctness,0,nocp_s4096_e2048,benchmark,8192,4096,2048,0,0,True,4527.66,226.75,226.75,226.75,8.728
2026-05-13T15:01:38.415300+00:00,gpu0_correctness,0,nocp_s4096_e2048,benchmark,32768,4096,2048,0,0,True,9473.26,994.4,994.4,994.4,8.728
2026-05-13T15:01:47.143691+00:00,gpu0_correctness,0,nocp_s4096_e2048,benchmark,65536,4096,2048,0,0,True,17708.01,2150.1,2150.1,2150.1,9.245
2026-05-13T15:01:56.389791+00:00,gpu0_correctness,0,nocp_s4096_e4096,correctness,2048,4096,4096,0,0,True,,,,,7.456
2026-05-13T15:02:03.845630+00:00,gpu0_correctness,0,nocp_s4096_e4096,correctness,8192,4096,4096,0,0,True,,,,,7.598
2026-05-13T15:02:11.444447+00:00,gpu0_correctness,0,nocp_s4096_e4096,benchmark,8192,4096,4096,0,0,True,4428.77,136.67,136.67,136.67,7.529
2026-05-13T15:02:11.444447+00:00,gpu0_correctness,0,nocp_s4096_e4096,benchmark,32768,4096,4096,0,0,True,9328.38,586.84,586.84,586.84,7.529
2026-05-13T15:02:18.973960+00:00,gpu0_correctness,0,nocp_s4096_e4096,benchmark,65536,4096,4096,0,0,True,17416.01,1270.77,1270.77,1270.77,7.914
2026-05-13T15:02:26.888325+00:00,gpu0_correctness,0,nocp_s8192_e4096,correctness,2048,8192,4096,0,0,True,,,,,8.440
2026-05-13T15:02:35.328443+00:00,gpu0_correctness,0,nocp_s8192_e4096,correctness,8192,8192,4096,0,0,True,,,,,7.810
2026-05-13T15:02:43.138503+00:00,gpu0_correctness,0,nocp_s8192_e4096,benchmark,8192,8192,4096,0,0,True,4428.77,132.33,132.33,132.33,7.510
2026-05-13T15:02:43.138503+00:00,gpu0_correctness,0,nocp_s8192_e4096,benchmark,32768,8192,4096,0,0,True,9328.38,576.42,576.42,576.42,7.510
2026-05-13T15:02:50.648685+00:00,gpu0_correctness,0,nocp_s8192_e4096,benchmark,65536,8192,4096,0,0,True,17416.01,1249.76,1249.76,1249.76,7.246
2026-05-13T15:02:57.895154+00:00,gpu0_correctness,0,nocp_s8192_e8192,correctness,2048,8192,8192,0,0,True,,,,,7.650
2026-05-13T15:03:05.545442+00:00,gpu0_correctness,0,nocp_s8192_e8192,correctness,8192,8192,8192,0,0,True,,,,,7.750
2026-05-13T15:03:13.295369+00:00,gpu0_correctness,0,nocp_s8192_e8192,benchmark,8192,8192,8192,0,0,True,4300.63,83.62,83.62,83.62,6.998
2026-05-13T15:03:13.295369+00:00,gpu0_correctness,0,nocp_s8192_e8192,benchmark,32768,8192,8192,0,0,True,9328.38,373.4,373.4,373.4,6.998
2026-05-13T15:03:20.293841+00:00,gpu0_correctness,0,nocp_s8192_e8192,benchmark,65536,8192,8192,0,0,True,17416.01,791.48,791.48,791.48,6.555
2026-05-13T15:03:26.849837+00:00,gpu0_correctness,0,ckpt_s1024_e1024,correctness,2048,1024,1024,1,0,True,,,,,8.550
2026-05-13T15:03:35.400549+00:00,gpu0_correctness,0,ckpt_s1024_e1024,correctness,8192,1024,1024,1,0,True,,,,,8.161
2026-05-13T15:03:43.562242+00:00,gpu0_correctness,0,ckpt_s1024_e1024,benchmark,8192,1024,1024,1,0,True,4152.79,460.54,460.54,460.54,11.750
2026-05-13T15:03:43.562242+00:00,gpu0_correctness,0,ckpt_s1024_e1024,benchmark,32768,1024,1024,1,0,True,6954.88,1963.87,1963.87,1963.87,11.750
2026-05-13T15:03:55.312312+00:00,gpu0_correctness,0,ckpt_s1024_e1024,benchmark,65536,1024,1024,1,0,True,11272.01,4348.73,4348.73,4348.73,14.715
2026-05-13T15:04:10.028100+00:00,gpu0_correctness,0,ckpt_s2048_e1024,correctness,2048,2048,1024,1,0,True,,,,,8.781
2026-05-13T15:04:18.809886+00:00,gpu0_correctness,0,ckpt_s2048_e1024,correctness,8192,2048,1024,1,0,True,,,,,8.564
2026-05-13T15:04:27.374442+00:00,gpu0_correctness,0,ckpt_s2048_e1024,benchmark,8192,2048,1024,1,0,True,4153.66,452.0,452.0,452.0,12.044
2026-05-13T15:04:27.374442+00:00,gpu0_correctness,0,ckpt_s2048_e1024,benchmark,32768,2048,1024,1,0,True,6955.75,1961.4,1961.4,1961.4,12.044
2026-05-13T15:04:39.419135+00:00,gpu0_correctness,0,ckpt_s2048_e1024,benchmark,65536,2048,1024,1,0,True,11272.51,4299.79,4299.79,4299.79,14.724
2026-05-13T15:04:54.143837+00:00,gpu0_correctness,0,ckpt_s4096_e1024,correctness,2048,4096,1024,1,0,True,,,,,9.032
2026-05-13T15:05:03.176121+00:00,gpu0_correctness,0,ckpt_s4096_e1024,correctness,8192,4096,1024,1,0,True,,,,,8.937
2026-05-13T15:05:12.113831+00:00,gpu0_correctness,0,ckpt_s4096_e1024,benchmark,8192,4096,1024,1,0,True,4153.16,454.44,454.44,454.44,11.519
2026-05-13T15:05:12.113831+00:00,gpu0_correctness,0,ckpt_s4096_e1024,benchmark,32768,4096,1024,1,0,True,6955.25,1941.5,1941.5,1941.5,11.519
2026-05-13T15:05:23.633420+00:00,gpu0_correctness,0,ckpt_s4096_e1024,benchmark,65536,4096,1024,1,0,True,11272.51,4222.17,4222.17,4222.17,14.191
2026-05-13T15:05:37.825247+00:00,gpu0_correctness,0,ckpt_s2048_e2048,correctness,2048,2048,2048,1,0,True,,,,,8.373
2026-05-13T15:05:46.198432+00:00,gpu0_correctness,0,ckpt_s2048_e2048,correctness,8192,2048,2048,1,0,True,,,,,9.442
2026-05-13T15:05:55.640981+00:00,gpu0_correctness,0,ckpt_s2048_e2048,benchmark,8192,2048,2048,1,0,True,4133.78,239.96,239.96,239.96,9.563
2026-05-13T15:05:55.640981+00:00,gpu0_correctness,0,ckpt_s2048_e2048,benchmark,32768,2048,2048,1,0,True,6934.88,1064.96,1064.96,1064.96,9.563
2026-05-13T15:06:05.204693+00:00,gpu0_correctness,0,ckpt_s2048_e2048,benchmark,65536,2048,2048,1,0,True,11272.01,2295.78,2295.78,2295.78,10.485
2026-05-13T15:06:15.690139+00:00,gpu0_correctness,0,ckpt_s4096_e2048,correctness,2048,4096,2048,1,0,True,,,,,8.946
2026-05-13T15:06:24.636862+00:00,gpu0_correctness,0,ckpt_s4096_e2048,correctness,8192,4096,2048,1,0,True,,,,,8.753
2026-05-13T15:06:33.389701+00:00,gpu0_correctness,0,ckpt_s4096_e2048,benchmark,8192,4096,2048,1,0,True,4132.78,240.77,240.77,240.77,9.439
2026-05-13T15:06:33.389701+00:00,gpu0_correctness,0,ckpt_s4096_e2048,benchmark,32768,4096,2048,1,0,True,6934.88,941.15,941.15,941.15,9.439
2026-05-13T15:06:42.828915+00:00,gpu0_correctness,0,ckpt_s4096_e2048,benchmark,65536,4096,2048,1,0,True,11272.01,2278.13,2278.13,2278.13,10.458
2026-05-13T15:06:53.287691+00:00,gpu0_correctness,0,ckpt_s8192_e2048,correctness,2048,8192,2048,1,0,True,,,,,8.786
2026-05-13T15:07:02.073581+00:00,gpu0_correctness,0,ckpt_s8192_e2048,correctness,8192,8192,2048,1,0,True,,,,,8.168
2026-05-13T15:07:10.242239+00:00,gpu0_correctness,0,ckpt_s8192_e2048,benchmark,8192,8192,2048,1,0,True,4132.78,219.44,219.44,219.44,8.821
2026-05-13T15:07:10.242239+00:00,gpu0_correctness,0,ckpt_s8192_e2048,benchmark,32768,8192,2048,1,0,True,6934.88,938.33,938.33,938.33,8.821
2026-05-13T15:07:19.063987+00:00,gpu0_correctness,0,ckpt_s8192_e2048,benchmark,65536,8192,2048,1,0,True,11272.01,2037.69,2037.69,2037.69,9.961
2026-05-13T15:07:29.025334+00:00,gpu0_correctness,0,ckpt_s4096_e4096,correctness,2048,4096,4096,1,0,True,,,,,8.883
2026-05-13T15:07:37.908291+00:00,gpu0_correctness,0,ckpt_s4096_e4096,correctness,8192,4096,4096,1,0,True,,,,,8.276
2026-05-13T15:07:46.184943+00:00,gpu0_correctness,0,ckpt_s4096_e4096,benchmark,8192,4096,4096,1,0,True,4092.77,139.29,139.29,139.29,8.829
2026-05-13T15:07:46.184943+00:00,gpu0_correctness,0,ckpt_s4096_e4096,benchmark,32768,4096,4096,1,0,True,6894.87,612.75,612.75,612.75,8.829
2026-05-13T15:07:55.014044+00:00,gpu0_correctness,0,ckpt_s4096_e4096,benchmark,65536,4096,4096,1,0,True,11272.01,1331.04,1331.04,1331.04,8.631
2026-05-13T15:08:03.645692+00:00,gpu0_correctness,0,ckpt_s8192_e4096,correctness,2048,8192,4096,1,0,True,,,,,8.756
2026-05-13T15:08:12.402096+00:00,gpu0_correctness,0,ckpt_s8192_e4096,correctness,8192,8192,4096,1,0,True,,,,,8.779
2026-05-13T15:08:21.181297+00:00,gpu0_correctness,0,ckpt_s8192_e4096,benchmark,8192,8192,4096,1,0,True,4092.77,264.99,264.99,264.99,7.914
2026-05-13T15:08:21.181297+00:00,gpu0_correctness,0,ckpt_s8192_e4096,benchmark,32768,8192,4096,1,0,True,6894.87,601.47,601.47,601.47,7.914
2026-05-13T15:08:29.095763+00:00,gpu0_correctness,0,ckpt_s8192_e4096,benchmark,65536,8192,4096,1,0,True,11272.01,1305.87,1305.87,1305.87,8.662
2026-05-13T15:08:37.758044+00:00,gpu0_correctness,0,ckpt_s16384_e4096,correctness,2048,16384,4096,1,0,True,,,,,8.200
2026-05-13T15:08:45.958333+00:00,gpu0_correctness,0,ckpt_s16384_e4096,correctness,8192,16384,4096,1,0,True,,,,,8.803
2026-05-13T15:08:54.761622+00:00,gpu0_correctness,0,ckpt_s16384_e4096,benchmark,8192,16384,4096,1,0,True,4092.77,276.27,276.27,276.27,9.020
2026-05-13T15:08:54.761622+00:00,gpu0_correctness,0,ckpt_s16384_e4096,benchmark,32768,16384,4096,1,0,True,6894.87,597.19,597.19,597.19,9.020
2026-05-13T15:09:03.782360+00:00,gpu0_correctness,0,ckpt_s16384_e4096,benchmark,65536,16384,4096,1,0,True,11272.01,1293.11,1293.11,1293.11,8.443
2026-05-13T15:09:12.225624+00:00,gpu0_correctness,0,ckpt_s8192_e8192,correctness,2048,8192,8192,1,0,True,,,,,8.474
2026-05-13T15:09:20.699476+00:00,gpu0_correctness,0,ckpt_s8192_e8192,correctness,8192,8192,8192,1,0,True,,,,,8.642
2026-05-13T15:09:29.341564+00:00,gpu0_correctness,0,ckpt_s8192_e8192,benchmark,8192,8192,8192,1,0,True,4012.63,98.35,98.35,98.35,7.761
2026-05-13T15:09:29.341564+00:00,gpu0_correctness,0,ckpt_s8192_e8192,benchmark,32768,8192,8192,1,0,True,6814.85,391.76,391.76,391.76,7.761
2026-05-13T15:09:37.102787+00:00,gpu0_correctness,0,ckpt_s8192_e8192,benchmark,65536,8192,8192,1,0,True,11272.01,846.01,846.01,846.01,7.464
2026-05-13T15:09:44.567811+00:00,gpu0_correctness,0,nocp_s2048_e2048,correctness,2048,2048,2048,0,0,True,,,,,8.034
2026-05-13T15:09:52.602177+00:00,gpu0_correctness,0,nocp_s2048_e2048,correctness,8192,2048,2048,0,0,True,,,,,8.232
2026-05-13T15:10:00.834716+00:00,gpu0_correctness,0,nocp_s2048_e2048,benchmark,8192,2048,2048,0,0,True,4526.78,234.62,234.62,234.62,8.944
2026-05-13T15:10:00.834716+00:00,gpu0_correctness,0,nocp_s2048_e2048,benchmark,32768,2048,2048,0,0,True,9474.38,1012.06,1012.06,1012.06,8.944
2026-05-13T15:10:09.778804+00:00,gpu0_correctness,0,nocp_s2048_e2048,benchmark,65536,2048,2048,0,0,True,17708.01,2243.59,2243.59,2243.59,9.432
2026-05-13T15:10:19.211369+00:00,gpu0_correctness,0,nocp_s4096_e2048,correctness,2048,4096,2048,0,0,True,,,,,8.001
2026-05-13T15:10:27.212283+00:00,gpu0_correctness,0,nocp_s4096_e2048,correctness,8192,4096,2048,0,0,True,,,,,7.704
2026-05-13T15:10:34.916512+00:00,gpu0_correctness,0,nocp_s4096_e2048,benchmark,8192,4096,2048,0,0,True,4527.66,228.15,228.15,228.15,8.530
2026-05-13T15:10:34.916512+00:00,gpu0_correctness,0,nocp_s4096_e2048,benchmark,32768,4096,2048,0,0,True,9473.26,1014.96,1014.96,1014.96,8.530
2026-05-13T15:10:43.446947+00:00,gpu0_correctness,0,nocp_s4096_e2048,benchmark,65536,4096,2048,0,0,True,17708.01,2180.21,2180.21,2180.21,9.825
2026-05-13T15:10:53.272867+00:00,gpu0_correctness,0,nocp_s4096_e4096,correctness,2048,4096,4096,0,0,True,,,,,8.564
2026-05-13T15:11:01.837623+00:00,gpu0_correctness,0,nocp_s4096_e4096,correctness,8192,4096,4096,0,0,True,,,,,7.983
2026-05-13T15:11:09.820750+00:00,gpu0_correctness,0,nocp_s4096_e4096,benchmark,8192,4096,4096,0,0,True,4428.77,138.65,138.65,138.65,7.784
2026-05-13T15:11:09.820750+00:00,gpu0_correctness,0,nocp_s4096_e4096,benchmark,32768,4096,4096,0,0,True,9328.38,577.15,577.15,577.15,7.784
2026-05-13T15:11:17.604729+00:00,gpu0_correctness,0,nocp_s4096_e4096,benchmark,65536,4096,4096,0,0,True,17416.01,1273.26,1273.26,1273.26,7.715
2026-05-13T15:11:25.320528+00:00,gpu0_correctness,0,nocp_s8192_e4096,correctness,2048,8192,4096,0,0,True,,,,,8.334
2026-05-13T15:11:33.654519+00:00,gpu0_correctness,0,nocp_s8192_e4096,correctness,8192,8192,4096,0,0,True,,,,,8.128
2026-05-13T15:11:41.783201+00:00,gpu0_correctness,0,nocp_s8192_e4096,benchmark,8192,8192,4096,0,0,True,4428.77,131.79,131.79,131.79,7.203
2026-05-13T15:11:41.783201+00:00,gpu0_correctness,0,nocp_s8192_e4096,benchmark,32768,8192,4096,0,0,True,9328.38,574.2,574.2,574.2,7.203
2026-05-13T15:11:48.986359+00:00,gpu0_correctness,0,nocp_s8192_e4096,benchmark,65536,8192,4096,0,0,True,17416.01,1254.79,1254.79,1254.79,7.620
2026-05-13T15:11:56.607071+00:00,gpu0_correctness,0,nocp_s8192_e8192,correctness,2048,8192,8192,0,0,True,,,,,7.663
2026-05-13T15:12:04.270523+00:00,gpu0_correctness,0,nocp_s8192_e8192,correctness,8192,8192,8192,0,0,True,,,,,8.353
2026-05-13T15:12:12.623411+00:00,gpu0_correctness,0,nocp_s8192_e8192,benchmark,8192,8192,8192,0,0,True,4300.63,82.4,82.4,82.4,7.517
2026-05-13T15:12:12.623411+00:00,gpu0_correctness,0,nocp_s8192_e8192,benchmark,32768,8192,8192,0,0,True,9328.38,365.33,365.33,365.33,7.517
2026-05-13T15:12:20.140618+00:00,gpu0_correctness,0,nocp_s8192_e8192,benchmark,65536,8192,8192,0,0,True,17416.01,784.34,784.34,784.34,6.812
2026-05-13T15:12:26.952780+00:00,gpu0_correctness,0,ckpt_s1024_e1024,correctness,2048,1024,1024,1,0,True,,,,,8.744
2026-05-13T15:12:35.697283+00:00,gpu0_correctness,0,ckpt_s1024_e1024,correctness,8192,1024,1024,1,0,True,,,,,9.257
2026-05-13T15:12:44.954687+00:00,gpu0_correctness,0,ckpt_s1024_e1024,benchmark,8192,1024,1024,1,0,True,4152.79,414.31,414.31,414.31,11.333
2026-05-13T15:12:44.954687+00:00,gpu0_correctness,0,ckpt_s1024_e1024,benchmark,32768,1024,1024,1,0,True,6954.88,1776.12,1776.12,1776.12,11.333
2026-05-13T15:12:56.287806+00:00,gpu0_correctness,0,ckpt_s1024_e1024,benchmark,65536,1024,1024,1,0,True,11272.01,3895.29,3895.29,3895.29,13.342
2026-05-13T15:13:09.630683+00:00,gpu0_correctness,0,ckpt_s2048_e1024,correctness,2048,2048,1024,1,0,True,,,,,8.612
2026-05-13T15:13:18.243460+00:00,gpu0_correctness,0,ckpt_s2048_e1024,correctness,8192,2048,1024,1,0,True,,,,,9.304
2026-05-13T15:13:27.547898+00:00,gpu0_correctness,0,ckpt_s2048_e1024,benchmark,8192,2048,1024,1,0,True,4153.66,446.34,446.34,446.34,11.896
2026-05-13T15:13:27.547898+00:00,gpu0_correctness,0,ckpt_s2048_e1024,benchmark,32768,2048,1024,1,0,True,6955.75,1951.78,1951.78,1951.78,11.896
2026-05-13T15:13:39.444568+00:00,gpu0_correctness,0,ckpt_s2048_e1024,benchmark,65536,2048,1024,1,0,True,11272.51,4358.22,4358.22,4358.22,14.259
2026-05-13T15:13:53.704341+00:00,gpu0_correctness,0,ckpt_s4096_e1024,correctness,2048,4096,1024,1,0,True,,,,,9.256
2026-05-13T15:14:02.960445+00:00,gpu0_correctness,0,ckpt_s4096_e1024,correctness,8192,4096,1024,1,0,True,,,,,9.072
2026-05-13T15:14:12.032861+00:00,gpu0_correctness,0,ckpt_s4096_e1024,benchmark,8192,4096,1024,1,0,True,4153.16,501.63,501.63,501.63,11.773
2026-05-13T15:14:12.032861+00:00,gpu0_correctness,0,ckpt_s4096_e1024,benchmark,32768,4096,1024,1,0,True,6955.25,1950.31,1950.31,1950.31,11.773
2026-05-13T15:14:23.806451+00:00,gpu0_correctness,0,ckpt_s4096_e1024,benchmark,65536,4096,1024,1,0,True,11272.51,4249.84,4249.84,4249.84,14.417
2026-05-13T15:14:38.224382+00:00,gpu0_correctness,0,ckpt_s2048_e2048,correctness,2048,2048,2048,1,0,True,,,,,8.864
2026-05-13T15:14:47.088405+00:00,gpu0_correctness,0,ckpt_s2048_e2048,correctness,8192,2048,2048,1,0,True,,,,,8.109
2026-05-13T15:14:55.197570+00:00,gpu0_correctness,0,ckpt_s2048_e2048,benchmark,8192,2048,2048,1,0,True,4133.78,242.45,242.45,242.45,9.577
2026-05-13T15:14:55.197570+00:00,gpu0_correctness,0,ckpt_s2048_e2048,benchmark,32768,2048,2048,1,0,True,6934.88,1076.9,1076.9,1076.9,9.577
2026-05-13T15:15:04.774712+00:00,gpu0_correctness,0,ckpt_s2048_e2048,benchmark,65536,2048,2048,1,0,True,11272.01,2346.81,2346.81,2346.81,10.650
2026-05-13T15:15:15.425523+00:00,gpu0_correctness,0,ckpt_s4096_e2048,correctness,2048,4096,2048,1,0,True,,,,,8.690
2026-05-13T15:15:24.116068+00:00,gpu0_correctness,0,ckpt_s4096_e2048,correctness,8192,4096,2048,1,0,True,,,,,8.565
2026-05-13T15:15:32.681831+00:00,gpu0_correctness,0,ckpt_s4096_e2048,benchmark,8192,4096,2048,1,0,True,4132.78,244.4,244.4,244.4,9.647
2026-05-13T15:15:32.681831+00:00,gpu0_correctness,0,ckpt_s4096_e2048,benchmark,32768,4096,2048,1,0,True,6934.88,1051.17,1051.17,1051.17,9.647
2026-05-13T15:15:42.328644+00:00,gpu0_correctness,0,ckpt_s4096_e2048,benchmark,65536,4096,2048,1,0,True,11272.01,2315.22,2315.22,2315.22,10.347
2026-05-13T15:15:52.675800+00:00,gpu0_correctness,0,ckpt_s8192_e2048,correctness,2048,8192,2048,1,0,True,,,,,8.426
2026-05-13T15:16:01.102429+00:00,gpu0_correctness,0,ckpt_s8192_e2048,correctness,8192,8192,2048,1,0,True,,,,,8.803
2026-05-13T15:16:09.906095+00:00,gpu0_correctness,0,ckpt_s8192_e2048,benchmark,8192,8192,2048,1,0,True,4132.78,243.14,243.14,243.14,9.639
2026-05-13T15:16:09.906095+00:00,gpu0_correctness,0,ckpt_s8192_e2048,benchmark,32768,8192,2048,1,0,True,6934.88,1046.14,1046.14,1046.14,9.639
2026-05-13T15:16:19.545641+00:00,gpu0_correctness,0,ckpt_s8192_e2048,benchmark,65536,8192,2048,1,0,True,11272.01,2294.99,2294.99,2294.99,9.927
2026-05-13T15:16:29.473312+00:00,gpu0_correctness,0,ckpt_s4096_e4096,correctness,2048,4096,4096,1,0,True,,,,,7.946
2026-05-13T15:16:37.419960+00:00,gpu0_correctness,0,ckpt_s4096_e4096,correctness,8192,4096,4096,1,0,True,,,,,9.243
2026-05-13T15:16:46.663056+00:00,gpu0_correctness,0,ckpt_s4096_e4096,benchmark,8192,4096,4096,1,0,True,4092.77,142.58,142.58,142.58,8.510
2026-05-13T15:16:46.663056+00:00,gpu0_correctness,0,ckpt_s4096_e4096,benchmark,32768,4096,4096,1,0,True,6894.87,597.0,597.0,597.0,8.510
2026-05-13T15:16:55.173661+00:00,gpu0_correctness,0,ckpt_s4096_e4096,benchmark,65536,4096,4096,1,0,True,11272.01,1300.38,1300.38,1300.38,8.445
2026-05-13T15:17:03.619329+00:00,gpu0_correctness,0,ckpt_s8192_e4096,correctness,2048,8192,4096,1,0,True,,,,,7.893
2026-05-13T15:17:11.512781+00:00,gpu0_correctness,0,ckpt_s8192_e4096,correctness,8192,8192,4096,1,0,True,,,,,8.561
2026-05-13T15:17:20.074475+00:00,gpu0_correctness,0,ckpt_s8192_e4096,benchmark,8192,8192,4096,1,0,True,4092.77,275.26,275.26,275.26,8.281
2026-05-13T15:17:20.074475+00:00,gpu0_correctness,0,ckpt_s8192_e4096,benchmark,32768,8192,4096,1,0,True,6894.87,607.68,607.68,607.68,8.281
2026-05-13T15:17:28.356348+00:00,gpu0_correctness,0,ckpt_s8192_e4096,benchmark,65536,8192,4096,1,0,True,11272.01,1296.39,1296.39,1296.39,8.727
2026-05-13T15:17:37.084033+00:00,gpu0_correctness,0,ckpt_s16384_e4096,correctness,2048,16384,4096,1,0,True,,,,,8.711
2026-05-13T15:17:45.795547+00:00,gpu0_correctness,0,ckpt_s16384_e4096,correctness,8192,16384,4096,1,0,True,,,,,8.481
2026-05-13T15:17:54.276509+00:00,gpu0_correctness,0,ckpt_s16384_e4096,benchmark,8192,16384,4096,1,0,True,4092.77,255.79,255.79,255.79,8.599
2026-05-13T15:17:54.276509+00:00,gpu0_correctness,0,ckpt_s16384_e4096,benchmark,32768,16384,4096,1,0,True,6894.87,592.51,592.51,592.51,8.599
2026-05-13T15:18:02.875716+00:00,gpu0_correctness,0,ckpt_s16384_e4096,benchmark,65536,16384,4096,1,0,True,11272.01,1300.25,1300.25,1300.25,7.932
2026-05-13T15:18:10.808341+00:00,gpu0_correctness,0,ckpt_s8192_e8192,correctness,2048,8192,8192,1,0,True,,,,,8.752
2026-05-13T15:18:19.560279+00:00,gpu0_correctness,0,ckpt_s8192_e8192,correctness,8192,8192,8192,1,0,True,,,,,8.453
2026-05-13T15:18:28.014112+00:00,gpu0_correctness,0,ckpt_s8192_e8192,benchmark,8192,8192,8192,1,0,True,4012.63,92.85,92.85,92.85,8.328
2026-05-13T15:18:28.014112+00:00,gpu0_correctness,0,ckpt_s8192_e8192,benchmark,32768,8192,8192,1,0,True,6814.85,392.3,392.3,392.3,8.328
2026-05-13T15:18:36.342465+00:00,gpu0_correctness,0,ckpt_s8192_e8192,benchmark,65536,8192,8192,1,0,True,11272.01,839.44,839.44,839.44,7.827
2026-05-13T15:18:44.169856+00:00,gpu0_correctness,0,nocp_s2048_e2048,correctness,2048,2048,2048,0,0,True,,,,,7.931
2026-05-13T15:18:52.101458+00:00,gpu0_correctness,0,nocp_s2048_e2048,correctness,8192,2048,2048,0,0,True,,,,,7.615
2026-05-13T15:18:59.716811+00:00,gpu0_correctness,0,nocp_s2048_e2048,benchmark,8192,2048,2048,0,0,True,4526.78,203.91,203.91,203.91,8.035
2026-05-13T15:18:59.716811+00:00,gpu0_correctness,0,nocp_s2048_e2048,benchmark,32768,2048,2048,0,0,True,9474.38,897.93,897.93,897.93,8.035
2026-05-13T15:19:07.752521+00:00,gpu0_correctness,0,nocp_s2048_e2048,benchmark,65536,2048,2048,0,0,True,17708.01,2059.36,2059.36,2059.36,9.379
2026-05-13T15:19:17.131778+00:00,gpu0_correctness,0,nocp_s4096_e2048,correctness,2048,4096,2048,0,0,True,,,,,7.817
2026-05-13T15:19:24.948888+00:00,gpu0_correctness,0,nocp_s4096_e2048,correctness,8192,4096,2048,0,0,True,,,,,8.043
2026-05-13T15:19:32.991735+00:00,gpu0_correctness,0,nocp_s4096_e2048,benchmark,8192,4096,2048,0,0,True,4527.66,226.64,226.64,226.64,9.055
2026-05-13T15:19:32.991735+00:00,gpu0_correctness,0,nocp_s4096_e2048,benchmark,32768,4096,2048,0,0,True,9473.26,1002.97,1002.97,1002.97,9.055
2026-05-13T15:19:42.046961+00:00,gpu0_correctness,0,nocp_s4096_e2048,benchmark,65536,4096,2048,0,0,True,17708.01,2193.22,2193.22,2193.22,9.723
2026-05-13T15:19:51.770173+00:00,gpu0_correctness,0,nocp_s4096_e4096,correctness,2048,4096,4096,0,0,True,,,,,7.777
2026-05-13T15:19:59.547227+00:00,gpu0_correctness,0,nocp_s4096_e4096,correctness,8192,4096,4096,0,0,True,,,,,8.053
2026-05-13T15:20:07.600677+00:00,gpu0_correctness,0,nocp_s4096_e4096,benchmark,8192,4096,4096,0,0,True,4428.77,142.01,142.01,142.01,7.780
2026-05-13T15:20:07.600677+00:00,gpu0_correctness,0,nocp_s4096_e4096,benchmark,32768,4096,4096,0,0,True,9328.38,574.93,574.93,574.93,7.780
2026-05-13T15:20:15.381250+00:00,gpu0_correctness,0,nocp_s4096_e4096,benchmark,65536,4096,4096,0,0,True,17416.01,1269.94,1269.94,1269.94,7.732
2026-05-13T15:20:23.113726+00:00,gpu0_correctness,0,nocp_s8192_e4096,correctness,2048,8192,4096,0,0,True,,,,,7.934
2026-05-13T15:20:31.048240+00:00,gpu0_correctness,0,nocp_s8192_e4096,correctness,8192,8192,4096,0,0,True,,,,,8.213
2026-05-13T15:20:39.261748+00:00,gpu0_correctness,0,nocp_s8192_e4096,benchmark,8192,8192,4096,0,0,True,4428.77,137.34,137.34,137.34,7.841
2026-05-13T15:20:39.261748+00:00,gpu0_correctness,0,nocp_s8192_e4096,benchmark,32768,8192,4096,0,0,True,9328.38,580.16,580.16,580.16,7.841
2026-05-13T15:20:47.103277+00:00,gpu0_correctness,0,nocp_s8192_e4096,benchmark,65536,8192,4096,0,0,True,17416.01,1257.37,1257.37,1257.37,7.548
2026-05-13T15:20:54.652233+00:00,gpu0_correctness,0,nocp_s8192_e8192,correctness,2048,8192,8192,0,0,True,,,,,8.201
2026-05-13T15:21:02.853278+00:00,gpu0_correctness,0,nocp_s8192_e8192,correctness,8192,8192,8192,0,0,True,,,,,7.827
2026-05-13T15:21:10.680517+00:00,gpu0_correctness,0,nocp_s8192_e8192,benchmark,8192,8192,8192,0,0,True,4300.63,87.57,87.57,87.57,7.422
2026-05-13T15:21:10.680517+00:00,gpu0_correctness,0,nocp_s8192_e8192,benchmark,32768,8192,8192,0,0,True,9328.38,363.27,363.27,363.27,7.422
2026-05-13T15:21:18.103006+00:00,gpu0_correctness,0,nocp_s8192_e8192,benchmark,65536,8192,8192,0,0,True,17416.01,781.84,781.84,781.84,6.621
2026-05-13T15:21:24.724997+00:00,gpu0_correctness,0,ckpt_s1024_e1024,correctness,2048,1024,1024,1,0,True,,,,,8.570
2026-05-13T15:21:33.295506+00:00,gpu0_correctness,0,ckpt_s1024_e1024,correctness,8192,1024,1024,1,0,True,,,,,9.087
2026-05-13T15:21:42.382741+00:00,gpu0_correctness,0,ckpt_s1024_e1024,benchmark,8192,1024,1024,1,0,True,4152.79,454.63,454.63,454.63,12.217
2026-05-13T15:21:42.382741+00:00,gpu0_correctness,0,ckpt_s1024_e1024,benchmark,32768,1024,1024,1,0,True,6954.88,1972.65,1972.65,1972.65,12.217
2026-05-13T15:21:54.599968+00:00,gpu0_correctness,0,ckpt_s1024_e1024,benchmark,65536,1024,1024,1,0,True,11272.01,4302.81,4302.81,4302.81,14.727
2026-05-13T15:22:09.327546+00:00,gpu0_correctness,0,ckpt_s2048_e1024,correctness,2048,2048,1024,1,0,True,,,,,9.459
2026-05-13T15:22:18.787332+00:00,gpu0_correctness,0,ckpt_s2048_e1024,correctness,8192,2048,1024,1,0,True,,,,,8.817
2026-05-13T15:22:27.604608+00:00,gpu0_correctness,0,ckpt_s2048_e1024,benchmark,8192,2048,1024,1,0,True,4153.66,453.66,453.66,453.66,11.958
2026-05-13T15:22:27.604608+00:00,gpu0_correctness,0,ckpt_s2048_e1024,benchmark,32768,2048,1024,1,0,True,6955.75,1958.07,1958.07,1958.07,11.958
2026-05-13T15:22:39.563234+00:00,gpu0_correctness,0,ckpt_s2048_e1024,benchmark,65536,2048,1024,1,0,True,11272.51,4346.06,4346.06,4346.06,14.484
2026-05-13T15:22:54.048280+00:00,gpu0_correctness,0,ckpt_s4096_e1024,correctness,2048,4096,1024,1,0,True,,,,,8.652
2026-05-13T15:23:02.700934+00:00,gpu0_correctness,0,ckpt_s4096_e1024,correctness,8192,4096,1024,1,0,True,,,,,9.210
2026-05-13T15:23:11.911465+00:00,gpu0_correctness,0,ckpt_s4096_e1024,benchmark,8192,4096,1024,1,0,True,4153.16,448.0,448.0,448.0,11.362
2026-05-13T15:23:11.911465+00:00,gpu0_correctness,0,ckpt_s4096_e1024,benchmark,32768,4096,1024,1,0,True,6955.25,1927.24,1927.24,1927.24,11.362
2026-05-13T15:23:23.273626+00:00,gpu0_correctness,0,ckpt_s4096_e1024,benchmark,65536,4096,1024,1,0,True,11272.51,4306.64,4306.64,4306.64,14.458
2026-05-13T15:23:37.732654+00:00,gpu0_correctness,0,ckpt_s2048_e2048,correctness,2048,2048,2048,1,0,True,,,,,9.502
2026-05-13T15:23:47.234797+00:00,gpu0_correctness,0,ckpt_s2048_e2048,correctness,8192,2048,2048,1,0,True,,,,,8.765
2026-05-13T15:23:56.000345+00:00,gpu0_correctness,0,ckpt_s2048_e2048,benchmark,8192,2048,2048,1,0,True,4133.78,239.59,239.59,239.59,9.662
2026-05-13T15:23:56.000345+00:00,gpu0_correctness,0,ckpt_s2048_e2048,benchmark,32768,2048,2048,1,0,True,6934.88,1046.86,1046.86,1046.86,9.662
2026-05-13T15:24:05.662877+00:00,gpu0_correctness,0,ckpt_s2048_e2048,benchmark,65536,2048,2048,1,0,True,11272.01,2149.97,2149.97,2149.97,10.839
2026-05-13T15:24:16.502494+00:00,gpu0_correctness,0,ckpt_s4096_e2048,correctness,2048,4096,2048,1,0,True,,,,,9.073
2026-05-13T15:24:25.575348+00:00,gpu0_correctness,0,ckpt_s4096_e2048,correctness,8192,4096,2048,1,0,True,,,,,8.975
2026-05-13T15:24:34.550257+00:00,gpu0_correctness,0,ckpt_s4096_e2048,benchmark,8192,4096,2048,1,0,True,4132.78,240.51,240.51,240.51,9.986
2026-05-13T15:24:34.550257+00:00,gpu0_correctness,0,ckpt_s4096_e2048,benchmark,32768,4096,2048,1,0,True,6934.88,1053.03,1053.03,1053.03,9.986
2026-05-13T15:24:44.536431+00:00,gpu0_correctness,0,ckpt_s4096_e2048,benchmark,65536,4096,2048,1,0,True,11272.01,2323.57,2323.57,2323.57,11.137
2026-05-13T15:24:55.673569+00:00,gpu0_correctness,0,ckpt_s8192_e2048,correctness,2048,8192,2048,1,0,True,,,,,8.733
2026-05-13T15:25:04.407164+00:00,gpu0_correctness,0,ckpt_s8192_e2048,correctness,8192,8192,2048,1,0,True,,,,,8.192
2026-05-13T15:25:12.599633+00:00,gpu0_correctness,0,ckpt_s8192_e2048,benchmark,8192,8192,2048,1,0,True,4132.78,216.92,216.92,216.92,9.177
2026-05-13T15:25:12.599633+00:00,gpu0_correctness,0,ckpt_s8192_e2048,benchmark,32768,8192,2048,1,0,True,6934.88,953.16,953.16,953.16,9.177
2026-05-13T15:25:21.777135+00:00,gpu0_correctness,0,ckpt_s8192_e2048,benchmark,65536,8192,2048,1,0,True,11272.01,2324.63,2324.63,2324.63,9.760
2026-05-13T15:25:31.538048+00:00,gpu0_correctness,0,ckpt_s4096_e4096,correctness,2048,4096,4096,1,0,True,,,,,8.910
2026-05-13T15:25:40.448040+00:00,gpu0_correctness,0,ckpt_s4096_e4096,correctness,8192,4096,4096,1,0,True,,,,,8.872
2026-05-13T15:25:49.320432+00:00,gpu0_correctness,0,ckpt_s4096_e4096,benchmark,8192,4096,4096,1,0,True,4092.77,141.34,141.34,141.34,8.368
2026-05-13T15:25:49.320432+00:00,gpu0_correctness,0,ckpt_s4096_e4096,benchmark,32768,4096,4096,1,0,True,6894.87,612.64,612.64,612.64,8.368
2026-05-13T15:25:57.688684+00:00,gpu0_correctness,0,ckpt_s4096_e4096,benchmark,65536,4096,4096,1,0,True,11272.01,1319.17,1319.17,1319.17,8.328
2026-05-13T15:26:06.017055+00:00,gpu0_correctness,0,ckpt_s8192_e4096,correctness,2048,8192,4096,1,0,True,,,,,8.734
2026-05-13T15:26:14.751097+00:00,gpu0_correctness,0,ckpt_s8192_e4096,correctness,8192,8192,4096,1,0,True,,,,,8.416
2026-05-13T15:26:23.167845+00:00,gpu0_correctness,0,ckpt_s8192_e4096,benchmark,8192,8192,4096,1,0,True,4092.77,302.96,302.96,302.96,8.640
2026-05-13T15:26:23.167845+00:00,gpu0_correctness,0,ckpt_s8192_e4096,benchmark,32768,8192,4096,1,0,True,6894.87,605.46,605.46,605.46,8.640
2026-05-13T15:26:31.808359+00:00,gpu0_correctness,0,ckpt_s8192_e4096,benchmark,65536,8192,4096,1,0,True,11272.01,1310.35,1310.35,1310.35,8.539
2026-05-13T15:26:40.348078+00:00,gpu0_correctness,0,ckpt_s16384_e4096,correctness,2048,16384,4096,1,0,True,,,,,8.651
2026-05-13T15:26:48.999647+00:00,gpu0_correctness,0,ckpt_s16384_e4096,correctness,8192,16384,4096,1,0,True,,,,,8.832
2026-05-13T15:26:57.832080+00:00,gpu0_correctness,0,ckpt_s16384_e4096,benchmark,8192,16384,4096,1,0,True,4092.77,285.72,285.72,285.72,8.489
2026-05-13T15:26:57.832080+00:00,gpu0_correctness,0,ckpt_s16384_e4096,benchmark,32768,16384,4096,1,0,True,6894.87,605.22,605.22,605.22,8.489
2026-05-13T15:27:06.321146+00:00,gpu0_correctness,0,ckpt_s16384_e4096,benchmark,65536,16384,4096,1,0,True,11272.01,1288.76,1288.76,1288.76,8.660
2026-05-13T15:27:14.981920+00:00,gpu0_correctness,0,ckpt_s8192_e8192,correctness,2048,8192,8192,1,0,True,,,,,8.658
2026-05-13T15:27:23.640501+00:00,gpu0_correctness,0,ckpt_s8192_e8192,correctness,8192,8192,8192,1,0,True,,,,,9.089
2026-05-13T15:27:32.730302+00:00,gpu0_correctness,0,ckpt_s8192_e8192,benchmark,8192,8192,8192,1,0,True,4012.63,94.45,94.45,94.45,7.678
2026-05-13T15:27:32.730302+00:00,gpu0_correctness,0,ckpt_s8192_e8192,benchmark,32768,8192,8192,1,0,True,6814.85,396.54,396.54,396.54,7.678
2026-05-13T15:27:40.408773+00:00,gpu0_correctness,0,ckpt_s8192_e8192,benchmark,65536,8192,8192,1,0,True,11272.01,846.86,846.86,846.86,7.098
2026-05-13T15:27:47.507436+00:00,gpu0_correctness,0,nocp_s2048_e2048,correctness,2048,2048,2048,0,0,True,,,,,7.351
2026-05-13T15:27:54.858262+00:00,gpu0_correctness,0,nocp_s2048_e2048,correctness,8192,2048,2048,0,0,True,,,,,7.423
2026-05-13T15:28:02.281423+00:00,gpu0_correctness,0,nocp_s2048_e2048,benchmark,8192,2048,2048,0,0,True,4526.78,227.91,227.91,227.91,8.636
2026-05-13T15:28:02.281423+00:00,gpu0_correctness,0,nocp_s2048_e2048,benchmark,32768,2048,2048,0,0,True,9474.38,1023.99,1023.99,1023.99,8.636
2026-05-13T15:28:10.917884+00:00,gpu0_correctness,0,nocp_s2048_e2048,benchmark,65536,2048,2048,0,0,True,17708.01,2205.47,2205.47,2205.47,9.775
2026-05-13T15:28:20.693904+00:00,gpu0_correctness,0,nocp_s4096_e2048,correctness,2048,4096,2048,0,0,True,,,,,7.668
2026-05-13T15:28:28.361922+00:00,gpu0_correctness,0,nocp_s4096_e2048,correctness,8192,4096,2048,0,0,True,,,,,8.021
2026-05-13T15:28:36.383045+00:00,gpu0_correctness,0,nocp_s4096_e2048,benchmark,8192,4096,2048,0,0,True,4527.66,235.06,235.06,235.06,8.710
2026-05-13T15:28:36.383045+00:00,gpu0_correctness,0,nocp_s4096_e2048,benchmark,32768,4096,2048,0,0,True,9473.26,1004.88,1004.88,1004.88,8.710
2026-05-13T15:28:45.093661+00:00,gpu0_correctness,0,nocp_s4096_e2048,benchmark,65536,4096,2048,0,0,True,17708.01,2199.81,2199.81,2199.81,9.875
2026-05-13T15:28:54.969539+00:00,gpu0_correctness,0,nocp_s4096_e4096,correctness,2048,4096,4096,0,0,True,,,,,7.753
2026-05-13T15:29:02.722424+00:00,gpu0_correctness,0,nocp_s4096_e4096,correctness,8192,4096,4096,0,0,True,,,,,8.042
2026-05-13T15:29:10.764520+00:00,gpu0_correctness,0,nocp_s4096_e4096,benchmark,8192,4096,4096,0,0,True,4428.77,131.49,131.49,131.49,7.907
2026-05-13T15:29:10.764520+00:00,gpu0_correctness,0,nocp_s4096_e4096,benchmark,32768,4096,4096,0,0,True,9328.38,599.11,599.11,599.11,7.907
2026-05-13T15:29:18.671920+00:00,gpu0_correctness,0,nocp_s4096_e4096,benchmark,65536,4096,4096,0,0,True,17416.01,1269.26,1269.26,1269.26,7.900
2026-05-13T15:29:26.572862+00:00,gpu0_correctness,0,nocp_s8192_e4096,correctness,2048,8192,4096,0,0,True,,,,,7.911
2026-05-13T15:29:34.484313+00:00,gpu0_correctness,0,nocp_s8192_e4096,correctness,8192,8192,4096,0,0,True,,,,,7.687
2026-05-13T15:29:42.171175+00:00,gpu0_correctness,0,nocp_s8192_e4096,benchmark,8192,8192,4096,0,0,True,4428.77,133.02,133.02,133.02,7.737
2026-05-13T15:29:42.171175+00:00,gpu0_correctness,0,nocp_s8192_e4096,benchmark,32768,8192,4096,0,0,True,9328.38,570.68,570.68,570.68,7.737
2026-05-13T15:29:49.908521+00:00,gpu0_correctness,0,nocp_s8192_e4096,benchmark,65536,8192,4096,0,0,True,17416.01,1255.24,1255.24,1255.24,7.650
2026-05-13T15:29:57.558937+00:00,gpu0_correctness,0,nocp_s8192_e8192,correctness,2048,8192,8192,0,0,True,,,,,7.492
2026-05-13T15:30:05.051591+00:00,gpu0_correctness,0,nocp_s8192_e8192,correctness,8192,8192,8192,0,0,True,,,,,8.331
2026-05-13T15:30:13.382430+00:00,gpu0_correctness,0,nocp_s8192_e8192,benchmark,8192,8192,8192,0,0,True,4300.63,85.55,85.55,85.55,7.607
2026-05-13T15:30:13.382430+00:00,gpu0_correctness,0,nocp_s8192_e8192,benchmark,32768,8192,8192,0,0,True,9328.38,363.77,363.77,363.77,7.607
2026-05-13T15:30:20.989485+00:00,gpu0_correctness,0,nocp_s8192_e8192,benchmark,65536,8192,8192,0,0,True,17416.01,734.51,734.51,734.51,6.896
2026-05-13T15:30:27.886479+00:00,gpu0_correctness,0,ckpt_s1024_e1024,correctness,2048,1024,1024,1,0,True,,,,,8.777
2026-05-13T15:30:36.663735+00:00,gpu0_correctness,0,ckpt_s1024_e1024,correctness,8192,1024,1024,1,0,True,,,,,9.224
2026-05-13T15:30:45.887933+00:00,gpu0_correctness,0,ckpt_s1024_e1024,benchmark,8192,1024,1024,1,0,True,4152.79,404.28,404.28,404.28,10.924
2026-05-13T15:30:45.887933+00:00,gpu0_correctness,0,ckpt_s1024_e1024,benchmark,32768,1024,1024,1,0,True,6954.88,1790.22,1790.22,1790.22,10.924
2026-05-13T15:30:56.811756+00:00,gpu0_correctness,0,ckpt_s1024_e1024,benchmark,65536,1024,1024,1,0,True,11272.01,3898.39,3898.39,3898.39,13.541
2026-05-13T15:31:10.353684+00:00,gpu0_correctness,0,ckpt_s2048_e1024,correctness,2048,2048,1024,1,0,True,,,,,8.817
2026-05-13T15:31:19.170578+00:00,gpu0_correctness,0,ckpt_s2048_e1024,correctness,8192,2048,1024,1,0,True,,,,,8.884
2026-05-13T15:31:28.054502+00:00,gpu0_correctness,0,ckpt_s2048_e1024,benchmark,8192,2048,1024,1,0,True,4153.66,491.66,491.66,491.66,12.251
2026-05-13T15:31:28.054502+00:00,gpu0_correctness,0,ckpt_s2048_e1024,benchmark,32768,2048,1024,1,0,True,6955.75,1979.31,1979.31,1979.31,12.251
2026-05-13T15:31:40.305423+00:00,gpu0_correctness,0,ckpt_s2048_e1024,benchmark,65536,2048,1024,1,0,True,11272.51,4303.63,4303.63,4303.63,14.484
2026-05-13T15:31:54.790292+00:00,gpu0_correctness,0,ckpt_s4096_e1024,correctness,2048,4096,1024,1,0,True,,,,,8.926
2026-05-13T15:32:03.716711+00:00,gpu0_correctness,0,ckpt_s4096_e1024,correctness,8192,4096,1024,1,0,True,,,,,9.373
2026-05-13T15:32:13.090318+00:00,gpu0_correctness,0,ckpt_s4096_e1024,benchmark,8192,4096,1024,1,0,True,4153.16,456.22,456.22,456.22,11.741
2026-05-13T15:32:13.090318+00:00,gpu0_correctness,0,ckpt_s4096_e1024,benchmark,32768,4096,1024,1,0,True,6955.25,1962.76,1962.76,1962.76,11.741
2026-05-13T15:32:24.831359+00:00,gpu0_correctness,0,ckpt_s4096_e1024,benchmark,65536,4096,1024,1,0,True,11272.51,4321.53,4321.53,4321.53,14.613
2026-05-13T15:32:39.444477+00:00,gpu0_correctness,0,ckpt_s2048_e2048,correctness,2048,2048,2048,1,0,True,,,,,9.184
2026-05-13T15:32:48.628443+00:00,gpu0_correctness,0,ckpt_s2048_e2048,correctness,8192,2048,2048,1,0,True,,,,,9.011
2026-05-13T15:32:57.640161+00:00,gpu0_correctness,0,ckpt_s2048_e2048,benchmark,8192,2048,2048,1,0,True,4133.78,248.41,248.41,248.41,10.022
2026-05-13T15:32:57.640161+00:00,gpu0_correctness,0,ckpt_s2048_e2048,benchmark,32768,2048,2048,1,0,True,6934.88,1066.61,1066.61,1066.61,10.022
2026-05-13T15:33:07.662273+00:00,gpu0_correctness,0,ckpt_s2048_e2048,benchmark,65536,2048,2048,1,0,True,11272.01,2324.32,2324.32,2324.32,11.219
2026-05-13T15:33:18.881465+00:00,gpu0_correctness,0,ckpt_s4096_e2048,correctness,2048,4096,2048,1,0,True,,,,,9.325
2026-05-13T15:33:28.207279+00:00,gpu0_correctness,0,ckpt_s4096_e2048,correctness,8192,4096,2048,1,0,True,,,,,8.862
2026-05-13T15:33:37.069319+00:00,gpu0_correctness,0,ckpt_s4096_e2048,benchmark,8192,4096,2048,1,0,True,4132.78,251.94,251.94,251.94,10.682
2026-05-13T15:33:37.069319+00:00,gpu0_correctness,0,ckpt_s4096_e2048,benchmark,32768,4096,2048,1,0,True,6934.88,1050.52,1050.52,1050.52,10.682
2026-05-13T15:33:47.751352+00:00,gpu0_correctness,0,ckpt_s4096_e2048,benchmark,65536,4096,2048,1,0,True,11272.01,2297.73,2297.73,2297.73,10.747
2026-05-13T15:33:58.498562+00:00,gpu0_correctness,0,ckpt_s8192_e2048,correctness,2048,8192,2048,1,0,True,,,,,9.240
2026-05-13T15:34:07.738887+00:00,gpu0_correctness,0,ckpt_s8192_e2048,correctness,8192,8192,2048,1,0,True,,,,,8.811
2026-05-13T15:34:16.550591+00:00,gpu0_correctness,0,ckpt_s8192_e2048,benchmark,8192,8192,2048,1,0,True,4132.78,252.04,252.04,252.04,10.088
2026-05-13T15:34:16.550591+00:00,gpu0_correctness,0,ckpt_s8192_e2048,benchmark,32768,8192,2048,1,0,True,6934.88,1062.73,1062.73,1062.73,10.088
2026-05-13T15:34:26.638561+00:00,gpu0_correctness,0,ckpt_s8192_e2048,benchmark,65536,8192,2048,1,0,True,11272.01,2304.66,2304.66,2304.66,11.136
2026-05-13T15:34:37.775598+00:00,gpu0_correctness,0,ckpt_s4096_e4096,correctness,2048,4096,4096,1,0,True,,,,,8.948
2026-05-13T15:34:46.723780+00:00,gpu0_correctness,0,ckpt_s4096_e4096,correctness,8192,4096,4096,1,0,True,,,,,8.953
2026-05-13T15:34:55.677446+00:00,gpu0_correctness,0,ckpt_s4096_e4096,benchmark,8192,4096,4096,1,0,True,4092.77,138.95,138.95,138.95,8.705
2026-05-13T15:34:55.677446+00:00,gpu0_correctness,0,ckpt_s4096_e4096,benchmark,32768,4096,4096,1,0,True,6894.87,593.3,593.3,593.3,8.705
2026-05-13T15:35:04.383135+00:00,gpu0_correctness,0,ckpt_s4096_e4096,benchmark,65536,4096,4096,1,0,True,11272.01,1322.48,1322.48,1322.48,8.829
2026-05-13T15:35:13.212483+00:00,gpu0_correctness,0,ckpt_s8192_e4096,correctness,2048,8192,4096,1,0,True,,,,,8.966
2026-05-13T15:35:22.178345+00:00,gpu0_correctness,0,ckpt_s8192_e4096,correctness,8192,8192,4096,1,0,True,,,,,8.674
2026-05-13T15:35:30.852333+00:00,gpu0_correctness,0,ckpt_s8192_e4096,benchmark,8192,8192,4096,1,0,True,4092.77,248.57,248.57,248.57,8.786
2026-05-13T15:35:30.852333+00:00,gpu0_correctness,0,ckpt_s8192_e4096,benchmark,32768,8192,4096,1,0,True,6894.87,608.16,608.16,608.16,8.786
2026-05-13T15:35:39.639062+00:00,gpu0_correctness,0,ckpt_s8192_e4096,benchmark,65536,8192,4096,1,0,True,11272.01,1299.33,1299.33,1299.33,8.390
2026-05-13T15:35:48.029858+00:00,gpu0_correctness,0,ckpt_s16384_e4096,correctness,2048,16384,4096,1,0,True,,,,,8.644
2026-05-13T15:35:56.673916+00:00,gpu0_correctness,0,ckpt_s16384_e4096,correctness,8192,16384,4096,1,0,True,,,,,9.035
2026-05-13T15:36:05.709676+00:00,gpu0_correctness,0,ckpt_s16384_e4096,benchmark,8192,16384,4096,1,0,True,4092.77,301.16,301.16,301.16,8.633
2026-05-13T15:36:05.709676+00:00,gpu0_correctness,0,ckpt_s16384_e4096,benchmark,32768,16384,4096,1,0,True,6894.87,588.86,588.86,588.86,8.633
2026-05-13T15:36:14.343397+00:00,gpu0_correctness,0,ckpt_s16384_e4096,benchmark,65536,16384,4096,1,0,True,11272.01,1283.78,1283.78,1283.78,9.561
2026-05-13T15:36:23.904500+00:00,gpu0_correctness,0,ckpt_s8192_e8192,correctness,2048,8192,8192,1,0,True,,,,,9.210
2026-05-13T15:36:33.115290+00:00,gpu0_correctness,0,ckpt_s8192_e8192,correctness,8192,8192,8192,1,0,True,,,,,9.379
2026-05-13T15:36:42.494308+00:00,gpu0_correctness,0,ckpt_s8192_e8192,benchmark,8192,8192,8192,1,0,True,4012.63,92.36,92.36,92.36,8.161
2026-05-13T15:36:42.494308+00:00,gpu0_correctness,0,ckpt_s8192_e8192,benchmark,32768,8192,8192,1,0,True,6814.85,391.71,391.71,391.71,8.161
2026-05-13T15:36:50.655422+00:00,gpu0_correctness,0,ckpt_s8192_e8192,benchmark,65536,8192,8192,1,0,True,11272.01,750.86,750.86,750.86,7.210
2026-05-13T15:36:57.866368+00:00,gpu0_correctness,0,nocp_s2048_e2048,correctness,2048,2048,2048,0,0,True,,,,,7.948
2026-05-13T15:37:05.814493+00:00,gpu0_correctness,0,nocp_s2048_e2048,correctness,8192,2048,2048,0,0,True,,,,,8.134
2026-05-13T15:37:13.948526+00:00,gpu0_correctness,0,nocp_s2048_e2048,benchmark,8192,2048,2048,0,0,True,4526.78,221.6,221.6,221.6,8.264
2026-05-13T15:37:13.948526+00:00,gpu0_correctness,0,nocp_s2048_e2048,benchmark,32768,2048,2048,0,0,True,9474.38,999.74,999.74,999.74,8.264
2026-05-13T15:37:22.213201+00:00,gpu0_correctness,0,nocp_s2048_e2048,benchmark,65536,2048,2048,0,0,True,17708.01,2218.24,2218.24,2218.24,9.283
2026-05-13T15:37:31.496742+00:00,gpu0_correctness,0,nocp_s4096_e2048,correctness,2048,4096,2048,0,0,True,,,,,8.032
2026-05-13T15:37:39.529456+00:00,gpu0_correctness,0,nocp_s4096_e2048,correctness,8192,4096,2048,0,0,True,,,,,7.534
2026-05-13T15:37:47.064130+00:00,gpu0_correctness,0,nocp_s4096_e2048,benchmark,8192,4096,2048,0,0,True,4527.66,236.65,236.65,236.65,8.353
2026-05-13T15:37:47.064130+00:00,gpu0_correctness,0,nocp_s4096_e2048,benchmark,32768,4096,2048,0,0,True,9473.26,989.3,989.3,989.3,8.353
2026-05-13T15:37:55.417385+00:00,gpu0_correctness,0,nocp_s4096_e2048,benchmark,65536,4096,2048,0,0,True,17708.01,2184.08,2184.08,2184.08,9.211
2026-05-13T15:38:04.628396+00:00,gpu0_correctness,0,nocp_s4096_e4096,correctness,2048,4096,4096,0,0,True,,,,,8.228
2026-05-13T15:38:12.856279+00:00,gpu0_correctness,0,nocp_s4096_e4096,correctness,8192,4096,4096,0,0,True,,,,,8.432
2026-05-13T15:38:21.288623+00:00,gpu0_correctness,0,nocp_s4096_e4096,benchmark,8192,4096,4096,0,0,True,4428.77,138.4,138.4,138.4,7.825
2026-05-13T15:38:21.288623+00:00,gpu0_correctness,0,nocp_s4096_e4096,benchmark,32768,4096,4096,0,0,True,9328.38,582.21,582.21,582.21,7.825
2026-05-13T15:38:29.114125+00:00,gpu0_correctness,0,nocp_s4096_e4096,benchmark,65536,4096,4096,0,0,True,17416.01,1272.38,1272.38,1272.38,7.928
2026-05-13T15:38:37.042632+00:00,gpu0_correctness,0,nocp_s8192_e4096,correctness,2048,8192,4096,0,0,True,,,,,8.262
2026-05-13T15:38:45.304659+00:00,gpu0_correctness,0,nocp_s8192_e4096,correctness,8192,8192,4096,0,0,True,,,,,7.968
2026-05-13T15:38:53.272858+00:00,gpu0_correctness,0,nocp_s8192_e4096,benchmark,8192,8192,4096,0,0,True,4428.77,132.36,132.36,132.36,7.796
2026-05-13T15:38:53.272858+00:00,gpu0_correctness,0,nocp_s8192_e4096,benchmark,32768,8192,4096,0,0,True,9328.38,572.7,572.7,572.7,7.796
2026-05-13T15:39:01.068768+00:00,gpu0_correctness,0,nocp_s8192_e4096,benchmark,65536,8192,4096,0,0,True,17416.01,1238.28,1238.28,1238.28,7.863
2026-05-13T15:39:08.931772+00:00,gpu0_correctness,0,nocp_s8192_e8192,correctness,2048,8192,8192,0,0,True,,,,,7.885
2026-05-13T15:39:16.817173+00:00,gpu0_correctness,0,nocp_s8192_e8192,correctness,8192,8192,8192,0,0,True,,,,,8.107
2026-05-13T15:39:24.924684+00:00,gpu0_correctness,0,nocp_s8192_e8192,benchmark,8192,8192,8192,0,0,True,4300.63,82.71,82.71,82.71,7.388
2026-05-13T15:39:24.924684+00:00,gpu0_correctness,0,nocp_s8192_e8192,benchmark,32768,8192,8192,0,0,True,9328.38,392.98,392.98,392.98,7.388
2026-05-13T15:39:32.313267+00:00,gpu0_correctness,0,nocp_s8192_e8192,benchmark,65536,8192,8192,0,0,True,17416.01,803.62,803.62,803.62,6.900
2026-05-13T15:39:39.213831+00:00,gpu0_correctness,0,ckpt_s1024_e1024,correctness,2048,1024,1024,1,0,True,,,,,8.669
2026-05-13T15:39:47.883577+00:00,gpu0_correctness,0,ckpt_s1024_e1024,correctness,8192,1024,1024,1,0,True,,,,,8.903
2026-05-13T15:39:56.786783+00:00,gpu0_correctness,0,ckpt_s1024_e1024,benchmark,8192,1024,1024,1,0,True,4152.79,451.13,451.13,451.13,12.174
2026-05-13T15:39:56.786783+00:00,gpu0_correctness,0,ckpt_s1024_e1024,benchmark,32768,1024,1024,1,0,True,6954.88,1970.77,1970.77,1970.77,12.174
2026-05-13T15:40:08.960942+00:00,gpu0_correctness,0,ckpt_s1024_e1024,benchmark,65536,1024,1024,1,0,True,11272.01,4405.37,4405.37,4405.37,14.734
2026-05-13T15:40:23.695528+00:00,gpu0_correctness,0,ckpt_s2048_e1024,correctness,2048,2048,1024,1,0,True,,,,,8.942
2026-05-13T15:40:32.638037+00:00,gpu0_correctness,0,ckpt_s2048_e1024,correctness,8192,2048,1024,1,0,True,,,,,8.777
2026-05-13T15:40:41.415244+00:00,gpu0_correctness,0,ckpt_s2048_e1024,benchmark,8192,2048,1024,1,0,True,4153.66,452.07,452.07,452.07,11.938
2026-05-13T15:40:41.415244+00:00,gpu0_correctness,0,ckpt_s2048_e1024,benchmark,32768,2048,1024,1,0,True,6955.75,1963.01,1963.01,1963.01,11.938
2026-05-13T15:40:53.353266+00:00,gpu0_correctness,0,ckpt_s2048_e1024,benchmark,65536,2048,1024,1,0,True,11272.51,4299.57,4299.57,4299.57,14.175
2026-05-13T15:41:07.529079+00:00,gpu0_correctness,0,ckpt_s4096_e1024,correctness,2048,4096,1024,1,0,True,,,,,8.836
2026-05-13T15:41:16.365466+00:00,gpu0_correctness,0,ckpt_s4096_e1024,correctness,8192,4096,1024,1,0,True,,,,,9.085
2026-05-13T15:41:25.450873+00:00,gpu0_correctness,0,ckpt_s4096_e1024,benchmark,8192,4096,1024,1,0,True,4153.16,448.97,448.97,448.97,11.970
2026-05-13T15:41:25.450873+00:00,gpu0_correctness,0,ckpt_s4096_e1024,benchmark,32768,4096,1024,1,0,True,6955.25,1972.47,1972.47,1972.47,11.970
2026-05-13T15:41:37.421254+00:00,gpu0_correctness,0,ckpt_s4096_e1024,benchmark,65536,4096,1024,1,0,True,11272.51,4358.29,4358.29,4358.29,14.594
2026-05-13T15:41:52.015722+00:00,gpu0_correctness,0,ckpt_s2048_e2048,correctness,2048,2048,2048,1,0,True,,,,,8.826
2026-05-13T15:42:00.842513+00:00,gpu0_correctness,0,ckpt_s2048_e2048,correctness,8192,2048,2048,1,0,True,,,,,9.162
2026-05-13T15:42:10.004784+00:00,gpu0_correctness,0,ckpt_s2048_e2048,benchmark,8192,2048,2048,1,0,True,4133.78,216.43,216.43,216.43,9.490
2026-05-13T15:42:10.004784+00:00,gpu0_correctness,0,ckpt_s2048_e2048,benchmark,32768,2048,2048,1,0,True,6934.88,969.25,969.25,969.25,9.490
2026-05-13T15:42:19.494641+00:00,gpu0_correctness,0,ckpt_s2048_e2048,benchmark,65536,2048,2048,1,0,True,11272.01,2307.05,2307.05,2307.05,10.986
2026-05-13T15:42:30.481629+00:00,gpu0_correctness,0,ckpt_s4096_e2048,correctness,2048,4096,2048,1,0,True,,,,,8.904
2026-05-13T15:42:39.386215+00:00,gpu0_correctness,0,ckpt_s4096_e2048,correctness,8192,4096,2048,1,0,True,,,,,9.031
2026-05-13T15:42:48.417443+00:00,gpu0_correctness,0,ckpt_s4096_e2048,benchmark,8192,4096,2048,1,0,True,4132.78,245.17,245.17,245.17,10.062
2026-05-13T15:42:48.417443+00:00,gpu0_correctness,0,ckpt_s4096_e2048,benchmark,32768,4096,2048,1,0,True,6934.88,1047.71,1047.71,1047.71,10.062
2026-05-13T15:42:58.479345+00:00,gpu0_correctness,0,ckpt_s4096_e2048,benchmark,65536,4096,2048,1,0,True,11272.01,2046.33,2046.33,2046.33,10.085
2026-05-13T15:43:08.564552+00:00,gpu0_correctness,0,ckpt_s8192_e2048,correctness,2048,8192,2048,1,0,True,,,,,8.959
2026-05-13T15:43:17.523617+00:00,gpu0_correctness,0,ckpt_s8192_e2048,correctness,8192,8192,2048,1,0,True,,,,,8.549
2026-05-13T15:43:26.072478+00:00,gpu0_correctness,0,ckpt_s8192_e2048,benchmark,8192,8192,2048,1,0,True,4132.78,235.02,235.02,235.02,9.846
2026-05-13T15:43:26.072478+00:00,gpu0_correctness,0,ckpt_s8192_e2048,benchmark,32768,8192,2048,1,0,True,6934.88,1038.42,1038.42,1038.42,9.846
2026-05-13T15:43:35.919330+00:00,gpu0_correctness,0,ckpt_s8192_e2048,benchmark,65536,8192,2048,1,0,True,11272.01,2269.64,2269.64,2269.64,10.814
2026-05-13T15:43:46.734037+00:00,gpu0_correctness,0,ckpt_s4096_e4096,correctness,2048,4096,4096,1,0,True,,,,,8.952
2026-05-13T15:43:55.686408+00:00,gpu0_correctness,0,ckpt_s4096_e4096,correctness,8192,4096,4096,1,0,True,,,,,9.000
2026-05-13T15:44:04.686520+00:00,gpu0_correctness,0,ckpt_s4096_e4096,benchmark,8192,4096,4096,1,0,True,4092.77,140.15,140.15,140.15,8.827
2026-05-13T15:44:04.686520+00:00,gpu0_correctness,0,ckpt_s4096_e4096,benchmark,32768,4096,4096,1,0,True,6894.87,602.21,602.21,602.21,8.827
2026-05-13T15:44:13.513960+00:00,gpu0_correctness,0,ckpt_s4096_e4096,benchmark,65536,4096,4096,1,0,True,11272.01,1308.69,1308.69,1308.69,8.453
2026-05-13T15:44:21.967226+00:00,gpu0_correctness,0,ckpt_s8192_e4096,correctness,2048,8192,4096,1,0,True,,,,,8.761
2026-05-13T15:44:30.728390+00:00,gpu0_correctness,0,ckpt_s8192_e4096,correctness,8192,8192,4096,1,0,True,,,,,8.860
2026-05-13T15:44:39.588706+00:00,gpu0_correctness,0,ckpt_s8192_e4096,benchmark,8192,8192,4096,1,0,True,4092.77,318.85,318.85,318.85,8.960
2026-05-13T15:44:39.588706+00:00,gpu0_correctness,0,ckpt_s8192_e4096,benchmark,32768,8192,4096,1,0,True,6894.87,607.84,607.84,607.84,8.960
2026-05-13T15:44:48.549571+00:00,gpu0_correctness,0,ckpt_s8192_e4096,benchmark,65536,8192,4096,1,0,True,11272.01,1310.68,1310.68,1310.68,8.373
2026-05-13T15:44:56.922698+00:00,gpu0_correctness,0,ckpt_s16384_e4096,correctness,2048,16384,4096,1,0,True,,,,,9.346
2026-05-13T15:45:06.269243+00:00,gpu0_correctness,0,ckpt_s16384_e4096,correctness,8192,16384,4096,1,0,True,,,,,9.125
2026-05-13T15:45:15.394142+00:00,gpu0_correctness,0,ckpt_s16384_e4096,benchmark,8192,16384,4096,1,0,True,4092.77,260.4,260.4,260.4,8.603
2026-05-13T15:45:15.394142+00:00,gpu0_correctness,0,ckpt_s16384_e4096,benchmark,32768,16384,4096,1,0,True,6894.87,597.91,597.91,597.91,8.603
2026-05-13T15:45:23.997574+00:00,gpu0_correctness,0,ckpt_s16384_e4096,benchmark,65536,16384,4096,1,0,True,11272.01,1308.24,1308.24,1308.24,8.182
2026-05-13T15:45:32.180491+00:00,gpu0_correctness,0,ckpt_s8192_e8192,correctness,2048,8192,8192,1,0,True,,,,,8.231
2026-05-13T15:45:40.412142+00:00,gpu0_correctness,0,ckpt_s8192_e8192,correctness,8192,8192,8192,1,0,True,,,,,8.438
2026-05-13T15:45:48.850859+00:00,gpu0_correctness,0,ckpt_s8192_e8192,benchmark,8192,8192,8192,1,0,True,4012.63,95.77,95.77,95.77,8.129
2026-05-13T15:45:48.850859+00:00,gpu0_correctness,0,ckpt_s8192_e8192,benchmark,32768,8192,8192,1,0,True,6814.85,388.56,388.56,388.56,8.129
2026-05-13T15:45:56.979938+00:00,gpu0_correctness,0,ckpt_s8192_e8192,benchmark,65536,8192,8192,1,0,True,11272.01,843.25,843.25,843.25,7.806
2026-05-13T15:46:04.786300+00:00,gpu0_correctness,0,nocp_s2048_e2048,correctness,2048,2048,2048,0,0,True,,,,,7.822
2026-05-13T15:46:12.609062+00:00,gpu0_correctness,0,nocp_s2048_e2048,correctness,8192,2048,2048,0,0,True,,,,,7.903
2026-05-13T15:46:20.512368+00:00,gpu0_correctness,0,nocp_s2048_e2048,benchmark,8192,2048,2048,0,0,True,4526.78,235.56,235.56,235.56,8.964
2026-05-13T15:46:20.512368+00:00,gpu0_correctness,0,nocp_s2048_e2048,benchmark,32768,2048,2048,0,0,True,9474.38,1016.83,1016.83,1016.83,8.964
2026-05-13T15:46:29.476796+00:00,gpu0_correctness,0,nocp_s2048_e2048,benchmark,65536,2048,2048,0,0,True,17708.01,2220.02,2220.02,2220.02,9.525
2026-05-13T15:46:39.002632+00:00,gpu0_correctness,0,nocp_s4096_e2048,correctness,2048,4096,2048,0,0,True,,,,,8.026
2026-05-13T15:46:47.029093+00:00,gpu0_correctness,0,nocp_s4096_e2048,correctness,8192,4096,2048,0,0,True,,,,,8.350
2026-05-13T15:46:55.379763+00:00,gpu0_correctness,0,nocp_s4096_e2048,benchmark,8192,4096,2048,0,0,True,4527.66,234.88,234.88,234.88,8.681
2026-05-13T15:46:55.379763+00:00,gpu0_correctness,0,nocp_s4096_e2048,benchmark,32768,4096,2048,0,0,True,9473.26,1002.4,1002.4,1002.4,8.681
2026-05-13T15:47:04.061529+00:00,gpu0_correctness,0,nocp_s4096_e2048,benchmark,65536,4096,2048,0,0,True,17708.01,2181.54,2181.54,2181.54,9.509
2026-05-13T15:47:13.571431+00:00,gpu0_correctness,0,nocp_s4096_e4096,correctness,2048,4096,4096,0,0,True,,,,,7.647
2026-05-13T15:47:21.219060+00:00,gpu0_correctness,0,nocp_s4096_e4096,correctness,8192,4096,4096,0,0,True,,,,,8.025
2026-05-13T15:47:29.244170+00:00,gpu0_correctness,0,nocp_s4096_e4096,benchmark,8192,4096,4096,0,0,True,4428.77,133.89,133.89,133.89,7.376
2026-05-13T15:47:29.244170+00:00,gpu0_correctness,0,nocp_s4096_e4096,benchmark,32768,4096,4096,0,0,True,9328.38,584.1,584.1,584.1,7.376
2026-05-13T15:47:36.620466+00:00,gpu0_correctness,0,nocp_s4096_e4096,benchmark,65536,4096,4096,0,0,True,17416.01,1265.37,1265.37,1265.37,7.835
2026-05-13T15:47:44.455839+00:00,gpu0_correctness,0,nocp_s8192_e4096,correctness,2048,8192,4096,0,0,True,,,,,7.970
2026-05-13T15:47:52.426335+00:00,gpu0_correctness,0,nocp_s8192_e4096,correctness,8192,8192,4096,0,0,True,,,,,7.852
2026-05-13T15:48:00.278283+00:00,gpu0_correctness,0,nocp_s8192_e4096,benchmark,8192,8192,4096,0,0,True,4428.77,126.03,126.03,126.03,7.680
2026-05-13T15:48:00.278283+00:00,gpu0_correctness,0,nocp_s8192_e4096,benchmark,32768,8192,4096,0,0,True,9328.38,605.61,605.61,605.61,7.680
2026-05-13T15:48:07.958612+00:00,gpu0_correctness,0,nocp_s8192_e4096,benchmark,65536,8192,4096,0,0,True,17416.01,1236.28,1236.28,1236.28,7.245
2026-05-13T15:48:15.204032+00:00,gpu0_correctness,0,nocp_s8192_e8192,correctness,2048,8192,8192,0,0,True,,,,,7.915
2026-05-13T15:48:23.119665+00:00,gpu0_correctness,0,nocp_s8192_e8192,correctness,8192,8192,8192,0,0,True,,,,,8.172
2026-05-13T15:48:31.292387+00:00,gpu0_correctness,0,nocp_s8192_e8192,benchmark,8192,8192,8192,0,0,True,4300.63,80.97,80.97,80.97,7.710
2026-05-13T15:48:31.292387+00:00,gpu0_correctness,0,nocp_s8192_e8192,benchmark,32768,8192,8192,0,0,True,9328.38,367.55,367.55,367.55,7.710
2026-05-13T15:48:39.002743+00:00,gpu0_correctness,0,nocp_s8192_e8192,benchmark,65536,8192,8192,0,0,True,17416.01,784.94,784.94,784.94,6.935
2026-05-13T15:48:45.937872+00:00,gpu0_correctness,0,ckpt_s1024_e1024,correctness,2048,1024,1024,1,0,True,,,,,9.505
2026-05-13T15:48:55.443041+00:00,gpu0_correctness,0,ckpt_s1024_e1024,correctness,8192,1024,1024,1,0,True,,,,,8.112
2026-05-13T15:49:03.555179+00:00,gpu0_correctness,0,ckpt_s1024_e1024,benchmark,8192,1024,1024,1,0,True,4152.79,403.92,403.92,403.92,11.148
2026-05-13T15:49:03.555179+00:00,gpu0_correctness,0,ckpt_s1024_e1024,benchmark,32768,1024,1024,1,0,True,6954.88,1770.86,1770.86,1770.86,11.148
2026-05-13T15:49:14.703868+00:00,gpu0_correctness,0,ckpt_s1024_e1024,benchmark,65536,1024,1024,1,0,True,11272.01,4388.24,4388.24,4388.24,14.168
2026-05-13T15:49:28.872653+00:00,gpu0_correctness,0,ckpt_s2048_e1024,correctness,2048,2048,1024,1,0,True,,,,,8.414
2026-05-13T15:49:37.286488+00:00,gpu0_correctness,0,ckpt_s2048_e1024,correctness,8192,2048,1024,1,0,True,,,,,9.478
2026-05-13T15:49:46.764552+00:00,gpu0_correctness,0,ckpt_s2048_e1024,benchmark,8192,2048,1024,1,0,True,4153.66,449.52,449.52,449.52,12.110
2026-05-13T15:49:46.764552+00:00,gpu0_correctness,0,ckpt_s2048_e1024,benchmark,32768,2048,1024,1,0,True,6955.75,1964.67,1964.67,1964.67,12.110
2026-05-13T15:49:58.875135+00:00,gpu0_correctness,0,ckpt_s2048_e1024,benchmark,65536,2048,1024,1,0,True,11272.51,4337.55,4337.55,4337.55,14.819
2026-05-13T15:50:13.694781+00:00,gpu0_correctness,0,ckpt_s4096_e1024,correctness,2048,4096,1024,1,0,True,,,,,8.543
2026-05-13T15:50:22.238278+00:00,gpu0_correctness,0,ckpt_s4096_e1024,correctness,8192,4096,1024,1,0,True,,,,,9.248
2026-05-13T15:50:31.486952+00:00,gpu0_correctness,0,ckpt_s4096_e1024,benchmark,8192,4096,1024,1,0,True,4153.16,462.75,462.75,462.75,11.799
2026-05-13T15:50:31.486952+00:00,gpu0_correctness,0,ckpt_s4096_e1024,benchmark,32768,4096,1024,1,0,True,6955.25,1931.18,1931.18,1931.18,11.799
2026-05-13T15:50:43.286648+00:00,gpu0_correctness,0,ckpt_s4096_e1024,benchmark,65536,4096,1024,1,0,True,11272.51,4309.25,4309.25,4309.25,14.558
2026-05-13T15:50:57.845192+00:00,gpu0_correctness,0,ckpt_s2048_e2048,correctness,2048,2048,2048,1,0,True,,,,,9.007
2026-05-13T15:51:06.852214+00:00,gpu0_correctness,0,ckpt_s2048_e2048,correctness,8192,2048,2048,1,0,True,,,,,9.078
2026-05-13T15:51:15.930695+00:00,gpu0_correctness,0,ckpt_s2048_e2048,benchmark,8192,2048,2048,1,0,True,4133.78,251.32,251.32,251.32,9.552
2026-05-13T15:51:15.930695+00:00,gpu0_correctness,0,ckpt_s2048_e2048,benchmark,32768,2048,2048,1,0,True,6934.88,1085.72,1085.72,1085.72,9.552
2026-05-13T15:51:25.483393+00:00,gpu0_correctness,0,ckpt_s2048_e2048,benchmark,65536,2048,2048,1,0,True,11272.01,2369.38,2369.38,2369.38,10.854
2026-05-13T15:51:36.338028+00:00,gpu0_correctness,0,ckpt_s4096_e2048,correctness,2048,4096,2048,1,0,True,,,,,8.726
2026-05-13T15:51:45.063863+00:00,gpu0_correctness,0,ckpt_s4096_e2048,correctness,8192,4096,2048,1,0,True,,,,,8.717
2026-05-13T15:51:53.781051+00:00,gpu0_correctness,0,ckpt_s4096_e2048,benchmark,8192,4096,2048,1,0,True,4132.78,245.59,245.59,245.59,9.734
2026-05-13T15:51:53.781051+00:00,gpu0_correctness,0,ckpt_s4096_e2048,benchmark,32768,4096,2048,1,0,True,6934.88,1065.81,1065.81,1065.81,9.734
2026-05-13T15:52:03.514908+00:00,gpu0_correctness,0,ckpt_s4096_e2048,benchmark,65536,4096,2048,1,0,True,11272.01,2276.44,2276.44,2276.44,10.736
2026-05-13T15:52:14.251638+00:00,gpu0_correctness,0,ckpt_s8192_e2048,correctness,2048,8192,2048,1,0,True,,,,,8.983
2026-05-13T15:52:23.235216+00:00,gpu0_correctness,0,ckpt_s8192_e2048,correctness,8192,8192,2048,1,0,True,,,,,9.245
2026-05-13T15:52:32.480869+00:00,gpu0_correctness,0,ckpt_s8192_e2048,benchmark,8192,8192,2048,1,0,True,4132.78,244.82,244.82,244.82,9.557
2026-05-13T15:52:32.480869+00:00,gpu0_correctness,0,ckpt_s8192_e2048,benchmark,32768,8192,2048,1,0,True,6934.88,1045.97,1045.97,1045.97,9.557
2026-05-13T15:52:42.038682+00:00,gpu0_correctness,0,ckpt_s8192_e2048,benchmark,65536,8192,2048,1,0,True,11272.01,2315.19,2315.19,2315.19,10.715
2026-05-13T15:52:52.753819+00:00,gpu0_correctness,0,ckpt_s4096_e4096,correctness,2048,4096,4096,1,0,True,,,,,8.396
2026-05-13T15:53:01.150581+00:00,gpu0_correctness,0,ckpt_s4096_e4096,correctness,8192,4096,4096,1,0,True,,,,,8.304
2026-05-13T15:53:09.454617+00:00,gpu0_correctness,0,ckpt_s4096_e4096,benchmark,8192,4096,4096,1,0,True,4092.77,136.6,136.6,136.6,8.684
2026-05-13T15:53:09.454617+00:00,gpu0_correctness,0,ckpt_s4096_e4096,benchmark,32768,4096,4096,1,0,True,6894.87,638.55,638.55,638.55,8.684
2026-05-13T15:53:18.138697+00:00,gpu0_correctness,0,ckpt_s4096_e4096,benchmark,65536,4096,4096,1,0,True,11272.01,1323.26,1323.26,1323.26,8.831
2026-05-13T15:53:26.970463+00:00,gpu0_correctness,0,ckpt_s8192_e4096,correctness,2048,8192,4096,1,0,True,,,,,8.664
2026-05-13T15:53:35.634316+00:00,gpu0_correctness,0,ckpt_s8192_e4096,correctness,8192,8192,4096,1,0,True,,,,,8.545
2026-05-13T15:53:44.180131+00:00,gpu0_correctness,0,ckpt_s8192_e4096,benchmark,8192,8192,4096,1,0,True,4092.77,289.89,289.89,289.89,8.691
2026-05-13T15:53:44.180131+00:00,gpu0_correctness,0,ckpt_s8192_e4096,benchmark,32768,8192,4096,1,0,True,6894.87,605.52,605.52,605.52,8.691
2026-05-13T15:53:52.871972+00:00,gpu0_correctness,0,ckpt_s8192_e4096,benchmark,65536,8192,4096,1,0,True,11272.01,1288.97,1288.97,1288.97,8.434
2026-05-13T15:54:01.306649+00:00,gpu0_correctness,0,ckpt_s16384_e4096,correctness,2048,16384,4096,1,0,True,,,,,9.804
2026-05-13T15:54:11.111285+00:00,gpu0_correctness,0,ckpt_s16384_e4096,correctness,8192,16384,4096,1,0,True,,,,,8.023
2026-05-13T15:54:19.134789+00:00,gpu0_correctness,0,ckpt_s16384_e4096,benchmark,8192,16384,4096,1,0,True,4092.77,260.13,260.13,260.13,8.940
2026-05-13T15:54:19.134789+00:00,gpu0_correctness,0,ckpt_s16384_e4096,benchmark,32768,16384,4096,1,0,True,6894.87,600.27,600.27,600.27,8.940
2026-05-13T15:54:28.075436+00:00,gpu0_correctness,0,ckpt_s16384_e4096,benchmark,65536,16384,4096,1,0,True,11272.01,1294.63,1294.63,1294.63,9.099
2026-05-13T15:54:37.174491+00:00,gpu0_correctness,0,ckpt_s8192_e8192,correctness,2048,8192,8192,1,0,True,,,,,9.586
2026-05-13T15:54:46.761119+00:00,gpu0_correctness,0,ckpt_s8192_e8192,correctness,8192,8192,8192,1,0,True,,,,,9.381
2026-05-13T15:54:56.142620+00:00,gpu0_correctness,0,ckpt_s8192_e8192,benchmark,8192,8192,8192,1,0,True,4012.63,83.74,83.74,83.74,7.454
2026-05-13T15:54:56.142620+00:00,gpu0_correctness,0,ckpt_s8192_e8192,benchmark,32768,8192,8192,1,0,True,6814.85,352.3,352.3,352.3,7.454
2026-05-13T15:55:03.597328+00:00,gpu0_correctness,0,ckpt_s8192_e8192,benchmark,65536,8192,8192,1,0,True,11272.01,748.65,748.65,748.65,6.811
2026-05-13T15:55:10.408967+00:00,gpu0_correctness,0,nocp_s2048_e2048,correctness,2048,2048,2048,0,0,True,,,,,7.047
2026-05-13T15:55:17.456399+00:00,gpu0_correctness,0,nocp_s2048_e2048,correctness,8192,2048,2048,0,0,True,,,,,7.227
2026-05-13T15:55:24.683374+00:00,gpu0_correctness,0,nocp_s2048_e2048,benchmark,8192,2048,2048,0,0,True,4526.78,237.13,237.13,237.13,8.708
2026-05-13T15:55:24.683374+00:00,gpu0_correctness,0,nocp_s2048_e2048,benchmark,32768,2048,2048,0,0,True,9474.38,997.55,997.55,997.55,8.708
2026-05-13T15:55:33.391619+00:00,gpu0_correctness,0,nocp_s2048_e2048,benchmark,65536,2048,2048,0,0,True,17708.01,2195.41,2195.41,2195.41,9.552
2026-05-13T15:55:42.944171+00:00,gpu0_correctness,0,nocp_s4096_e2048,correctness,2048,4096,2048,0,0,True,,,,,8.028
2026-05-13T15:55:50.972396+00:00,gpu0_correctness,0,nocp_s4096_e2048,correctness,8192,4096,2048,0,0,True,,,,,8.499
2026-05-13T15:55:59.471944+00:00,gpu0_correctness,0,nocp_s4096_e2048,benchmark,8192,4096,2048,0,0,True,4527.66,234.73,234.73,234.73,8.640
2026-05-13T15:55:59.471944+00:00,gpu0_correctness,0,nocp_s4096_e2048,benchmark,32768,4096,2048,0,0,True,9473.26,1012.2,1012.2,1012.2,8.640
2026-05-13T15:56:08.112121+00:00,gpu0_correctness,0,nocp_s4096_e2048,benchmark,65536,4096,2048,0,0,True,17708.01,2181.83,2181.83,2181.83,9.853
2026-05-13T15:56:17.965831+00:00,gpu0_correctness,0,nocp_s4096_e4096,correctness,2048,4096,4096,0,0,True,,,,,7.966
2026-05-13T15:56:25.932525+00:00,gpu0_correctness,0,nocp_s4096_e4096,correctness,8192,4096,4096,0,0,True,,,,,8.323
2026-05-13T15:56:34.256284+00:00,gpu0_correctness,0,nocp_s4096_e4096,benchmark,8192,4096,4096,0,0,True,4428.77,130.48,130.48,130.48,8.176
2026-05-13T15:56:34.256284+00:00,gpu0_correctness,0,nocp_s4096_e4096,benchmark,32768,4096,4096,0,0,True,9328.38,585.71,585.71,585.71,8.176
2026-05-13T15:56:42.432577+00:00,gpu0_correctness,0,nocp_s4096_e4096,benchmark,65536,4096,4096,0,0,True,17416.01,1238.29,1238.29,1238.29,7.765
2026-05-13T15:56:50.197608+00:00,gpu0_correctness,0,nocp_s8192_e4096,correctness,2048,8192,4096,0,0,True,,,,,7.983
2026-05-13T15:56:58.180427+00:00,gpu0_correctness,0,nocp_s8192_e4096,correctness,8192,8192,4096,0,0,True,,,,,8.056
2026-05-13T15:57:06.236283+00:00,gpu0_correctness,0,nocp_s8192_e4096,benchmark,8192,8192,4096,0,0,True,4428.77,132.71,132.71,132.71,7.509
2026-05-13T15:57:06.236283+00:00,gpu0_correctness,0,nocp_s8192_e4096,benchmark,32768,8192,4096,0,0,True,9328.38,580.06,580.06,580.06,7.509
2026-05-13T15:57:13.745647+00:00,gpu0_correctness,0,nocp_s8192_e4096,benchmark,65536,8192,4096,0,0,True,17416.01,1241.3,1241.3,1241.3,7.366
2026-05-13T15:57:21.112621+00:00,gpu0_correctness,0,nocp_s8192_e8192,correctness,2048,8192,8192,0,0,True,,,,,8.116
2026-05-13T15:57:29.228443+00:00,gpu0_correctness,0,nocp_s8192_e8192,correctness,8192,8192,8192,0,0,True,,,,,8.012
2026-05-13T15:57:37.240749+00:00,gpu0_correctness,0,nocp_s8192_e8192,benchmark,8192,8192,8192,0,0,True,4300.63,85.48,85.48,85.48,6.958
2026-05-13T15:57:37.240749+00:00,gpu0_correctness,0,nocp_s8192_e8192,benchmark,32768,8192,8192,0,0,True,9328.38,365.0,365.0,365.0,6.958
2026-05-13T15:57:44.198674+00:00,gpu0_correctness,0,nocp_s8192_e8192,benchmark,65536,8192,8192,0,0,True,17416.01,792.33,792.33,792.33,7.030
2026-05-13T15:57:51.229497+00:00,gpu0_correctness,0,ckpt_s1024_e1024,correctness,2048,1024,1024,1,0,True,,,,,9.237
2026-05-13T15:58:00.466610+00:00,gpu0_correctness,0,ckpt_s1024_e1024,correctness,8192,1024,1024,1,0,True,,,,,9.118
2026-05-13T15:58:09.585411+00:00,gpu0_correctness,0,ckpt_s1024_e1024,benchmark,8192,1024,1024,1,0,True,4152.79,457.54,457.54,457.54,12.027
2026-05-13T15:58:09.585411+00:00,gpu0_correctness,0,ckpt_s1024_e1024,benchmark,32768,1024,1024,1,0,True,6954.88,1970.19,1970.19,1970.19,12.027
2026-05-13T15:58:21.613257+00:00,gpu0_correctness,0,ckpt_s1024_e1024,benchmark,65536,1024,1024,1,0,True,11272.01,4426.73,4426.73,4426.73,15.653
2026-05-13T15:58:37.267325+00:00,gpu0_correctness,0,ckpt_s2048_e1024,correctness,2048,2048,1024,1,0,True,,,,,9.207
2026-05-13T15:58:46.474493+00:00,gpu0_correctness,0,ckpt_s2048_e1024,correctness,8192,2048,1024,1,0,True,,,,,9.246
2026-05-13T15:58:55.720329+00:00,gpu0_correctness,0,ckpt_s2048_e1024,benchmark,8192,2048,1024,1,0,True,4153.66,458.55,458.55,458.55,12.086
2026-05-13T15:58:55.720329+00:00,gpu0_correctness,0,ckpt_s2048_e1024,benchmark,32768,2048,1024,1,0,True,6955.75,1981.71,1981.71,1981.71,12.086
2026-05-13T15:59:07.806346+00:00,gpu0_correctness,0,ckpt_s2048_e1024,benchmark,65536,2048,1024,1,0,True,11272.51,4287.88,4287.88,4287.88,14.218
2026-05-13T15:59:22.025024+00:00,gpu0_correctness,0,ckpt_s4096_e1024,correctness,2048,4096,1024,1,0,True,,,,,8.984
2026-05-13T15:59:31.009799+00:00,gpu0_correctness,0,ckpt_s4096_e1024,correctness,8192,4096,1024,1,0,True,,,,,8.579
2026-05-13T15:59:39.589460+00:00,gpu0_correctness,0,ckpt_s4096_e1024,benchmark,8192,4096,1024,1,0,True,4153.16,453.77,453.77,453.77,11.989
2026-05-13T15:59:39.589460+00:00,gpu0_correctness,0,ckpt_s4096_e1024,benchmark,32768,4096,1024,1,0,True,6955.25,2006.12,2006.12,2006.12,11.989
2026-05-13T15:59:51.578596+00:00,gpu0_correctness,0,ckpt_s4096_e1024,benchmark,65536,4096,1024,1,0,True,11272.51,4256.84,4256.84,4256.84,14.582
2026-05-13T16:00:06.161615+00:00,gpu0_correctness,0,ckpt_s2048_e2048,correctness,2048,2048,2048,1,0,True,,,,,8.860
2026-05-13T16:00:15.022296+00:00,gpu0_correctness,0,ckpt_s2048_e2048,correctness,8192,2048,2048,1,0,True,,,,,9.033
2026-05-13T16:00:24.055693+00:00,gpu0_correctness,0,ckpt_s2048_e2048,benchmark,8192,2048,2048,1,0,True,4133.78,241.27,241.27,241.27,9.851
2026-05-13T16:00:24.055693+00:00,gpu0_correctness,0,ckpt_s2048_e2048,benchmark,32768,2048,2048,1,0,True,6934.88,1049.55,1049.55,1049.55,9.851
2026-05-13T16:00:33.907183+00:00,gpu0_correctness,0,ckpt_s2048_e2048,benchmark,65536,2048,2048,1,0,True,11272.01,2334.85,2334.85,2334.85,11.379
2026-05-13T16:00:45.286923+00:00,gpu0_correctness,0,ckpt_s4096_e2048,correctness,2048,4096,2048,1,0,True,,,,,8.820
2026-05-13T16:00:54.106905+00:00,gpu0_correctness,0,ckpt_s4096_e2048,correctness,8192,4096,2048,1,0,True,,,,,8.680
2026-05-13T16:01:02.787524+00:00,gpu0_correctness,0,ckpt_s4096_e2048,benchmark,8192,4096,2048,1,0,True,4132.78,246.08,246.08,246.08,9.994
2026-05-13T16:01:02.787524+00:00,gpu0_correctness,0,ckpt_s4096_e2048,benchmark,32768,4096,2048,1,0,True,6934.88,1055.5,1055.5,1055.5,9.994
2026-05-13T16:01:12.781778+00:00,gpu0_correctness,0,ckpt_s4096_e2048,benchmark,65536,4096,2048,1,0,True,11272.01,2062.54,2062.54,2062.54,10.421
2026-05-13T16:01:23.203151+00:00,gpu0_correctness,0,ckpt_s8192_e2048,correctness,2048,8192,2048,1,0,True,,,,,8.803
2026-05-13T16:01:32.006351+00:00,gpu0_correctness,0,ckpt_s8192_e2048,correctness,8192,8192,2048,1,0,True,,,,,8.454
2026-05-13T16:01:40.461188+00:00,gpu0_correctness,0,ckpt_s8192_e2048,benchmark,8192,8192,2048,1,0,True,4132.78,252.38,252.38,252.38,9.752
2026-05-13T16:01:40.461188+00:00,gpu0_correctness,0,ckpt_s8192_e2048,benchmark,32768,8192,2048,1,0,True,6934.88,1062.3,1062.3,1062.3,9.752
2026-05-13T16:01:50.213469+00:00,gpu0_correctness,0,ckpt_s8192_e2048,benchmark,65536,8192,2048,1,0,True,11272.01,2336.49,2336.49,2336.49,10.954
2026-05-13T16:02:01.167555+00:00,gpu0_correctness,0,ckpt_s4096_e4096,correctness,2048,4096,4096,1,0,True,,,,,8.757
2026-05-13T16:02:09.924723+00:00,gpu0_correctness,0,ckpt_s4096_e4096,correctness,8192,4096,4096,1,0,True,,,,,8.958
2026-05-13T16:02:18.882580+00:00,gpu0_correctness,0,ckpt_s4096_e4096,benchmark,8192,4096,4096,1,0,True,4092.77,149.13,149.13,149.13,8.818
2026-05-13T16:02:18.882580+00:00,gpu0_correctness,0,ckpt_s4096_e4096,benchmark,32768,4096,4096,1,0,True,6894.87,619.03,619.03,619.03,8.818
2026-05-13T16:02:27.701435+00:00,gpu0_correctness,0,ckpt_s4096_e4096,benchmark,65536,4096,4096,1,0,True,11272.01,1320.4,1320.4,1320.4,8.891
2026-05-13T16:02:36.592930+00:00,gpu0_correctness,0,ckpt_s8192_e4096,correctness,2048,8192,4096,1,0,True,,,,,9.305
2026-05-13T16:02:45.898527+00:00,gpu0_correctness,0,ckpt_s8192_e4096,correctness,8192,8192,4096,1,0,True,,,,,9.071
2026-05-13T16:02:54.969421+00:00,gpu0_correctness,0,ckpt_s8192_e4096,benchmark,8192,8192,4096,1,0,True,4092.77,265.17,265.17,265.17,8.134
2026-05-13T16:02:54.969421+00:00,gpu0_correctness,0,ckpt_s8192_e4096,benchmark,32768,8192,4096,1,0,True,6894.87,592.13,592.13,592.13,8.134
2026-05-13T16:03:03.103566+00:00,gpu0_correctness,0,ckpt_s8192_e4096,benchmark,65536,8192,4096,1,0,True,11272.01,1309.42,1309.42,1309.42,8.694
2026-05-13T16:03:11.798236+00:00,gpu0_correctness,0,ckpt_s16384_e4096,correctness,2048,16384,4096,1,0,True,,,,,8.861
2026-05-13T16:03:20.659722+00:00,gpu0_correctness,0,ckpt_s16384_e4096,correctness,8192,16384,4096,1,0,True,,,,,9.187
2026-05-13T16:03:29.847327+00:00,gpu0_correctness,0,ckpt_s16384_e4096,benchmark,8192,16384,4096,1,0,True,4092.77,318.37,318.37,318.37,8.583
2026-05-13T16:03:29.847327+00:00,gpu0_correctness,0,ckpt_s16384_e4096,benchmark,32768,16384,4096,1,0,True,6894.87,592.91,592.91,592.91,8.583
2026-05-13T16:03:38.431170+00:00,gpu0_correctness,0,ckpt_s16384_e4096,benchmark,65536,16384,4096,1,0,True,11272.01,1294.32,1294.32,1294.32,8.659
2026-05-13T16:03:47.090703+00:00,gpu0_correctness,0,ckpt_s8192_e8192,correctness,2048,8192,8192,1,0,True,,,,,8.802
2026-05-13T16:03:55.892761+00:00,gpu0_correctness,0,ckpt_s8192_e8192,correctness,8192,8192,8192,1,0,True,,,,,9.181
2026-05-13T16:04:05.074533+00:00,gpu0_correctness,0,ckpt_s8192_e8192,benchmark,8192,8192,8192,1,0,True,4012.63,92.66,92.66,92.66,8.241
2026-05-13T16:04:05.074533+00:00,gpu0_correctness,0,ckpt_s8192_e8192,benchmark,32768,8192,8192,1,0,True,6814.85,389.02,389.02,389.02,8.241
2026-05-13T16:04:13.315793+00:00,gpu0_correctness,0,ckpt_s8192_e8192,benchmark,65536,8192,8192,1,0,True,11272.01,839.01,839.01,839.01,7.833
2026-05-13T16:04:21.149281+00:00,gpu0_correctness,0,nocp_s2048_e2048,correctness,2048,2048,2048,0,0,True,,,,,8.124
2026-05-13T16:04:29.273529+00:00,gpu0_correctness,0,nocp_s2048_e2048,correctness,8192,2048,2048,0,0,True,,,,,7.950
2026-05-13T16:04:37.223809+00:00,gpu0_correctness,0,nocp_s2048_e2048,benchmark,8192,2048,2048,0,0,True,4526.78,225.79,225.79,225.79,8.546
2026-05-13T16:04:37.223809+00:00,gpu0_correctness,0,nocp_s2048_e2048,benchmark,32768,2048,2048,0,0,True,9474.38,997.81,997.81,997.81,8.546
2026-05-13T16:04:45.770573+00:00,gpu0_correctness,0,nocp_s2048_e2048,benchmark,65536,2048,2048,0,0,True,17708.01,2218.72,2218.72,2218.72,9.508
2026-05-13T16:04:55.278828+00:00,gpu0_correctness,0,nocp_s4096_e2048,correctness,2048,4096,2048,0,0,True,,,,,7.576
2026-05-13T16:05:02.854885+00:00,gpu0_correctness,0,nocp_s4096_e2048,correctness,8192,4096,2048,0,0,True,,,,,8.030
2026-05-13T16:05:10.885681+00:00,gpu0_correctness,0,nocp_s4096_e2048,benchmark,8192,4096,2048,0,0,True,4527.66,226.28,226.28,226.28,8.744
2026-05-13T16:05:10.885681+00:00,gpu0_correctness,0,nocp_s4096_e2048,benchmark,32768,4096,2048,0,0,True,9473.26,1005.02,1005.02,1005.02,8.744
2026-05-13T16:05:19.630535+00:00,gpu0_correctness,0,nocp_s4096_e2048,benchmark,65536,4096,2048,0,0,True,17708.01,2184.31,2184.31,2184.31,9.618
2026-05-13T16:05:29.249478+00:00,gpu0_correctness,0,nocp_s4096_e4096,correctness,2048,4096,4096,0,0,True,,,,,8.038
2026-05-13T16:05:37.287814+00:00,gpu0_correctness,0,nocp_s4096_e4096,correctness,8192,4096,4096,0,0,True,,,,,7.784
2026-05-13T16:05:45.072148+00:00,gpu0_correctness,0,nocp_s4096_e4096,benchmark,8192,4096,4096,0,0,True,4428.77,131.06,131.06,131.06,7.792
2026-05-13T16:05:45.072148+00:00,gpu0_correctness,0,nocp_s4096_e4096,benchmark,32768,4096,4096,0,0,True,9328.38,583.41,583.41,583.41,7.792
2026-05-13T16:05:52.864151+00:00,gpu0_correctness,0,nocp_s4096_e4096,benchmark,65536,4096,4096,0,0,True,17416.01,1270.67,1270.67,1270.67,7.552
2026-05-13T16:06:00.416613+00:00,gpu0_correctness,0,nocp_s8192_e4096,correctness,2048,8192,4096,0,0,True,,,,,8.222
2026-05-13T16:06:08.638745+00:00,gpu0_correctness,0,nocp_s8192_e4096,correctness,8192,8192,4096,0,0,True,,,,,8.002
2026-05-13T16:06:16.641268+00:00,gpu0_correctness,0,nocp_s8192_e4096,benchmark,8192,8192,4096,0,0,True,4428.77,130.78,130.78,130.78,7.867
2026-05-13T16:06:16.641268+00:00,gpu0_correctness,0,nocp_s8192_e4096,benchmark,32768,8192,4096,0,0,True,9328.38,573.79,573.79,573.79,7.867
2026-05-13T16:06:24.508676+00:00,gpu0_correctness,0,nocp_s8192_e4096,benchmark,65536,8192,4096,0,0,True,17416.01,1239.17,1239.17,1239.17,7.972
2026-05-13T16:06:32.481150+00:00,gpu0_correctness,0,nocp_s8192_e8192,correctness,2048,8192,8192,0,0,True,,,,,7.800
2026-05-13T16:06:40.281436+00:00,gpu0_correctness,0,nocp_s8192_e8192,correctness,8192,8192,8192,0,0,True,,,,,8.201
2026-05-13T16:06:48.482453+00:00,gpu0_correctness,0,nocp_s8192_e8192,benchmark,8192,8192,8192,0,0,True,4300.63,85.07,85.07,85.07,7.157
2026-05-13T16:06:48.482453+00:00,gpu0_correctness,0,nocp_s8192_e8192,benchmark,32768,8192,8192,0,0,True,9328.38,367.0,367.0,367.0,7.157
2026-05-13T16:06:55.639625+00:00,gpu0_correctness,0,nocp_s8192_e8192,benchmark,65536,8192,8192,0,0,True,17416.01,701.23,701.23,701.23,6.666
2026-05-13T16:07:02.305804+00:00,gpu0_correctness,0,ckpt_s1024_e1024,correctness,2048,1024,1024,1,0,True,,,,,8.831
2026-05-13T16:07:11.137356+00:00,gpu0_correctness,0,ckpt_s1024_e1024,correctness,8192,1024,1024,1,0,True,,,,,8.624
2026-05-13T16:07:19.761271+00:00,gpu0_correctness,0,ckpt_s1024_e1024,benchmark,8192,1024,1024,1,0,True,4152.79,437.06,437.06,437.06,11.827
2026-05-13T16:07:19.761271+00:00,gpu0_correctness,0,ckpt_s1024_e1024,benchmark,32768,1024,1024,1,0,True,6954.88,2033.17,2033.17,2033.17,11.827
2026-05-13T16:07:31.588332+00:00,gpu0_correctness,0,ckpt_s1024_e1024,benchmark,65536,1024,1024,1,0,True,11272.01,4414.0,4414.0,4414.0,14.724
2026-05-13T16:07:46.313185+00:00,gpu0_correctness,0,ckpt_s2048_e1024,correctness,2048,2048,1024,1,0,True,,,,,8.305
2026-05-13T16:07:54.618801+00:00,gpu0_correctness,0,ckpt_s2048_e1024,correctness,8192,2048,1024,1,0,True,,,,,9.271
2026-05-13T16:08:03.890334+00:00,gpu0_correctness,0,ckpt_s2048_e1024,benchmark,8192,2048,1024,1,0,True,4153.66,442.44,442.44,442.44,12.188
2026-05-13T16:08:03.890334+00:00,gpu0_correctness,0,ckpt_s2048_e1024,benchmark,32768,2048,1024,1,0,True,6955.75,1944.63,1944.63,1944.63,12.188
2026-05-13T16:08:16.078294+00:00,gpu0_correctness,0,ckpt_s2048_e1024,benchmark,65536,2048,1024,1,0,True,11272.51,4339.48,4339.48,4339.48,14.642
2026-05-13T16:08:30.720579+00:00,gpu0_correctness,0,ckpt_s4096_e1024,correctness,2048,4096,1024,1,0,True,,,,,8.990
2026-05-13T16:08:39.710734+00:00,gpu0_correctness,0,ckpt_s4096_e1024,correctness,8192,4096,1024,1,0,True,,,,,8.535
2026-05-13T16:08:48.246363+00:00,gpu0_correctness,0,ckpt_s4096_e1024,benchmark,8192,4096,1024,1,0,True,4153.16,451.89,451.89,451.89,12.097
2026-05-13T16:08:48.246363+00:00,gpu0_correctness,0,ckpt_s4096_e1024,benchmark,32768,4096,1024,1,0,True,6955.25,1978.18,1978.18,1978.18,12.097
2026-05-13T16:09:00.343517+00:00,gpu0_correctness,0,ckpt_s4096_e1024,benchmark,65536,4096,1024,1,0,True,11272.51,4337.82,4337.82,4337.82,14.811
2026-05-13T16:09:15.155292+00:00,gpu0_correctness,0,ckpt_s2048_e2048,correctness,2048,2048,2048,1,0,True,,,,,8.756
2026-05-13T16:09:23.912116+00:00,gpu0_correctness,0,ckpt_s2048_e2048,correctness,8192,2048,2048,1,0,True,,,,,9.130
2026-05-13T16:09:33.042253+00:00,gpu0_correctness,0,ckpt_s2048_e2048,benchmark,8192,2048,2048,1,0,True,4133.78,251.2,251.2,251.2,9.515
2026-05-13T16:09:33.042253+00:00,gpu0_correctness,0,ckpt_s2048_e2048,benchmark,32768,2048,2048,1,0,True,6934.88,1072.59,1072.59,1072.59,9.515
2026-05-13T16:09:42.557236+00:00,gpu0_correctness,0,ckpt_s2048_e2048,benchmark,65536,2048,2048,1,0,True,11272.01,2340.12,2340.12,2340.12,10.786
2026-05-13T16:09:53.344190+00:00,gpu0_correctness,0,ckpt_s4096_e2048,correctness,2048,4096,2048,1,0,True,,,,,9.058
2026-05-13T16:10:02.402025+00:00,gpu0_correctness,0,ckpt_s4096_e2048,correctness,8192,4096,2048,1,0,True,,,,,8.541
2026-05-13T16:10:10.943458+00:00,gpu0_correctness,0,ckpt_s4096_e2048,benchmark,8192,4096,2048,1,0,True,4132.78,245.56,245.56,245.56,9.737
2026-05-13T16:10:10.943458+00:00,gpu0_correctness,0,ckpt_s4096_e2048,benchmark,32768,4096,2048,1,0,True,6934.88,1037.9,1037.9,1037.9,9.737
2026-05-13T16:10:20.680765+00:00,gpu0_correctness,0,ckpt_s4096_e2048,benchmark,65536,4096,2048,1,0,True,11272.01,2274.75,2274.75,2274.75,10.084
2026-05-13T16:10:30.765586+00:00,gpu0_correctness,0,ckpt_s8192_e2048,correctness,2048,8192,2048,1,0,True,,,,,8.940
2026-05-13T16:10:39.705668+00:00,gpu0_correctness,0,ckpt_s8192_e2048,correctness,8192,8192,2048,1,0,True,,,,,8.804
2026-05-13T16:10:48.509845+00:00,gpu0_correctness,0,ckpt_s8192_e2048,benchmark,8192,8192,2048,1,0,True,4132.78,246.76,246.76,246.76,9.446
2026-05-13T16:10:48.509845+00:00,gpu0_correctness,0,ckpt_s8192_e2048,benchmark,32768,8192,2048,1,0,True,6934.88,1044.72,1044.72,1044.72,9.446
2026-05-13T16:10:57.956200+00:00,gpu0_correctness,0,ckpt_s8192_e2048,benchmark,65536,8192,2048,1,0,True,11272.01,2281.79,2281.79,2281.79,10.179
2026-05-13T16:11:08.135351+00:00,gpu0_correctness,0,ckpt_s4096_e4096,correctness,2048,4096,4096,1,0,True,,,,,8.933
2026-05-13T16:11:17.068942+00:00,gpu0_correctness,0,ckpt_s4096_e4096,correctness,8192,4096,4096,1,0,True,,,,,8.867
2026-05-13T16:11:25.936034+00:00,gpu0_correctness,0,ckpt_s4096_e4096,benchmark,8192,4096,4096,1,0,True,4092.77,144.43,144.43,144.43,8.260
2026-05-13T16:11:25.936034+00:00,gpu0_correctness,0,ckpt_s4096_e4096,benchmark,32768,4096,4096,1,0,True,6894.87,603.07,603.07,603.07,8.260
2026-05-13T16:11:34.196659+00:00,gpu0_correctness,0,ckpt_s4096_e4096,benchmark,65536,4096,4096,1,0,True,11272.01,1312.9,1312.9,1312.9,8.654
2026-05-13T16:11:42.851636+00:00,gpu0_correctness,0,ckpt_s8192_e4096,correctness,2048,8192,4096,1,0,True,,,,,8.600
2026-05-13T16:11:51.451972+00:00,gpu0_correctness,0,ckpt_s8192_e4096,correctness,8192,8192,4096,1,0,True,,,,,8.948
2026-05-13T16:12:00.400435+00:00,gpu0_correctness,0,ckpt_s8192_e4096,benchmark,8192,8192,4096,1,0,True,4092.77,311.3,311.3,311.3,8.428
2026-05-13T16:12:00.400435+00:00,gpu0_correctness,0,ckpt_s8192_e4096,benchmark,32768,8192,4096,1,0,True,6894.87,594.93,594.93,594.93,8.428
2026-05-13T16:12:08.828530+00:00,gpu0_correctness,0,ckpt_s8192_e4096,benchmark,65536,8192,4096,1,0,True,11272.01,1302.98,1302.98,1302.98,9.104
2026-05-13T16:12:17.932651+00:00,gpu0_correctness,0,ckpt_s16384_e4096,correctness,2048,16384,4096,1,0,True,,,,,8.910
2026-05-13T16:12:26.842837+00:00,gpu0_correctness,0,ckpt_s16384_e4096,correctness,8192,16384,4096,1,0,True,,,,,9.832
2026-05-13T16:12:36.675592+00:00,gpu0_correctness,0,ckpt_s16384_e4096,benchmark,8192,16384,4096,1,0,True,4092.77,272.07,272.07,272.07,9.387
2026-05-13T16:12:36.675592+00:00,gpu0_correctness,0,ckpt_s16384_e4096,benchmark,32768,16384,4096,1,0,True,6894.87,595.76,595.76,595.76,9.387
2026-05-13T16:12:46.063499+00:00,gpu0_correctness,0,ckpt_s16384_e4096,benchmark,65536,16384,4096,1,0,True,11272.01,1316.26,1316.26,1316.26,8.737
2026-05-13T16:12:54.801524+00:00,gpu0_correctness,0,ckpt_s8192_e8192,correctness,2048,8192,8192,1,0,True,,,,,8.922
2026-05-13T16:13:03.723646+00:00,gpu0_correctness,0,ckpt_s8192_e8192,correctness,8192,8192,8192,1,0,True,,,,,9.065
2026-05-13T16:13:12.789456+00:00,gpu0_correctness,0,ckpt_s8192_e8192,benchmark,8192,8192,8192,1,0,True,4012.63,84.32,84.32,84.32,7.925
2026-05-13T16:13:12.789456+00:00,gpu0_correctness,0,ckpt_s8192_e8192,benchmark,32768,8192,8192,1,0,True,6814.85,351.73,351.73,351.73,7.925
2026-05-13T16:13:20.714985+00:00,gpu0_correctness,0,ckpt_s8192_e8192,benchmark,65536,8192,8192,1,0,True,11272.01,748.01,748.01,748.01,7.377
2026-05-13T16:13:28.092633+00:00,gpu0_correctness,0,nocp_s2048_e2048,correctness,2048,2048,2048,0,0,True,,,,,7.700
2026-05-13T16:13:35.793040+00:00,gpu0_correctness,0,nocp_s2048_e2048,correctness,8192,2048,2048,0,0,True,,,,,8.116
2026-05-13T16:13:43.909375+00:00,gpu0_correctness,0,nocp_s2048_e2048,benchmark,8192,2048,2048,0,0,True,4526.78,234.95,234.95,234.95,8.577
2026-05-13T16:13:43.909375+00:00,gpu0_correctness,0,nocp_s2048_e2048,benchmark,32768,2048,2048,0,0,True,9474.38,1002.81,1002.81,1002.81,8.577
2026-05-13T16:13:52.486748+00:00,gpu0_correctness,0,nocp_s2048_e2048,benchmark,65536,2048,2048,0,0,True,17708.01,2179.77,2179.77,2179.77,9.668
2026-05-13T16:14:02.155408+00:00,gpu0_correctness,0,nocp_s4096_e2048,correctness,2048,4096,2048,0,0,True,,,,,7.649
2026-05-13T16:14:09.805225+00:00,gpu0_correctness,0,nocp_s4096_e2048,correctness,8192,4096,2048,0,0,True,,,,,7.711
2026-05-13T16:14:17.516741+00:00,gpu0_correctness,0,nocp_s4096_e2048,benchmark,8192,4096,2048,0,0,True,4527.66,235.41,235.41,235.41,8.903
2026-05-13T16:14:17.516741+00:00,gpu0_correctness,0,nocp_s4096_e2048,benchmark,32768,4096,2048,0,0,True,9473.26,1004.92,1004.92,1004.92,8.903
2026-05-13T16:14:26.420608+00:00,gpu0_correctness,0,nocp_s4096_e2048,benchmark,65536,4096,2048,0,0,True,17708.01,2197.94,2197.94,2197.94,9.655
2026-05-13T16:14:36.076295+00:00,gpu0_correctness,0,nocp_s4096_e4096,correctness,2048,4096,4096,0,0,True,,,,,7.570
2026-05-13T16:14:43.646207+00:00,gpu0_correctness,0,nocp_s4096_e4096,correctness,8192,4096,4096,0,0,True,,,,,8.221
2026-05-13T16:14:51.867222+00:00,gpu0_correctness,0,nocp_s4096_e4096,benchmark,8192,4096,4096,0,0,True,4428.77,130.88,130.88,130.88,7.751
2026-05-13T16:14:51.867222+00:00,gpu0_correctness,0,nocp_s4096_e4096,benchmark,32768,4096,4096,0,0,True,9328.38,578.42,578.42,578.42,7.751
2026-05-13T16:14:59.618514+00:00,gpu0_correctness,0,nocp_s4096_e4096,benchmark,65536,4096,4096,0,0,True,17416.01,1286.98,1286.98,1286.98,7.761
2026-05-13T16:15:07.379580+00:00,gpu0_correctness,0,nocp_s8192_e4096,correctness,2048,8192,4096,0,0,True,,,,,7.175
2026-05-13T16:15:14.555219+00:00,gpu0_correctness,0,nocp_s8192_e4096,correctness,8192,8192,4096,0,0,True,,,,,7.985
2026-05-13T16:15:22.540958+00:00,gpu0_correctness,0,nocp_s8192_e4096,benchmark,8192,8192,4096,0,0,True,4428.77,131.34,131.34,131.34,7.223
2026-05-13T16:15:22.540958+00:00,gpu0_correctness,0,nocp_s8192_e4096,benchmark,32768,8192,4096,0,0,True,9328.38,573.54,573.54,573.54,7.223
2026-05-13T16:15:29.764003+00:00,gpu0_correctness,0,nocp_s8192_e4096,benchmark,65536,8192,4096,0,0,True,17416.01,1253.07,1253.07,1253.07,7.551
2026-05-13T16:15:37.315205+00:00,gpu0_correctness,0,nocp_s8192_e8192,correctness,2048,8192,8192,0,0,True,,,,,7.960
2026-05-13T16:15:45.276060+00:00,gpu0_correctness,0,nocp_s8192_e8192,correctness,8192,8192,8192,0,0,True,,,,,7.924
2026-05-13T16:15:53.200268+00:00,gpu0_correctness,0,nocp_s8192_e8192,benchmark,8192,8192,8192,0,0,True,4300.63,87.09,87.09,87.09,7.465
2026-05-13T16:15:53.200268+00:00,gpu0_correctness,0,nocp_s8192_e8192,benchmark,32768,8192,8192,0,0,True,9328.38,366.35,366.35,366.35,7.465
2026-05-13T16:16:00.665420+00:00,gpu0_correctness,0,nocp_s8192_e8192,benchmark,65536,8192,8192,0,0,True,17416.01,794.54,794.54,794.54,6.776
2026-05-13T16:16:07.441775+00:00,gpu0_correctness,0,ckpt_s1024_e1024,correctness,2048,1024,1024,1,0,True,,,,,8.455
2026-05-13T16:16:15.896637+00:00,gpu0_correctness,0,ckpt_s1024_e1024,correctness,8192,1024,1024,1,0,True,,,,,8.415
2026-05-13T16:16:24.312350+00:00,gpu0_correctness,0,ckpt_s1024_e1024,benchmark,8192,1024,1024,1,0,True,4152.79,452.87,452.87,452.87,11.566
2026-05-13T16:16:24.312350+00:00,gpu0_correctness,0,ckpt_s1024_e1024,benchmark,32768,1024,1024,1,0,True,6954.88,1987.24,1987.24,1987.24,11.566
2026-05-13T16:16:35.878470+00:00,gpu0_correctness,0,ckpt_s1024_e1024,benchmark,65536,1024,1024,1,0,True,11272.01,4364.22,4364.22,4364.22,14.674
2026-05-13T16:16:50.553181+00:00,gpu0_correctness,0,ckpt_s2048_e1024,correctness,2048,2048,1024,1,0,True,,,,,9.002
2026-05-13T16:16:59.555918+00:00,gpu0_correctness,0,ckpt_s2048_e1024,correctness,8192,2048,1024,1,0,True,,,,,9.175
2026-05-13T16:17:08.730742+00:00,gpu0_correctness,0,ckpt_s2048_e1024,benchmark,8192,2048,1024,1,0,True,4153.66,462.76,462.76,462.76,11.734
2026-05-13T16:17:08.730742+00:00,gpu0_correctness,0,ckpt_s2048_e1024,benchmark,32768,2048,1024,1,0,True,6955.75,1940.01,1940.01,1940.01,11.734
2026-05-13T16:17:20.465622+00:00,gpu0_correctness,0,ckpt_s2048_e1024,benchmark,65536,2048,1024,1,0,True,11272.51,4307.49,4307.49,4307.49,14.689
2026-05-13T16:17:35.155426+00:00,gpu0_correctness,0,ckpt_s4096_e1024,correctness,2048,4096,1024,1,0,True,,,,,9.008
2026-05-13T16:17:44.163439+00:00,gpu0_correctness,0,ckpt_s4096_e1024,correctness,8192,4096,1024,1,0,True,,,,,9.960
2026-05-13T16:17:54.123390+00:00,gpu0_correctness,0,ckpt_s4096_e1024,benchmark,8192,4096,1024,1,0,True,4153.16,462.14,462.14,462.14,12.121
2026-05-13T16:17:54.123390+00:00,gpu0_correctness,0,ckpt_s4096_e1024,benchmark,32768,4096,1024,1,0,True,6955.25,1993.28,1993.28,1993.28,12.121
2026-05-13T16:18:06.244435+00:00,gpu0_correctness,0,ckpt_s4096_e1024,benchmark,65536,4096,1024,1,0,True,11272.51,4245.77,4245.77,4245.77,14.890
2026-05-13T16:18:21.135368+00:00,gpu0_correctness,0,ckpt_s2048_e2048,correctness,2048,2048,2048,1,0,True,,,,,8.419
2026-05-13T16:18:29.555034+00:00,gpu0_correctness,0,ckpt_s2048_e2048,correctness,8192,2048,2048,1,0,True,,,,,9.059
2026-05-13T16:18:38.614651+00:00,gpu0_correctness,0,ckpt_s2048_e2048,benchmark,8192,2048,2048,1,0,True,4133.78,241.95,241.95,241.95,10.261
2026-05-13T16:18:38.614651+00:00,gpu0_correctness,0,ckpt_s2048_e2048,benchmark,32768,2048,2048,1,0,True,6934.88,1046.72,1046.72,1046.72,10.261
2026-05-13T16:18:48.875919+00:00,gpu0_correctness,0,ckpt_s2048_e2048,benchmark,65536,2048,2048,1,0,True,11272.01,2331.54,2331.54,2331.54,11.769
2026-05-13T16:19:00.645651+00:00,gpu0_correctness,0,ckpt_s4096_e2048,correctness,2048,4096,2048,1,0,True,,,,,8.810
2026-05-13T16:19:09.456280+00:00,gpu0_correctness,0,ckpt_s4096_e2048,correctness,8192,4096,2048,1,0,True,,,,,9.337
2026-05-13T16:19:18.793571+00:00,gpu0_correctness,0,ckpt_s4096_e2048,benchmark,8192,4096,2048,1,0,True,4132.78,245.37,245.37,245.37,10.157
2026-05-13T16:19:18.793571+00:00,gpu0_correctness,0,ckpt_s4096_e2048,benchmark,32768,4096,2048,1,0,True,6934.88,1045.0,1045.0,1045.0,10.157
2026-05-13T16:19:28.950782+00:00,gpu0_correctness,0,ckpt_s4096_e2048,benchmark,65536,4096,2048,1,0,True,11272.01,2025.34,2025.34,2025.34,9.547
2026-05-13T16:19:38.498786+00:00,gpu0_correctness,0,ckpt_s8192_e2048,correctness,2048,8192,2048,1,0,True,,,,,8.392
2026-05-13T16:19:46.891461+00:00,gpu0_correctness,0,ckpt_s8192_e2048,correctness,8192,8192,2048,1,0,True,,,,,8.482
2026-05-13T16:19:55.373284+00:00,gpu0_correctness,0,ckpt_s8192_e2048,benchmark,8192,8192,2048,1,0,True,4132.78,254.55,254.55,254.55,10.285
2026-05-13T16:19:55.373284+00:00,gpu0_correctness,0,ckpt_s8192_e2048,benchmark,32768,8192,2048,1,0,True,6934.88,1050.21,1050.21,1050.21,10.285
2026-05-13T16:20:05.658483+00:00,gpu0_correctness,0,ckpt_s8192_e2048,benchmark,65536,8192,2048,1,0,True,11272.01,2288.0,2288.0,2288.0,10.944
2026-05-13T16:20:16.602523+00:00,gpu0_correctness,0,ckpt_s4096_e4096,correctness,2048,4096,4096,1,0,True,,,,,9.160
2026-05-13T16:20:25.763263+00:00,gpu0_correctness,0,ckpt_s4096_e4096,correctness,8192,4096,4096,1,0,True,,,,,9.141
2026-05-13T16:20:34.904380+00:00,gpu0_correctness,0,ckpt_s4096_e4096,benchmark,8192,4096,4096,1,0,True,4092.77,149.45,149.45,149.45,8.769
2026-05-13T16:20:34.904380+00:00,gpu0_correctness,0,ckpt_s4096_e4096,benchmark,32768,4096,4096,1,0,True,6894.87,621.9,621.9,621.9,8.769
2026-05-13T16:20:43.673317+00:00,gpu0_correctness,0,ckpt_s4096_e4096,benchmark,65536,4096,4096,1,0,True,11272.01,1326.23,1326.23,1326.23,8.711
2026-05-13T16:20:52.384617+00:00,gpu0_correctness,0,ckpt_s8192_e4096,correctness,2048,8192,4096,1,0,True,,,,,8.796
2026-05-13T16:21:01.181325+00:00,gpu0_correctness,0,ckpt_s8192_e4096,correctness,8192,8192,4096,1,0,True,,,,,9.061
2026-05-13T16:21:10.242564+00:00,gpu0_correctness,0,ckpt_s8192_e4096,benchmark,8192,8192,4096,1,0,True,4092.77,270.27,270.27,270.27,8.791
2026-05-13T16:21:10.242564+00:00,gpu0_correctness,0,ckpt_s8192_e4096,benchmark,32768,8192,4096,1,0,True,6894.87,611.69,611.69,611.69,8.791
2026-05-13T16:21:19.034476+00:00,gpu0_correctness,0,ckpt_s8192_e4096,benchmark,65536,8192,4096,1,0,True,11272.01,1306.1,1306.1,1306.1,8.761
2026-05-13T16:21:27.795781+00:00,gpu0_correctness,0,ckpt_s16384_e4096,correctness,2048,16384,4096,1,0,True,,,,,9.258
2026-05-13T16:21:37.053765+00:00,gpu0_correctness,0,ckpt_s16384_e4096,correctness,8192,16384,4096,1,0,True,,,,,8.548
2026-05-13T16:21:45.602483+00:00,gpu0_correctness,0,ckpt_s16384_e4096,benchmark,8192,16384,4096,1,0,True,4092.77,257.73,257.73,257.73,8.901
2026-05-13T16:21:45.602483+00:00,gpu0_correctness,0,ckpt_s16384_e4096,benchmark,32768,16384,4096,1,0,True,6894.87,606.56,606.56,606.56,8.901
2026-05-13T16:21:54.503574+00:00,gpu0_correctness,0,ckpt_s16384_e4096,benchmark,65536,16384,4096,1,0,True,11272.01,1294.26,1294.26,1294.26,8.309
2026-05-13T16:22:02.812843+00:00,gpu0_correctness,0,ckpt_s8192_e8192,correctness,2048,8192,8192,1,0,True,,,,,8.990
2026-05-13T16:22:11.803342+00:00,gpu0_correctness,0,ckpt_s8192_e8192,correctness,8192,8192,8192,1,0,True,,,,,9.477
2026-05-13T16:22:21.280512+00:00,gpu0_correctness,0,ckpt_s8192_e8192,benchmark,8192,8192,8192,1,0,True,4012.63,94.39,94.39,94.39,8.375
2026-05-13T16:22:21.280512+00:00,gpu0_correctness,0,ckpt_s8192_e8192,benchmark,32768,8192,8192,1,0,True,6814.85,390.38,390.38,390.38,8.375
2026-05-13T16:22:29.655784+00:00,gpu0_correctness,0,ckpt_s8192_e8192,benchmark,65536,8192,8192,1,0,True,11272.01,845.06,845.06,845.06,7.517
2026-05-13T16:22:37.173646+00:00,gpu0_correctness,0,nocp_s2048_e2048,correctness,2048,2048,2048,0,0,True,,,,,7.571
2026-05-13T16:22:44.745118+00:00,gpu0_correctness,0,nocp_s2048_e2048,correctness,8192,2048,2048,0,0,True,,,,,7.719
2026-05-13T16:22:52.464672+00:00,gpu0_correctness,0,nocp_s2048_e2048,benchmark,8192,2048,2048,0,0,True,4526.78,238.57,238.57,238.57,8.388
2026-05-13T16:22:52.464672+00:00,gpu0_correctness,0,nocp_s2048_e2048,benchmark,32768,2048,2048,0,0,True,9474.38,1012.98,1012.98,1012.98,8.388
2026-05-13T16:23:00.853332+00:00,gpu0_correctness,0,nocp_s2048_e2048,benchmark,65536,2048,2048,0,0,True,17708.01,2213.61,2213.61,2213.61,9.700
2026-05-13T16:23:10.553693+00:00,gpu0_correctness,0,nocp_s4096_e2048,correctness,2048,4096,2048,0,0,True,,,,,7.838
2026-05-13T16:23:18.391836+00:00,gpu0_correctness,0,nocp_s4096_e2048,correctness,8192,4096,2048,0,0,True,,,,,8.224
2026-05-13T16:23:26.616343+00:00,gpu0_correctness,0,nocp_s4096_e2048,benchmark,8192,4096,2048,0,0,True,4527.66,226.12,226.12,226.12,8.941
2026-05-13T16:23:26.616343+00:00,gpu0_correctness,0,nocp_s4096_e2048,benchmark,32768,4096,2048,0,0,True,9473.26,1005.61,1005.61,1005.61,8.941
2026-05-13T16:23:35.557614+00:00,gpu0_correctness,0,nocp_s4096_e2048,benchmark,65536,4096,2048,0,0,True,17708.01,2191.8,2191.8,2191.8,10.018
2026-05-13T16:23:45.576291+00:00,gpu0_correctness,0,nocp_s4096_e4096,correctness,2048,4096,4096,0,0,True,,,,,8.258
2026-05-13T16:23:53.834408+00:00,gpu0_correctness,0,nocp_s4096_e4096,correctness,8192,4096,4096,0,0,True,,,,,7.687
2026-05-13T16:24:01.521512+00:00,gpu0_correctness,0,nocp_s4096_e4096,benchmark,8192,4096,4096,0,0,True,4428.77,135.75,135.75,135.75,7.586
2026-05-13T16:24:01.521512+00:00,gpu0_correctness,0,nocp_s4096_e4096,benchmark,32768,4096,4096,0,0,True,9328.38,575.72,575.72,575.72,7.586
2026-05-13T16:24:09.107703+00:00,gpu0_correctness,0,nocp_s4096_e4096,benchmark,65536,4096,4096,0,0,True,17416.01,1273.88,1273.88,1273.88,7.531
2026-05-13T16:24:16.639399+00:00,gpu0_correctness,0,nocp_s8192_e4096,correctness,2048,8192,4096,0,0,True,,,,,7.447
2026-05-13T16:24:24.086353+00:00,gpu0_correctness,0,nocp_s8192_e4096,correctness,8192,8192,4096,0,0,True,,,,,7.587
2026-05-13T16:24:31.673178+00:00,gpu0_correctness,0,nocp_s8192_e4096,benchmark,8192,8192,4096,0,0,True,4428.77,118.89,118.89,118.89,7.349
2026-05-13T16:24:31.673178+00:00,gpu0_correctness,0,nocp_s8192_e4096,benchmark,32768,8192,4096,0,0,True,9328.38,512.86,512.86,512.86,7.349
2026-05-13T16:24:39.022752+00:00,gpu0_correctness,0,nocp_s8192_e4096,benchmark,65536,8192,4096,0,0,True,17416.01,1240.31,1240.31,1240.31,8.115
2026-05-13T16:24:47.138665+00:00,gpu0_correctness,0,nocp_s8192_e8192,correctness,2048,8192,8192,0,0,True,,,,,8.074
2026-05-13T16:24:55.213240+00:00,gpu0_correctness,0,nocp_s8192_e8192,correctness,8192,8192,8192,0,0,True,,,,,7.753
2026-05-13T16:25:02.966577+00:00,gpu0_correctness,0,nocp_s8192_e8192,benchmark,8192,8192,8192,0,0,True,4300.63,77.77,77.77,77.77,7.658
2026-05-13T16:25:02.966577+00:00,gpu0_correctness,0,nocp_s8192_e8192,benchmark,32768,8192,8192,0,0,True,9328.38,364.42,364.42,364.42,7.658
2026-05-13T16:25:10.625398+00:00,gpu0_correctness,0,nocp_s8192_e8192,benchmark,65536,8192,8192,0,0,True,17416.01,783.19,783.19,783.19,6.691
2026-05-13T16:25:17.316562+00:00,gpu0_correctness,0,ckpt_s1024_e1024,correctness,2048,1024,1024,1,0,True,,,,,8.721
2026-05-13T16:25:26.037733+00:00,gpu0_correctness,0,ckpt_s1024_e1024,correctness,8192,1024,1024,1,0,True,,,,,8.591
2026-05-13T16:25:34.629186+00:00,gpu0_correctness,0,ckpt_s1024_e1024,benchmark,8192,1024,1024,1,0,True,4152.79,405.22,405.22,405.22,11.278
2026-05-13T16:25:34.629186+00:00,gpu0_correctness,0,ckpt_s1024_e1024,benchmark,32768,1024,1024,1,0,True,6954.88,1768.85,1768.85,1768.85,11.278
2026-05-13T16:25:45.907592+00:00,gpu0_correctness,0,ckpt_s1024_e1024,benchmark,65536,1024,1024,1,0,True,11272.01,4334.51,4334.51,4334.51,15.128
2026-05-13T16:26:01.036529+00:00,gpu0_correctness,0,ckpt_s2048_e1024,correctness,2048,2048,1024,1,0,True,,,,,8.668
2026-05-13T16:26:09.705076+00:00,gpu0_correctness,0,ckpt_s2048_e1024,correctness,8192,2048,1024,1,0,True,,,,,8.457
2026-05-13T16:26:18.162161+00:00,gpu0_correctness,0,ckpt_s2048_e1024,benchmark,8192,2048,1024,1,0,True,4153.66,455.48,455.48,455.48,11.977
2026-05-13T16:26:18.162161+00:00,gpu0_correctness,0,ckpt_s2048_e1024,benchmark,32768,2048,1024,1,0,True,6955.75,1959.03,1959.03,1959.03,11.977
2026-05-13T16:26:30.139547+00:00,gpu0_correctness,0,ckpt_s2048_e1024,benchmark,65536,2048,1024,1,0,True,11272.51,4282.55,4282.55,4282.55,14.502
2026-05-13T16:26:44.642218+00:00,gpu0_correctness,0,ckpt_s4096_e1024,correctness,2048,4096,1024,1,0,True,,,,,9.342
2026-05-13T16:26:53.984606+00:00,gpu0_correctness,0,ckpt_s4096_e1024,correctness,8192,4096,1024,1,0,True,,,,,9.559
2026-05-13T16:27:03.544159+00:00,gpu0_correctness,0,ckpt_s4096_e1024,benchmark,8192,4096,1024,1,0,True,4153.16,457.09,457.09,457.09,11.794
2026-05-13T16:27:03.544159+00:00,gpu0_correctness,0,ckpt_s4096_e1024,benchmark,32768,4096,1024,1,0,True,6955.25,1950.9,1950.9,1950.9,11.794
2026-05-13T16:27:15.338513+00:00,gpu0_correctness,0,ckpt_s4096_e1024,benchmark,65536,4096,1024,1,0,True,11272.51,4302.39,4302.39,4302.39,14.609
2026-05-13T16:27:29.947615+00:00,gpu0_correctness,0,ckpt_s2048_e2048,correctness,2048,2048,2048,1,0,True,,,,,9.208
2026-05-13T16:27:39.155462+00:00,gpu0_correctness,0,ckpt_s2048_e2048,correctness,8192,2048,2048,1,0,True,,,,,8.736
2026-05-13T16:27:47.891749+00:00,gpu0_correctness,0,ckpt_s2048_e2048,benchmark,8192,2048,2048,1,0,True,4133.78,239.28,239.28,239.28,9.537
2026-05-13T16:27:47.891749+00:00,gpu0_correctness,0,ckpt_s2048_e2048,benchmark,32768,2048,2048,1,0,True,6934.88,1054.37,1054.37,1054.37,9.537
2026-05-13T16:27:57.429612+00:00,gpu0_correctness,0,ckpt_s2048_e2048,benchmark,65536,2048,2048,1,0,True,11272.01,2337.88,2337.88,2337.88,10.323
2026-05-13T16:28:07.753389+00:00,gpu0_correctness,0,ckpt_s4096_e2048,correctness,2048,4096,2048,1,0,True,,,,,8.698
2026-05-13T16:28:16.451434+00:00,gpu0_correctness,0,ckpt_s4096_e2048,correctness,8192,4096,2048,1,0,True,,,,,8.769
2026-05-13T16:28:25.221210+00:00,gpu0_correctness,0,ckpt_s4096_e2048,benchmark,8192,4096,2048,1,0,True,4132.78,249.68,249.68,249.68,10.068
2026-05-13T16:28:25.221210+00:00,gpu0_correctness,0,ckpt_s4096_e2048,benchmark,32768,4096,2048,1,0,True,6934.88,1051.92,1051.92,1051.92,10.068
2026-05-13T16:28:35.289578+00:00,gpu0_correctness,0,ckpt_s4096_e2048,benchmark,65536,4096,2048,1,0,True,11272.01,2298.34,2298.34,2298.34,10.827
2026-05-13T16:28:46.117164+00:00,gpu0_correctness,0,ckpt_s8192_e2048,correctness,2048,8192,2048,1,0,True,,,,,8.776
2026-05-13T16:28:54.893904+00:00,gpu0_correctness,0,ckpt_s8192_e2048,correctness,8192,8192,2048,1,0,True,,,,,8.880
2026-05-13T16:29:03.774667+00:00,gpu0_correctness,0,ckpt_s8192_e2048,benchmark,8192,8192,2048,1,0,True,4132.78,259.18,259.18,259.18,9.423
2026-05-13T16:29:03.774667+00:00,gpu0_correctness,0,ckpt_s8192_e2048,benchmark,32768,8192,2048,1,0,True,6934.88,1072.62,1072.62,1072.62,9.423
2026-05-13T16:29:13.197856+00:00,gpu0_correctness,0,ckpt_s8192_e2048,benchmark,65536,8192,2048,1,0,True,11272.01,2284.34,2284.34,2284.34,10.625
2026-05-13T16:29:23.823370+00:00,gpu0_correctness,0,ckpt_s4096_e4096,correctness,2048,4096,4096,1,0,True,,,,,9.357
2026-05-13T16:29:33.180348+00:00,gpu0_correctness,0,ckpt_s4096_e4096,correctness,8192,4096,4096,1,0,True,,,,,8.961
2026-05-13T16:29:42.141357+00:00,gpu0_correctness,0,ckpt_s4096_e4096,benchmark,8192,4096,4096,1,0,True,4092.77,141.16,141.16,141.16,8.969
2026-05-13T16:29:42.141357+00:00,gpu0_correctness,0,ckpt_s4096_e4096,benchmark,32768,4096,4096,1,0,True,6894.87,626.81,626.81,626.81,8.969
2026-05-13T16:29:51.110518+00:00,gpu0_correctness,0,ckpt_s4096_e4096,benchmark,65536,4096,4096,1,0,True,11272.01,1318.59,1318.59,1318.59,9.284
2026-05-13T16:30:00.394813+00:00,gpu0_correctness,0,ckpt_s8192_e4096,correctness,2048,8192,4096,1,0,True,,,,,9.159
2026-05-13T16:30:09.553714+00:00,gpu0_correctness,0,ckpt_s8192_e4096,correctness,8192,8192,4096,1,0,True,,,,,8.875
2026-05-13T16:30:18.429328+00:00,gpu0_correctness,0,ckpt_s8192_e4096,benchmark,8192,8192,4096,1,0,True,4092.77,259.03,259.03,259.03,8.991
2026-05-13T16:30:18.429328+00:00,gpu0_correctness,0,ckpt_s8192_e4096,benchmark,32768,8192,4096,1,0,True,6894.87,600.01,600.01,600.01,8.991
2026-05-13T16:30:27.420317+00:00,gpu0_correctness,0,ckpt_s8192_e4096,benchmark,65536,8192,4096,1,0,True,11272.01,1306.99,1306.99,1306.99,8.858
2026-05-13T16:30:36.278539+00:00,gpu0_correctness,0,ckpt_s16384_e4096,correctness,2048,16384,4096,1,0,True,,,,,8.400
2026-05-13T16:30:44.679103+00:00,gpu0_correctness,0,ckpt_s16384_e4096,correctness,8192,16384,4096,1,0,True,,,,,8.938
2026-05-13T16:30:53.617590+00:00,gpu0_correctness,0,ckpt_s16384_e4096,benchmark,8192,16384,4096,1,0,True,4092.77,270.81,270.81,270.81,8.568
2026-05-13T16:30:53.617590+00:00,gpu0_correctness,0,ckpt_s16384_e4096,benchmark,32768,16384,4096,1,0,True,6894.87,595.18,595.18,595.18,8.568
2026-05-13T16:31:02.186303+00:00,gpu0_correctness,0,ckpt_s16384_e4096,benchmark,65536,16384,4096,1,0,True,11272.01,1280.51,1280.51,1280.51,8.761
2026-05-13T16:31:10.947841+00:00,gpu0_correctness,0,ckpt_s8192_e8192,correctness,2048,8192,8192,1,0,True,,,,,8.613
2026-05-13T16:31:19.560748+00:00,gpu0_correctness,0,ckpt_s8192_e8192,correctness,8192,8192,8192,1,0,True,,,,,8.653
2026-05-13T16:31:28.214356+00:00,gpu0_correctness,0,ckpt_s8192_e8192,benchmark,8192,8192,8192,1,0,True,4012.63,83.27,83.27,83.27,8.275
2026-05-13T16:31:28.214356+00:00,gpu0_correctness,0,ckpt_s8192_e8192,benchmark,32768,8192,8192,1,0,True,6814.85,355.31,355.31,355.31,8.275
2026-05-13T16:31:36.489412+00:00,gpu0_correctness,0,ckpt_s8192_e8192,benchmark,65536,8192,8192,1,0,True,11272.01,748.84,748.84,748.84,7.220
2026-05-13T16:31:43.710092+00:00,gpu0_correctness,0,nocp_s2048_e2048,correctness,2048,2048,2048,0,0,True,,,,,7.453
2026-05-13T16:31:51.163571+00:00,gpu0_correctness,0,nocp_s2048_e2048,correctness,8192,2048,2048,0,0,True,,,,,7.917
2026-05-13T16:31:59.080446+00:00,gpu0_correctness,0,nocp_s2048_e2048,benchmark,8192,2048,2048,0,0,True,4526.78,226.62,226.62,226.62,9.004
2026-05-13T16:31:59.080446+00:00,gpu0_correctness,0,nocp_s2048_e2048,benchmark,32768,2048,2048,0,0,True,9474.38,1019.92,1019.92,1019.92,9.004
2026-05-13T16:32:08.084994+00:00,gpu0_correctness,0,nocp_s2048_e2048,benchmark,65536,2048,2048,0,0,True,17708.01,2210.23,2210.23,2210.23,9.604
2026-05-13T16:32:17.689942+00:00,gpu0_correctness,0,nocp_s4096_e2048,correctness,2048,4096,2048,0,0,True,,,,,7.713
2026-05-13T16:32:25.403024+00:00,gpu0_correctness,0,nocp_s4096_e2048,correctness,8192,4096,2048,0,0,True,,,,,7.704
2026-05-13T16:32:33.107440+00:00,gpu0_correctness,0,nocp_s4096_e2048,benchmark,8192,4096,2048,0,0,True,4527.66,225.92,225.92,225.92,8.814
2026-05-13T16:32:33.107440+00:00,gpu0_correctness,0,nocp_s4096_e2048,benchmark,32768,4096,2048,0,0,True,9473.26,1006.17,1006.17,1006.17,8.814
2026-05-13T16:32:41.922156+00:00,gpu0_correctness,0,nocp_s4096_e2048,benchmark,65536,4096,2048,0,0,True,17708.01,2168.92,2168.92,2168.92,9.778
2026-05-13T16:32:51.700719+00:00,gpu0_correctness,0,nocp_s4096_e4096,correctness,2048,4096,4096,0,0,True,,,,,7.943
2026-05-13T16:32:59.644244+00:00,gpu0_correctness,0,nocp_s4096_e4096,correctness,8192,4096,4096,0,0,True,,,,,8.412
2026-05-13T16:33:08.056800+00:00,gpu0_correctness,0,nocp_s4096_e4096,benchmark,8192,4096,4096,0,0,True,4428.77,138.82,138.82,138.82,7.323
2026-05-13T16:33:08.056800+00:00,gpu0_correctness,0,nocp_s4096_e4096,benchmark,32768,4096,4096,0,0,True,9328.38,586.32,586.32,586.32,7.323
2026-05-13T16:33:15.379831+00:00,gpu0_correctness,0,nocp_s4096_e4096,benchmark,65536,4096,4096,0,0,True,17416.01,1270.27,1270.27,1270.27,7.910
2026-05-13T16:33:23.290538+00:00,gpu0_correctness,0,nocp_s8192_e4096,correctness,2048,8192,4096,0,0,True,,,,,7.662
2026-05-13T16:33:30.952539+00:00,gpu0_correctness,0,nocp_s8192_e4096,correctness,8192,8192,4096,0,0,True,,,,,7.625
2026-05-13T16:33:38.577754+00:00,gpu0_correctness,0,nocp_s8192_e4096,benchmark,8192,8192,4096,0,0,True,4428.77,130.76,130.76,130.76,7.615
2026-05-13T16:33:38.577754+00:00,gpu0_correctness,0,nocp_s8192_e4096,benchmark,32768,8192,4096,0,0,True,9328.38,580.43,580.43,580.43,7.615
2026-05-13T16:33:46.193059+00:00,gpu0_correctness,0,nocp_s8192_e4096,benchmark,65536,8192,4096,0,0,True,17416.01,1252.8,1252.8,1252.8,7.872
2026-05-13T16:33:54.065575+00:00,gpu0_correctness,0,nocp_s8192_e8192,correctness,2048,8192,8192,0,0,True,,,,,7.568
2026-05-13T16:34:01.634295+00:00,gpu0_correctness,0,nocp_s8192_e8192,correctness,8192,8192,8192,0,0,True,,,,,7.503
2026-05-13T16:34:09.137265+00:00,gpu0_correctness,0,nocp_s8192_e8192,benchmark,8192,8192,8192,0,0,True,4300.63,83.92,83.92,83.92,7.368
2026-05-13T16:34:09.137265+00:00,gpu0_correctness,0,nocp_s8192_e8192,benchmark,32768,8192,8192,0,0,True,9328.38,366.29,366.29,366.29,7.368
2026-05-13T16:34:16.505750+00:00,gpu0_correctness,0,nocp_s8192_e8192,benchmark,65536,8192,8192,0,0,True,17416.01,790.18,790.18,790.18,6.981
2026-05-13T16:34:23.487655+00:00,gpu0_correctness,0,ckpt_s1024_e1024,correctness,2048,1024,1024,1,0,True,,,,,8.491
2026-05-13T16:34:31.979447+00:00,gpu0_correctness,0,ckpt_s1024_e1024,correctness,8192,1024,1024,1,0,True,,,,,8.621
2026-05-13T16:34:40.600812+00:00,gpu0_correctness,0,ckpt_s1024_e1024,benchmark,8192,1024,1024,1,0,True,4152.79,456.14,456.14,456.14,11.814
2026-05-13T16:34:40.600812+00:00,gpu0_correctness,0,ckpt_s1024_e1024,benchmark,32768,1024,1024,1,0,True,6954.88,1978.38,1978.38,1978.38,11.814
2026-05-13T16:34:52.415130+00:00,gpu0_correctness,0,ckpt_s1024_e1024,benchmark,65536,1024,1024,1,0,True,11272.01,4364.52,4364.52,4364.52,14.448
2026-05-13T16:35:06.863864+00:00,gpu0_correctness,0,ckpt_s2048_e1024,correctness,2048,2048,1024,1,0,True,,,,,8.739
2026-05-13T16:35:15.603256+00:00,gpu0_correctness,0,ckpt_s2048_e1024,correctness,8192,2048,1024,1,0,True,,,,,9.031
2026-05-13T16:35:24.634190+00:00,gpu0_correctness,0,ckpt_s2048_e1024,benchmark,8192,2048,1024,1,0,True,4153.66,453.66,453.66,453.66,11.677
2026-05-13T16:35:24.634190+00:00,gpu0_correctness,0,ckpt_s2048_e1024,benchmark,32768,2048,1024,1,0,True,6955.75,1940.54,1940.54,1940.54,11.677
2026-05-13T16:35:36.311471+00:00,gpu0_correctness,0,ckpt_s2048_e1024,benchmark,65536,2048,1024,1,0,True,11272.51,4289.4,4289.4,4289.4,14.752
2026-05-13T16:35:51.063808+00:00,gpu0_correctness,0,ckpt_s4096_e1024,correctness,2048,4096,1024,1,0,True,,,,,8.227
2026-05-13T16:35:59.291462+00:00,gpu0_correctness,0,ckpt_s4096_e1024,correctness,8192,4096,1024,1,0,True,,,,,8.845
2026-05-13T16:36:08.137057+00:00,gpu0_correctness,0,ckpt_s4096_e1024,benchmark,8192,4096,1024,1,0,True,4153.16,448.63,448.63,448.63,11.685
2026-05-13T16:36:08.137057+00:00,gpu0_correctness,0,ckpt_s4096_e1024,benchmark,32768,4096,1024,1,0,True,6955.25,1995.85,1995.85,1995.85,11.685
2026-05-13T16:36:19.822124+00:00,gpu0_correctness,0,ckpt_s4096_e1024,benchmark,65536,4096,1024,1,0,True,11272.51,4256.42,4256.42,4256.42,14.656
2026-05-13T16:36:34.478866+00:00,gpu0_correctness,0,ckpt_s2048_e2048,correctness,2048,2048,2048,1,0,True,,,,,8.702
2026-05-13T16:36:43.181420+00:00,gpu0_correctness,0,ckpt_s2048_e2048,correctness,8192,2048,2048,1,0,True,,,,,8.826
2026-05-13T16:36:52.007563+00:00,gpu0_correctness,0,ckpt_s2048_e2048,benchmark,8192,2048,2048,1,0,True,4133.78,240.33,240.33,240.33,9.860
2026-05-13T16:36:52.007563+00:00,gpu0_correctness,0,ckpt_s2048_e2048,benchmark,32768,2048,2048,1,0,True,6934.88,944.13,944.13,944.13,9.860
2026-05-13T16:37:01.868414+00:00,gpu0_correctness,0,ckpt_s2048_e2048,benchmark,65536,2048,2048,1,0,True,11272.01,2349.54,2349.54,2349.54,11.051
2026-05-13T16:37:12.920030+00:00,gpu0_correctness,0,ckpt_s4096_e2048,correctness,2048,4096,2048,1,0,True,,,,,8.638
2026-05-13T16:37:21.558745+00:00,gpu0_correctness,0,ckpt_s4096_e2048,correctness,8192,4096,2048,1,0,True,,,,,9.062
2026-05-13T16:37:30.620649+00:00,gpu0_correctness,0,ckpt_s4096_e2048,benchmark,8192,4096,2048,1,0,True,4132.78,241.52,241.52,241.52,10.327
2026-05-13T16:37:30.620649+00:00,gpu0_correctness,0,ckpt_s4096_e2048,benchmark,32768,4096,2048,1,0,True,6934.88,1045.6,1045.6,1045.6,10.327
2026-05-13T16:37:40.948485+00:00,gpu0_correctness,0,ckpt_s4096_e2048,benchmark,65536,4096,2048,1,0,True,11272.01,2283.68,2283.68,2283.68,10.251
2026-05-13T16:37:51.200171+00:00,gpu0_correctness,0,ckpt_s8192_e2048,correctness,2048,8192,2048,1,0,True,,,,,7.984
2026-05-13T16:37:59.184001+00:00,gpu0_correctness,0,ckpt_s8192_e2048,correctness,8192,8192,2048,1,0,True,,,,,8.770
2026-05-13T16:38:07.954764+00:00,gpu0_correctness,0,ckpt_s8192_e2048,benchmark,8192,8192,2048,1,0,True,4132.78,230.01,230.01,230.01,9.124
2026-05-13T16:38:07.954764+00:00,gpu0_correctness,0,ckpt_s8192_e2048,benchmark,32768,8192,2048,1,0,True,6934.88,935.32,935.32,935.32,9.124
2026-05-13T16:38:17.079075+00:00,gpu0_correctness,0,ckpt_s8192_e2048,benchmark,65536,8192,2048,1,0,True,11272.01,2280.84,2280.84,2280.84,10.706
2026-05-13T16:38:27.785510+00:00,gpu0_correctness,0,ckpt_s4096_e4096,correctness,2048,4096,4096,1,0,True,,,,,8.964
2026-05-13T16:38:36.749725+00:00,gpu0_correctness,0,ckpt_s4096_e4096,correctness,8192,4096,4096,1,0,True,,,,,8.693
2026-05-13T16:38:45.442633+00:00,gpu0_correctness,0,ckpt_s4096_e4096,benchmark,8192,4096,4096,1,0,True,4092.77,139.35,139.35,139.35,8.536
2026-05-13T16:38:45.442633+00:00,gpu0_correctness,0,ckpt_s4096_e4096,benchmark,32768,4096,4096,1,0,True,6894.87,636.35,636.35,636.35,8.536
2026-05-13T16:38:53.979326+00:00,gpu0_correctness,0,ckpt_s4096_e4096,benchmark,65536,4096,4096,1,0,True,11272.01,1312.24,1312.24,1312.24,8.570
2026-05-13T16:39:02.549493+00:00,gpu0_correctness,0,ckpt_s8192_e4096,correctness,2048,8192,4096,1,0,True,,,,,8.850
2026-05-13T16:39:11.400292+00:00,gpu0_correctness,0,ckpt_s8192_e4096,correctness,8192,8192,4096,1,0,True,,,,,9.392
2026-05-13T16:39:20.792368+00:00,gpu0_correctness,0,ckpt_s8192_e4096,benchmark,8192,8192,4096,1,0,True,4092.77,261.87,261.87,261.87,8.442
2026-05-13T16:39:20.792368+00:00,gpu0_correctness,0,ckpt_s8192_e4096,benchmark,32768,8192,4096,1,0,True,6894.87,604.73,604.73,604.73,8.442
2026-05-13T16:39:29.234415+00:00,gpu0_correctness,0,ckpt_s8192_e4096,benchmark,65536,8192,4096,1,0,True,11272.01,1301.5,1301.5,1301.5,8.795
2026-05-13T16:39:38.030347+00:00,gpu0_correctness,0,ckpt_s16384_e4096,correctness,2048,16384,4096,1,0,True,,,,,9.181
2026-05-13T16:39:47.211193+00:00,gpu0_correctness,0,ckpt_s16384_e4096,correctness,8192,16384,4096,1,0,True,,,,,8.854
2026-05-13T16:39:56.065231+00:00,gpu0_correctness,0,ckpt_s16384_e4096,benchmark,8192,16384,4096,1,0,True,4092.77,272.88,272.88,272.88,8.764
2026-05-13T16:39:56.065231+00:00,gpu0_correctness,0,ckpt_s16384_e4096,benchmark,32768,16384,4096,1,0,True,6894.87,612.63,612.63,612.63,8.764
2026-05-13T16:40:04.830113+00:00,gpu0_correctness,0,ckpt_s16384_e4096,benchmark,65536,16384,4096,1,0,True,11272.01,1302.46,1302.46,1302.46,8.203
2026-05-13T16:40:13.034077+00:00,gpu0_correctness,0,ckpt_s8192_e8192,correctness,2048,8192,8192,1,0,True,,,,,8.907
2026-05-13T16:40:21.941478+00:00,gpu0_correctness,0,ckpt_s8192_e8192,correctness,8192,8192,8192,1,0,True,,,,,9.569
2026-05-13T16:40:31.510481+00:00,gpu0_correctness,0,ckpt_s8192_e8192,benchmark,8192,8192,8192,1,0,True,4012.63,100.12,100.12,100.12,7.841
2026-05-13T16:40:31.510481+00:00,gpu0_correctness,0,ckpt_s8192_e8192,benchmark,32768,8192,8192,1,0,True,6814.85,391.78,391.78,391.78,7.841
2026-05-13T16:40:39.351684+00:00,gpu0_correctness,0,ckpt_s8192_e8192,benchmark,65536,8192,8192,1,0,True,11272.01,845.52,845.52,845.52,7.380
2026-05-13T16:40:46.732566+00:00,gpu0_correctness,0,nocp_s2048_e2048,correctness,2048,2048,2048,0,0,True,,,,,8.213
2026-05-13T16:40:54.945882+00:00,gpu0_correctness,0,nocp_s2048_e2048,correctness,8192,2048,2048,0,0,True,,,,,8.017
2026-05-13T16:41:02.963274+00:00,gpu0_correctness,0,nocp_s2048_e2048,benchmark,8192,2048,2048,0,0,True,4526.78,229.18,229.18,229.18,8.756
2026-05-13T16:41:02.963274+00:00,gpu0_correctness,0,nocp_s2048_e2048,benchmark,32768,2048,2048,0,0,True,9474.38,1009.41,1009.41,1009.41,8.756
2026-05-13T16:41:11.719488+00:00,gpu0_correctness,0,nocp_s2048_e2048,benchmark,65536,2048,2048,0,0,True,17708.01,2220.16,2220.16,2220.16,9.382
2026-05-13T16:41:21.101916+00:00,gpu0_correctness,0,nocp_s4096_e2048,correctness,2048,4096,2048,0,0,True,,,,,7.944
2026-05-13T16:41:29.046368+00:00,gpu0_correctness,0,nocp_s4096_e2048,correctness,8192,4096,2048,0,0,True,,,,,8.077
2026-05-13T16:41:37.123255+00:00,gpu0_correctness,0,nocp_s4096_e2048,benchmark,8192,4096,2048,0,0,True,4527.66,235.14,235.14,235.14,9.212
2026-05-13T16:41:37.123255+00:00,gpu0_correctness,0,nocp_s4096_e2048,benchmark,32768,4096,2048,0,0,True,9473.26,1004.25,1004.25,1004.25,9.212
2026-05-13T16:41:46.335546+00:00,gpu0_correctness,0,nocp_s4096_e2048,benchmark,65536,4096,2048,0,0,True,17708.01,2182.01,2182.01,2182.01,9.497
2026-05-13T16:41:55.833013+00:00,gpu0_correctness,0,nocp_s4096_e4096,correctness,2048,4096,4096,0,0,True,,,,,7.472
2026-05-13T16:42:03.305654+00:00,gpu0_correctness,0,nocp_s4096_e4096,correctness,8192,4096,4096,0,0,True,,,,,7.917
2026-05-13T16:42:11.223281+00:00,gpu0_correctness,0,nocp_s4096_e4096,benchmark,8192,4096,4096,0,0,True,4428.77,136.07,136.07,136.07,7.682
2026-05-13T16:42:11.223281+00:00,gpu0_correctness,0,nocp_s4096_e4096,benchmark,32768,4096,4096,0,0,True,9328.38,580.33,580.33,580.33,7.682
2026-05-13T16:42:18.905491+00:00,gpu0_correctness,0,nocp_s4096_e4096,benchmark,65536,4096,4096,0,0,True,17416.01,1281.49,1281.49,1281.49,7.327
2026-05-13T16:42:26.232989+00:00,gpu0_correctness,0,nocp_s8192_e4096,correctness,2048,8192,4096,0,0,True,,,,,7.584
2026-05-13T16:42:33.817643+00:00,gpu0_correctness,0,nocp_s8192_e4096,correctness,8192,8192,4096,0,0,True,,,,,7.346
2026-05-13T16:42:41.163705+00:00,gpu0_correctness,0,nocp_s8192_e4096,benchmark,8192,8192,4096,0,0,True,4428.77,131.43,131.43,131.43,7.398
2026-05-13T16:42:41.163705+00:00,gpu0_correctness,0,nocp_s8192_e4096,benchmark,32768,8192,4096,0,0,True,9328.38,576.09,576.09,576.09,7.398
2026-05-13T16:42:48.562311+00:00,gpu0_correctness,0,nocp_s8192_e4096,benchmark,65536,8192,4096,0,0,True,17416.01,1239.02,1239.02,1239.02,7.679
2026-05-13T16:42:56.241236+00:00,gpu0_correctness,0,nocp_s8192_e8192,correctness,2048,8192,8192,0,0,True,,,,,7.089
2026-05-13T16:43:03.330285+00:00,gpu0_correctness,0,nocp_s8192_e8192,correctness,8192,8192,8192,0,0,True,,,,,7.666
2026-05-13T16:43:10.996889+00:00,gpu0_correctness,0,nocp_s8192_e8192,benchmark,8192,8192,8192,0,0,True,4300.63,86.65,86.65,86.65,7.089
2026-05-13T16:43:10.996889+00:00,gpu0_correctness,0,nocp_s8192_e8192,benchmark,32768,8192,8192,0,0,True,9328.38,364.87,364.87,364.87,7.089
2026-05-13T16:43:18.086423+00:00,gpu0_correctness,0,nocp_s8192_e8192,benchmark,65536,8192,8192,0,0,True,17416.01,783.75,783.75,783.75,6.515
2026-05-13T16:43:24.602381+00:00,gpu0_correctness,0,ckpt_s1024_e1024,correctness,2048,1024,1024,1,0,True,,,,,8.233
2026-05-13T16:43:32.835311+00:00,gpu0_correctness,0,ckpt_s1024_e1024,correctness,8192,1024,1024,1,0,True,,,,,8.677
2026-05-13T16:43:41.512133+00:00,gpu0_correctness,0,ckpt_s1024_e1024,benchmark,8192,1024,1024,1,0,True,4152.79,415.5,415.5,415.5,11.324
2026-05-13T16:43:41.512133+00:00,gpu0_correctness,0,ckpt_s1024_e1024,benchmark,32768,1024,1024,1,0,True,6954.88,1803.92,1803.92,1803.92,11.324
2026-05-13T16:43:52.836396+00:00,gpu0_correctness,0,ckpt_s1024_e1024,benchmark,65536,1024,1024,1,0,True,11272.01,4330.72,4330.72,4330.72,14.875
2026-05-13T16:44:07.711966+00:00,gpu0_correctness,0,ckpt_s2048_e1024,correctness,2048,2048,1024,1,0,True,,,,,8.426
2026-05-13T16:44:16.138714+00:00,gpu0_correctness,0,ckpt_s2048_e1024,correctness,8192,2048,1024,1,0,True,,,,,8.448
2026-05-13T16:44:24.586774+00:00,gpu0_correctness,0,ckpt_s2048_e1024,benchmark,8192,2048,1024,1,0,True,4153.66,408.17,408.17,408.17,10.716
2026-05-13T16:44:24.586774+00:00,gpu0_correctness,0,ckpt_s2048_e1024,benchmark,32768,2048,1024,1,0,True,6955.75,1749.7,1749.7,1749.7,10.716
2026-05-13T16:44:35.303375+00:00,gpu0_correctness,0,ckpt_s2048_e1024,benchmark,65536,2048,1024,1,0,True,11272.51,3860.69,3860.69,3860.69,13.099
2026-05-13T16:44:48.402484+00:00,gpu0_correctness,0,ckpt_s4096_e1024,correctness,2048,4096,1024,1,0,True,,,,,7.794
2026-05-13T16:44:56.196591+00:00,gpu0_correctness,0,ckpt_s4096_e1024,correctness,8192,4096,1024,1,0,True,,,,,7.635
2026-05-13T16:45:03.832086+00:00,gpu0_correctness,0,ckpt_s4096_e1024,benchmark,8192,4096,1024,1,0,True,4153.16,403.33,403.33,403.33,10.491
2026-05-13T16:45:03.832086+00:00,gpu0_correctness,0,ckpt_s4096_e1024,benchmark,32768,4096,1024,1,0,True,6955.25,1745.43,1745.43,1745.43,10.491
2026-05-13T16:45:14.323865+00:00,gpu0_correctness,0,ckpt_s4096_e1024,benchmark,65536,4096,1024,1,0,True,11272.51,3835.63,3835.63,3835.63,12.880
2026-05-13T16:45:27.204770+00:00,gpu0_correctness,0,ckpt_s2048_e2048,correctness,2048,2048,2048,1,0,True,,,,,8.230
2026-05-13T16:45:35.435542+00:00,gpu0_correctness,0,ckpt_s2048_e2048,correctness,8192,2048,2048,1,0,True,,,,,8.423
2026-05-13T16:45:43.858666+00:00,gpu0_correctness,0,ckpt_s2048_e2048,benchmark,8192,2048,2048,1,0,True,4133.78,217.56,217.56,217.56,9.177
2026-05-13T16:45:43.858666+00:00,gpu0_correctness,0,ckpt_s2048_e2048,benchmark,32768,2048,2048,1,0,True,6934.88,976.89,976.89,976.89,9.177
2026-05-13T16:45:53.035751+00:00,gpu0_correctness,0,ckpt_s2048_e2048,benchmark,65536,2048,2048,1,0,True,11272.01,2114.99,2114.99,2114.99,9.726
2026-05-13T16:46:02.762267+00:00,gpu0_correctness,0,ckpt_s4096_e2048,correctness,2048,4096,2048,1,0,True,,,,,8.286
2026-05-13T16:46:11.049056+00:00,gpu0_correctness,0,ckpt_s4096_e2048,correctness,8192,4096,2048,1,0,True,,,,,8.291
2026-05-13T16:46:19.340255+00:00,gpu0_correctness,0,ckpt_s4096_e2048,benchmark,8192,4096,2048,1,0,True,4132.78,245.59,245.59,245.59,10.016
2026-05-13T16:46:19.340255+00:00,gpu0_correctness,0,ckpt_s4096_e2048,benchmark,32768,4096,2048,1,0,True,6934.88,1064.53,1064.53,1064.53,10.016
2026-05-13T16:46:29.356306+00:00,gpu0_correctness,0,ckpt_s4096_e2048,benchmark,65536,4096,2048,1,0,True,11272.01,2242.8,2242.8,2242.8,10.725
2026-05-13T16:46:40.082047+00:00,gpu0_correctness,0,ckpt_s8192_e2048,correctness,2048,8192,2048,1,0,True,,,,,8.312
2026-05-13T16:46:48.394466+00:00,gpu0_correctness,0,ckpt_s8192_e2048,correctness,8192,8192,2048,1,0,True,,,,,8.913
2026-05-13T16:46:57.307671+00:00,gpu0_correctness,0,ckpt_s8192_e2048,benchmark,8192,8192,2048,1,0,True,4132.78,215.63,215.63,215.63,8.737
2026-05-13T16:46:57.307671+00:00,gpu0_correctness,0,ckpt_s8192_e2048,benchmark,32768,8192,2048,1,0,True,6934.88,938.44,938.44,938.44,8.737
2026-05-13T16:47:06.045483+00:00,gpu0_correctness,0,ckpt_s8192_e2048,benchmark,65536,8192,2048,1,0,True,11272.01,2007.91,2007.91,2007.91,9.583
2026-05-13T16:47:15.628942+00:00,gpu0_correctness,0,ckpt_s4096_e4096,correctness,2048,4096,4096,1,0,True,,,,,7.919
2026-05-13T16:47:23.548502+00:00,gpu0_correctness,0,ckpt_s4096_e4096,correctness,8192,4096,4096,1,0,True,,,,,7.709
2026-05-13T16:47:31.257498+00:00,gpu0_correctness,0,ckpt_s4096_e4096,benchmark,8192,4096,4096,1,0,True,4092.77,127.54,127.54,127.54,7.518
2026-05-13T16:47:31.257498+00:00,gpu0_correctness,0,ckpt_s4096_e4096,benchmark,32768,4096,4096,1,0,True,6894.87,543.08,543.08,543.08,7.518
2026-05-13T16:47:38.776177+00:00,gpu0_correctness,0,ckpt_s4096_e4096,benchmark,65536,4096,4096,1,0,True,11272.01,1193.12,1193.12,1193.12,7.454
2026-05-13T16:47:46.230689+00:00,gpu0_correctness,0,ckpt_s8192_e4096,correctness,2048,8192,4096,1,0,True,,,,,8.098
2026-05-13T16:47:54.329041+00:00,gpu0_correctness,0,ckpt_s8192_e4096,correctness,8192,8192,4096,1,0,True,,,,,7.802
2026-05-13T16:48:02.131365+00:00,gpu0_correctness,0,ckpt_s8192_e4096,benchmark,8192,8192,4096,1,0,True,4092.77,265.36,265.36,265.36,7.117
2026-05-13T16:48:02.131365+00:00,gpu0_correctness,0,ckpt_s8192_e4096,benchmark,32768,8192,4096,1,0,True,6894.87,536.16,536.16,536.16,7.117
2026-05-13T16:48:09.248873+00:00,gpu0_correctness,0,ckpt_s8192_e4096,benchmark,65536,8192,4096,1,0,True,11272.01,1156.85,1156.85,1156.85,7.439
2026-05-13T16:48:16.688253+00:00,gpu0_correctness,0,ckpt_s16384_e4096,correctness,2048,16384,4096,1,0,True,,,,,7.364
2026-05-13T16:48:24.052225+00:00,gpu0_correctness,0,ckpt_s16384_e4096,correctness,8192,16384,4096,1,0,True,,,,,7.344
2026-05-13T16:48:31.396255+00:00,gpu0_correctness,0,ckpt_s16384_e4096,benchmark,8192,16384,4096,1,0,True,4092.77,255.72,255.72,255.72,7.752
2026-05-13T16:48:31.396255+00:00,gpu0_correctness,0,ckpt_s16384_e4096,benchmark,32768,16384,4096,1,0,True,6894.87,535.13,535.13,535.13,7.752
2026-05-13T16:48:39.148530+00:00,gpu0_correctness,0,ckpt_s16384_e4096,benchmark,65536,16384,4096,1,0,True,11272.01,1147.36,1147.36,1147.36,7.567
2026-05-13T16:48:46.715789+00:00,gpu0_correctness,0,ckpt_s8192_e8192,correctness,2048,8192,8192,1,0,True,,,,,7.897
2026-05-13T16:48:54.613248+00:00,gpu0_correctness,0,ckpt_s8192_e8192,correctness,8192,8192,8192,1,0,True,,,,,7.360
2026-05-13T16:49:01.973099+00:00,gpu0_correctness,0,ckpt_s8192_e8192,benchmark,8192,8192,8192,1,0,True,4012.63,83.67,83.67,83.67,7.619
2026-05-13T16:49:01.973099+00:00,gpu0_correctness,0,ckpt_s8192_e8192,benchmark,32768,8192,8192,1,0,True,6814.85,352.6,352.6,352.6,7.619
2026-05-13T16:49:09.592945+00:00,gpu0_correctness,0,ckpt_s8192_e8192,benchmark,65536,8192,8192,1,0,True,11272.01,748.93,748.93,748.93,6.652
2026-05-13T16:49:16.245650+00:00,gpu0_correctness,0,nocp_s2048_e2048,correctness,2048,2048,2048,0,0,True,,,,,6.912
2026-05-13T16:49:23.157843+00:00,gpu0_correctness,0,nocp_s2048_e2048,correctness,8192,2048,2048,0,0,True,,,,,6.895
2026-05-13T16:49:30.053179+00:00,gpu0_correctness,0,nocp_s2048_e2048,benchmark,8192,2048,2048,0,0,True,4526.78,204.25,204.25,204.25,7.907
2026-05-13T16:49:30.053179+00:00,gpu0_correctness,0,nocp_s2048_e2048,benchmark,32768,2048,2048,0,0,True,9474.38,898.51,898.51,898.51,7.907
2026-05-13T16:49:37.960294+00:00,gpu0_correctness,0,nocp_s2048_e2048,benchmark,65536,2048,2048,0,0,True,17708.01,1967.09,1967.09,1967.09,8.773
2026-05-13T16:49:46.734131+00:00,gpu0_correctness,0,nocp_s4096_e2048,correctness,2048,4096,2048,0,0,True,,,,,6.982
2026-05-13T16:49:53.716370+00:00,gpu0_correctness,0,nocp_s4096_e2048,correctness,8192,4096,2048,0,0,True,,,,,6.950
2026-05-13T16:50:00.666791+00:00,gpu0_correctness,0,nocp_s4096_e2048,benchmark,8192,4096,2048,0,0,True,4527.66,207.55,207.55,207.55,7.606
2026-05-13T16:50:00.666791+00:00,gpu0_correctness,0,nocp_s4096_e2048,benchmark,32768,4096,2048,0,0,True,9473.26,885.7,885.7,885.7,7.606
2026-05-13T16:50:08.273424+00:00,gpu0_correctness,0,nocp_s4096_e2048,benchmark,65536,4096,2048,0,0,True,17708.01,1936.54,1936.54,1936.54,8.428
2026-05-13T16:50:16.701816+00:00,gpu0_correctness,0,nocp_s4096_e4096,correctness,2048,4096,4096,0,0,True,,,,,6.399
2026-05-13T16:50:23.101520+00:00,gpu0_correctness,0,nocp_s4096_e4096,correctness,8192,4096,4096,0,0,True,,,,,7.420
2026-05-13T16:50:30.522414+00:00,gpu0_correctness,0,nocp_s4096_e4096,benchmark,8192,4096,4096,0,0,True,4428.77,119.28,119.28,119.28,6.942
2026-05-13T16:50:30.522414+00:00,gpu0_correctness,0,nocp_s4096_e4096,benchmark,32768,4096,4096,0,0,True,9328.38,515.71,515.71,515.71,6.942
2026-05-13T16:50:37.464575+00:00,gpu0_correctness,0,nocp_s4096_e4096,benchmark,65536,4096,4096,0,0,True,17416.01,1122.5,1122.5,1122.5,7.020
2026-05-13T16:50:44.484761+00:00,gpu0_correctness,0,nocp_s8192_e4096,correctness,2048,8192,4096,0,0,True,,,,,6.673
2026-05-13T16:50:51.157794+00:00,gpu0_correctness,0,nocp_s8192_e4096,correctness,8192,8192,4096,0,0,True,,,,,6.598
2026-05-13T16:50:57.755840+00:00,gpu0_correctness,0,nocp_s8192_e4096,benchmark,8192,8192,4096,0,0,True,4428.77,118.12,118.12,118.12,6.761
2026-05-13T16:50:57.755840+00:00,gpu0_correctness,0,nocp_s8192_e4096,benchmark,32768,8192,4096,0,0,True,9328.38,512.22,512.22,512.22,6.761
2026-05-13T16:51:04.517320+00:00,gpu0_correctness,0,nocp_s8192_e4096,benchmark,65536,8192,4096,0,0,True,17416.01,1109.77,1109.77,1109.77,7.065
2026-05-13T16:51:11.582401+00:00,gpu0_correctness,0,nocp_s8192_e8192,correctness,2048,8192,8192,0,0,True,,,,,7.083
2026-05-13T16:51:18.665520+00:00,gpu0_correctness,0,nocp_s8192_e8192,correctness,8192,8192,8192,0,0,True,,,,,6.982
2026-05-13T16:51:25.647370+00:00,gpu0_correctness,0,nocp_s8192_e8192,benchmark,8192,8192,8192,0,0,True,4300.63,76.46,76.46,76.46,6.162
2026-05-13T16:51:25.647370+00:00,gpu0_correctness,0,nocp_s8192_e8192,benchmark,32768,8192,8192,0,0,True,9328.38,326.88,326.88,326.88,6.162
2026-05-13T16:51:31.809427+00:00,gpu0_correctness,0,nocp_s8192_e8192,benchmark,65536,8192,8192,0,0,True,17416.01,700.79,700.79,700.79,5.997
2026-05-13T16:51:37.807453+00:00,gpu0_correctness,0,ckpt_s1024_e1024,correctness,2048,1024,1024,1,0,True,,,,,7.523
2026-05-13T16:51:45.330334+00:00,gpu0_correctness,0,ckpt_s1024_e1024,correctness,8192,1024,1024,1,0,True,,,,,8.156
2026-05-13T16:51:53.486561+00:00,gpu0_correctness,0,ckpt_s1024_e1024,benchmark,8192,1024,1024,1,0,True,4152.79,399.9,399.9,399.9,10.295
2026-05-13T16:51:53.486561+00:00,gpu0_correctness,0,ckpt_s1024_e1024,benchmark,32768,1024,1024,1,0,True,6954.88,1767.57,1767.57,1767.57,10.295
2026-05-13T16:52:03.782074+00:00,gpu0_correctness,0,ckpt_s1024_e1024,benchmark,65536,1024,1024,1,0,True,11272.01,3980.23,3980.23,3980.23,12.591
2026-05-13T16:52:16.373709+00:00,gpu0_correctness,0,ckpt_s2048_e1024,correctness,2048,2048,1024,1,0,True,,,,,7.027
2026-05-13T16:52:23.401176+00:00,gpu0_correctness,0,ckpt_s2048_e1024,correctness,8192,2048,1024,1,0,True,,,,,7.075
2026-05-13T16:52:30.476538+00:00,gpu0_correctness,0,ckpt_s2048_e1024,benchmark,8192,2048,1024,1,0,True,4153.66,403.51,403.51,403.51,10.667
2026-05-13T16:52:30.476538+00:00,gpu0_correctness,0,ckpt_s2048_e1024,benchmark,32768,2048,1024,1,0,True,6955.75,1785.65,1785.65,1785.65,10.667
2026-05-13T16:52:41.144205+00:00,gpu0_correctness,0,ckpt_s2048_e1024,benchmark,65536,2048,1024,1,0,True,11272.51,3906.6,3906.6,3906.6,13.336
2026-05-13T16:52:54.480468+00:00,gpu0_correctness,0,ckpt_s4096_e1024,correctness,2048,4096,1024,1,0,True,,,,,7.108
2026-05-13T16:53:01.589210+00:00,gpu0_correctness,0,ckpt_s4096_e1024,correctness,8192,4096,1024,1,0,True,,,,,7.752
2026-05-13T16:53:09.341882+00:00,gpu0_correctness,0,ckpt_s4096_e1024,benchmark,8192,4096,1024,1,0,True,4153.16,396.62,396.62,396.62,10.000
2026-05-13T16:53:09.341882+00:00,gpu0_correctness,0,ckpt_s4096_e1024,benchmark,32768,4096,1024,1,0,True,6955.25,1753.45,1753.45,1753.45,10.000
2026-05-13T16:53:19.342571+00:00,gpu0_correctness,0,ckpt_s4096_e1024,benchmark,65536,4096,1024,1,0,True,11272.51,3807.0,3807.0,3807.0,13.087
2026-05-13T16:53:32.429791+00:00,gpu0_correctness,0,ckpt_s2048_e2048,correctness,2048,2048,2048,1,0,True,,,,,7.610
2026-05-13T16:53:40.040070+00:00,gpu0_correctness,0,ckpt_s2048_e2048,correctness,8192,2048,2048,1,0,True,,,,,7.409
2026-05-13T16:53:47.449254+00:00,gpu0_correctness,0,ckpt_s2048_e2048,benchmark,8192,2048,2048,1,0,True,4133.78,213.57,213.57,213.57,8.364
2026-05-13T16:53:47.449254+00:00,gpu0_correctness,0,ckpt_s2048_e2048,benchmark,32768,2048,2048,1,0,True,6934.88,975.68,975.68,975.68,8.364
2026-05-13T16:53:55.814000+00:00,gpu0_correctness,0,ckpt_s2048_e2048,benchmark,65536,2048,2048,1,0,True,11272.01,2071.56,2071.56,2071.56,9.106
2026-05-13T16:54:04.920358+00:00,gpu0_correctness,0,ckpt_s4096_e2048,correctness,2048,4096,2048,1,0,True,,,,,7.259
2026-05-13T16:54:12.179302+00:00,gpu0_correctness,0,ckpt_s4096_e2048,correctness,8192,4096,2048,1,0,True,,,,,7.953
2026-05-13T16:54:20.132249+00:00,gpu0_correctness,0,ckpt_s4096_e2048,benchmark,8192,4096,2048,1,0,True,4132.78,230.63,230.63,230.63,8.122
2026-05-13T16:54:20.132249+00:00,gpu0_correctness,0,ckpt_s4096_e2048,benchmark,32768,4096,2048,1,0,True,6934.88,927.0,927.0,927.0,8.122
2026-05-13T16:54:28.255039+00:00,gpu0_correctness,0,ckpt_s4096_e2048,benchmark,65536,4096,2048,1,0,True,11272.01,2063.76,2063.76,2063.76,9.471
2026-05-13T16:54:37.726610+00:00,gpu0_correctness,0,ckpt_s8192_e2048,correctness,2048,8192,2048,1,0,True,,,,,7.261
2026-05-13T16:54:44.988216+00:00,gpu0_correctness,0,ckpt_s8192_e2048,correctness,8192,8192,2048,1,0,True,,,,,7.531
2026-05-13T16:54:52.519200+00:00,gpu0_correctness,0,ckpt_s8192_e2048,benchmark,8192,8192,2048,1,0,True,4132.78,219.6,219.6,219.6,8.539
2026-05-13T16:54:52.519200+00:00,gpu0_correctness,0,ckpt_s8192_e2048,benchmark,32768,8192,2048,1,0,True,6934.88,930.08,930.08,930.08,8.539
2026-05-13T16:55:01.059117+00:00,gpu0_correctness,0,ckpt_s8192_e2048,benchmark,65536,8192,2048,1,0,True,11272.01,2072.73,2072.73,2072.73,9.558
2026-05-13T16:55:10.617522+00:00,gpu0_correctness,0,ckpt_s4096_e4096,correctness,2048,4096,4096,1,0,True,,,,,7.407
2026-05-13T16:55:18.025209+00:00,gpu0_correctness,0,ckpt_s4096_e4096,correctness,8192,4096,4096,1,0,True,,,,,7.621
2026-05-13T16:55:25.646298+00:00,gpu0_correctness,0,ckpt_s4096_e4096,benchmark,8192,4096,4096,1,0,True,4092.77,126.92,126.92,126.92,7.366
2026-05-13T16:55:25.646298+00:00,gpu0_correctness,0,ckpt_s4096_e4096,benchmark,32768,4096,4096,1,0,True,6894.87,544.64,544.64,544.64,7.366
2026-05-13T16:55:33.012986+00:00,gpu0_correctness,0,ckpt_s4096_e4096,benchmark,65536,4096,4096,1,0,True,11272.01,1185.6,1185.6,1185.6,7.490
2026-05-13T16:55:40.503736+00:00,gpu0_correctness,0,ckpt_s8192_e4096,correctness,2048,8192,4096,1,0,True,,,,,7.199
2026-05-13T16:55:47.702806+00:00,gpu0_correctness,0,ckpt_s8192_e4096,correctness,8192,8192,4096,1,0,True,,,,,8.076
2026-05-13T16:55:55.779587+00:00,gpu0_correctness,0,ckpt_s8192_e4096,benchmark,8192,8192,4096,1,0,True,4092.77,246.52,246.52,246.52,7.116
2026-05-13T16:55:55.779587+00:00,gpu0_correctness,0,ckpt_s8192_e4096,benchmark,32768,8192,4096,1,0,True,6894.87,542.83,542.83,542.83,7.116
2026-05-13T16:56:02.896284+00:00,gpu0_correctness,0,ckpt_s8192_e4096,benchmark,65536,8192,4096,1,0,True,11272.01,1160.88,1160.88,1160.88,7.963
2026-05-13T16:56:10.859812+00:00,gpu0_correctness,0,ckpt_s16384_e4096,correctness,2048,16384,4096,1,0,True,,,,,7.234
2026-05-13T16:56:18.094454+00:00,gpu0_correctness,0,ckpt_s16384_e4096,correctness,8192,16384,4096,1,0,True,,,,,7.706
2026-05-13T16:56:25.800868+00:00,gpu0_correctness,0,ckpt_s16384_e4096,benchmark,8192,16384,4096,1,0,True,4092.77,243.2,243.2,243.2,7.129
2026-05-13T16:56:25.800868+00:00,gpu0_correctness,0,ckpt_s16384_e4096,benchmark,32768,16384,4096,1,0,True,6894.87,539.05,539.05,539.05,7.129
2026-05-13T16:56:32.929968+00:00,gpu0_correctness,0,ckpt_s16384_e4096,benchmark,65536,16384,4096,1,0,True,11272.01,1152.4,1152.4,1152.4,8.025
2026-05-13T16:56:40.955756+00:00,gpu0_correctness,0,ckpt_s8192_e8192,correctness,2048,8192,8192,1,0,True,,,,,7.633
2026-05-13T16:56:48.588879+00:00,gpu0_correctness,0,ckpt_s8192_e8192,correctness,8192,8192,8192,1,0,True,,,,,7.769
2026-05-13T16:56:56.358737+00:00,gpu0_correctness,0,ckpt_s8192_e8192,benchmark,8192,8192,8192,1,0,True,4012.63,84.35,84.35,84.35,6.675
2026-05-13T16:56:56.358737+00:00,gpu0_correctness,0,ckpt_s8192_e8192,benchmark,32768,8192,8192,1,0,True,6814.85,350.94,350.94,350.94,6.675
2026-05-13T16:57:03.033887+00:00,gpu0_correctness,0,ckpt_s8192_e8192,benchmark,65536,8192,8192,1,0,True,11272.01,748.37,748.37,748.37,7.046
2026-05-13T16:57:10.080507+00:00,gpu0_correctness,0,nocp_s2048_e2048,correctness,2048,2048,2048,0,0,True,,,,,6.400
2026-05-13T16:57:16.480570+00:00,gpu0_correctness,0,nocp_s2048_e2048,correctness,8192,2048,2048,0,0,True,,,,,6.684
2026-05-13T16:57:23.165277+00:00,gpu0_correctness,0,nocp_s2048_e2048,benchmark,8192,2048,2048,0,0,True,4526.78,203.05,203.05,203.05,7.572
2026-05-13T16:57:23.165277+00:00,gpu0_correctness,0,nocp_s2048_e2048,benchmark,32768,2048,2048,0,0,True,9474.38,892.81,892.81,892.81,7.572
2026-05-13T16:57:30.737290+00:00,gpu0_correctness,0,nocp_s2048_e2048,benchmark,65536,2048,2048,0,0,True,17708.01,2003.03,2003.03,2003.03,8.311
2026-05-13T16:57:39.048942+00:00,gpu0_correctness,0,nocp_s4096_e2048,correctness,2048,4096,2048,0,0,True,,,,,6.663
2026-05-13T16:57:45.712123+00:00,gpu0_correctness,0,nocp_s4096_e2048,correctness,8192,4096,2048,0,0,True,,,,,6.535
2026-05-13T16:57:52.247707+00:00,gpu0_correctness,0,nocp_s4096_e2048,benchmark,8192,4096,2048,0,0,True,4527.66,202.13,202.13,202.13,7.338
2026-05-13T16:57:52.247707+00:00,gpu0_correctness,0,nocp_s4096_e2048,benchmark,32768,4096,2048,0,0,True,9473.26,885.02,885.02,885.02,7.338
2026-05-13T16:57:59.586288+00:00,gpu0_correctness,0,nocp_s4096_e2048,benchmark,65536,4096,2048,0,0,True,17708.01,1934.78,1934.78,1934.78,8.839
2026-05-13T16:58:08.425758+00:00,gpu0_correctness,0,nocp_s4096_e4096,correctness,2048,4096,4096,0,0,True,,,,,6.901
2026-05-13T16:58:15.327202+00:00,gpu0_correctness,0,nocp_s4096_e4096,correctness,8192,4096,4096,0,0,True,,,,,6.610
2026-05-13T16:58:21.937305+00:00,gpu0_correctness,0,nocp_s4096_e4096,benchmark,8192,4096,4096,0,0,True,4428.77,118.8,118.8,118.8,6.416
2026-05-13T16:58:21.937305+00:00,gpu0_correctness,0,nocp_s4096_e4096,benchmark,32768,4096,4096,0,0,True,9328.38,515.58,515.58,515.58,6.416
2026-05-13T16:58:28.354052+00:00,gpu0_correctness,0,nocp_s4096_e4096,benchmark,65536,4096,4096,0,0,True,17416.01,1122.59,1122.59,1122.59,6.750
2026-05-13T16:58:35.103997+00:00,gpu0_correctness,0,nocp_s8192_e4096,correctness,2048,8192,4096,0,0,True,,,,,6.307
2026-05-13T16:58:41.411331+00:00,gpu0_correctness,0,nocp_s8192_e4096,correctness,8192,8192,4096,0,0,True,,,,,6.920
2026-05-13T16:58:48.332059+00:00,gpu0_correctness,0,nocp_s8192_e4096,benchmark,8192,8192,4096,0,0,True,4428.77,118.89,118.89,118.89,6.403
2026-05-13T16:58:48.332059+00:00,gpu0_correctness,0,nocp_s8192_e4096,benchmark,32768,8192,4096,0,0,True,9328.38,512.08,512.08,512.08,6.403
2026-05-13T16:58:54.735796+00:00,gpu0_correctness,0,nocp_s8192_e4096,benchmark,65536,8192,4096,0,0,True,17416.01,1108.44,1108.44,1108.44,6.763
2026-05-13T16:59:01.499499+00:00,gpu0_correctness,0,nocp_s8192_e8192,correctness,2048,8192,8192,0,0,True,,,,,7.022
2026-05-13T16:59:08.521682+00:00,gpu0_correctness,0,nocp_s8192_e8192,correctness,8192,8192,8192,0,0,True,,,,,6.463
2026-05-13T16:59:14.985352+00:00,gpu0_correctness,0,nocp_s8192_e8192,benchmark,8192,8192,8192,0,0,True,4300.63,78.53,78.53,78.53,5.470
2026-05-13T16:59:14.985352+00:00,gpu0_correctness,0,nocp_s8192_e8192,benchmark,32768,8192,8192,0,0,True,9328.38,327.2,327.2,327.2,5.470
2026-05-13T16:59:20.456053+00:00,gpu0_correctness,0,nocp_s8192_e8192,benchmark,65536,8192,8192,0,0,True,17416.01,701.6,701.6,701.6,6.310
2026-05-13T16:59:26.766236+00:00,gpu0_correctness,0,ckpt_s1024_e1024,correctness,2048,1024,1024,1,0,True,,,,,7.623
2026-05-13T16:59:34.389623+00:00,gpu0_correctness,0,ckpt_s1024_e1024,correctness,8192,1024,1024,1,0,True,,,,,7.582
2026-05-13T16:59:41.972101+00:00,gpu0_correctness,0,ckpt_s1024_e1024,benchmark,8192,1024,1024,1,0,True,4152.79,397.71,397.71,397.71,11.106
2026-05-13T16:59:41.972101+00:00,gpu0_correctness,0,ckpt_s1024_e1024,benchmark,32768,1024,1024,1,0,True,6954.88,1794.94,1794.94,1794.94,11.106
2026-05-13T16:59:53.078413+00:00,gpu0_correctness,0,ckpt_s1024_e1024,benchmark,65536,1024,1024,1,0,True,11272.01,3848.48,3848.48,3848.48,12.931
2026-05-13T17:00:06.009861+00:00,gpu0_correctness,0,ckpt_s2048_e1024,correctness,2048,2048,1024,1,0,True,,,,,7.670
2026-05-13T17:00:13.680286+00:00,gpu0_correctness,0,ckpt_s2048_e1024,correctness,8192,2048,1024,1,0,True,,,,,7.194
2026-05-13T17:00:20.874207+00:00,gpu0_correctness,0,ckpt_s2048_e1024,benchmark,8192,2048,1024,1,0,True,4153.66,402.66,402.66,402.66,10.117
2026-05-13T17:00:20.874207+00:00,gpu0_correctness,0,ckpt_s2048_e1024,benchmark,32768,2048,1024,1,0,True,6955.75,1723.72,1723.72,1723.72,10.117
2026-05-13T17:00:30.991474+00:00,gpu0_correctness,0,ckpt_s2048_e1024,benchmark,65536,2048,1024,1,0,True,11272.51,3872.87,3872.87,3872.87,12.805
2026-05-13T17:00:43.796674+00:00,gpu0_correctness,0,ckpt_s4096_e1024,correctness,2048,4096,1024,1,0,True,,,,,7.574
2026-05-13T17:00:51.370555+00:00,gpu0_correctness,0,ckpt_s4096_e1024,correctness,8192,4096,1024,1,0,True,,,,,7.294
2026-05-13T17:00:58.665255+00:00,gpu0_correctness,0,ckpt_s4096_e1024,benchmark,8192,4096,1024,1,0,True,4153.16,396.31,396.31,396.31,10.293
2026-05-13T17:00:58.665255+00:00,gpu0_correctness,0,ckpt_s4096_e1024,benchmark,32768,4096,1024,1,0,True,6955.25,1728.24,1728.24,1728.24,10.293
2026-05-13T17:01:08.958251+00:00,gpu0_correctness,0,ckpt_s4096_e1024,benchmark,65536,4096,1024,1,0,True,11272.51,3792.41,3792.41,3792.41,12.985
2026-05-13T17:01:21.944037+00:00,gpu0_correctness,0,ckpt_s2048_e2048,correctness,2048,2048,2048,1,0,True,,,,,7.689
2026-05-13T17:01:29.633424+00:00,gpu0_correctness,0,ckpt_s2048_e2048,correctness,8192,2048,2048,1,0,True,,,,,7.584
2026-05-13T17:01:37.217298+00:00,gpu0_correctness,0,ckpt_s2048_e2048,benchmark,8192,2048,2048,1,0,True,4133.78,213.42,213.42,213.42,8.287
2026-05-13T17:01:37.217298+00:00,gpu0_correctness,0,ckpt_s2048_e2048,benchmark,32768,2048,2048,1,0,True,6934.88,938.7,938.7,938.7,8.287
2026-05-13T17:01:45.504410+00:00,gpu0_correctness,0,ckpt_s2048_e2048,benchmark,65536,2048,2048,1,0,True,11272.01,2046.41,2046.41,2046.41,8.586
2026-05-13T17:01:54.091368+00:00,gpu0_correctness,0,ckpt_s4096_e2048,correctness,2048,4096,2048,1,0,True,,,,,7.736
2026-05-13T17:02:01.827727+00:00,gpu0_correctness,0,ckpt_s4096_e2048,correctness,8192,4096,2048,1,0,True,,,,,7.953
2026-05-13T17:02:09.781517+00:00,gpu0_correctness,0,ckpt_s4096_e2048,benchmark,8192,4096,2048,1,0,True,4132.78,216.22,216.22,216.22,8.615
2026-05-13T17:02:09.781517+00:00,gpu0_correctness,0,ckpt_s4096_e2048,benchmark,32768,4096,2048,1,0,True,6934.88,953.65,953.65,953.65,8.615
2026-05-13T17:02:18.397167+00:00,gpu0_correctness,0,ckpt_s4096_e2048,benchmark,65536,4096,2048,1,0,True,11272.01,2050.13,2050.13,2050.13,9.340
2026-05-13T17:02:27.737786+00:00,gpu0_correctness,0,ckpt_s8192_e2048,correctness,2048,8192,2048,1,0,True,,,,,7.135
2026-05-13T17:02:34.873262+00:00,gpu0_correctness,0,ckpt_s8192_e2048,correctness,8192,8192,2048,1,0,True,,,,,7.005
2026-05-13T17:02:41.878927+00:00,gpu0_correctness,0,ckpt_s8192_e2048,benchmark,8192,8192,2048,1,0,True,4132.78,216.27,216.27,216.27,8.333
2026-05-13T17:02:41.878927+00:00,gpu0_correctness,0,ckpt_s8192_e2048,benchmark,32768,8192,2048,1,0,True,6934.88,927.07,927.07,927.07,8.333
2026-05-13T17:02:50.211938+00:00,gpu0_correctness,0,ckpt_s8192_e2048,benchmark,65536,8192,2048,1,0,True,11272.01,2064.38,2064.38,2064.38,9.606
2026-05-13T17:02:59.818853+00:00,gpu0_correctness,0,ckpt_s4096_e4096,correctness,2048,4096,4096,1,0,True,,,,,6.801
2026-05-13T17:03:06.620179+00:00,gpu0_correctness,0,ckpt_s4096_e4096,correctness,8192,4096,4096,1,0,True,,,,,7.887
2026-05-13T17:03:14.507015+00:00,gpu0_correctness,0,ckpt_s4096_e4096,benchmark,8192,4096,4096,1,0,True,4092.77,125.06,125.06,125.06,7.726
2026-05-13T17:03:14.507015+00:00,gpu0_correctness,0,ckpt_s4096_e4096,benchmark,32768,4096,4096,1,0,True,6894.87,542.36,542.36,542.36,7.726
2026-05-13T17:03:22.233896+00:00,gpu0_correctness,0,ckpt_s4096_e4096,benchmark,65536,4096,4096,1,0,True,11272.01,1186.24,1186.24,1186.24,8.041
2026-05-13T17:03:30.275938+00:00,gpu0_correctness,0,ckpt_s8192_e4096,correctness,2048,8192,4096,1,0,True,,,,,8.240
2026-05-13T17:03:38.516580+00:00,gpu0_correctness,0,ckpt_s8192_e4096,correctness,8192,8192,4096,1,0,True,,,,,8.158
2026-05-13T17:03:46.675366+00:00,gpu0_correctness,0,ckpt_s8192_e4096,benchmark,8192,8192,4096,1,0,True,4092.77,222.33,222.33,222.33,7.048
2026-05-13T17:03:46.675366+00:00,gpu0_correctness,0,ckpt_s8192_e4096,benchmark,32768,8192,4096,1,0,True,6894.87,540.25,540.25,540.25,7.048
2026-05-13T17:03:53.723965+00:00,gpu0_correctness,0,ckpt_s8192_e4096,benchmark,65536,8192,4096,1,0,True,11272.01,1160.87,1160.87,1160.87,8.038
2026-05-13T17:04:01.762505+00:00,gpu0_correctness,0,ckpt_s16384_e4096,correctness,2048,16384,4096,1,0,True,,,,,8.149
2026-05-13T17:04:09.911432+00:00,gpu0_correctness,0,ckpt_s16384_e4096,correctness,8192,16384,4096,1,0,True,,,,,7.685
2026-05-13T17:04:17.596811+00:00,gpu0_correctness,0,ckpt_s16384_e4096,benchmark,8192,16384,4096,1,0,True,4092.77,274.93,274.93,274.93,7.402
2026-05-13T17:04:17.596811+00:00,gpu0_correctness,0,ckpt_s16384_e4096,benchmark,32768,16384,4096,1,0,True,6894.87,542.26,542.26,542.26,7.402
2026-05-13T17:04:24.999617+00:00,gpu0_correctness,0,ckpt_s16384_e4096,benchmark,65536,16384,4096,1,0,True,11272.01,1144.71,1144.71,1144.71,7.305
2026-05-13T17:04:32.305645+00:00,gpu0_correctness,0,ckpt_s8192_e8192,correctness,2048,8192,8192,1,0,True,,,,,7.431
2026-05-13T17:04:39.736643+00:00,gpu0_correctness,0,ckpt_s8192_e8192,correctness,8192,8192,8192,1,0,True,,,,,7.572
2026-05-13T17:04:47.309064+00:00,gpu0_correctness,0,ckpt_s8192_e8192,benchmark,8192,8192,8192,1,0,True,4012.63,83.17,83.17,83.17,6.594
2026-05-13T17:04:47.309064+00:00,gpu0_correctness,0,ckpt_s8192_e8192,benchmark,32768,8192,8192,1,0,True,6814.85,351.17,351.17,351.17,6.594
2026-05-13T17:04:53.903046+00:00,gpu0_correctness,0,ckpt_s8192_e8192,benchmark,65536,8192,8192,1,0,True,11272.01,758.82,758.82,758.82,7.178
2026-05-13T17:05:01.081509+00:00,gpu0_correctness,0,nocp_s2048_e2048,correctness,2048,2048,2048,0,0,True,,,,,6.792
2026-05-13T17:05:07.874112+00:00,gpu0_correctness,0,nocp_s2048_e2048,correctness,8192,2048,2048,0,0,True,,,,,7.367
2026-05-13T17:05:15.241384+00:00,gpu0_correctness,0,nocp_s2048_e2048,benchmark,8192,2048,2048,0,0,True,4526.78,203.01,203.01,203.01,7.669
2026-05-13T17:05:15.241384+00:00,gpu0_correctness,0,nocp_s2048_e2048,benchmark,32768,2048,2048,0,0,True,9474.38,902.32,902.32,902.32,7.669
2026-05-13T17:05:22.910435+00:00,gpu0_correctness,0,nocp_s2048_e2048,benchmark,65536,2048,2048,0,0,True,17708.01,1965.16,1965.16,1965.16,8.303
2026-05-13T17:05:31.214121+00:00,gpu0_correctness,0,nocp_s4096_e2048,correctness,2048,4096,2048,0,0,True,,,,,6.820
2026-05-13T17:05:38.034469+00:00,gpu0_correctness,0,nocp_s4096_e2048,correctness,8192,4096,2048,0,0,True,,,,,7.119
2026-05-13T17:05:45.153744+00:00,gpu0_correctness,0,nocp_s4096_e2048,benchmark,8192,4096,2048,0,0,True,4527.66,202.11,202.11,202.11,7.559
2026-05-13T17:05:45.153744+00:00,gpu0_correctness,0,nocp_s4096_e2048,benchmark,32768,4096,2048,0,0,True,9473.26,885.08,885.08,885.08,7.559
2026-05-13T17:05:52.713398+00:00,gpu0_correctness,0,nocp_s4096_e2048,benchmark,65536,4096,2048,0,0,True,17708.01,1935.05,1935.05,1935.05,8.367
2026-05-13T17:06:01.080749+00:00,gpu0_correctness,0,nocp_s4096_e4096,correctness,2048,4096,4096,0,0,True,,,,,6.708
2026-05-13T17:06:07.788899+00:00,gpu0_correctness,0,nocp_s4096_e4096,correctness,8192,4096,4096,0,0,True,,,,,6.535
2026-05-13T17:06:14.323919+00:00,gpu0_correctness,0,nocp_s4096_e4096,benchmark,8192,4096,4096,0,0,True,4428.77,119.13,119.13,119.13,6.565
2026-05-13T17:06:14.323919+00:00,gpu0_correctness,0,nocp_s4096_e4096,benchmark,32768,4096,4096,0,0,True,9328.38,516.59,516.59,516.59,6.565
2026-05-13T17:06:20.889785+00:00,gpu0_correctness,0,nocp_s4096_e4096,benchmark,65536,4096,4096,0,0,True,17416.01,1123.27,1123.27,1123.27,6.798
2026-05-13T17:06:27.688108+00:00,gpu0_correctness,0,nocp_s8192_e4096,correctness,2048,8192,4096,0,0,True,,,,,7.086
2026-05-13T17:06:34.774895+00:00,gpu0_correctness,0,nocp_s8192_e4096,correctness,8192,8192,4096,0,0,True,,,,,6.276
2026-05-13T17:06:41.051647+00:00,gpu0_correctness,0,nocp_s8192_e4096,benchmark,8192,8192,4096,0,0,True,4428.77,118.23,118.23,118.23,7.104
2026-05-13T17:06:41.051647+00:00,gpu0_correctness,0,nocp_s8192_e4096,benchmark,32768,8192,4096,0,0,True,9328.38,512.81,512.81,512.81,7.104
2026-05-13T17:06:48.156309+00:00,gpu0_correctness,0,nocp_s8192_e4096,benchmark,65536,8192,4096,0,0,True,17416.01,1108.98,1108.98,1108.98,6.816
2026-05-13T17:06:54.972776+00:00,gpu0_correctness,0,nocp_s8192_e8192,correctness,2048,8192,8192,0,0,True,,,,,6.337
2026-05-13T17:07:01.309654+00:00,gpu0_correctness,0,nocp_s8192_e8192,correctness,8192,8192,8192,0,0,True,,,,,7.171
2026-05-13T17:07:08.480737+00:00,gpu0_correctness,0,nocp_s8192_e8192,benchmark,8192,8192,8192,0,0,True,4300.63,74.97,74.97,74.97,5.901
2026-05-13T17:07:08.480737+00:00,gpu0_correctness,0,nocp_s8192_e8192,benchmark,32768,8192,8192,0,0,True,9328.38,327.67,327.67,327.67,5.901
2026-05-13T17:07:14.381894+00:00,gpu0_correctness,0,nocp_s8192_e8192,benchmark,65536,8192,8192,0,0,True,17416.01,713.57,713.57,713.57,5.835
2026-05-13T17:07:20.216991+00:00,gpu0_correctness,0,ckpt_s1024_e1024,correctness,2048,1024,1024,1,0,True,,,,,7.272
2026-05-13T17:07:27.489548+00:00,gpu0_correctness,0,ckpt_s1024_e1024,correctness,8192,1024,1024,1,0,True,,,,,7.439
2026-05-13T17:07:34.929377+00:00,gpu0_correctness,0,ckpt_s1024_e1024,benchmark,8192,1024,1024,1,0,True,4152.79,397.81,397.81,397.81,10.068
2026-05-13T17:07:34.929377+00:00,gpu0_correctness,0,ckpt_s1024_e1024,benchmark,32768,1024,1024,1,0,True,6954.88,1791.51,1791.51,1791.51,10.068
2026-05-13T17:07:44.997950+00:00,gpu0_correctness,0,ckpt_s1024_e1024,benchmark,65536,1024,1024,1,0,True,11272.01,3838.97,3838.97,3838.97,12.896
2026-05-13T17:07:57.894854+00:00,gpu0_correctness,0,ckpt_s2048_e1024,correctness,2048,2048,1024,1,0,True,,,,,7.239
2026-05-13T17:08:05.134268+00:00,gpu0_correctness,0,ckpt_s2048_e1024,correctness,8192,2048,1024,1,0,True,,,,,7.488
2026-05-13T17:08:12.622953+00:00,gpu0_correctness,0,ckpt_s2048_e1024,benchmark,8192,2048,1024,1,0,True,4153.66,411.67,411.67,411.67,10.210
2026-05-13T17:08:12.622953+00:00,gpu0_correctness,0,ckpt_s2048_e1024,benchmark,32768,2048,1024,1,0,True,6955.75,1796.9,1796.9,1796.9,10.210
2026-05-13T17:08:22.833630+00:00,gpu0_correctness,0,ckpt_s2048_e1024,benchmark,65536,2048,1024,1,0,True,11272.51,3775.41,3775.41,3775.41,12.830
2026-05-13T17:08:35.663949+00:00,gpu0_correctness,0,ckpt_s4096_e1024,correctness,2048,4096,1024,1,0,True,,,,,7.159
2026-05-13T17:08:42.823433+00:00,gpu0_correctness,0,ckpt_s4096_e1024,correctness,8192,4096,1024,1,0,True,,,,,8.005
2026-05-13T17:08:50.828618+00:00,gpu0_correctness,0,ckpt_s4096_e1024,benchmark,8192,4096,1024,1,0,True,4153.16,417.12,417.12,417.12,10.805
2026-05-13T17:08:50.828618+00:00,gpu0_correctness,0,ckpt_s4096_e1024,benchmark,32768,4096,1024,1,0,True,6955.25,1745.2,1745.2,1745.2,10.805
2026-05-13T17:09:01.633852+00:00,gpu0_correctness,0,ckpt_s4096_e1024,benchmark,65536,4096,1024,1,0,True,11272.51,3795.08,3795.08,3795.08,12.790
2026-05-13T17:09:14.424300+00:00,gpu0_correctness,0,ckpt_s2048_e2048,correctness,2048,2048,2048,1,0,True,,,,,7.273
2026-05-13T17:09:21.697651+00:00,gpu0_correctness,0,ckpt_s2048_e2048,correctness,8192,2048,2048,1,0,True,,,,,7.261
2026-05-13T17:09:28.958840+00:00,gpu0_correctness,0,ckpt_s2048_e2048,benchmark,8192,2048,2048,1,0,True,4133.78,213.42,213.42,213.42,7.531
2026-05-13T17:09:28.958840+00:00,gpu0_correctness,0,ckpt_s2048_e2048,benchmark,32768,2048,2048,1,0,True,6934.88,934.6,934.6,934.6,7.531
2026-05-13T17:09:36.490492+00:00,gpu0_correctness,0,ckpt_s2048_e2048,benchmark,65536,2048,2048,1,0,True,11272.01,2121.7,2121.7,2121.7,9.931
2026-05-13T17:09:46.422101+00:00,gpu0_correctness,0,ckpt_s4096_e2048,correctness,2048,4096,2048,1,0,True,,,,,6.961
2026-05-13T17:09:53.383815+00:00,gpu0_correctness,0,ckpt_s4096_e2048,correctness,8192,4096,2048,1,0,True,,,,,7.825
2026-05-13T17:10:01.208698+00:00,gpu0_correctness,0,ckpt_s4096_e2048,benchmark,8192,4096,2048,1,0,True,4132.78,221.76,221.76,221.76,8.639
2026-05-13T17:10:01.208698+00:00,gpu0_correctness,0,ckpt_s4096_e2048,benchmark,32768,4096,2048,1,0,True,6934.88,927.15,927.15,927.15,8.639
2026-05-13T17:10:09.847811+00:00,gpu0_correctness,0,ckpt_s4096_e2048,benchmark,65536,4096,2048,1,0,True,11272.01,2046.49,2046.49,2046.49,8.789
2026-05-13T17:10:18.637152+00:00,gpu0_correctness,0,ckpt_s8192_e2048,correctness,2048,8192,2048,1,0,True,,,,,7.285
2026-05-13T17:10:25.922273+00:00,gpu0_correctness,0,ckpt_s8192_e2048,correctness,8192,8192,2048,1,0,True,,,,,7.878
2026-05-13T17:10:33.800405+00:00,gpu0_correctness,0,ckpt_s8192_e2048,benchmark,8192,8192,2048,1,0,True,4132.78,216.12,216.12,216.12,8.114
2026-05-13T17:10:33.800405+00:00,gpu0_correctness,0,ckpt_s8192_e2048,benchmark,32768,8192,2048,1,0,True,6934.88,936.31,936.31,936.31,8.114
2026-05-13T17:10:41.914994+00:00,gpu0_correctness,0,ckpt_s8192_e2048,benchmark,65536,8192,2048,1,0,True,11272.01,2019.04,2019.04,2019.04,9.399
2026-05-13T17:10:51.314391+00:00,gpu0_correctness,0,ckpt_s4096_e4096,correctness,2048,4096,4096,1,0,True,,,,,6.961
2026-05-13T17:10:58.276165+00:00,gpu0_correctness,0,ckpt_s4096_e4096,correctness,8192,4096,4096,1,0,True,,,,,7.320
2026-05-13T17:11:05.596494+00:00,gpu0_correctness,0,ckpt_s4096_e4096,benchmark,8192,4096,4096,1,0,True,4092.77,127.28,127.28,127.28,7.003
2026-05-13T17:11:05.596494+00:00,gpu0_correctness,0,ckpt_s4096_e4096,benchmark,32768,4096,4096,1,0,True,6894.87,546.7,546.7,546.7,7.003
2026-05-13T17:11:12.599924+00:00,gpu0_correctness,0,ckpt_s4096_e4096,benchmark,65536,4096,4096,1,0,True,11272.01,1170.44,1170.44,1170.44,7.656
2026-05-13T17:11:20.256203+00:00,gpu0_correctness,0,ckpt_s8192_e4096,correctness,2048,8192,4096,1,0,True,,,,,7.616
2026-05-13T17:11:27.872937+00:00,gpu0_correctness,0,ckpt_s8192_e4096,correctness,8192,8192,4096,1,0,True,,,,,7.876
2026-05-13T17:11:35.749172+00:00,gpu0_correctness,0,ckpt_s8192_e4096,benchmark,8192,8192,4096,1,0,True,4092.77,229.75,229.75,229.75,7.069
2026-05-13T17:11:35.749172+00:00,gpu0_correctness,0,ckpt_s8192_e4096,benchmark,32768,8192,4096,1,0,True,6894.87,547.67,547.67,547.67,7.069
2026-05-13T17:11:42.818700+00:00,gpu0_correctness,0,ckpt_s8192_e4096,benchmark,65536,8192,4096,1,0,True,11272.01,1156.31,1156.31,1156.31,7.619
2026-05-13T17:11:50.438513+00:00,gpu0_correctness,0,ckpt_s16384_e4096,correctness,2048,16384,4096,1,0,True,,,,,8.071
2026-05-13T17:11:58.510101+00:00,gpu0_correctness,0,ckpt_s16384_e4096,correctness,8192,16384,4096,1,0,True,,,,,7.433
2026-05-13T17:12:05.943480+00:00,gpu0_correctness,0,ckpt_s16384_e4096,benchmark,8192,16384,4096,1,0,True,4092.77,224.66,224.66,224.66,7.130
2026-05-13T17:12:05.943480+00:00,gpu0_correctness,0,ckpt_s16384_e4096,benchmark,32768,16384,4096,1,0,True,6894.87,540.84,540.84,540.84,7.130
2026-05-13T17:12:13.074350+00:00,gpu0_correctness,0,ckpt_s16384_e4096,benchmark,65536,16384,4096,1,0,True,11272.01,1152.37,1152.37,1152.37,7.759
2026-05-13T17:12:20.834283+00:00,gpu0_correctness,0,ckpt_s8192_e8192,correctness,2048,8192,8192,1,0,True,,,,,7.079
2026-05-13T17:12:27.913101+00:00,gpu0_correctness,0,ckpt_s8192_e8192,correctness,8192,8192,8192,1,0,True,,,,,7.913
2026-05-13T17:12:35.825894+00:00,gpu0_correctness,0,ckpt_s8192_e8192,benchmark,8192,8192,8192,1,0,True,4012.63,81.79,81.79,81.79,6.633
2026-05-13T17:12:35.825894+00:00,gpu0_correctness,0,ckpt_s8192_e8192,benchmark,32768,8192,8192,1,0,True,6814.85,350.73,350.73,350.73,6.633
2026-05-13T17:12:42.459605+00:00,gpu0_correctness,0,ckpt_s8192_e8192,benchmark,65536,8192,8192,1,0,True,11272.01,748.82,748.82,748.82,6.900
2026-05-13T17:12:49.359921+00:00,gpu0_correctness,0,nocp_s2048_e2048,correctness,2048,2048,2048,0,0,True,,,,,6.554
2026-05-13T17:12:55.914483+00:00,gpu0_correctness,0,nocp_s2048_e2048,correctness,8192,2048,2048,0,0,True,,,,,6.691
2026-05-13T17:13:02.605351+00:00,gpu0_correctness,0,nocp_s2048_e2048,benchmark,8192,2048,2048,0,0,True,4526.78,202.95,202.95,202.95,7.770
2026-05-13T17:13:02.605351+00:00,gpu0_correctness,0,nocp_s2048_e2048,benchmark,32768,2048,2048,0,0,True,9474.38,893.46,893.46,893.46,7.770
2026-05-13T17:13:10.376014+00:00,gpu0_correctness,0,nocp_s2048_e2048,benchmark,65536,2048,2048,0,0,True,17708.01,1964.09,1964.09,1964.09,8.452
2026-05-13T17:13:18.828764+00:00,gpu0_correctness,0,nocp_s4096_e2048,correctness,2048,4096,2048,0,0,True,,,,,6.651
2026-05-13T17:13:25.479879+00:00,gpu0_correctness,0,nocp_s4096_e2048,correctness,8192,4096,2048,0,0,True,,,,,6.753
2026-05-13T17:13:32.233183+00:00,gpu0_correctness,0,nocp_s4096_e2048,benchmark,8192,4096,2048,0,0,True,4527.66,206.18,206.18,206.18,7.565
2026-05-13T17:13:32.233183+00:00,gpu0_correctness,0,nocp_s4096_e2048,benchmark,32768,4096,2048,0,0,True,9473.26,893.51,893.51,893.51,7.565
2026-05-13T17:13:39.798941+00:00,gpu0_correctness,0,nocp_s4096_e2048,benchmark,65536,4096,2048,0,0,True,17708.01,1934.51,1934.51,1934.51,8.269
2026-05-13T17:13:48.068103+00:00,gpu0_correctness,0,nocp_s4096_e4096,correctness,2048,4096,4096,0,0,True,,,,,6.339
2026-05-13T17:13:54.407564+00:00,gpu0_correctness,0,nocp_s4096_e4096,correctness,8192,4096,4096,0,0,True,,,,,6.845
2026-05-13T17:14:01.253110+00:00,gpu0_correctness,0,nocp_s4096_e4096,benchmark,8192,4096,4096,0,0,True,4428.77,119.57,119.57,119.57,6.569
2026-05-13T17:14:01.253110+00:00,gpu0_correctness,0,nocp_s4096_e4096,benchmark,32768,4096,4096,0,0,True,9328.38,515.9,515.9,515.9,6.569
2026-05-13T17:14:07.822386+00:00,gpu0_correctness,0,nocp_s4096_e4096,benchmark,65536,4096,4096,0,0,True,17416.01,1123.01,1123.01,1123.01,7.284
2026-05-13T17:14:15.107078+00:00,gpu0_correctness,0,nocp_s8192_e4096,correctness,2048,8192,4096,0,0,True,,,,,7.321
2026-05-13T17:14:22.428475+00:00,gpu0_correctness,0,nocp_s8192_e4096,correctness,8192,8192,4096,0,0,True,,,,,6.781
2026-05-13T17:14:29.210212+00:00,gpu0_correctness,0,nocp_s8192_e4096,benchmark,8192,8192,4096,0,0,True,4428.77,118.61,118.61,118.61,6.784
2026-05-13T17:14:29.210212+00:00,gpu0_correctness,0,nocp_s8192_e4096,benchmark,32768,8192,4096,0,0,True,9328.38,512.39,512.39,512.39,6.784
2026-05-13T17:14:35.994331+00:00,gpu0_correctness,0,nocp_s8192_e4096,benchmark,65536,8192,4096,0,0,True,17416.01,1109.16,1109.16,1109.16,6.836
2026-05-13T17:14:42.830531+00:00,gpu0_correctness,0,nocp_s8192_e8192,correctness,2048,8192,8192,0,0,True,,,,,6.640
2026-05-13T17:14:49.471287+00:00,gpu0_correctness,0,nocp_s8192_e8192,correctness,8192,8192,8192,0,0,True,,,,,6.496
2026-05-13T17:14:55.967242+00:00,gpu0_correctness,0,nocp_s8192_e8192,benchmark,8192,8192,8192,0,0,True,4300.63,76.37,76.37,76.37,6.187
2026-05-13T17:14:55.967242+00:00,gpu0_correctness,0,nocp_s8192_e8192,benchmark,32768,8192,8192,0,0,True,9328.38,326.9,326.9,326.9,6.187
2026-05-13T17:15:02.154365+00:00,gpu0_correctness,0,nocp_s8192_e8192,benchmark,65536,8192,8192,0,0,True,17416.01,700.89,700.89,700.89,5.587
2026-05-13T17:15:07.742362+00:00,gpu0_correctness,0,ckpt_s1024_e1024,correctness,2048,1024,1024,1,0,True,,,,,7.778
2026-05-13T17:15:15.520958+00:00,gpu0_correctness,0,ckpt_s1024_e1024,correctness,8192,1024,1024,1,0,True,,,,,7.691
2026-05-13T17:15:23.212314+00:00,gpu0_correctness,0,ckpt_s1024_e1024,benchmark,8192,1024,1024,1,0,True,4152.79,405.12,405.12,405.12,10.114
2026-05-13T17:15:23.212314+00:00,gpu0_correctness,0,ckpt_s1024_e1024,benchmark,32768,1024,1024,1,0,True,6954.88,1774.81,1774.81,1774.81,10.114
2026-05-13T17:15:33.326312+00:00,gpu0_correctness,0,ckpt_s1024_e1024,benchmark,65536,1024,1024,1,0,True,11272.01,3887.35,3887.35,3887.35,13.204
2026-05-13T17:15:46.530525+00:00,gpu0_correctness,0,ckpt_s2048_e1024,correctness,2048,2048,1024,1,0,True,,,,,7.591
2026-05-13T17:15:54.121542+00:00,gpu0_correctness,0,ckpt_s2048_e1024,correctness,8192,2048,1024,1,0,True,,,,,7.367
2026-05-13T17:16:01.489064+00:00,gpu0_correctness,0,ckpt_s2048_e1024,benchmark,8192,2048,1024,1,0,True,4153.66,402.84,402.84,402.84,10.049
2026-05-13T17:16:01.489064+00:00,gpu0_correctness,0,ckpt_s2048_e1024,benchmark,32768,2048,1024,1,0,True,6955.75,1759.56,1759.56,1759.56,10.049
2026-05-13T17:16:11.538455+00:00,gpu0_correctness,0,ckpt_s2048_e1024,benchmark,65536,2048,1024,1,0,True,11272.51,3898.91,3898.91,3898.91,13.313
2026-05-13T17:16:24.852316+00:00,gpu0_correctness,0,ckpt_s4096_e1024,correctness,2048,4096,1024,1,0,True,,,,,7.769
2026-05-13T17:16:32.621443+00:00,gpu0_correctness,0,ckpt_s4096_e1024,correctness,8192,4096,1024,1,0,True,,,,,6.918
2026-05-13T17:16:39.539664+00:00,gpu0_correctness,0,ckpt_s4096_e1024,benchmark,8192,4096,1024,1,0,True,4153.16,411.25,411.25,411.25,10.445
2026-05-13T17:16:39.539664+00:00,gpu0_correctness,0,ckpt_s4096_e1024,benchmark,32768,4096,1024,1,0,True,6955.25,1720.31,1720.31,1720.31,10.445
2026-05-13T17:16:49.985516+00:00,gpu0_correctness,0,ckpt_s4096_e1024,benchmark,65536,4096,1024,1,0,True,11272.51,3897.91,3897.91,3897.91,12.968
2026-05-13T17:17:02.954567+00:00,gpu0_correctness,0,ckpt_s2048_e2048,correctness,2048,2048,2048,1,0,True,,,,,7.135
2026-05-13T17:17:10.090002+00:00,gpu0_correctness,0,ckpt_s2048_e2048,correctness,8192,2048,2048,1,0,True,,,,,7.317
2026-05-13T17:17:17.407299+00:00,gpu0_correctness,0,ckpt_s2048_e2048,benchmark,8192,2048,2048,1,0,True,4133.78,216.92,216.92,216.92,8.235
2026-05-13T17:17:17.407299+00:00,gpu0_correctness,0,ckpt_s2048_e2048,benchmark,32768,2048,2048,1,0,True,6934.88,951.2,951.2,951.2,8.235
2026-05-13T17:17:25.643092+00:00,gpu0_correctness,0,ckpt_s2048_e2048,benchmark,65536,2048,2048,1,0,True,11272.01,2060.59,2060.59,2060.59,9.388
2026-05-13T17:17:35.031696+00:00,gpu0_correctness,0,ckpt_s4096_e2048,correctness,2048,4096,2048,1,0,True,,,,,7.419
2026-05-13T17:17:42.451363+00:00,gpu0_correctness,0,ckpt_s4096_e2048,correctness,8192,4096,2048,1,0,True,,,,,7.239
2026-05-13T17:17:49.690173+00:00,gpu0_correctness,0,ckpt_s4096_e2048,benchmark,8192,4096,2048,1,0,True,4132.78,213.24,213.24,213.24,7.920
2026-05-13T17:17:49.690173+00:00,gpu0_correctness,0,ckpt_s4096_e2048,benchmark,32768,4096,2048,1,0,True,6934.88,944.21,944.21,944.21,7.920
2026-05-13T17:17:57.610405+00:00,gpu0_correctness,0,ckpt_s4096_e2048,benchmark,65536,4096,2048,1,0,True,11272.01,2021.9,2021.9,2021.9,9.202
2026-05-13T17:18:06.812943+00:00,gpu0_correctness,0,ckpt_s8192_e2048,correctness,2048,8192,2048,1,0,True,,,,,7.038
2026-05-13T17:18:13.850879+00:00,gpu0_correctness,0,ckpt_s8192_e2048,correctness,8192,8192,2048,1,0,True,,,,,7.629
2026-05-13T17:18:21.480325+00:00,gpu0_correctness,0,ckpt_s8192_e2048,benchmark,8192,8192,2048,1,0,True,4132.78,222.31,222.31,222.31,8.195
2026-05-13T17:18:21.480325+00:00,gpu0_correctness,0,ckpt_s8192_e2048,benchmark,32768,8192,2048,1,0,True,6934.88,925.59,925.59,925.59,8.195
2026-05-13T17:18:29.675350+00:00,gpu0_correctness,0,ckpt_s8192_e2048,benchmark,65536,8192,2048,1,0,True,11272.01,2031.15,2031.15,2031.15,9.436
2026-05-13T17:18:39.111569+00:00,gpu0_correctness,0,ckpt_s4096_e4096,correctness,2048,4096,4096,1,0,True,,,,,7.243
2026-05-13T17:18:46.355145+00:00,gpu0_correctness,0,ckpt_s4096_e4096,correctness,8192,4096,4096,1,0,True,,,,,7.328
2026-05-13T17:18:53.683044+00:00,gpu0_correctness,0,ckpt_s4096_e4096,benchmark,8192,4096,4096,1,0,True,4092.77,125.99,125.99,125.99,7.236
2026-05-13T17:18:53.683044+00:00,gpu0_correctness,0,ckpt_s4096_e4096,benchmark,32768,4096,4096,1,0,True,6894.87,539.87,539.87,539.87,7.236
2026-05-13T17:19:00.919399+00:00,gpu0_correctness,0,ckpt_s4096_e4096,benchmark,65536,4096,4096,1,0,True,11272.01,1169.47,1169.47,1169.47,7.526
2026-05-13T17:19:08.446262+00:00,gpu0_correctness,0,ckpt_s8192_e4096,correctness,2048,8192,4096,1,0,True,,,,,7.424
2026-05-13T17:19:15.870156+00:00,gpu0_correctness,0,ckpt_s8192_e4096,correctness,8192,8192,4096,1,0,True,,,,,7.935
2026-05-13T17:19:23.805388+00:00,gpu0_correctness,0,ckpt_s8192_e4096,benchmark,8192,8192,4096,1,0,True,4092.77,225.08,225.08,225.08,6.896
2026-05-13T17:19:23.805388+00:00,gpu0_correctness,0,ckpt_s8192_e4096,benchmark,32768,8192,4096,1,0,True,6894.87,542.6,542.6,542.6,6.896
2026-05-13T17:19:30.701291+00:00,gpu0_correctness,0,ckpt_s8192_e4096,benchmark,65536,8192,4096,1,0,True,11272.01,1155.38,1155.38,1155.38,7.296
2026-05-13T17:19:37.997364+00:00,gpu0_correctness,0,ckpt_s16384_e4096,correctness,2048,16384,4096,1,0,True,,,,,7.376
2026-05-13T17:19:45.373884+00:00,gpu0_correctness,0,ckpt_s16384_e4096,correctness,8192,16384,4096,1,0,True,,,,,7.240
2026-05-13T17:19:52.614495+00:00,gpu0_correctness,0,ckpt_s16384_e4096,benchmark,8192,16384,4096,1,0,True,4092.77,251.83,251.83,251.83,7.617
2026-05-13T17:19:52.614495+00:00,gpu0_correctness,0,ckpt_s16384_e4096,benchmark,32768,16384,4096,1,0,True,6894.87,535.04,535.04,535.04,7.617
2026-05-13T17:20:00.231653+00:00,gpu0_correctness,0,ckpt_s16384_e4096,benchmark,65536,16384,4096,1,0,True,11272.01,1150.44,1150.44,1150.44,7.741
2026-05-13T17:20:07.973668+00:00,gpu0_correctness,0,ckpt_s8192_e8192,correctness,2048,8192,8192,1,0,True,,,,,7.406
2026-05-13T17:20:15.380036+00:00,gpu0_correctness,0,ckpt_s8192_e8192,correctness,8192,8192,8192,1,0,True,,,,,7.101
2026-05-13T17:20:22.480938+00:00,gpu0_correctness,0,ckpt_s8192_e8192,benchmark,8192,8192,8192,1,0,True,4012.63,83.42,83.42,83.42,6.680
2026-05-13T17:20:22.480938+00:00,gpu0_correctness,0,ckpt_s8192_e8192,benchmark,32768,8192,8192,1,0,True,6814.85,352.02,352.02,352.02,6.680
2026-05-13T17:20:29.161060+00:00,gpu0_correctness,0,ckpt_s8192_e8192,benchmark,65536,8192,8192,1,0,True,11272.01,757.36,757.36,757.36,6.500
2026-05-13T17:20:35.661642+00:00,gpu0_correctness,0,nocp_s2048_e2048,correctness,2048,2048,2048,0,0,True,,,,,6.356
2026-05-13T17:20:42.018374+00:00,gpu0_correctness,0,nocp_s2048_e2048,correctness,8192,2048,2048,0,0,True,,,,,6.219
2026-05-13T17:20:48.237941+00:00,gpu0_correctness,0,nocp_s2048_e2048,benchmark,8192,2048,2048,0,0,True,4526.78,204.71,204.71,204.71,7.353
2026-05-13T17:20:48.237941+00:00,gpu0_correctness,0,nocp_s2048_e2048,benchmark,32768,2048,2048,0,0,True,9474.38,893.24,893.24,893.24,7.353
2026-05-13T17:20:55.591345+00:00,gpu0_correctness,0,nocp_s2048_e2048,benchmark,65536,2048,2048,0,0,True,17708.01,1964.63,1964.63,1964.63,8.820
2026-05-13T17:21:04.411842+00:00,gpu0_correctness,0,nocp_s4096_e2048,correctness,2048,4096,2048,0,0,True,,,,,6.399
2026-05-13T17:21:10.811009+00:00,gpu0_correctness,0,nocp_s4096_e2048,correctness,8192,4096,2048,0,0,True,,,,,6.519
2026-05-13T17:21:17.329923+00:00,gpu0_correctness,0,nocp_s4096_e2048,benchmark,8192,4096,2048,0,0,True,4527.66,202.65,202.65,202.65,7.556
2026-05-13T17:21:17.329923+00:00,gpu0_correctness,0,nocp_s4096_e2048,benchmark,32768,4096,2048,0,0,True,9473.26,886.49,886.49,886.49,7.556
2026-05-13T17:21:24.886164+00:00,gpu0_correctness,0,nocp_s4096_e2048,benchmark,65536,4096,2048,0,0,True,17708.01,1956.53,1956.53,1956.53,8.753
2026-05-13T17:21:33.639685+00:00,gpu0_correctness,0,nocp_s4096_e4096,correctness,2048,4096,4096,0,0,True,,,,,6.309
2026-05-13T17:21:39.948987+00:00,gpu0_correctness,0,nocp_s4096_e4096,correctness,8192,4096,4096,0,0,True,,,,,6.651
2026-05-13T17:21:46.600300+00:00,gpu0_correctness,0,nocp_s4096_e4096,benchmark,8192,4096,4096,0,0,True,4428.77,119.13,119.13,119.13,6.611
2026-05-13T17:21:46.600300+00:00,gpu0_correctness,0,nocp_s4096_e4096,benchmark,32768,4096,4096,0,0,True,9328.38,516.85,516.85,516.85,6.611
2026-05-13T17:21:53.211967+00:00,gpu0_correctness,0,nocp_s4096_e4096,benchmark,65536,4096,4096,0,0,True,17416.01,1122.25,1122.25,1122.25,7.013
2026-05-13T17:22:00.226010+00:00,gpu0_correctness,0,nocp_s8192_e4096,correctness,2048,8192,4096,0,0,True,,,,,6.864
2026-05-13T17:22:07.089868+00:00,gpu0_correctness,0,nocp_s8192_e4096,correctness,8192,8192,4096,0,0,True,,,,,6.218
2026-05-13T17:22:13.307846+00:00,gpu0_correctness,0,nocp_s8192_e4096,benchmark,8192,8192,4096,0,0,True,4428.77,118.48,118.48,118.48,6.075
2026-05-13T17:22:13.307846+00:00,gpu0_correctness,0,nocp_s8192_e4096,benchmark,32768,8192,4096,0,0,True,9328.38,519.16,519.16,519.16,6.075
2026-05-13T17:22:19.382853+00:00,gpu0_correctness,0,nocp_s8192_e4096,benchmark,65536,8192,4096,0,0,True,17416.01,1108.29,1108.29,1108.29,6.826
2026-05-13T17:22:26.209336+00:00,gpu0_correctness,0,nocp_s8192_e8192,correctness,2048,8192,8192,0,0,True,,,,,7.071
2026-05-13T17:22:33.281095+00:00,gpu0_correctness,0,nocp_s8192_e8192,correctness,8192,8192,8192,0,0,True,,,,,6.696
2026-05-13T17:22:39.977819+00:00,gpu0_correctness,0,nocp_s8192_e8192,benchmark,8192,8192,8192,0,0,True,4300.63,76.01,76.01,76.01,5.943
2026-05-13T17:22:39.977819+00:00,gpu0_correctness,0,nocp_s8192_e8192,benchmark,32768,8192,8192,0,0,True,9328.38,326.7,326.7,326.7,5.943
2026-05-13T17:22:45.920834+00:00,gpu0_correctness,0,nocp_s8192_e8192,benchmark,65536,8192,8192,0,0,True,17416.01,701.26,701.26,701.26,6.247
2026-05-13T17:22:52.168083+00:00,gpu0_correctness,0,ckpt_s1024_e1024,correctness,2048,1024,1024,1,0,True,,,,,7.198
2026-05-13T17:22:59.366364+00:00,gpu0_correctness,0,ckpt_s1024_e1024,correctness,8192,1024,1024,1,0,True,,,,,7.716
2026-05-13T17:23:07.083115+00:00,gpu0_correctness,0,ckpt_s1024_e1024,benchmark,8192,1024,1024,1,0,True,4152.79,404.57,404.57,404.57,10.021
2026-05-13T17:23:07.083115+00:00,gpu0_correctness,0,ckpt_s1024_e1024,benchmark,32768,1024,1024,1,0,True,6954.88,1742.56,1742.56,1742.56,10.021
2026-05-13T17:23:17.104704+00:00,gpu0_correctness,0,ckpt_s1024_e1024,benchmark,65536,1024,1024,1,0,True,11272.01,3890.43,3890.43,3890.43,13.195
2026-05-13T17:23:30.300404+00:00,gpu0_correctness,0,ckpt_s2048_e1024,correctness,2048,2048,1024,1,0,True,,,,,7.622
2026-05-13T17:23:37.922660+00:00,gpu0_correctness,0,ckpt_s2048_e1024,correctness,8192,2048,1024,1,0,True,,,,,7.672
2026-05-13T17:23:45.594738+00:00,gpu0_correctness,0,ckpt_s2048_e1024,benchmark,8192,2048,1024,1,0,True,4153.66,396.05,396.05,396.05,10.519
2026-05-13T17:23:45.594738+00:00,gpu0_correctness,0,ckpt_s2048_e1024,benchmark,32768,2048,1024,1,0,True,6955.75,1791.36,1791.36,1791.36,10.519
2026-05-13T17:23:56.114573+00:00,gpu0_correctness,0,ckpt_s2048_e1024,benchmark,65536,2048,1024,1,0,True,11272.51,3897.78,3897.78,3897.78,12.548
2026-05-13T17:24:08.663278+00:00,gpu0_correctness,0,ckpt_s4096_e1024,correctness,2048,4096,1024,1,0,True,,,,,7.257
2026-05-13T17:24:15.920389+00:00,gpu0_correctness,0,ckpt_s4096_e1024,correctness,8192,4096,1024,1,0,True,,,,,7.026
2026-05-13T17:24:22.946758+00:00,gpu0_correctness,0,ckpt_s4096_e1024,benchmark,8192,4096,1024,1,0,True,4153.16,411.65,411.65,411.65,10.533
2026-05-13T17:24:22.946758+00:00,gpu0_correctness,0,ckpt_s4096_e1024,benchmark,32768,4096,1024,1,0,True,6955.25,1749.38,1749.38,1749.38,10.533
2026-05-13T17:24:33.480220+00:00,gpu0_correctness,0,ckpt_s4096_e1024,benchmark,65536,4096,1024,1,0,True,11272.51,3774.11,3774.11,3774.11,12.835
2026-05-13T17:24:46.315974+00:00,gpu0_correctness,0,ckpt_s2048_e2048,correctness,2048,2048,2048,1,0,True,,,,,7.697
2026-05-13T17:24:54.013570+00:00,gpu0_correctness,0,ckpt_s2048_e2048,correctness,8192,2048,2048,1,0,True,,,,,7.830
2026-05-13T17:25:01.844056+00:00,gpu0_correctness,0,ckpt_s2048_e2048,benchmark,8192,2048,2048,1,0,True,4133.78,235.91,235.91,235.91,9.042
2026-05-13T17:25:01.844056+00:00,gpu0_correctness,0,ckpt_s2048_e2048,benchmark,32768,2048,2048,1,0,True,6934.88,967.07,967.07,967.07,9.042
2026-05-13T17:25:10.886025+00:00,gpu0_correctness,0,ckpt_s2048_e2048,benchmark,65536,2048,2048,1,0,True,11272.01,2069.33,2069.33,2069.33,8.932
2026-05-13T17:25:19.819090+00:00,gpu0_correctness,0,ckpt_s4096_e2048,correctness,2048,4096,2048,1,0,True,,,,,7.808
2026-05-13T17:25:27.627773+00:00,gpu0_correctness,0,ckpt_s4096_e2048,correctness,8192,4096,2048,1,0,True,,,,,6.855
2026-05-13T17:25:34.482985+00:00,gpu0_correctness,0,ckpt_s4096_e2048,benchmark,8192,4096,2048,1,0,True,4132.78,214.06,214.06,214.06,8.545
2026-05-13T17:25:34.482985+00:00,gpu0_correctness,0,ckpt_s4096_e2048,benchmark,32768,4096,2048,1,0,True,6934.88,946.4,946.4,946.4,8.545
2026-05-13T17:25:43.028420+00:00,gpu0_correctness,0,ckpt_s4096_e2048,benchmark,65536,4096,2048,1,0,True,11272.01,2041.3,2041.3,2041.3,9.642
2026-05-13T17:25:52.670729+00:00,gpu0_correctness,0,ckpt_s8192_e2048,correctness,2048,8192,2048,1,0,True,,,,,7.360
2026-05-13T17:26:00.030946+00:00,gpu0_correctness,0,ckpt_s8192_e2048,correctness,8192,8192,2048,1,0,True,,,,,7.458
2026-05-13T17:26:07.489406+00:00,gpu0_correctness,0,ckpt_s8192_e2048,benchmark,8192,8192,2048,1,0,True,4132.78,212.62,212.62,212.62,8.480
2026-05-13T17:26:07.489406+00:00,gpu0_correctness,0,ckpt_s8192_e2048,benchmark,32768,8192,2048,1,0,True,6934.88,925.27,925.27,925.27,8.480
2026-05-13T17:26:15.970227+00:00,gpu0_correctness,0,ckpt_s8192_e2048,benchmark,65536,8192,2048,1,0,True,11272.01,2031.97,2031.97,2031.97,9.409
2026-05-13T17:26:25.380100+00:00,gpu0_correctness,0,ckpt_s4096_e4096,correctness,2048,4096,4096,1,0,True,,,,,7.038
2026-05-13T17:26:32.418036+00:00,gpu0_correctness,0,ckpt_s4096_e4096,correctness,8192,4096,4096,1,0,True,,,,,7.334
2026-05-13T17:26:39.752171+00:00,gpu0_correctness,0,ckpt_s4096_e4096,benchmark,8192,4096,4096,1,0,True,4092.77,124.97,124.97,124.97,6.876
2026-05-13T17:26:39.752171+00:00,gpu0_correctness,0,ckpt_s4096_e4096,benchmark,32768,4096,4096,1,0,True,6894.87,542.72,542.72,542.72,6.876
2026-05-13T17:26:46.628808+00:00,gpu0_correctness,0,ckpt_s4096_e4096,benchmark,65536,4096,4096,1,0,True,11272.01,1177.08,1177.08,1177.08,7.292
2026-05-13T17:26:53.921236+00:00,gpu0_correctness,0,ckpt_s8192_e4096,correctness,2048,8192,4096,1,0,True,,,,,6.506
2026-05-13T17:27:00.427465+00:00,gpu0_correctness,0,ckpt_s8192_e4096,correctness,8192,8192,4096,1,0,True,,,,,7.140
2026-05-13T17:27:07.567332+00:00,gpu0_correctness,0,ckpt_s8192_e4096,benchmark,8192,8192,4096,1,0,True,4092.77,256.55,256.55,256.55,7.506
2026-05-13T17:27:07.567332+00:00,gpu0_correctness,0,ckpt_s8192_e4096,benchmark,32768,8192,4096,1,0,True,6894.87,537.87,537.87,537.87,7.506
2026-05-13T17:27:15.073784+00:00,gpu0_correctness,0,ckpt_s8192_e4096,benchmark,65536,8192,4096,1,0,True,11272.01,1162.08,1162.08,1162.08,7.860
2026-05-13T17:27:22.933937+00:00,gpu0_correctness,0,ckpt_s16384_e4096,correctness,2048,16384,4096,1,0,True,,,,,7.517
2026-05-13T17:27:30.450818+00:00,gpu0_correctness,0,ckpt_s16384_e4096,correctness,8192,16384,4096,1,0,True,,,,,7.478
2026-05-13T17:27:37.929226+00:00,gpu0_correctness,0,ckpt_s16384_e4096,benchmark,8192,16384,4096,1,0,True,4092.77,311.86,311.86,311.86,7.563
2026-05-13T17:27:37.929226+00:00,gpu0_correctness,0,ckpt_s16384_e4096,benchmark,32768,16384,4096,1,0,True,6894.87,536.2,536.2,536.2,7.563
2026-05-13T17:27:45.492210+00:00,gpu0_correctness,0,ckpt_s16384_e4096,benchmark,65536,16384,4096,1,0,True,11272.01,1148.42,1148.42,1148.42,7.485
2026-05-13T17:27:52.978020+00:00,gpu0_correctness,0,ckpt_s8192_e8192,correctness,2048,8192,8192,1,0,True,,,,,7.666
2026-05-13T17:28:00.644759+00:00,gpu0_correctness,0,ckpt_s8192_e8192,correctness,8192,8192,8192,1,0,True,,,,,7.950
2026-05-13T17:28:08.594641+00:00,gpu0_correctness,0,ckpt_s8192_e8192,benchmark,8192,8192,8192,1,0,True,4012.63,83.3,83.3,83.3,6.610
2026-05-13T17:28:08.594641+00:00,gpu0_correctness,0,ckpt_s8192_e8192,benchmark,32768,8192,8192,1,0,True,6814.85,351.15,351.15,351.15,6.610
2026-05-13T17:28:15.205492+00:00,gpu0_correctness,0,ckpt_s8192_e8192,benchmark,65536,8192,8192,1,0,True,11272.01,749.2,749.2,749.2,6.653
2026-05-13T17:28:21.858999+00:00,gpu0_correctness,0,nocp_s2048_e2048,correctness,2048,2048,2048,0,0,True,,,,,6.605
2026-05-13T17:28:28.464456+00:00,gpu0_correctness,0,nocp_s2048_e2048,correctness,8192,2048,2048,0,0,True,,,,,6.816
2026-05-13T17:28:35.281041+00:00,gpu0_correctness,0,nocp_s2048_e2048,benchmark,8192,2048,2048,0,0,True,4526.78,202.91,202.91,202.91,7.434
2026-05-13T17:28:35.281041+00:00,gpu0_correctness,0,nocp_s2048_e2048,benchmark,32768,2048,2048,0,0,True,9474.38,901.67,901.67,901.67,7.434
2026-05-13T17:28:42.715300+00:00,gpu0_correctness,0,nocp_s2048_e2048,benchmark,65536,2048,2048,0,0,True,17708.01,1963.88,1963.88,1963.88,8.785
2026-05-13T17:28:51.500700+00:00,gpu0_correctness,0,nocp_s4096_e2048,correctness,2048,4096,2048,0,0,True,,,,,6.827
2026-05-13T17:28:58.327932+00:00,gpu0_correctness,0,nocp_s4096_e2048,correctness,8192,4096,2048,0,0,True,,,,,7.098
2026-05-13T17:29:05.426292+00:00,gpu0_correctness,0,nocp_s4096_e2048,benchmark,8192,4096,2048,0,0,True,4527.66,202.45,202.45,202.45,7.748
2026-05-13T17:29:05.426292+00:00,gpu0_correctness,0,nocp_s4096_e2048,benchmark,32768,4096,2048,0,0,True,9473.26,885.55,885.55,885.55,7.748
2026-05-13T17:29:13.174601+00:00,gpu0_correctness,0,nocp_s4096_e2048,benchmark,65536,4096,2048,0,0,True,17708.01,1943.31,1943.31,1943.31,8.351
2026-05-13T17:29:21.526437+00:00,gpu0_correctness,0,nocp_s4096_e4096,correctness,2048,4096,4096,0,0,True,,,,,6.745
2026-05-13T17:29:28.272036+00:00,gpu0_correctness,0,nocp_s4096_e4096,correctness,8192,4096,4096,0,0,True,,,,,6.404
2026-05-13T17:29:34.676499+00:00,gpu0_correctness,0,nocp_s4096_e4096,benchmark,8192,4096,4096,0,0,True,4428.77,117.18,117.18,117.18,6.524
2026-05-13T17:29:34.676499+00:00,gpu0_correctness,0,nocp_s4096_e4096,benchmark,32768,4096,4096,0,0,True,9328.38,515.74,515.74,515.74,6.524
2026-05-13T17:29:41.200788+00:00,gpu0_correctness,0,nocp_s4096_e4096,benchmark,65536,4096,4096,0,0,True,17416.01,1123.07,1123.07,1123.07,6.529
2026-05-13T17:29:47.730743+00:00,gpu0_correctness,0,nocp_s8192_e4096,correctness,2048,8192,4096,0,0,True,,,,,6.437
2026-05-13T17:29:54.168261+00:00,gpu0_correctness,0,nocp_s8192_e4096,correctness,8192,8192,4096,0,0,True,,,,,6.470
2026-05-13T17:30:00.638946+00:00,gpu0_correctness,0,nocp_s8192_e4096,benchmark,8192,8192,4096,0,0,True,4428.77,118.38,118.38,118.38,6.963
2026-05-13T17:30:00.638946+00:00,gpu0_correctness,0,nocp_s8192_e4096,benchmark,32768,8192,4096,0,0,True,9328.38,513.06,513.06,513.06,6.963
2026-05-13T17:30:07.602431+00:00,gpu0_correctness,0,nocp_s8192_e4096,benchmark,65536,8192,4096,0,0,True,17416.01,1108.24,1108.24,1108.24,6.604
2026-05-13T17:30:14.206944+00:00,gpu0_correctness,0,nocp_s8192_e8192,correctness,2048,8192,8192,0,0,True,,,,,6.390
2026-05-13T17:30:20.597019+00:00,gpu0_correctness,0,nocp_s8192_e8192,correctness,8192,8192,8192,0,0,True,,,,,6.878
2026-05-13T17:30:27.475135+00:00,gpu0_correctness,0,nocp_s8192_e8192,benchmark,8192,8192,8192,0,0,True,4300.63,76.04,76.04,76.04,5.967
2026-05-13T17:30:27.475135+00:00,gpu0_correctness,0,nocp_s8192_e8192,benchmark,32768,8192,8192,0,0,True,9328.38,327.13,327.13,327.13,5.967
2026-05-13T17:30:33.442857+00:00,gpu0_correctness,0,nocp_s8192_e8192,benchmark,65536,8192,8192,0,0,True,17416.01,700.81,700.81,700.81,6.346
2026-05-13T17:30:39.789638+00:00,gpu0_correctness,0,ckpt_s1024_e1024,correctness,2048,1024,1024,1,0,True,,,,,7.359
2026-05-13T17:30:47.148908+00:00,gpu0_correctness,0,ckpt_s1024_e1024,correctness,8192,1024,1024,1,0,True,,,,,7.189
2026-05-13T17:30:54.338522+00:00,gpu0_correctness,0,ckpt_s1024_e1024,benchmark,8192,1024,1024,1,0,True,4152.79,397.99,397.99,397.99,10.106
2026-05-13T17:30:54.338522+00:00,gpu0_correctness,0,ckpt_s1024_e1024,benchmark,32768,1024,1024,1,0,True,6954.88,1740.55,1740.55,1740.55,10.106
2026-05-13T17:31:04.445074+00:00,gpu0_correctness,0,ckpt_s1024_e1024,benchmark,65536,1024,1024,1,0,True,11272.01,3929.17,3929.17,3929.17,13.159
2026-05-13T17:31:17.604508+00:00,gpu0_correctness,0,ckpt_s2048_e1024,correctness,2048,2048,1024,1,0,True,,,,,7.233
2026-05-13T17:31:24.838123+00:00,gpu0_correctness,0,ckpt_s2048_e1024,correctness,8192,2048,1024,1,0,True,,,,,7.792
2026-05-13T17:31:32.630296+00:00,gpu0_correctness,0,ckpt_s2048_e1024,benchmark,8192,2048,1024,1,0,True,4153.66,398.01,398.01,398.01,10.690
2026-05-13T17:31:32.630296+00:00,gpu0_correctness,0,ckpt_s2048_e1024,benchmark,32768,2048,1024,1,0,True,6955.75,1743.31,1743.31,1743.31,10.690
2026-05-13T17:31:43.320800+00:00,gpu0_correctness,0,ckpt_s2048_e1024,benchmark,65536,2048,1024,1,0,True,11272.51,3780.4,3780.4,3780.4,13.156
2026-05-13T17:31:56.477694+00:00,gpu0_correctness,0,ckpt_s4096_e1024,correctness,2048,4096,1024,1,0,True,,,,,7.616
2026-05-13T17:32:04.093722+00:00,gpu0_correctness,0,ckpt_s4096_e1024,correctness,8192,4096,1024,1,0,True,,,,,7.440
2026-05-13T17:32:11.533752+00:00,gpu0_correctness,0,ckpt_s4096_e1024,benchmark,8192,4096,1024,1,0,True,4153.16,401.99,401.99,401.99,9.989
2026-05-13T17:32:11.533752+00:00,gpu0_correctness,0,ckpt_s4096_e1024,benchmark,32768,4096,1024,1,0,True,6955.25,1765.52,1765.52,1765.52,9.989
2026-05-13T17:32:21.522871+00:00,gpu0_correctness,0,ckpt_s4096_e1024,benchmark,65536,4096,1024,1,0,True,11272.51,3753.83,3753.83,3753.83,12.641
2026-05-13T17:32:34.164817+00:00,gpu0_correctness,0,ckpt_s2048_e2048,correctness,2048,2048,2048,1,0,True,,,,,7.206
2026-05-13T17:32:41.371196+00:00,gpu0_correctness,0,ckpt_s2048_e2048,correctness,8192,2048,2048,1,0,True,,,,,7.323
2026-05-13T17:32:48.694296+00:00,gpu0_correctness,0,ckpt_s2048_e2048,benchmark,8192,2048,2048,1,0,True,4133.78,221.55,221.55,221.55,7.925
2026-05-13T17:32:48.694296+00:00,gpu0_correctness,0,ckpt_s2048_e2048,benchmark,32768,2048,2048,1,0,True,6934.88,947.25,947.25,947.25,7.925
2026-05-13T17:32:56.619710+00:00,gpu0_correctness,0,ckpt_s2048_e2048,benchmark,65536,2048,2048,1,0,True,11272.01,2074.9,2074.9,2074.9,9.335
2026-05-13T17:33:05.954815+00:00,gpu0_correctness,0,ckpt_s4096_e2048,correctness,2048,4096,2048,1,0,True,,,,,7.239
2026-05-13T17:33:13.193812+00:00,gpu0_correctness,0,ckpt_s4096_e2048,correctness,8192,4096,2048,1,0,True,,,,,7.908
2026-05-13T17:33:21.102142+00:00,gpu0_correctness,0,ckpt_s4096_e2048,benchmark,8192,4096,2048,1,0,True,4132.78,213.1,213.1,213.1,8.119
2026-05-13T17:33:21.102142+00:00,gpu0_correctness,0,ckpt_s4096_e2048,benchmark,32768,4096,2048,1,0,True,6934.88,927.74,927.74,927.74,8.119
2026-05-13T17:33:29.221617+00:00,gpu0_correctness,0,ckpt_s4096_e2048,benchmark,65536,4096,2048,1,0,True,11272.01,2018.17,2018.17,2018.17,9.253
2026-05-13T17:33:38.475299+00:00,gpu0_correctness,0,ckpt_s8192_e2048,correctness,2048,8192,2048,1,0,True,,,,,7.589
2026-05-13T17:33:46.064814+00:00,gpu0_correctness,0,ckpt_s8192_e2048,correctness,8192,8192,2048,1,0,True,,,,,7.360
2026-05-13T17:33:53.425111+00:00,gpu0_correctness,0,ckpt_s8192_e2048,benchmark,8192,8192,2048,1,0,True,4132.78,221.3,221.3,221.3,8.379
2026-05-13T17:33:53.425111+00:00,gpu0_correctness,0,ckpt_s8192_e2048,benchmark,32768,8192,2048,1,0,True,6934.88,930.43,930.43,930.43,8.379
2026-05-13T17:34:01.804251+00:00,gpu0_correctness,0,ckpt_s8192_e2048,benchmark,65536,8192,2048,1,0,True,11272.01,2014.12,2014.12,2014.12,9.486
2026-05-13T17:34:11.291131+00:00,gpu0_correctness,0,ckpt_s4096_e4096,correctness,2048,4096,4096,1,0,True,,,,,7.677
2026-05-13T17:34:18.968495+00:00,gpu0_correctness,0,ckpt_s4096_e4096,correctness,8192,4096,4096,1,0,True,,,,,7.977
2026-05-13T17:34:26.946068+00:00,gpu0_correctness,0,ckpt_s4096_e4096,benchmark,8192,4096,4096,1,0,True,4092.77,127.64,127.64,127.64,7.404
2026-05-13T17:34:26.946068+00:00,gpu0_correctness,0,ckpt_s4096_e4096,benchmark,32768,4096,4096,1,0,True,6894.87,551.29,551.29,551.29,7.404
2026-05-13T17:34:34.350250+00:00,gpu0_correctness,0,ckpt_s4096_e4096,benchmark,65536,4096,4096,1,0,True,11272.01,1170.62,1170.62,1170.62,7.799
2026-05-13T17:34:42.149776+00:00,gpu0_correctness,0,ckpt_s8192_e4096,correctness,2048,8192,4096,1,0,True,,,,,7.448
2026-05-13T17:34:49.598278+00:00,gpu0_correctness,0,ckpt_s8192_e4096,correctness,8192,8192,4096,1,0,True,,,,,8.002
2026-05-13T17:34:57.600894+00:00,gpu0_correctness,0,ckpt_s8192_e4096,benchmark,8192,8192,4096,1,0,True,4092.77,242.05,242.05,242.05,7.206
2026-05-13T17:34:57.600894+00:00,gpu0_correctness,0,ckpt_s8192_e4096,benchmark,32768,8192,4096,1,0,True,6894.87,536.08,536.08,536.08,7.206
2026-05-13T17:35:04.806923+00:00,gpu0_correctness,0,ckpt_s8192_e4096,benchmark,65536,8192,4096,1,0,True,11272.01,1158.43,1158.43,1158.43,7.554
2026-05-13T17:35:12.361946+00:00,gpu0_correctness,0,ckpt_s16384_e4096,correctness,2048,16384,4096,1,0,True,,,,,8.162
2026-05-13T17:35:20.524175+00:00,gpu0_correctness,0,ckpt_s16384_e4096,correctness,8192,16384,4096,1,0,True,,,,,7.332
2026-05-13T17:35:27.856100+00:00,gpu0_correctness,0,ckpt_s16384_e4096,benchmark,8192,16384,4096,1,0,True,4092.77,306.95,306.95,306.95,7.176
2026-05-13T17:35:27.856100+00:00,gpu0_correctness,0,ckpt_s16384_e4096,benchmark,32768,16384,4096,1,0,True,6894.87,535.12,535.12,535.12,7.176
2026-05-13T17:35:35.032957+00:00,gpu0_correctness,0,ckpt_s16384_e4096,benchmark,65536,16384,4096,1,0,True,11272.01,1155.19,1155.19,1155.19,7.518
2026-05-13T17:35:42.551985+00:00,gpu0_correctness,0,ckpt_s8192_e8192,correctness,2048,8192,8192,1,0,True,,,,,7.334
2026-05-13T17:35:49.886745+00:00,gpu0_correctness,0,ckpt_s8192_e8192,correctness,8192,8192,8192,1,0,True,,,,,7.887
2026-05-13T17:35:57.774569+00:00,gpu0_correctness,0,ckpt_s8192_e8192,benchmark,8192,8192,8192,1,0,True,4012.63,83.7,83.7,83.7,6.997
2026-05-13T17:35:57.774569+00:00,gpu0_correctness,0,ckpt_s8192_e8192,benchmark,32768,8192,8192,1,0,True,6814.85,351.41,351.41,351.41,6.997
2026-05-13T17:36:04.771526+00:00,gpu0_correctness,0,ckpt_s8192_e8192,benchmark,65536,8192,8192,1,0,True,11272.01,748.84,748.84,748.84,6.402
2026-05-13T17:36:11.174456+00:00,gpu0_correctness,0,nocp_s2048_e2048,correctness,2048,2048,2048,0,0,True,,,,,6.918
2026-05-13T17:36:18.092696+00:00,gpu0_correctness,0,nocp_s2048_e2048,correctness,8192,2048,2048,0,0,True,,,,,5.965
2026-05-13T17:36:24.058230+00:00,gpu0_correctness,0,nocp_s2048_e2048,benchmark,8192,2048,2048,0,0,True,4526.78,204.57,204.57,204.57,7.562
2026-05-13T17:36:24.058230+00:00,gpu0_correctness,0,nocp_s2048_e2048,benchmark,32768,2048,2048,0,0,True,9474.38,894.27,894.27,894.27,7.562
2026-05-13T17:36:31.620546+00:00,gpu0_correctness,0,nocp_s2048_e2048,benchmark,65536,2048,2048,0,0,True,17708.01,1964.52,1964.52,1964.52,9.020
2026-05-13T17:36:40.641643+00:00,gpu0_correctness,0,nocp_s4096_e2048,correctness,2048,4096,2048,0,0,True,,,,,6.642
2026-05-13T17:36:47.284055+00:00,gpu0_correctness,0,nocp_s4096_e2048,correctness,8192,4096,2048,0,0,True,,,,,6.500
2026-05-13T17:36:53.784361+00:00,gpu0_correctness,0,nocp_s4096_e2048,benchmark,8192,4096,2048,0,0,True,4527.66,204.06,204.06,204.06,7.183
2026-05-13T17:36:53.784361+00:00,gpu0_correctness,0,nocp_s4096_e2048,benchmark,32768,4096,2048,0,0,True,9473.26,885.41,885.41,885.41,7.183
2026-05-13T17:37:00.967731+00:00,gpu0_correctness,0,nocp_s4096_e2048,benchmark,65536,4096,2048,0,0,True,17708.01,1934.72,1934.72,1934.72,8.606
2026-05-13T17:37:09.574291+00:00,gpu0_correctness,0,nocp_s4096_e4096,correctness,2048,4096,4096,0,0,True,,,,,6.587
2026-05-13T17:37:16.161937+00:00,gpu0_correctness,0,nocp_s4096_e4096,correctness,8192,4096,4096,0,0,True,,,,,6.798
2026-05-13T17:37:22.960424+00:00,gpu0_correctness,0,nocp_s4096_e4096,benchmark,8192,4096,4096,0,0,True,4428.77,118.37,118.37,118.37,6.616
2026-05-13T17:37:22.960424+00:00,gpu0_correctness,0,nocp_s4096_e4096,benchmark,32768,4096,4096,0,0,True,9328.38,515.99,515.99,515.99,6.616
2026-05-13T17:37:29.576694+00:00,gpu0_correctness,0,nocp_s4096_e4096,benchmark,65536,4096,4096,0,0,True,17416.01,1122.7,1122.7,1122.7,6.527
2026-05-13T17:37:36.104241+00:00,gpu0_correctness,0,nocp_s8192_e4096,correctness,2048,8192,4096,0,0,True,,,,,6.085
2026-05-13T17:37:42.189904+00:00,gpu0_correctness,0,nocp_s8192_e4096,correctness,8192,8192,4096,0,0,True,,,,,6.777
2026-05-13T17:37:48.967407+00:00,gpu0_correctness,0,nocp_s8192_e4096,benchmark,8192,8192,4096,0,0,True,4428.77,118.21,118.21,118.21,7.248
2026-05-13T17:37:48.967407+00:00,gpu0_correctness,0,nocp_s8192_e4096,benchmark,32768,8192,4096,0,0,True,9328.38,512.03,512.03,512.03,7.248
2026-05-13T17:37:56.216062+00:00,gpu0_correctness,0,nocp_s8192_e4096,benchmark,65536,8192,4096,0,0,True,17416.01,1108.68,1108.68,1108.68,7.066
2026-05-13T17:38:03.282392+00:00,gpu0_correctness,0,nocp_s8192_e8192,correctness,2048,8192,8192,0,0,True,,,,,7.272
2026-05-13T17:38:10.554327+00:00,gpu0_correctness,0,nocp_s8192_e8192,correctness,8192,8192,8192,0,0,True,,,,,6.882
2026-05-13T17:38:17.436914+00:00,gpu0_correctness,0,nocp_s8192_e8192,benchmark,8192,8192,8192,0,0,True,4300.63,76.42,76.42,76.42,5.881
2026-05-13T17:38:17.436914+00:00,gpu0_correctness,0,nocp_s8192_e8192,benchmark,32768,8192,8192,0,0,True,9328.38,327.01,327.01,327.01,5.881
2026-05-13T17:38:23.318671+00:00,gpu0_correctness,0,nocp_s8192_e8192,benchmark,65536,8192,8192,0,0,True,17416.01,700.65,700.65,700.65,5.691
2026-05-13T17:38:29.010321+00:00,gpu0_correctness,0,ckpt_s1024_e1024,correctness,2048,1024,1024,1,0,True,,,,,7.871
2026-05-13T17:38:36.881450+00:00,gpu0_correctness,0,ckpt_s1024_e1024,correctness,8192,1024,1024,1,0,True,,,,,7.643
2026-05-13T17:38:44.524360+00:00,gpu0_correctness,0,ckpt_s1024_e1024,benchmark,8192,1024,1024,1,0,True,4152.79,413.78,413.78,413.78,10.151
2026-05-13T17:38:44.524360+00:00,gpu0_correctness,0,ckpt_s1024_e1024,benchmark,32768,1024,1024,1,0,True,6954.88,1763.65,1763.65,1763.65,10.151
2026-05-13T17:38:54.675948+00:00,gpu0_correctness,0,ckpt_s1024_e1024,benchmark,65536,1024,1024,1,0,True,11272.01,3840.96,3840.96,3840.96,12.810
2026-05-13T17:39:07.486478+00:00,gpu0_correctness,0,ckpt_s2048_e1024,correctness,2048,2048,1024,1,0,True,,,,,7.246
2026-05-13T17:39:14.732397+00:00,gpu0_correctness,0,ckpt_s2048_e1024,correctness,8192,2048,1024,1,0,True,,,,,7.728
2026-05-13T17:39:22.460841+00:00,gpu0_correctness,0,ckpt_s2048_e1024,benchmark,8192,2048,1024,1,0,True,4153.66,402.17,402.17,402.17,9.966
2026-05-13T17:39:22.460841+00:00,gpu0_correctness,0,ckpt_s2048_e1024,benchmark,32768,2048,1024,1,0,True,6955.75,1752.62,1752.62,1752.62,9.966
2026-05-13T17:39:32.427052+00:00,gpu0_correctness,0,ckpt_s2048_e1024,benchmark,65536,2048,1024,1,0,True,11272.51,3780.41,3780.41,3780.41,12.974
2026-05-13T17:39:45.401939+00:00,gpu0_correctness,0,ckpt_s4096_e1024,correctness,2048,4096,1024,1,0,True,,,,,7.621
2026-05-13T17:39:53.023201+00:00,gpu0_correctness,0,ckpt_s4096_e1024,correctness,8192,4096,1024,1,0,True,,,,,7.388
2026-05-13T17:40:00.411499+00:00,gpu0_correctness,0,ckpt_s4096_e1024,benchmark,8192,4096,1024,1,0,True,4153.16,403.13,403.13,403.13,10.138
2026-05-13T17:40:00.411499+00:00,gpu0_correctness,0,ckpt_s4096_e1024,benchmark,32768,4096,1024,1,0,True,6955.25,1735.78,1735.78,1735.78,10.138
2026-05-13T17:40:10.549462+00:00,gpu0_correctness,0,ckpt_s4096_e1024,benchmark,65536,4096,1024,1,0,True,11272.51,3791.29,3791.29,3791.29,12.615
2026-05-13T17:40:23.164664+00:00,gpu0_correctness,0,ckpt_s2048_e2048,correctness,2048,2048,2048,1,0,True,,,,,7.160
2026-05-13T17:40:30.325124+00:00,gpu0_correctness,0,ckpt_s2048_e2048,correctness,8192,2048,2048,1,0,True,,,,,7.720
2026-05-13T17:40:38.045319+00:00,gpu0_correctness,0,ckpt_s2048_e2048,benchmark,8192,2048,2048,1,0,True,4133.78,213.68,213.68,213.68,8.377
2026-05-13T17:40:38.045319+00:00,gpu0_correctness,0,ckpt_s2048_e2048,benchmark,32768,2048,2048,1,0,True,6934.88,948.92,948.92,948.92,8.377
2026-05-13T17:40:46.422423+00:00,gpu0_correctness,0,ckpt_s2048_e2048,benchmark,65536,2048,2048,1,0,True,11272.01,2047.57,2047.57,2047.57,9.861
2026-05-13T17:40:56.284405+00:00,gpu0_correctness,0,ckpt_s4096_e2048,correctness,2048,4096,2048,1,0,True,,,,,7.236
2026-05-13T17:41:03.520418+00:00,gpu0_correctness,0,ckpt_s4096_e2048,correctness,8192,4096,2048,1,0,True,,,,,7.329
2026-05-13T17:41:10.849440+00:00,gpu0_correctness,0,ckpt_s4096_e2048,benchmark,8192,4096,2048,1,0,True,4132.78,217.72,217.72,217.72,8.632
2026-05-13T17:41:10.849440+00:00,gpu0_correctness,0,ckpt_s4096_e2048,benchmark,32768,4096,2048,1,0,True,6934.88,940.75,940.75,940.75,8.632
2026-05-13T17:41:19.482109+00:00,gpu0_correctness,0,ckpt_s4096_e2048,benchmark,65536,4096,2048,1,0,True,11272.01,2045.0,2045.0,2045.0,9.693
2026-05-13T17:41:29.175372+00:00,gpu0_correctness,0,ckpt_s8192_e2048,correctness,2048,8192,2048,1,0,True,,,,,7.436
2026-05-13T17:41:36.612161+00:00,gpu0_correctness,0,ckpt_s8192_e2048,correctness,8192,8192,2048,1,0,True,,,,,7.615
2026-05-13T17:41:44.227742+00:00,gpu0_correctness,0,ckpt_s8192_e2048,benchmark,8192,8192,2048,1,0,True,4132.78,216.58,216.58,216.58,8.393
2026-05-13T17:41:44.227742+00:00,gpu0_correctness,0,ckpt_s8192_e2048,benchmark,32768,8192,2048,1,0,True,6934.88,928.92,928.92,928.92,8.393
2026-05-13T17:41:52.621202+00:00,gpu0_correctness,0,ckpt_s8192_e2048,benchmark,65536,8192,2048,1,0,True,11272.01,2012.56,2012.56,2012.56,9.934
2026-05-13T17:42:02.555661+00:00,gpu0_correctness,0,ckpt_s4096_e4096,correctness,2048,4096,4096,1,0,True,,,,,7.160
2026-05-13T17:42:09.715531+00:00,gpu0_correctness,0,ckpt_s4096_e4096,correctness,8192,4096,4096,1,0,True,,,,,8.051
2026-05-13T17:42:17.766735+00:00,gpu0_correctness,0,ckpt_s4096_e4096,benchmark,8192,4096,4096,1,0,True,4092.77,127.25,127.25,127.25,7.161
2026-05-13T17:42:17.766735+00:00,gpu0_correctness,0,ckpt_s4096_e4096,benchmark,32768,4096,4096,1,0,True,6894.87,541.88,541.88,541.88,7.161
2026-05-13T17:42:24.927817+00:00,gpu0_correctness,0,ckpt_s4096_e4096,benchmark,65536,4096,4096,1,0,True,11272.01,1185.67,1185.67,1185.67,7.602
2026-05-13T17:42:32.530639+00:00,gpu0_correctness,0,ckpt_s8192_e4096,correctness,2048,8192,4096,1,0,True,,,,,7.452
2026-05-13T17:42:39.983299+00:00,gpu0_correctness,0,ckpt_s8192_e4096,correctness,8192,8192,4096,1,0,True,,,,,7.658
2026-05-13T17:42:47.641819+00:00,gpu0_correctness,0,ckpt_s8192_e4096,benchmark,8192,8192,4096,1,0,True,4092.77,242.85,242.85,242.85,7.207
2026-05-13T17:42:47.641819+00:00,gpu0_correctness,0,ckpt_s8192_e4096,benchmark,32768,8192,4096,1,0,True,6894.87,548.43,548.43,548.43,7.207
2026-05-13T17:42:54.848753+00:00,gpu0_correctness,0,ckpt_s8192_e4096,benchmark,65536,8192,4096,1,0,True,11272.01,1155.42,1155.42,1155.42,7.619
2026-05-13T17:43:02.468677+00:00,gpu0_correctness,0,ckpt_s16384_e4096,correctness,2048,16384,4096,1,0,True,,,,,7.282
2026-05-13T17:43:09.751021+00:00,gpu0_correctness,0,ckpt_s16384_e4096,correctness,8192,16384,4096,1,0,True,,,,,7.505
2026-05-13T17:43:17.256664+00:00,gpu0_correctness,0,ckpt_s16384_e4096,benchmark,8192,16384,4096,1,0,True,4092.77,306.84,306.84,306.84,7.732
2026-05-13T17:43:17.256664+00:00,gpu0_correctness,0,ckpt_s16384_e4096,benchmark,32768,16384,4096,1,0,True,6894.87,535.11,535.11,535.11,7.732
2026-05-13T17:43:24.989135+00:00,gpu0_correctness,0,ckpt_s16384_e4096,benchmark,65536,16384,4096,1,0,True,11272.01,1146.02,1146.02,1146.02,7.283
2026-05-13T17:43:32.272791+00:00,gpu0_correctness,0,ckpt_s8192_e8192,correctness,2048,8192,8192,1,0,True,,,,,7.380
2026-05-13T17:43:39.652792+00:00,gpu0_correctness,0,ckpt_s8192_e8192,correctness,8192,8192,8192,1,0,True,,,,,7.204
2026-05-13T17:43:46.857421+00:00,gpu0_correctness,0,ckpt_s8192_e8192,benchmark,8192,8192,8192,1,0,True,4012.63,84.51,84.51,84.51,7.160
2026-05-13T17:43:46.857421+00:00,gpu0_correctness,0,ckpt_s8192_e8192,benchmark,32768,8192,8192,1,0,True,6814.85,350.94,350.94,350.94,7.160
2026-05-13T17:43:54.017463+00:00,gpu0_correctness,0,ckpt_s8192_e8192,benchmark,65536,8192,8192,1,0,True,11272.01,749.3,749.3,749.3,7.124
2026-05-13T17:44:01.142345+00:00,gpu0_correctness,0,nocp_s2048_e2048,correctness,2048,2048,2048,0,0,True,,,,,6.681
2026-05-13T17:44:07.823533+00:00,gpu0_correctness,0,nocp_s2048_e2048,correctness,8192,2048,2048,0,0,True,,,,,6.381
2026-05-13T17:44:14.204934+00:00,gpu0_correctness,0,nocp_s2048_e2048,benchmark,8192,2048,2048,0,0,True,4526.78,204.09,204.09,204.09,7.347
2026-05-13T17:44:14.204934+00:00,gpu0_correctness,0,nocp_s2048_e2048,benchmark,32768,2048,2048,0,0,True,9474.38,892.4,892.4,892.4,7.347
2026-05-13T17:44:21.552069+00:00,gpu0_correctness,0,nocp_s2048_e2048,benchmark,65536,2048,2048,0,0,True,17708.01,1981.1,1981.1,1981.1,8.846
2026-05-13T17:44:30.398628+00:00,gpu0_correctness,0,nocp_s4096_e2048,correctness,2048,4096,2048,0,0,True,,,,,6.869
2026-05-13T17:44:37.267685+00:00,gpu0_correctness,0,nocp_s4096_e2048,correctness,8192,4096,2048,0,0,True,,,,,6.576
2026-05-13T17:44:43.843548+00:00,gpu0_correctness,0,nocp_s4096_e2048,benchmark,8192,4096,2048,0,0,True,4527.66,203.23,203.23,203.23,7.133
2026-05-13T17:44:43.843548+00:00,gpu0_correctness,0,nocp_s4096_e2048,benchmark,32768,4096,2048,0,0,True,9473.26,885.15,885.15,885.15,7.133
2026-05-13T17:44:50.976453+00:00,gpu0_correctness,0,nocp_s4096_e2048,benchmark,65536,4096,2048,0,0,True,17708.01,1935.06,1935.06,1935.06,8.621
2026-05-13T17:44:59.597831+00:00,gpu0_correctness,0,nocp_s4096_e4096,correctness,2048,4096,4096,0,0,True,,,,,6.261
2026-05-13T17:45:05.859650+00:00,gpu0_correctness,0,nocp_s4096_e4096,correctness,8192,4096,4096,0,0,True,,,,,7.028
2026-05-13T17:45:12.888362+00:00,gpu0_correctness,0,nocp_s4096_e4096,benchmark,8192,4096,4096,0,0,True,4428.77,117.92,117.92,117.92,6.508
2026-05-13T17:45:12.888362+00:00,gpu0_correctness,0,nocp_s4096_e4096,benchmark,32768,4096,4096,0,0,True,9328.38,516.16,516.16,516.16,6.508
2026-05-13T17:45:19.397192+00:00,gpu0_correctness,0,nocp_s4096_e4096,benchmark,65536,4096,4096,0,0,True,17416.01,1123.09,1123.09,1123.09,6.931
2026-05-13T17:45:26.328420+00:00,gpu0_correctness,0,nocp_s8192_e4096,correctness,2048,8192,4096,0,0,True,,,,,6.814
2026-05-13T17:45:33.142197+00:00,gpu0_correctness,0,nocp_s8192_e4096,correctness,8192,8192,4096,0,0,True,,,,,6.362
2026-05-13T17:45:39.504578+00:00,gpu0_correctness,0,nocp_s8192_e4096,benchmark,8192,8192,4096,0,0,True,4428.77,117.81,117.81,117.81,6.690
2026-05-13T17:45:39.504578+00:00,gpu0_correctness,0,nocp_s8192_e4096,benchmark,32768,8192,4096,0,0,True,9328.38,512.24,512.24,512.24,6.690
2026-05-13T17:45:46.195092+00:00,gpu0_correctness,0,nocp_s8192_e4096,benchmark,65536,8192,4096,0,0,True,17416.01,1108.61,1108.61,1108.61,6.491
2026-05-13T17:45:52.687171+00:00,gpu0_correctness,0,nocp_s8192_e8192,correctness,2048,8192,8192,0,0,True,,,,,6.655
2026-05-13T17:45:59.342928+00:00,gpu0_correctness,0,nocp_s8192_e8192,correctness,8192,8192,8192,0,0,True,,,,,6.616
2026-05-13T17:46:05.959259+00:00,gpu0_correctness,0,nocp_s8192_e8192,benchmark,8192,8192,8192,0,0,True,4300.63,76.18,76.18,76.18,6.415
2026-05-13T17:46:05.959259+00:00,gpu0_correctness,0,nocp_s8192_e8192,benchmark,32768,8192,8192,0,0,True,9328.38,326.71,326.71,326.71,6.415
2026-05-13T17:46:12.374157+00:00,gpu0_correctness,0,nocp_s8192_e8192,benchmark,65536,8192,8192,0,0,True,17416.01,701.31,701.31,701.31,6.330
2026-05-13T17:46:18.704623+00:00,gpu0_correctness,0,ckpt_s1024_e1024,correctness,2048,1024,1024,1,0,True,,,,,8.058
2026-05-13T17:46:26.762722+00:00,gpu0_correctness,0,ckpt_s1024_e1024,correctness,8192,1024,1024,1,0,True,,,,,8.045
2026-05-13T17:46:34.808348+00:00,gpu0_correctness,0,ckpt_s1024_e1024,benchmark,8192,1024,1024,1,0,True,4152.79,397.48,397.48,397.48,10.882
2026-05-13T17:46:34.808348+00:00,gpu0_correctness,0,ckpt_s1024_e1024,benchmark,32768,1024,1024,1,0,True,6954.88,1771.61,1771.61,1771.61,10.882
2026-05-13T17:46:45.691068+00:00,gpu0_correctness,0,ckpt_s1024_e1024,benchmark,65536,1024,1024,1,0,True,11272.01,3920.85,3920.85,3920.85,13.424
2026-05-13T17:46:59.115765+00:00,gpu0_correctness,0,ckpt_s2048_e1024,correctness,2048,2048,1024,1,0,True,,,,,7.465
2026-05-13T17:47:06.581621+00:00,gpu0_correctness,0,ckpt_s2048_e1024,correctness,8192,2048,1024,1,0,True,,,,,7.948
2026-05-13T17:47:14.529871+00:00,gpu0_correctness,0,ckpt_s2048_e1024,benchmark,8192,2048,1024,1,0,True,4153.66,402.81,402.81,402.81,10.104
2026-05-13T17:47:14.529871+00:00,gpu0_correctness,0,ckpt_s2048_e1024,benchmark,32768,2048,1024,1,0,True,6955.75,1726.97,1726.97,1726.97,10.104
2026-05-13T17:47:24.634057+00:00,gpu0_correctness,0,ckpt_s2048_e1024,benchmark,65536,2048,1024,1,0,True,11272.51,3867.22,3867.22,3867.22,13.481
2026-05-13T17:47:38.115840+00:00,gpu0_correctness,0,ckpt_s4096_e1024,correctness,2048,4096,1024,1,0,True,,,,,7.616
2026-05-13T17:47:45.731790+00:00,gpu0_correctness,0,ckpt_s4096_e1024,correctness,8192,4096,1024,1,0,True,,,,,8.004
2026-05-13T17:47:53.736371+00:00,gpu0_correctness,0,ckpt_s4096_e1024,benchmark,8192,4096,1024,1,0,True,4153.16,411.74,411.74,411.74,9.954
2026-05-13T17:47:53.736371+00:00,gpu0_correctness,0,ckpt_s4096_e1024,benchmark,32768,4096,1024,1,0,True,6955.25,1760.84,1760.84,1760.84,9.954
2026-05-13T17:48:03.690872+00:00,gpu0_correctness,0,ckpt_s4096_e1024,benchmark,65536,4096,1024,1,0,True,11272.51,3825.41,3825.41,3825.41,12.477
2026-05-13T17:48:16.168499+00:00,gpu0_correctness,0,ckpt_s2048_e2048,correctness,2048,2048,2048,1,0,True,,,,,7.359
2026-05-13T17:48:23.527806+00:00,gpu0_correctness,0,ckpt_s2048_e2048,correctness,8192,2048,2048,1,0,True,,,,,7.558
2026-05-13T17:48:31.085814+00:00,gpu0_correctness,0,ckpt_s2048_e2048,benchmark,8192,2048,2048,1,0,True,4133.78,218.07,218.07,218.07,7.843
2026-05-13T17:48:31.085814+00:00,gpu0_correctness,0,ckpt_s2048_e2048,benchmark,32768,2048,2048,1,0,True,6934.88,981.87,981.87,981.87,7.843
2026-05-13T17:48:38.929303+00:00,gpu0_correctness,0,ckpt_s2048_e2048,benchmark,65536,2048,2048,1,0,True,11272.01,2075.19,2075.19,2075.19,9.444
2026-05-13T17:48:48.373950+00:00,gpu0_correctness,0,ckpt_s4096_e2048,correctness,2048,4096,2048,1,0,True,,,,,7.634
2026-05-13T17:48:56.008616+00:00,gpu0_correctness,0,ckpt_s4096_e2048,correctness,8192,4096,2048,1,0,True,,,,,7.043
2026-05-13T17:49:03.051873+00:00,gpu0_correctness,0,ckpt_s4096_e2048,benchmark,8192,4096,2048,1,0,True,4132.78,216.53,216.53,216.53,8.229
2026-05-13T17:49:03.051873+00:00,gpu0_correctness,0,ckpt_s4096_e2048,benchmark,32768,4096,2048,1,0,True,6934.88,963.63,963.63,963.63,8.229
2026-05-13T17:49:11.280787+00:00,gpu0_correctness,0,ckpt_s4096_e2048,benchmark,65536,4096,2048,1,0,True,11272.01,2115.69,2115.69,2115.69,9.231
2026-05-13T17:49:20.512613+00:00,gpu0_correctness,0,ckpt_s8192_e2048,correctness,2048,8192,2048,1,0,True,,,,,7.458
2026-05-13T17:49:27.971160+00:00,gpu0_correctness,0,ckpt_s8192_e2048,correctness,8192,8192,2048,1,0,True,,,,,7.352
2026-05-13T17:49:35.323200+00:00,gpu0_correctness,0,ckpt_s8192_e2048,benchmark,8192,8192,2048,1,0,True,4132.78,212.55,212.55,212.55,7.518
2026-05-13T17:49:35.323200+00:00,gpu0_correctness,0,ckpt_s8192_e2048,benchmark,32768,8192,2048,1,0,True,6934.88,923.95,923.95,923.95,7.518
2026-05-13T17:49:42.841418+00:00,gpu0_correctness,0,ckpt_s8192_e2048,benchmark,65536,8192,2048,1,0,True,11272.01,2037.01,2037.01,2037.01,9.260
2026-05-13T17:49:52.101655+00:00,gpu0_correctness,0,ckpt_s4096_e4096,correctness,2048,4096,4096,1,0,True,,,,,7.135
2026-05-13T17:49:59.237439+00:00,gpu0_correctness,0,ckpt_s4096_e4096,correctness,8192,4096,4096,1,0,True,,,,,7.601
2026-05-13T17:50:06.838716+00:00,gpu0_correctness,0,ckpt_s4096_e4096,benchmark,8192,4096,4096,1,0,True,4092.77,127.4,127.4,127.4,6.995
2026-05-13T17:50:06.838716+00:00,gpu0_correctness,0,ckpt_s4096_e4096,benchmark,32768,4096,4096,1,0,True,6894.87,541.96,541.96,541.96,6.995
2026-05-13T17:50:13.834484+00:00,gpu0_correctness,0,ckpt_s4096_e4096,benchmark,65536,4096,4096,1,0,True,11272.01,1169.25,1169.25,1169.25,7.763
2026-05-13T17:50:21.598400+00:00,gpu0_correctness,0,ckpt_s8192_e4096,correctness,2048,8192,4096,1,0,True,,,,,8.034
2026-05-13T17:50:29.632440+00:00,gpu0_correctness,0,ckpt_s8192_e4096,correctness,8192,8192,4096,1,0,True,,,,,7.983
2026-05-13T17:50:37.615581+00:00,gpu0_correctness,0,ckpt_s8192_e4096,benchmark,8192,8192,4096,1,0,True,4092.77,253.51,253.51,253.51,7.494
2026-05-13T17:50:37.615581+00:00,gpu0_correctness,0,ckpt_s8192_e4096,benchmark,32768,8192,4096,1,0,True,6894.87,540.6,540.6,540.6,7.494
2026-05-13T17:50:45.110353+00:00,gpu0_correctness,0,ckpt_s8192_e4096,benchmark,65536,8192,4096,1,0,True,11272.01,1179.32,1179.32,1179.32,7.925
2026-05-13T17:50:53.035540+00:00,gpu0_correctness,0,ckpt_s16384_e4096,correctness,2048,16384,4096,1,0,True,,,,,7.432
2026-05-13T17:51:00.467748+00:00,gpu0_correctness,0,ckpt_s16384_e4096,correctness,8192,16384,4096,1,0,True,,,,,8.034
2026-05-13T17:51:08.501748+00:00,gpu0_correctness,0,ckpt_s16384_e4096,benchmark,8192,16384,4096,1,0,True,4092.77,232.23,232.23,232.23,7.047
2026-05-13T17:51:08.501748+00:00,gpu0_correctness,0,ckpt_s16384_e4096,benchmark,32768,16384,4096,1,0,True,6894.87,543.93,543.93,543.93,7.047
2026-05-13T17:51:15.549569+00:00,gpu0_correctness,0,ckpt_s16384_e4096,benchmark,65536,16384,4096,1,0,True,11272.01,1149.62,1149.62,1149.62,7.345
2026-05-13T17:51:22.895185+00:00,gpu0_correctness,0,ckpt_s8192_e8192,correctness,2048,8192,8192,1,0,True,,,,,7.507
2026-05-13T17:51:30.402831+00:00,gpu0_correctness,0,ckpt_s8192_e8192,correctness,8192,8192,8192,1,0,True,,,,,7.595
2026-05-13T17:51:37.997992+00:00,gpu0_correctness,0,ckpt_s8192_e8192,benchmark,8192,8192,8192,1,0,True,4012.63,83.22,83.22,83.22,6.990
2026-05-13T17:51:37.997992+00:00,gpu0_correctness,0,ckpt_s8192_e8192,benchmark,32768,8192,8192,1,0,True,6814.85,351.39,351.39,351.39,6.990
2026-05-13T17:51:44.988683+00:00,gpu0_correctness,0,ckpt_s8192_e8192,benchmark,65536,8192,8192,1,0,True,11272.01,748.77,748.77,748.77,6.560
2026-05-13T17:51:51.549297+00:00,gpu0_correctness,0,nocp_s2048_e2048,correctness,2048,2048,2048,0,0,True,,,,,6.652
2026-05-13T17:51:58.201335+00:00,gpu0_correctness,0,nocp_s2048_e2048,correctness,8192,2048,2048,0,0,True,,,,,6.994
2026-05-13T17:52:05.195188+00:00,gpu0_correctness,0,nocp_s2048_e2048,benchmark,8192,2048,2048,0,0,True,4526.78,203.57,203.57,203.57,7.798
2026-05-13T17:52:05.195188+00:00,gpu0_correctness,0,nocp_s2048_e2048,benchmark,32768,2048,2048,0,0,True,9474.38,892.3,892.3,892.3,7.798
2026-05-13T17:52:12.994000+00:00,gpu0_correctness,0,nocp_s2048_e2048,benchmark,65536,2048,2048,0,0,True,17708.01,1964.22,1964.22,1964.22,8.144
2026-05-13T17:52:21.138217+00:00,gpu0_correctness,0,nocp_s4096_e2048,correctness,2048,4096,2048,0,0,True,,,,,6.553
2026-05-13T17:52:27.691876+00:00,gpu0_correctness,0,nocp_s4096_e2048,correctness,8192,4096,2048,0,0,True,,,,,6.770
2026-05-13T17:52:34.462146+00:00,gpu0_correctness,0,nocp_s4096_e2048,benchmark,8192,4096,2048,0,0,True,4527.66,204.47,204.47,204.47,7.304
2026-05-13T17:52:34.462146+00:00,gpu0_correctness,0,nocp_s4096_e2048,benchmark,32768,4096,2048,0,0,True,9473.26,884.75,884.75,884.75,7.304
2026-05-13T17:52:41.766538+00:00,gpu0_correctness,0,nocp_s4096_e2048,benchmark,65536,4096,2048,0,0,True,17708.01,1946.7,1946.7,1946.7,8.786
2026-05-13T17:52:50.553227+00:00,gpu0_correctness,0,nocp_s4096_e4096,correctness,2048,4096,4096,0,0,True,,,,,6.361
2026-05-13T17:52:56.914920+00:00,gpu0_correctness,0,nocp_s4096_e4096,correctness,8192,4096,4096,0,0,True,,,,,6.789
2026-05-13T17:53:03.704325+00:00,gpu0_correctness,0,nocp_s4096_e4096,benchmark,8192,4096,4096,0,0,True,4428.77,119.55,119.55,119.55,6.601
2026-05-13T17:53:03.704325+00:00,gpu0_correctness,0,nocp_s4096_e4096,benchmark,32768,4096,4096,0,0,True,9328.38,516.1,516.1,516.1,6.601
2026-05-13T17:53:10.305313+00:00,gpu0_correctness,0,nocp_s4096_e4096,benchmark,65536,4096,4096,0,0,True,17416.01,1122.86,1122.86,1122.86,6.707
2026-05-13T17:53:17.012531+00:00,gpu0_correctness,0,nocp_s8192_e4096,correctness,2048,8192,4096,0,0,True,,,,,6.602
2026-05-13T17:53:23.615147+00:00,gpu0_correctness,0,nocp_s8192_e4096,correctness,8192,8192,4096,0,0,True,,,,,6.361
2026-05-13T17:53:29.976802+00:00,gpu0_correctness,0,nocp_s8192_e4096,benchmark,8192,8192,4096,0,0,True,4428.77,118.89,118.89,118.89,6.443
2026-05-13T17:53:29.976802+00:00,gpu0_correctness,0,nocp_s8192_e4096,benchmark,32768,8192,4096,0,0,True,9328.38,512.46,512.46,512.46,6.443
2026-05-13T17:53:36.419800+00:00,gpu0_correctness,0,nocp_s8192_e4096,benchmark,65536,8192,4096,0,0,True,17416.01,1109.13,1109.13,1109.13,6.829
2026-05-13T17:53:43.249135+00:00,gpu0_correctness,0,nocp_s8192_e8192,correctness,2048,8192,8192,0,0,True,,,,,6.675
2026-05-13T17:53:49.924299+00:00,gpu0_correctness,0,nocp_s8192_e8192,correctness,8192,8192,8192,0,0,True,,,,,6.842
2026-05-13T17:53:56.766431+00:00,gpu0_correctness,0,nocp_s8192_e8192,benchmark,8192,8192,8192,0,0,True,4300.63,74.29,74.29,74.29,6.070
2026-05-13T17:53:56.766431+00:00,gpu0_correctness,0,nocp_s8192_e8192,benchmark,32768,8192,8192,0,0,True,9328.38,326.68,326.68,326.68,6.070
2026-05-13T17:54:02.836759+00:00,gpu0_correctness,0,nocp_s8192_e8192,benchmark,65536,8192,8192,0,0,True,17416.01,702.11,702.11,702.11,6.109
2026-05-13T17:54:08.946169+00:00,gpu0_correctness,0,ckpt_s1024_e1024,correctness,2048,1024,1024,1,0,True,,,,,7.033
2026-05-13T17:54:15.979810+00:00,gpu0_correctness,0,ckpt_s1024_e1024,correctness,8192,1024,1024,1,0,True,,,,,7.268
2026-05-13T17:54:23.248168+00:00,gpu0_correctness,0,ckpt_s1024_e1024,benchmark,8192,1024,1024,1,0,True,4152.79,397.38,397.38,397.38,9.552
2026-05-13T17:54:23.248168+00:00,gpu0_correctness,0,ckpt_s1024_e1024,benchmark,32768,1024,1024,1,0,True,6954.88,1756.56,1756.56,1756.56,9.552
2026-05-13T17:54:32.800406+00:00,gpu0_correctness,0,ckpt_s1024_e1024,benchmark,65536,1024,1024,1,0,True,11272.01,3893.86,3893.86,3893.86,13.385
2026-05-13T17:54:46.186445+00:00,gpu0_correctness,0,ckpt_s2048_e1024,correctness,2048,2048,1024,1,0,True,,,,,7.457
2026-05-13T17:54:53.643992+00:00,gpu0_correctness,0,ckpt_s2048_e1024,correctness,8192,2048,1024,1,0,True,,,,,7.708
2026-05-13T17:55:01.352479+00:00,gpu0_correctness,0,ckpt_s2048_e1024,benchmark,8192,2048,1024,1,0,True,4153.66,396.14,396.14,396.14,10.234
2026-05-13T17:55:01.352479+00:00,gpu0_correctness,0,ckpt_s2048_e1024,benchmark,32768,2048,1024,1,0,True,6955.75,1793.22,1793.22,1793.22,10.234
2026-05-13T17:55:11.587214+00:00,gpu0_correctness,0,ckpt_s2048_e1024,benchmark,65536,2048,1024,1,0,True,11272.51,3893.42,3893.42,3893.42,12.765
2026-05-13T17:55:24.353120+00:00,gpu0_correctness,0,ckpt_s4096_e1024,correctness,2048,4096,1024,1,0,True,,,,,7.243
2026-05-13T17:55:31.596757+00:00,gpu0_correctness,0,ckpt_s4096_e1024,correctness,8192,4096,1024,1,0,True,,,,,7.796
2026-05-13T17:55:39.392857+00:00,gpu0_correctness,0,ckpt_s4096_e1024,benchmark,8192,4096,1024,1,0,True,4153.16,395.77,395.77,395.77,9.815
2026-05-13T17:55:39.392857+00:00,gpu0_correctness,0,ckpt_s4096_e1024,benchmark,32768,4096,1024,1,0,True,6955.25,1744.74,1744.74,1744.74,9.815
2026-05-13T17:55:49.207903+00:00,gpu0_correctness,0,ckpt_s4096_e1024,benchmark,65536,4096,1024,1,0,True,11272.51,3816.23,3816.23,3816.23,13.157
2026-05-13T17:56:02.365500+00:00,gpu0_correctness,0,ckpt_s2048_e2048,correctness,2048,2048,2048,1,0,True,,,,,7.348
2026-05-13T17:56:09.714106+00:00,gpu0_correctness,0,ckpt_s2048_e2048,correctness,8192,2048,2048,1,0,True,,,,,7.509
2026-05-13T17:56:17.223369+00:00,gpu0_correctness,0,ckpt_s2048_e2048,benchmark,8192,2048,2048,1,0,True,4133.78,216.2,216.2,216.2,8.467
2026-05-13T17:56:17.223369+00:00,gpu0_correctness,0,ckpt_s2048_e2048,benchmark,32768,2048,2048,1,0,True,6934.88,957.04,957.04,957.04,8.467
2026-05-13T17:56:25.690315+00:00,gpu0_correctness,0,ckpt_s2048_e2048,benchmark,65536,2048,2048,1,0,True,11272.01,2111.09,2111.09,2111.09,9.441
2026-05-13T17:56:35.131344+00:00,gpu0_correctness,0,ckpt_s4096_e2048,correctness,2048,4096,2048,1,0,True,,,,,6.900
2026-05-13T17:56:42.031421+00:00,gpu0_correctness,0,ckpt_s4096_e2048,correctness,8192,4096,2048,1,0,True,,,,,7.787
2026-05-13T17:56:49.818288+00:00,gpu0_correctness,0,ckpt_s4096_e2048,benchmark,8192,4096,2048,1,0,True,4132.78,212.94,212.94,212.94,8.475
2026-05-13T17:56:49.818288+00:00,gpu0_correctness,0,ckpt_s4096_e2048,benchmark,32768,4096,2048,1,0,True,6934.88,927.8,927.8,927.8,8.475
2026-05-13T17:56:58.293663+00:00,gpu0_correctness,0,ckpt_s4096_e2048,benchmark,65536,4096,2048,1,0,True,11272.01,2065.81,2065.81,2065.81,10.001
2026-05-13T17:57:08.295310+00:00,gpu0_correctness,0,ckpt_s8192_e2048,correctness,2048,8192,2048,1,0,True,,,,,7.631
2026-05-13T17:57:15.926928+00:00,gpu0_correctness,0,ckpt_s8192_e2048,correctness,8192,8192,2048,1,0,True,,,,,8.020
2026-05-13T17:57:23.947383+00:00,gpu0_correctness,0,ckpt_s8192_e2048,benchmark,8192,8192,2048,1,0,True,4132.78,216.05,216.05,216.05,8.603
2026-05-13T17:57:23.947383+00:00,gpu0_correctness,0,ckpt_s8192_e2048,benchmark,32768,8192,2048,1,0,True,6934.88,939.84,939.84,939.84,8.603
2026-05-13T17:57:32.550378+00:00,gpu0_correctness,0,ckpt_s8192_e2048,benchmark,65536,8192,2048,1,0,True,11272.01,2005.52,2005.52,2005.52,9.731
2026-05-13T17:57:42.282250+00:00,gpu0_correctness,0,ckpt_s4096_e4096,correctness,2048,4096,4096,1,0,True,,,,,7.760
2026-05-13T17:57:50.042817+00:00,gpu0_correctness,0,ckpt_s4096_e4096,correctness,8192,4096,4096,1,0,True,,,,,7.313
2026-05-13T17:57:57.356373+00:00,gpu0_correctness,0,ckpt_s4096_e4096,benchmark,8192,4096,4096,1,0,True,4092.77,126.6,126.6,126.6,7.424
2026-05-13T17:57:57.356373+00:00,gpu0_correctness,0,ckpt_s4096_e4096,benchmark,32768,4096,4096,1,0,True,6894.87,542.32,542.32,542.32,7.424
2026-05-13T17:58:04.780414+00:00,gpu0_correctness,0,ckpt_s4096_e4096,benchmark,65536,4096,4096,1,0,True,11272.01,1198.28,1198.28,1198.28,7.783
2026-05-13T17:58:12.564161+00:00,gpu0_correctness,0,ckpt_s8192_e4096,correctness,2048,8192,4096,1,0,True,,,,,7.174
2026-05-13T17:58:19.738836+00:00,gpu0_correctness,0,ckpt_s8192_e4096,correctness,8192,8192,4096,1,0,True,,,,,7.717
2026-05-13T17:58:27.456159+00:00,gpu0_correctness,0,ckpt_s8192_e4096,benchmark,8192,8192,4096,1,0,True,4092.77,279.42,279.42,279.42,7.640
2026-05-13T17:58:27.456159+00:00,gpu0_correctness,0,ckpt_s8192_e4096,benchmark,32768,8192,4096,1,0,True,6894.87,538.9,538.9,538.9,7.640
2026-05-13T17:58:35.097003+00:00,gpu0_correctness,0,ckpt_s8192_e4096,benchmark,65536,8192,4096,1,0,True,11272.01,1170.42,1170.42,1170.42,7.657
2026-05-13T17:58:42.754812+00:00,gpu0_correctness,0,ckpt_s16384_e4096,correctness,2048,16384,4096,1,0,True,,,,,7.612
2026-05-13T17:58:50.367424+00:00,gpu0_correctness,0,ckpt_s16384_e4096,correctness,8192,16384,4096,1,0,True,,,,,7.486
2026-05-13T17:58:57.853647+00:00,gpu0_correctness,0,ckpt_s16384_e4096,benchmark,8192,16384,4096,1,0,True,4092.77,269.17,269.17,269.17,7.464
2026-05-13T17:58:57.853647+00:00,gpu0_correctness,0,ckpt_s16384_e4096,benchmark,32768,16384,4096,1,0,True,6894.87,544.43,544.43,544.43,7.464
2026-05-13T17:59:05.318467+00:00,gpu0_correctness,0,ckpt_s16384_e4096,benchmark,65536,16384,4096,1,0,True,11272.01,1167.05,1167.05,1167.05,7.410
2026-05-13T17:59:12.729147+00:00,gpu0_correctness,0,ckpt_s8192_e8192,correctness,2048,8192,8192,1,0,True,,,,,7.664
2026-05-13T17:59:20.393108+00:00,gpu0_correctness,0,ckpt_s8192_e8192,correctness,8192,8192,8192,1,0,True,,,,,7.126
2026-05-13T17:59:27.519917+00:00,gpu0_correctness,0,ckpt_s8192_e8192,benchmark,8192,8192,8192,1,0,True,4012.63,82.29,82.29,82.29,6.581
2026-05-13T17:59:27.519917+00:00,gpu0_correctness,0,ckpt_s8192_e8192,benchmark,32768,8192,8192,1,0,True,6814.85,351.44,351.44,351.44,6.581
2026-05-13T17:59:34.101455+00:00,gpu0_correctness,0,ckpt_s8192_e8192,benchmark,65536,8192,8192,1,0,True,11272.01,755.79,755.79,755.79,6.796
2026-05-13T17:59:40.897953+00:00,gpu0_correctness,0,nocp_s2048_e2048,correctness,2048,2048,2048,0,0,True,,,,,6.884
2026-05-13T17:59:47.782483+00:00,gpu0_correctness,0,nocp_s2048_e2048,correctness,8192,2048,2048,0,0,True,,,,,6.304
2026-05-13T17:59:54.086419+00:00,gpu0_correctness,0,nocp_s2048_e2048,benchmark,8192,2048,2048,0,0,True,4526.78,205.97,205.97,205.97,7.067
2026-05-13T17:59:54.086419+00:00,gpu0_correctness,0,nocp_s2048_e2048,benchmark,32768,2048,2048,0,0,True,9474.38,903.85,903.85,903.85,7.067
2026-05-13T18:00:01.153949+00:00,gpu0_correctness,0,nocp_s2048_e2048,benchmark,65536,2048,2048,0,0,True,17708.01,1975.86,1975.86,1975.86,8.766
2026-05-13T18:00:09.920214+00:00,gpu0_correctness,0,nocp_s4096_e2048,correctness,2048,4096,2048,0,0,True,,,,,6.875
2026-05-13T18:00:16.795603+00:00,gpu0_correctness,0,nocp_s4096_e2048,correctness,8192,4096,2048,0,0,True,,,,,6.465
2026-05-13T18:00:23.261263+00:00,gpu0_correctness,0,nocp_s4096_e2048,benchmark,8192,4096,2048,0,0,True,4527.66,202.16,202.16,202.16,7.356
2026-05-13T18:00:23.261263+00:00,gpu0_correctness,0,nocp_s4096_e2048,benchmark,32768,4096,2048,0,0,True,9473.26,890.39,890.39,890.39,7.356
2026-05-13T18:00:30.617578+00:00,gpu0_correctness,0,nocp_s4096_e2048,benchmark,65536,4096,2048,0,0,True,17708.01,1934.74,1934.74,1934.74,8.489
2026-05-13T18:00:39.106717+00:00,gpu0_correctness,0,nocp_s4096_e4096,correctness,2048,4096,4096,0,0,True,,,,,6.338
2026-05-13T18:00:45.445018+00:00,gpu0_correctness,0,nocp_s4096_e4096,correctness,8192,4096,4096,0,0,True,,,,,6.888
2026-05-13T18:00:52.333687+00:00,gpu0_correctness,0,nocp_s4096_e4096,benchmark,8192,4096,4096,0,0,True,4428.77,119.37,119.37,119.37,6.452
2026-05-13T18:00:52.333687+00:00,gpu0_correctness,0,nocp_s4096_e4096,benchmark,32768,4096,4096,0,0,True,9328.38,524.2,524.2,524.2,6.452
2026-05-13T18:00:58.786317+00:00,gpu0_correctness,0,nocp_s4096_e4096,benchmark,65536,4096,4096,0,0,True,17416.01,1123.08,1123.08,1123.08,6.745
2026-05-13T18:01:05.531999+00:00,gpu0_correctness,0,nocp_s8192_e4096,correctness,2048,8192,4096,0,0,True,,,,,6.664
2026-05-13T18:01:12.196727+00:00,gpu0_correctness,0,nocp_s8192_e4096,correctness,8192,8192,4096,0,0,True,,,,,6.712
2026-05-13T18:01:18.908833+00:00,gpu0_correctness,0,nocp_s8192_e4096,benchmark,8192,8192,4096,0,0,True,4428.77,119.53,119.53,119.53,6.470
2026-05-13T18:01:18.908833+00:00,gpu0_correctness,0,nocp_s8192_e4096,benchmark,32768,8192,4096,0,0,True,9328.38,511.81,511.81,511.81,6.470
2026-05-13T18:01:25.379024+00:00,gpu0_correctness,0,nocp_s8192_e4096,benchmark,65536,8192,4096,0,0,True,17416.01,1108.9,1108.9,1108.9,6.929
2026-05-13T18:01:32.308633+00:00,gpu0_correctness,0,nocp_s8192_e8192,correctness,2048,8192,8192,0,0,True,,,,,6.550
2026-05-13T18:01:38.858720+00:00,gpu0_correctness,0,nocp_s8192_e8192,correctness,8192,8192,8192,0,0,True,,,,,6.989
2026-05-13T18:01:45.847839+00:00,gpu0_correctness,0,nocp_s8192_e8192,benchmark,8192,8192,8192,0,0,True,4300.63,76.6,76.6,76.6,6.098
2026-05-13T18:01:45.847839+00:00,gpu0_correctness,0,nocp_s8192_e8192,benchmark,32768,8192,8192,0,0,True,9328.38,326.8,326.8,326.8,6.098
2026-05-13T18:01:51.945888+00:00,gpu0_correctness,0,nocp_s8192_e8192,benchmark,65536,8192,8192,0,0,True,17416.01,717.11,717.11,717.11,5.848
2026-05-13T18:01:57.794706+00:00,gpu0_correctness,0,ckpt_s1024_e1024,correctness,2048,1024,1024,1,0,True,,,,,7.218
2026-05-13T18:02:05.012913+00:00,gpu0_correctness,0,ckpt_s1024_e1024,correctness,8192,1024,1024,1,0,True,,,,,7.228
2026-05-13T18:02:12.240904+00:00,gpu0_correctness,0,ckpt_s1024_e1024,benchmark,8192,1024,1024,1,0,True,4152.79,399.14,399.14,399.14,10.221
2026-05-13T18:02:12.240904+00:00,gpu0_correctness,0,ckpt_s1024_e1024,benchmark,32768,1024,1024,1,0,True,6954.88,1766.43,1766.43,1766.43,10.221
2026-05-13T18:02:22.462265+00:00,gpu0_correctness,0,ckpt_s1024_e1024,benchmark,65536,1024,1024,1,0,True,11272.01,3842.69,3842.69,3842.69,13.052
2026-05-13T18:02:35.514693+00:00,gpu0_correctness,0,ckpt_s2048_e1024,correctness,2048,2048,1024,1,0,True,,,,,7.724
2026-05-13T18:02:43.238988+00:00,gpu0_correctness,0,ckpt_s2048_e1024,correctness,8192,2048,1024,1,0,True,,,,,7.905
2026-05-13T18:02:51.144130+00:00,gpu0_correctness,0,ckpt_s2048_e1024,benchmark,8192,2048,1024,1,0,True,4153.66,395.97,395.97,395.97,9.839
2026-05-13T18:02:51.144130+00:00,gpu0_correctness,0,ckpt_s2048_e1024,benchmark,32768,2048,1024,1,0,True,6955.75,1827.53,1827.53,1827.53,9.839
2026-05-13T18:03:00.983697+00:00,gpu0_correctness,0,ckpt_s2048_e1024,benchmark,65536,2048,1024,1,0,True,11272.51,3778.92,3778.92,3778.92,12.537
2026-05-13T18:03:13.521622+00:00,gpu0_correctness,0,ckpt_s4096_e1024,correctness,2048,4096,1024,1,0,True,,,,,7.240
2026-05-13T18:03:20.761783+00:00,gpu0_correctness,0,ckpt_s4096_e1024,correctness,8192,4096,1024,1,0,True,,,,,8.017
2026-05-13T18:03:28.779557+00:00,gpu0_correctness,0,ckpt_s4096_e1024,benchmark,8192,4096,1024,1,0,True,4153.16,398.02,398.02,398.02,9.846
2026-05-13T18:03:28.779557+00:00,gpu0_correctness,0,ckpt_s4096_e1024,benchmark,32768,4096,1024,1,0,True,6955.25,1748.71,1748.71,1748.71,9.846
2026-05-13T18:03:38.626329+00:00,gpu0_correctness,0,ckpt_s4096_e1024,benchmark,65536,4096,1024,1,0,True,11272.51,3848.13,3848.13,3848.13,13.515
2026-05-13T18:03:52.141933+00:00,gpu0_correctness,0,ckpt_s2048_e2048,correctness,2048,2048,2048,1,0,True,,,,,7.807
2026-05-13T18:03:59.949582+00:00,gpu0_correctness,0,ckpt_s2048_e2048,correctness,8192,2048,2048,1,0,True,,,,,7.474
2026-05-13T18:04:07.423415+00:00,gpu0_correctness,0,ckpt_s2048_e2048,benchmark,8192,2048,2048,1,0,True,4133.78,214.86,214.86,214.86,8.319
2026-05-13T18:04:07.423415+00:00,gpu0_correctness,0,ckpt_s2048_e2048,benchmark,32768,2048,2048,1,0,True,6934.88,947.34,947.34,947.34,8.319
2026-05-13T18:04:15.742529+00:00,gpu0_correctness,0,ckpt_s2048_e2048,benchmark,65536,2048,2048,1,0,True,11272.01,2106.55,2106.55,2106.55,9.668
2026-05-13T18:04:25.410832+00:00,gpu0_correctness,0,ckpt_s4096_e2048,correctness,2048,4096,2048,1,0,True,,,,,7.465
2026-05-13T18:04:32.876343+00:00,gpu0_correctness,0,ckpt_s4096_e2048,correctness,8192,4096,2048,1,0,True,,,,,7.264
2026-05-13T18:04:40.140796+00:00,gpu0_correctness,0,ckpt_s4096_e2048,benchmark,8192,4096,2048,1,0,True,4132.78,215.55,215.55,215.55,8.269
2026-05-13T18:04:40.140796+00:00,gpu0_correctness,0,ckpt_s4096_e2048,benchmark,32768,4096,2048,1,0,True,6934.88,964.71,964.71,964.71,8.269
2026-05-13T18:04:48.410445+00:00,gpu0_correctness,0,ckpt_s4096_e2048,benchmark,65536,4096,2048,1,0,True,11272.01,2109.96,2109.96,2109.96,9.164
2026-05-13T18:04:57.574782+00:00,gpu0_correctness,0,ckpt_s8192_e2048,correctness,2048,8192,2048,1,0,True,,,,,7.070
2026-05-13T18:05:04.645406+00:00,gpu0_correctness,0,ckpt_s8192_e2048,correctness,8192,8192,2048,1,0,True,,,,,8.149
2026-05-13T18:05:12.794343+00:00,gpu0_correctness,0,ckpt_s8192_e2048,benchmark,8192,8192,2048,1,0,True,4132.78,212.8,212.8,212.8,7.982
2026-05-13T18:05:12.794343+00:00,gpu0_correctness,0,ckpt_s8192_e2048,benchmark,32768,8192,2048,1,0,True,6934.88,924.2,924.2,924.2,7.982
2026-05-13T18:05:20.776572+00:00,gpu0_correctness,0,ckpt_s8192_e2048,benchmark,65536,8192,2048,1,0,True,11272.01,2032.92,2032.92,2032.92,9.447
2026-05-13T18:05:30.224353+00:00,gpu0_correctness,0,ckpt_s4096_e4096,correctness,2048,4096,4096,1,0,True,,,,,6.920
2026-05-13T18:05:37.144429+00:00,gpu0_correctness,0,ckpt_s4096_e4096,correctness,8192,4096,4096,1,0,True,,,,,7.499
2026-05-13T18:05:44.643959+00:00,gpu0_correctness,0,ckpt_s4096_e4096,benchmark,8192,4096,4096,1,0,True,4092.77,128.15,128.15,128.15,7.436
2026-05-13T18:05:44.643959+00:00,gpu0_correctness,0,ckpt_s4096_e4096,benchmark,32768,4096,4096,1,0,True,6894.87,555.49,555.49,555.49,7.436
2026-05-13T18:05:52.080009+00:00,gpu0_correctness,0,ckpt_s4096_e4096,benchmark,65536,4096,4096,1,0,True,11272.01,1193.03,1193.03,1193.03,7.559
2026-05-13T18:05:59.639519+00:00,gpu0_correctness,0,ckpt_s8192_e4096,correctness,2048,8192,4096,1,0,True,,,,,7.958
2026-05-13T18:06:07.597589+00:00,gpu0_correctness,0,ckpt_s8192_e4096,correctness,8192,8192,4096,1,0,True,,,,,8.252
2026-05-13T18:06:15.849856+00:00,gpu0_correctness,0,ckpt_s8192_e4096,benchmark,8192,8192,4096,1,0,True,4092.77,215.3,215.3,215.3,6.981
2026-05-13T18:06:15.849856+00:00,gpu0_correctness,0,ckpt_s8192_e4096,benchmark,32768,8192,4096,1,0,True,6894.87,535.81,535.81,535.81,6.981
2026-05-13T18:06:22.830946+00:00,gpu0_correctness,0,ckpt_s8192_e4096,benchmark,65536,8192,4096,1,0,True,11272.01,1155.64,1155.64,1155.64,7.278
2026-05-13T18:06:30.109044+00:00,gpu0_correctness,0,ckpt_s16384_e4096,correctness,2048,16384,4096,1,0,True,,,,,7.406
2026-05-13T18:06:37.515774+00:00,gpu0_correctness,0,ckpt_s16384_e4096,correctness,8192,16384,4096,1,0,True,,,,,7.971
2026-05-13T18:06:45.487520+00:00,gpu0_correctness,0,ckpt_s16384_e4096,benchmark,8192,16384,4096,1,0,True,4092.77,227.66,227.66,227.66,7.174
2026-05-13T18:06:45.487520+00:00,gpu0_correctness,0,ckpt_s16384_e4096,benchmark,32768,16384,4096,1,0,True,6894.87,532.43,532.43,532.43,7.174
2026-05-13T18:06:52.661522+00:00,gpu0_correctness,0,ckpt_s16384_e4096,benchmark,65536,16384,4096,1,0,True,11272.01,1145.05,1145.05,1145.05,7.366
2026-05-13T18:07:00.028388+00:00,gpu0_correctness,0,ckpt_s8192_e8192,correctness,2048,8192,8192,1,0,True,,,,,7.371
2026-05-13T18:07:07.399613+00:00,gpu0_correctness,0,ckpt_s8192_e8192,correctness,8192,8192,8192,1,0,True,,,,,7.510
2026-05-13T18:07:14.910273+00:00,gpu0_correctness,0,ckpt_s8192_e8192,benchmark,8192,8192,8192,1,0,True,4012.63,83.98,83.98,83.98,6.607
2026-05-13T18:07:14.910273+00:00,gpu0_correctness,0,ckpt_s8192_e8192,benchmark,32768,8192,8192,1,0,True,6814.85,351.54,351.54,351.54,6.607
2026-05-13T18:07:21.517462+00:00,gpu0_correctness,0,ckpt_s8192_e8192,benchmark,65536,8192,8192,1,0,True,11272.01,749.02,749.02,749.02,6.875
2026-05-13T18:07:28.392832+00:00,gpu0_correctness,0,nocp_s2048_e2048,correctness,2048,2048,2048,0,0,True,,,,,6.469
2026-05-13T18:07:34.862398+00:00,gpu0_correctness,0,nocp_s2048_e2048,correctness,8192,2048,2048,0,0,True,,,,,6.643
2026-05-13T18:07:41.505473+00:00,gpu0_correctness,0,nocp_s2048_e2048,benchmark,8192,2048,2048,0,0,True,4526.78,204.03,204.03,204.03,7.708
2026-05-13T18:07:41.505473+00:00,gpu0_correctness,0,nocp_s2048_e2048,benchmark,32768,2048,2048,0,0,True,9474.38,895.13,895.13,895.13,7.708
2026-05-13T18:07:49.214088+00:00,gpu0_correctness,0,nocp_s2048_e2048,benchmark,65536,2048,2048,0,0,True,17708.01,1977.62,1977.62,1977.62,8.632
2026-05-13T18:07:57.846017+00:00,gpu0_correctness,0,nocp_s4096_e2048,correctness,2048,4096,2048,0,0,True,,,,,6.871
2026-05-13T18:08:04.717099+00:00,gpu0_correctness,0,nocp_s4096_e2048,correctness,8192,4096,2048,0,0,True,,,,,6.543
2026-05-13T18:08:11.260405+00:00,gpu0_correctness,0,nocp_s4096_e2048,benchmark,8192,4096,2048,0,0,True,4527.66,225.22,225.22,225.22,7.497
2026-05-13T18:08:11.260405+00:00,gpu0_correctness,0,nocp_s4096_e2048,benchmark,32768,4096,2048,0,0,True,9473.26,886.65,886.65,886.65,7.497
2026-05-13T18:08:18.757663+00:00,gpu0_correctness,0,nocp_s4096_e2048,benchmark,65536,4096,2048,0,0,True,17708.01,1935.41,1935.41,1935.41,9.104
2026-05-13T18:08:27.862411+00:00,gpu0_correctness,0,nocp_s4096_e4096,correctness,2048,4096,4096,0,0,True,,,,,6.705
2026-05-13T18:08:34.567258+00:00,gpu0_correctness,0,nocp_s4096_e4096,correctness,8192,4096,4096,0,0,True,,,,,6.628
2026-05-13T18:08:41.195897+00:00,gpu0_correctness,0,nocp_s4096_e4096,benchmark,8192,4096,4096,0,0,True,4428.77,118.86,118.86,118.86,6.567
2026-05-13T18:08:41.195897+00:00,gpu0_correctness,0,nocp_s4096_e4096,benchmark,32768,4096,4096,0,0,True,9328.38,516.02,516.02,516.02,6.567
2026-05-13T18:08:47.762856+00:00,gpu0_correctness,0,nocp_s4096_e4096,benchmark,65536,4096,4096,0,0,True,17416.01,1139.7,1139.7,1139.7,6.669
2026-05-13T18:08:54.432341+00:00,gpu0_correctness,0,nocp_s8192_e4096,correctness,2048,8192,4096,0,0,True,,,,,6.360
2026-05-13T18:09:00.793040+00:00,gpu0_correctness,0,nocp_s8192_e4096,correctness,8192,8192,4096,0,0,True,,,,,6.767
2026-05-13T18:09:07.560174+00:00,gpu0_correctness,0,nocp_s8192_e4096,benchmark,8192,8192,4096,0,0,True,4428.77,116.61,116.61,116.61,5.925
2026-05-13T18:09:07.560174+00:00,gpu0_correctness,0,nocp_s8192_e4096,benchmark,32768,8192,4096,0,0,True,9328.38,512.3,512.3,512.3,5.925
2026-05-13T18:09:13.485433+00:00,gpu0_correctness,0,nocp_s8192_e4096,benchmark,65536,8192,4096,0,0,True,17416.01,1109.06,1109.06,1109.06,6.962
2026-05-13T18:09:20.447382+00:00,gpu0_correctness,0,nocp_s8192_e8192,correctness,2048,8192,8192,0,0,True,,,,,6.440
2026-05-13T18:09:26.887321+00:00,gpu0_correctness,0,nocp_s8192_e8192,correctness,8192,8192,8192,0,0,True,,,,,6.931
2026-05-13T18:09:33.818764+00:00,gpu0_correctness,0,nocp_s8192_e8192,benchmark,8192,8192,8192,0,0,True,4300.63,76.25,76.25,76.25,5.907
2026-05-13T18:09:33.818764+00:00,gpu0_correctness,0,nocp_s8192_e8192,benchmark,32768,8192,8192,0,0,True,9328.38,328.5,328.5,328.5,5.907
2026-05-13T18:09:39.725675+00:00,gpu0_correctness,0,nocp_s8192_e8192,benchmark,65536,8192,8192,0,0,True,17416.01,700.33,700.33,700.33,5.842
2026-05-13T18:09:45.567920+00:00,gpu0_correctness,0,ckpt_s1024_e1024,correctness,2048,1024,1024,1,0,True,,,,,6.965
2026-05-13T18:09:52.533019+00:00,gpu0_correctness,0,ckpt_s1024_e1024,correctness,8192,1024,1024,1,0,True,,,,,7.193
2026-05-13T18:09:59.726511+00:00,gpu0_correctness,0,ckpt_s1024_e1024,benchmark,8192,1024,1024,1,0,True,4152.79,398.2,398.2,398.2,10.781
2026-05-13T18:09:59.726511+00:00,gpu0_correctness,0,ckpt_s1024_e1024,benchmark,32768,1024,1024,1,0,True,6954.88,1750.86,1750.86,1750.86,10.781
2026-05-13T18:10:10.507612+00:00,gpu0_correctness,0,ckpt_s1024_e1024,benchmark,65536,1024,1024,1,0,True,11272.01,3892.16,3892.16,3892.16,13.343
2026-05-13T18:10:23.851318+00:00,gpu0_correctness,0,ckpt_s2048_e1024,correctness,2048,2048,1024,1,0,True,,,,,7.482
2026-05-13T18:10:31.334036+00:00,gpu0_correctness,0,ckpt_s2048_e1024,correctness,8192,2048,1024,1,0,True,,,,,7.287
2026-05-13T18:10:38.621157+00:00,gpu0_correctness,0,ckpt_s2048_e1024,benchmark,8192,2048,1024,1,0,True,4153.66,403.3,403.3,403.3,10.170
2026-05-13T18:10:38.621157+00:00,gpu0_correctness,0,ckpt_s2048_e1024,benchmark,32768,2048,1024,1,0,True,6955.75,1789.54,1789.54,1789.54,10.170
2026-05-13T18:10:48.791388+00:00,gpu0_correctness,0,ckpt_s2048_e1024,benchmark,65536,2048,1024,1,0,True,11272.51,3844.09,3844.09,3844.09,12.707
2026-05-13T18:11:01.498603+00:00,gpu0_correctness,0,ckpt_s4096_e1024,correctness,2048,4096,1024,1,0,True,,,,,7.483
2026-05-13T18:11:08.981422+00:00,gpu0_correctness,0,ckpt_s4096_e1024,correctness,8192,4096,1024,1,0,True,,,,,7.243
2026-05-13T18:11:16.224220+00:00,gpu0_correctness,0,ckpt_s4096_e1024,benchmark,8192,4096,1024,1,0,True,4153.16,410.68,410.68,410.68,10.010
2026-05-13T18:11:16.224220+00:00,gpu0_correctness,0,ckpt_s4096_e1024,benchmark,32768,4096,1024,1,0,True,6955.25,1727.55,1727.55,1727.55,10.010
2026-05-13T18:11:26.234398+00:00,gpu0_correctness,0,ckpt_s4096_e1024,benchmark,65536,4096,1024,1,0,True,11272.51,3752.6,3752.6,3752.6,12.231
2026-05-13T18:11:38.466165+00:00,gpu0_correctness,0,ckpt_s2048_e2048,correctness,2048,2048,2048,1,0,True,,,,,6.567
2026-05-13T18:11:45.033724+00:00,gpu0_correctness,0,ckpt_s2048_e2048,correctness,8192,2048,2048,1,0,True,,,,,7.701
2026-05-13T18:11:52.734575+00:00,gpu0_correctness,0,ckpt_s2048_e2048,benchmark,8192,2048,2048,1,0,True,4133.78,219.03,219.03,219.03,8.520
2026-05-13T18:11:52.734575+00:00,gpu0_correctness,0,ckpt_s2048_e2048,benchmark,32768,2048,2048,1,0,True,6934.88,946.38,946.38,946.38,8.520
2026-05-13T18:12:01.254484+00:00,gpu0_correctness,0,ckpt_s2048_e2048,benchmark,65536,2048,2048,1,0,True,11272.01,2077.7,2077.7,2077.7,9.858
2026-05-13T18:12:11.112372+00:00,gpu0_correctness,0,ckpt_s4096_e2048,correctness,2048,4096,2048,1,0,True,,,,,7.382
2026-05-13T18:12:18.495046+00:00,gpu0_correctness,0,ckpt_s4096_e2048,correctness,8192,4096,2048,1,0,True,,,,,7.699
2026-05-13T18:12:26.194236+00:00,gpu0_correctness,0,ckpt_s4096_e2048,benchmark,8192,4096,2048,1,0,True,4132.78,213.48,213.48,213.48,8.289
2026-05-13T18:12:26.194236+00:00,gpu0_correctness,0,ckpt_s4096_e2048,benchmark,32768,4096,2048,1,0,True,6934.88,943.86,943.86,943.86,8.289
2026-05-13T18:12:34.483963+00:00,gpu0_correctness,0,ckpt_s4096_e2048,benchmark,65536,4096,2048,1,0,True,11272.01,2032.62,2032.62,2032.62,9.174
2026-05-13T18:12:43.658702+00:00,gpu0_correctness,0,ckpt_s8192_e2048,correctness,2048,8192,2048,1,0,True,,,,,8.216
2026-05-13T18:12:51.875253+00:00,gpu0_correctness,0,ckpt_s8192_e2048,correctness,8192,8192,2048,1,0,True,,,,,7.869
2026-05-13T18:12:59.744554+00:00,gpu0_correctness,0,ckpt_s8192_e2048,benchmark,8192,8192,2048,1,0,True,4132.78,213.0,213.0,213.0,7.814
2026-05-13T18:12:59.744554+00:00,gpu0_correctness,0,ckpt_s8192_e2048,benchmark,32768,8192,2048,1,0,True,6934.88,925.06,925.06,925.06,7.814
2026-05-13T18:13:07.558800+00:00,gpu0_correctness,0,ckpt_s8192_e2048,benchmark,65536,8192,2048,1,0,True,11272.01,2029.76,2029.76,2029.76,8.928
2026-05-13T18:13:16.486834+00:00,gpu0_correctness,0,ckpt_s4096_e4096,correctness,2048,4096,4096,1,0,True,,,,,7.739
2026-05-13T18:13:24.226344+00:00,gpu0_correctness,0,ckpt_s4096_e4096,correctness,8192,4096,4096,1,0,True,,,,,7.109
2026-05-13T18:13:31.335634+00:00,gpu0_correctness,0,ckpt_s4096_e4096,benchmark,8192,4096,4096,1,0,True,4092.77,127.03,127.03,127.03,7.197
2026-05-13T18:13:31.335634+00:00,gpu0_correctness,0,ckpt_s4096_e4096,benchmark,32768,4096,4096,1,0,True,6894.87,542.23,542.23,542.23,7.197
2026-05-13T18:13:38.533111+00:00,gpu0_correctness,0,ckpt_s4096_e4096,benchmark,65536,4096,4096,1,0,True,11272.01,1169.33,1169.33,1169.33,7.733
2026-05-13T18:13:46.266011+00:00,gpu0_correctness,0,ckpt_s8192_e4096,correctness,2048,8192,4096,1,0,True,,,,,8.042
2026-05-13T18:13:54.308476+00:00,gpu0_correctness,0,ckpt_s8192_e4096,correctness,8192,8192,4096,1,0,True,,,,,7.668
2026-05-13T18:14:01.977037+00:00,gpu0_correctness,0,ckpt_s8192_e4096,benchmark,8192,8192,4096,1,0,True,4092.77,231.88,231.88,231.88,6.870
2026-05-13T18:14:01.977037+00:00,gpu0_correctness,0,ckpt_s8192_e4096,benchmark,32768,8192,4096,1,0,True,6894.87,536.3,536.3,536.3,6.870
2026-05-13T18:14:08.847207+00:00,gpu0_correctness,0,ckpt_s8192_e4096,benchmark,65536,8192,4096,1,0,True,11272.01,1158.06,1158.06,1158.06,7.721
2026-05-13T18:14:16.568215+00:00,gpu0_correctness,0,ckpt_s16384_e4096,correctness,2048,16384,4096,1,0,True,,,,,7.740
2026-05-13T18:14:24.308423+00:00,gpu0_correctness,0,ckpt_s16384_e4096,correctness,8192,16384,4096,1,0,True,,,,,7.658
2026-05-13T18:14:31.966290+00:00,gpu0_correctness,0,ckpt_s16384_e4096,benchmark,8192,16384,4096,1,0,True,4092.77,212.77,212.77,212.77,7.196
2026-05-13T18:14:31.966290+00:00,gpu0_correctness,0,ckpt_s16384_e4096,benchmark,32768,16384,4096,1,0,True,6894.87,534.99,534.99,534.99,7.196
2026-05-13T18:14:39.162647+00:00,gpu0_correctness,0,ckpt_s16384_e4096,benchmark,65536,16384,4096,1,0,True,11272.01,1153.44,1153.44,1153.44,7.688
2026-05-13T18:14:46.850953+00:00,gpu0_correctness,0,ckpt_s8192_e8192,correctness,2048,8192,8192,1,0,True,,,,,7.989
2026-05-13T18:14:54.840584+00:00,gpu0_correctness,0,ckpt_s8192_e8192,correctness,8192,8192,8192,1,0,True,,,,,7.377
2026-05-13T18:15:02.218250+00:00,gpu0_correctness,0,ckpt_s8192_e8192,benchmark,8192,8192,8192,1,0,True,4012.63,83.58,83.58,83.58,6.891
2026-05-13T18:15:02.218250+00:00,gpu0_correctness,0,ckpt_s8192_e8192,benchmark,32768,8192,8192,1,0,True,6814.85,351.38,351.38,351.38,6.891
2026-05-13T18:15:09.109735+00:00,gpu0_correctness,0,ckpt_s8192_e8192,benchmark,65536,8192,8192,1,0,True,11272.01,749.75,749.75,749.75,7.047
2026-05-13T18:15:16.157757+00:00,gpu0_correctness,0,nocp_s2048_e2048,correctness,2048,2048,2048,0,0,True,,,,,6.756
2026-05-13T18:15:22.913994+00:00,gpu0_correctness,0,nocp_s2048_e2048,correctness,8192,2048,2048,0,0,True,,,,,6.721
2026-05-13T18:15:29.635656+00:00,gpu0_correctness,0,nocp_s2048_e2048,benchmark,8192,2048,2048,0,0,True,4526.78,202.8,202.8,202.8,7.418
2026-05-13T18:15:29.635656+00:00,gpu0_correctness,0,nocp_s2048_e2048,benchmark,32768,2048,2048,0,0,True,9474.38,893.03,893.03,893.03,7.418
2026-05-13T18:15:37.054046+00:00,gpu0_correctness,0,nocp_s2048_e2048,benchmark,65536,2048,2048,0,0,True,17708.01,1963.72,1963.72,1963.72,8.649
2026-05-13T18:15:45.703994+00:00,gpu0_correctness,0,nocp_s4096_e2048,correctness,2048,4096,2048,0,0,True,,,,,7.019
2026-05-13T18:15:52.723374+00:00,gpu0_correctness,0,nocp_s4096_e2048,correctness,8192,4096,2048,0,0,True,,,,,6.896
2026-05-13T18:15:59.620015+00:00,gpu0_correctness,0,nocp_s4096_e2048,benchmark,8192,4096,2048,0,0,True,4527.66,202.08,202.08,202.08,7.517
2026-05-13T18:15:59.620015+00:00,gpu0_correctness,0,nocp_s4096_e2048,benchmark,32768,4096,2048,0,0,True,9473.26,884.86,884.86,884.86,7.517
2026-05-13T18:16:07.137346+00:00,gpu0_correctness,0,nocp_s4096_e2048,benchmark,65536,4096,2048,0,0,True,17708.01,1934.91,1934.91,1934.91,8.272
2026-05-13T18:16:15.409626+00:00,gpu0_correctness,0,nocp_s4096_e4096,correctness,2048,4096,4096,0,0,True,,,,,6.353
2026-05-13T18:16:21.762626+00:00,gpu0_correctness,0,nocp_s4096_e4096,correctness,8192,4096,4096,0,0,True,,,,,7.091
2026-05-13T18:16:28.854129+00:00,gpu0_correctness,0,nocp_s4096_e4096,benchmark,8192,4096,4096,0,0,True,4428.77,118.82,118.82,118.82,6.246
2026-05-13T18:16:28.854129+00:00,gpu0_correctness,0,nocp_s4096_e4096,benchmark,32768,4096,4096,0,0,True,9328.38,527.91,527.91,527.91,6.246
2026-05-13T18:16:35.100160+00:00,gpu0_correctness,0,nocp_s4096_e4096,benchmark,65536,4096,4096,0,0,True,17416.01,1122.71,1122.71,1122.71,6.626
2026-05-13T18:16:41.726299+00:00,gpu0_correctness,0,nocp_s8192_e4096,correctness,2048,8192,4096,0,0,True,,,,,6.451
2026-05-13T18:16:48.177879+00:00,gpu0_correctness,0,nocp_s8192_e4096,correctness,8192,8192,4096,0,0,True,,,,,6.824
2026-05-13T18:16:55.002075+00:00,gpu0_correctness,0,nocp_s8192_e4096,benchmark,8192,8192,4096,0,0,True,4428.77,117.25,117.25,117.25,6.996
2026-05-13T18:16:55.002075+00:00,gpu0_correctness,0,nocp_s8192_e4096,benchmark,32768,8192,4096,0,0,True,9328.38,541.44,541.44,541.44,6.996
2026-05-13T18:17:01.998230+00:00,gpu0_correctness,0,nocp_s8192_e4096,benchmark,65536,8192,4096,0,0,True,17416.01,1108.77,1108.77,1108.77,6.704
2026-05-13T18:17:08.702550+00:00,gpu0_correctness,0,nocp_s8192_e8192,correctness,2048,8192,8192,0,0,True,,,,,6.490
2026-05-13T18:17:15.192908+00:00,gpu0_correctness,0,nocp_s8192_e8192,correctness,8192,8192,8192,0,0,True,,,,,6.510
2026-05-13T18:17:21.703348+00:00,gpu0_correctness,0,nocp_s8192_e8192,benchmark,8192,8192,8192,0,0,True,4300.63,75.67,75.67,75.67,6.468
2026-05-13T18:17:21.703348+00:00,gpu0_correctness,0,nocp_s8192_e8192,benchmark,32768,8192,8192,0,0,True,9328.38,327.4,327.4,327.4,6.468
2026-05-13T18:17:28.171976+00:00,gpu0_correctness,0,nocp_s8192_e8192,benchmark,65536,8192,8192,0,0,True,17416.01,700.95,700.95,700.95,6.274
2026-05-13T18:17:34.446031+00:00,gpu0_correctness,0,ckpt_s1024_e1024,correctness,2048,1024,1024,1,0,True,,,,,7.162
2026-05-13T18:17:41.607958+00:00,gpu0_correctness,0,ckpt_s1024_e1024,correctness,8192,1024,1024,1,0,True,,,,,7.247
2026-05-13T18:17:48.855045+00:00,gpu0_correctness,0,ckpt_s1024_e1024,benchmark,8192,1024,1024,1,0,True,4152.79,398.17,398.17,398.17,10.432
2026-05-13T18:17:48.855045+00:00,gpu0_correctness,0,ckpt_s1024_e1024,benchmark,32768,1024,1024,1,0,True,6954.88,1752.56,1752.56,1752.56,10.432
2026-05-13T18:17:59.287261+00:00,gpu0_correctness,0,ckpt_s1024_e1024,benchmark,65536,1024,1024,1,0,True,11272.01,3892.35,3892.35,3892.35,12.606
2026-05-13T18:18:11.893540+00:00,gpu0_correctness,0,ckpt_s2048_e1024,correctness,2048,2048,1024,1,0,True,,,,,7.565
2026-05-13T18:18:19.458981+00:00,gpu0_correctness,0,ckpt_s2048_e1024,correctness,8192,2048,1024,1,0,True,,,,,7.374
2026-05-13T18:18:26.833230+00:00,gpu0_correctness,0,ckpt_s2048_e1024,benchmark,8192,2048,1024,1,0,True,4153.66,400.31,400.31,400.31,10.352
2026-05-13T18:18:26.833230+00:00,gpu0_correctness,0,ckpt_s2048_e1024,benchmark,32768,2048,1024,1,0,True,6955.75,1724.76,1724.76,1724.76,10.352
2026-05-13T18:18:37.185585+00:00,gpu0_correctness,0,ckpt_s2048_e1024,benchmark,65536,2048,1024,1,0,True,11272.51,3779.43,3779.43,3779.43,12.638
2026-05-13T18:18:49.824469+00:00,gpu0_correctness,0,ckpt_s4096_e1024,correctness,2048,4096,1024,1,0,True,,,,,8.123
2026-05-13T18:18:57.948119+00:00,gpu0_correctness,0,ckpt_s4096_e1024,correctness,8192,4096,1024,1,0,True,,,,,7.543
2026-05-13T18:19:05.491457+00:00,gpu0_correctness,0,ckpt_s4096_e1024,benchmark,8192,4096,1024,1,0,True,4153.16,403.53,403.53,403.53,10.390
2026-05-13T18:19:05.491457+00:00,gpu0_correctness,0,ckpt_s4096_e1024,benchmark,32768,4096,1024,1,0,True,6955.25,1752.1,1752.1,1752.1,10.390
2026-05-13T18:19:15.881648+00:00,gpu0_correctness,0,ckpt_s4096_e1024,benchmark,65536,4096,1024,1,0,True,11272.51,3875.19,3875.19,3875.19,12.906
2026-05-13T18:19:28.787664+00:00,gpu0_correctness,0,ckpt_s2048_e2048,correctness,2048,2048,2048,1,0,True,,,,,7.013
2026-05-13T18:19:35.800734+00:00,gpu0_correctness,0,ckpt_s2048_e2048,correctness,8192,2048,2048,1,0,True,,,,,7.213
2026-05-13T18:19:43.014397+00:00,gpu0_correctness,0,ckpt_s2048_e2048,benchmark,8192,2048,2048,1,0,True,4133.78,213.83,213.83,213.83,7.971
2026-05-13T18:19:43.014397+00:00,gpu0_correctness,0,ckpt_s2048_e2048,benchmark,32768,2048,2048,1,0,True,6934.88,935.98,935.98,935.98,7.971
2026-05-13T18:19:50.985704+00:00,gpu0_correctness,0,ckpt_s2048_e2048,benchmark,65536,2048,2048,1,0,True,11272.01,2053.43,2053.43,2053.43,9.281
2026-05-13T18:20:00.267430+00:00,gpu0_correctness,0,ckpt_s4096_e2048,correctness,2048,4096,2048,1,0,True,,,,,7.509
2026-05-13T18:20:07.776428+00:00,gpu0_correctness,0,ckpt_s4096_e2048,correctness,8192,4096,2048,1,0,True,,,,,7.349
2026-05-13T18:20:15.125540+00:00,gpu0_correctness,0,ckpt_s4096_e2048,benchmark,8192,4096,2048,1,0,True,4132.78,221.29,221.29,221.29,8.605
2026-05-13T18:20:15.125540+00:00,gpu0_correctness,0,ckpt_s4096_e2048,benchmark,32768,4096,2048,1,0,True,6934.88,939.67,939.67,939.67,8.605
2026-05-13T18:20:23.730664+00:00,gpu0_correctness,0,ckpt_s4096_e2048,benchmark,65536,4096,2048,1,0,True,11272.01,2019.74,2019.74,2019.74,8.903
2026-05-13T18:20:32.634153+00:00,gpu0_correctness,0,ckpt_s8192_e2048,correctness,2048,8192,2048,1,0,True,,,,,7.854
2026-05-13T18:20:40.489035+00:00,gpu0_correctness,0,ckpt_s8192_e2048,correctness,8192,8192,2048,1,0,True,,,,,7.347
2026-05-13T18:20:47.836396+00:00,gpu0_correctness,0,ckpt_s8192_e2048,benchmark,8192,8192,2048,1,0,True,4132.78,212.52,212.52,212.52,8.232
2026-05-13T18:20:47.836396+00:00,gpu0_correctness,0,ckpt_s8192_e2048,benchmark,32768,8192,2048,1,0,True,6934.88,957.7,957.7,957.7,8.232
2026-05-13T18:20:56.068272+00:00,gpu0_correctness,0,ckpt_s8192_e2048,benchmark,65536,8192,2048,1,0,True,11272.01,2040.34,2040.34,2040.34,9.176
2026-05-13T18:21:05.244433+00:00,gpu0_correctness,0,ckpt_s4096_e4096,correctness,2048,4096,4096,1,0,True,,,,,7.711
2026-05-13T18:21:12.955755+00:00,gpu0_correctness,0,ckpt_s4096_e4096,correctness,8192,4096,4096,1,0,True,,,,,7.326
2026-05-13T18:21:20.281614+00:00,gpu0_correctness,0,ckpt_s4096_e4096,benchmark,8192,4096,4096,1,0,True,4092.77,126.93,126.93,126.93,7.162
2026-05-13T18:21:20.281614+00:00,gpu0_correctness,0,ckpt_s4096_e4096,benchmark,32768,4096,4096,1,0,True,6894.87,547.01,547.01,547.01,7.162
2026-05-13T18:21:27.443733+00:00,gpu0_correctness,0,ckpt_s4096_e4096,benchmark,65536,4096,4096,1,0,True,11272.01,1173.36,1173.36,1173.36,7.833
2026-05-13T18:21:35.276736+00:00,gpu0_correctness,0,ckpt_s8192_e4096,correctness,2048,8192,4096,1,0,True,,,,,7.249
2026-05-13T18:21:42.525627+00:00,gpu0_correctness,0,ckpt_s8192_e4096,correctness,8192,8192,4096,1,0,True,,,,,7.491
2026-05-13T18:21:50.017115+00:00,gpu0_correctness,0,ckpt_s8192_e4096,benchmark,8192,8192,4096,1,0,True,4092.77,235.83,235.83,235.83,7.330
2026-05-13T18:21:50.017115+00:00,gpu0_correctness,0,ckpt_s8192_e4096,benchmark,32768,8192,4096,1,0,True,6894.87,545.17,545.17,545.17,7.330
2026-05-13T18:21:57.347146+00:00,gpu0_correctness,0,ckpt_s8192_e4096,benchmark,65536,8192,4096,1,0,True,11272.01,1166.88,1166.88,1166.88,7.831
2026-05-13T18:22:05.178262+00:00,gpu0_correctness,0,ckpt_s16384_e4096,correctness,2048,16384,4096,1,0,True,,,,,6.993
2026-05-13T18:22:12.171927+00:00,gpu0_correctness,0,ckpt_s16384_e4096,correctness,8192,16384,4096,1,0,True,,,,,7.327
2026-05-13T18:22:19.498740+00:00,gpu0_correctness,0,ckpt_s16384_e4096,benchmark,8192,16384,4096,1,0,True,4092.77,262.58,262.58,262.58,7.469
2026-05-13T18:22:19.498740+00:00,gpu0_correctness,0,ckpt_s16384_e4096,benchmark,32768,16384,4096,1,0,True,6894.87,534.49,534.49,534.49,7.469
2026-05-13T18:22:26.968219+00:00,gpu0_correctness,0,ckpt_s16384_e4096,benchmark,65536,16384,4096,1,0,True,11272.01,1147.12,1147.12,1147.12,7.716
2026-05-13T18:22:34.684949+00:00,gpu0_correctness,0,ckpt_s8192_e8192,correctness,2048,8192,8192,1,0,True,,,,,6.996
2026-05-13T18:22:41.681565+00:00,gpu0_correctness,0,ckpt_s8192_e8192,correctness,8192,8192,8192,1,0,True,,,,,8.166
2026-05-13T18:22:49.848197+00:00,gpu0_correctness,0,ckpt_s8192_e8192,benchmark,8192,8192,8192,1,0,True,4012.63,87.12,87.12,87.12,6.605
2026-05-13T18:22:49.848197+00:00,gpu0_correctness,0,ckpt_s8192_e8192,benchmark,32768,8192,8192,1,0,True,6814.85,351.76,351.76,351.76,6.605
2026-05-13T18:22:56.453448+00:00,gpu0_correctness,0,ckpt_s8192_e8192,benchmark,65536,8192,8192,1,0,True,11272.01,748.76,748.76,748.76,6.418
2026-05-13T18:23:02.871930+00:00,gpu0_correctness,0,nocp_s2048_e2048,correctness,2048,2048,2048,0,0,True,,,,,6.513
2026-05-13T18:23:09.385244+00:00,gpu0_correctness,0,nocp_s2048_e2048,correctness,8192,2048,2048,0,0,True,,,,,6.661
2026-05-13T18:23:16.046391+00:00,gpu0_correctness,0,nocp_s2048_e2048,benchmark,8192,2048,2048,0,0,True,4526.78,205.37,205.37,205.37,7.227
2026-05-13T18:23:16.046391+00:00,gpu0_correctness,0,nocp_s2048_e2048,benchmark,32768,2048,2048,0,0,True,9474.38,894.66,894.66,894.66,7.227
2026-05-13T18:23:23.273792+00:00,gpu0_correctness,0,nocp_s2048_e2048,benchmark,65536,2048,2048,0,0,True,17708.01,1965.1,1965.1,1965.1,9.128
2026-05-13T18:23:32.402258+00:00,gpu0_correctness,0,nocp_s4096_e2048,correctness,2048,4096,2048,0,0,True,,,,,6.533
2026-05-13T18:23:38.935138+00:00,gpu0_correctness,0,nocp_s4096_e2048,correctness,8192,4096,2048,0,0,True,,,,,6.675
2026-05-13T18:23:45.610014+00:00,gpu0_correctness,0,nocp_s4096_e2048,benchmark,8192,4096,2048,0,0,True,4527.66,205.67,205.67,205.67,7.757
2026-05-13T18:23:45.610014+00:00,gpu0_correctness,0,nocp_s4096_e2048,benchmark,32768,4096,2048,0,0,True,9473.26,884.88,884.88,884.88,7.757
2026-05-13T18:23:53.367025+00:00,gpu0_correctness,0,nocp_s4096_e2048,benchmark,65536,4096,2048,0,0,True,17708.01,1937.96,1937.96,1937.96,8.146
2026-05-13T18:24:01.513615+00:00,gpu0_correctness,0,nocp_s4096_e4096,correctness,2048,4096,4096,0,0,True,,,,,6.146
2026-05-13T18:24:07.659851+00:00,gpu0_correctness,0,nocp_s4096_e4096,correctness,8192,4096,4096,0,0,True,,,,,6.117
2026-05-13T18:24:13.776879+00:00,gpu0_correctness,0,nocp_s4096_e4096,benchmark,8192,4096,4096,0,0,True,4428.77,118.17,118.17,118.17,6.421
2026-05-13T18:24:13.776879+00:00,gpu0_correctness,0,nocp_s4096_e4096,benchmark,32768,4096,4096,0,0,True,9328.38,515.58,515.58,515.58,6.421
2026-05-13T18:24:20.197991+00:00,gpu0_correctness,0,nocp_s4096_e4096,benchmark,65536,4096,4096,0,0,True,17416.01,1122.54,1122.54,1122.54,6.829
2026-05-13T18:24:27.027081+00:00,gpu0_correctness,0,nocp_s8192_e4096,correctness,2048,8192,4096,0,0,True,,,,,7.460
2026-05-13T18:24:34.487052+00:00,gpu0_correctness,0,nocp_s8192_e4096,correctness,8192,8192,4096,0,0,True,,,,,6.692
2026-05-13T18:24:41.179499+00:00,gpu0_correctness,0,nocp_s8192_e4096,benchmark,8192,8192,4096,0,0,True,4428.77,119.05,119.05,119.05,6.546
2026-05-13T18:24:41.179499+00:00,gpu0_correctness,0,nocp_s8192_e4096,benchmark,32768,8192,4096,0,0,True,9328.38,512.01,512.01,512.01,6.546
2026-05-13T18:24:47.725804+00:00,gpu0_correctness,0,nocp_s8192_e4096,benchmark,65536,8192,4096,0,0,True,17416.01,1109.0,1109.0,1109.0,6.877
2026-05-13T18:24:54.602904+00:00,gpu0_correctness,0,nocp_s8192_e8192,correctness,2048,8192,8192,0,0,True,,,,,6.920
2026-05-13T18:25:01.523054+00:00,gpu0_correctness,0,nocp_s8192_e8192,correctness,8192,8192,8192,0,0,True,,,,,6.796
2026-05-13T18:25:08.319696+00:00,gpu0_correctness,0,nocp_s8192_e8192,benchmark,8192,8192,8192,0,0,True,4300.63,76.23,76.23,76.23,6.015
2026-05-13T18:25:08.319696+00:00,gpu0_correctness,0,nocp_s8192_e8192,benchmark,32768,8192,8192,0,0,True,9328.38,326.88,326.88,326.88,6.015
2026-05-13T18:25:14.335161+00:00,gpu0_correctness,0,nocp_s8192_e8192,benchmark,65536,8192,8192,0,0,True,17416.01,700.93,700.93,700.93,6.008
2026-05-13T18:25:20.343220+00:00,gpu0_correctness,0,ckpt_s1024_e1024,correctness,2048,1024,1024,1,0,True,,,,,7.702
2026-05-13T18:25:28.045071+00:00,gpu0_correctness,0,ckpt_s1024_e1024,correctness,8192,1024,1024,1,0,True,,,,,7.117
2026-05-13T18:25:35.162753+00:00,gpu0_correctness,0,ckpt_s1024_e1024,benchmark,8192,1024,1024,1,0,True,4152.79,404.54,404.54,404.54,10.157
2026-05-13T18:25:35.162753+00:00,gpu0_correctness,0,ckpt_s1024_e1024,benchmark,32768,1024,1024,1,0,True,6954.88,1775.17,1775.17,1775.17,10.157
2026-05-13T18:25:45.320213+00:00,gpu0_correctness,0,ckpt_s1024_e1024,benchmark,65536,1024,1024,1,0,True,11272.01,3839.41,3839.41,3839.41,12.742
2026-05-13T18:25:58.062943+00:00,gpu0_correctness,0,ckpt_s2048_e1024,correctness,2048,2048,1024,1,0,True,,,,,7.474
2026-05-13T18:26:05.537674+00:00,gpu0_correctness,0,ckpt_s2048_e1024,correctness,8192,2048,1024,1,0,True,,,,,7.725
2026-05-13T18:26:13.262861+00:00,gpu0_correctness,0,ckpt_s2048_e1024,benchmark,8192,2048,1024,1,0,True,4153.66,404.37,404.37,404.37,10.228
2026-05-13T18:26:13.262861+00:00,gpu0_correctness,0,ckpt_s2048_e1024,benchmark,32768,2048,1024,1,0,True,6955.75,1727.91,1727.91,1727.91,10.228
2026-05-13T18:26:23.490783+00:00,gpu0_correctness,0,ckpt_s2048_e1024,benchmark,65536,2048,1024,1,0,True,11272.51,3907.36,3907.36,3907.36,13.283
2026-05-13T18:26:36.774211+00:00,gpu0_correctness,0,ckpt_s4096_e1024,correctness,2048,4096,1024,1,0,True,,,,,7.807
2026-05-13T18:26:44.581488+00:00,gpu0_correctness,0,ckpt_s4096_e1024,correctness,8192,4096,1024,1,0,True,,,,,7.651
2026-05-13T18:26:52.232367+00:00,gpu0_correctness,0,ckpt_s4096_e1024,benchmark,8192,4096,1024,1,0,True,4153.16,400.79,400.79,400.79,9.805
2026-05-13T18:26:52.232367+00:00,gpu0_correctness,0,ckpt_s4096_e1024,benchmark,32768,4096,1024,1,0,True,6955.25,1786.64,1786.64,1786.64,9.805
2026-05-13T18:27:02.037488+00:00,gpu0_correctness,0,ckpt_s4096_e1024,benchmark,65536,4096,1024,1,0,True,11272.51,3756.25,3756.25,3756.25,12.905
2026-05-13T18:27:14.942955+00:00,gpu0_correctness,0,ckpt_s2048_e2048,correctness,2048,2048,2048,1,0,True,,,,,7.520
2026-05-13T18:27:22.463499+00:00,gpu0_correctness,0,ckpt_s2048_e2048,correctness,8192,2048,2048,1,0,True,,,,,7.643
2026-05-13T18:27:30.106758+00:00,gpu0_correctness,0,ckpt_s2048_e2048,benchmark,8192,2048,2048,1,0,True,4133.78,218.64,218.64,218.64,8.149
2026-05-13T18:27:30.106758+00:00,gpu0_correctness,0,ckpt_s2048_e2048,benchmark,32768,2048,2048,1,0,True,6934.88,949.12,949.12,949.12,8.149
2026-05-13T18:27:38.256249+00:00,gpu0_correctness,0,ckpt_s2048_e2048,benchmark,65536,2048,2048,1,0,True,11272.01,2046.99,2046.99,2046.99,9.364
2026-05-13T18:27:47.620908+00:00,gpu0_correctness,0,ckpt_s4096_e2048,correctness,2048,4096,2048,1,0,True,,,,,7.449
2026-05-13T18:27:55.070682+00:00,gpu0_correctness,0,ckpt_s4096_e2048,correctness,8192,4096,2048,1,0,True,,,,,7.520
2026-05-13T18:28:02.590719+00:00,gpu0_correctness,0,ckpt_s4096_e2048,benchmark,8192,4096,2048,1,0,True,4132.78,216.67,216.67,216.67,8.574
2026-05-13T18:28:02.590719+00:00,gpu0_correctness,0,ckpt_s4096_e2048,benchmark,32768,4096,2048,1,0,True,6934.88,942.85,942.85,942.85,8.574
2026-05-13T18:28:11.165366+00:00,gpu0_correctness,0,ckpt_s4096_e2048,benchmark,65536,4096,2048,1,0,True,11272.01,2024.12,2024.12,2024.12,9.427
2026-05-13T18:28:20.592844+00:00,gpu0_correctness,0,ckpt_s8192_e2048,correctness,2048,8192,2048,1,0,True,,,,,7.287
2026-05-13T18:28:27.880615+00:00,gpu0_correctness,0,ckpt_s8192_e2048,correctness,8192,8192,2048,1,0,True,,,,,7.986
2026-05-13T18:28:35.867081+00:00,gpu0_correctness,0,ckpt_s8192_e2048,benchmark,8192,8192,2048,1,0,True,4132.78,213.37,213.37,213.37,7.854
2026-05-13T18:28:35.867081+00:00,gpu0_correctness,0,ckpt_s8192_e2048,benchmark,32768,8192,2048,1,0,True,6934.88,924.1,924.1,924.1,7.854
2026-05-13T18:28:43.721701+00:00,gpu0_correctness,0,ckpt_s8192_e2048,benchmark,65536,8192,2048,1,0,True,11272.01,2019.61,2019.61,2019.61,9.205
2026-05-13T18:28:52.926931+00:00,gpu0_correctness,0,ckpt_s4096_e4096,correctness,2048,4096,4096,1,0,True,,,,,7.490
2026-05-13T18:29:00.417120+00:00,gpu0_correctness,0,ckpt_s4096_e4096,correctness,8192,4096,4096,1,0,True,,,,,7.615
2026-05-13T18:29:08.032278+00:00,gpu0_correctness,0,ckpt_s4096_e4096,benchmark,8192,4096,4096,1,0,True,4092.77,127.2,127.2,127.2,7.664
2026-05-13T18:29:08.032278+00:00,gpu0_correctness,0,ckpt_s4096_e4096,benchmark,32768,4096,4096,1,0,True,6894.87,540.19,540.19,540.19,7.664
2026-05-13T18:29:15.696525+00:00,gpu0_correctness,0,ckpt_s4096_e4096,benchmark,65536,4096,4096,1,0,True,11272.01,1192.69,1192.69,1192.69,7.960
2026-05-13T18:29:23.656793+00:00,gpu0_correctness,0,ckpt_s8192_e4096,correctness,2048,8192,4096,1,0,True,,,,,7.497
2026-05-13T18:29:31.153999+00:00,gpu0_correctness,0,ckpt_s8192_e4096,correctness,8192,8192,4096,1,0,True,,,,,8.605
2026-05-13T18:29:39.759780+00:00,gpu0_correctness,0,ckpt_s8192_e4096,benchmark,8192,8192,4096,1,0,True,4092.77,266.43,266.43,266.43,7.471
2026-05-13T18:29:39.759780+00:00,gpu0_correctness,0,ckpt_s8192_e4096,benchmark,32768,8192,4096,1,0,True,6894.87,538.87,538.87,538.87,7.471
2026-05-13T18:29:47.230688+00:00,gpu0_correctness,0,ckpt_s8192_e4096,benchmark,65536,8192,4096,1,0,True,11272.01,1178.88,1178.88,1178.88,7.500
2026-05-13T18:29:54.731548+00:00,gpu0_correctness,0,ckpt_s16384_e4096,correctness,2048,16384,4096,1,0,True,,,,,7.315
2026-05-13T18:30:02.047172+00:00,gpu0_correctness,0,ckpt_s16384_e4096,correctness,8192,16384,4096,1,0,True,,,,,7.719
2026-05-13T18:30:09.767061+00:00,gpu0_correctness,0,ckpt_s16384_e4096,benchmark,8192,16384,4096,1,0,True,4092.77,249.07,249.07,249.07,7.207
2026-05-13T18:30:09.767061+00:00,gpu0_correctness,0,ckpt_s16384_e4096,benchmark,32768,16384,4096,1,0,True,6894.87,535.08,535.08,535.08,7.207
2026-05-13T18:30:16.973936+00:00,gpu0_correctness,0,ckpt_s16384_e4096,benchmark,65536,16384,4096,1,0,True,11272.01,1147.61,1147.61,1147.61,7.939
2026-05-13T18:30:24.913787+00:00,gpu0_correctness,0,ckpt_s8192_e8192,correctness,2048,8192,8192,1,0,True,,,,,7.519
2026-05-13T18:30:32.433693+00:00,gpu0_correctness,0,ckpt_s8192_e8192,correctness,8192,8192,8192,1,0,True,,,,,7.953
2026-05-13T18:30:40.387033+00:00,gpu0_correctness,0,ckpt_s8192_e8192,benchmark,8192,8192,8192,1,0,True,4012.63,83.68,83.68,83.68,6.641
2026-05-13T18:30:40.387033+00:00,gpu0_correctness,0,ckpt_s8192_e8192,benchmark,32768,8192,8192,1,0,True,6814.85,350.83,350.83,350.83,6.641
2026-05-13T18:30:47.028455+00:00,gpu0_correctness,0,ckpt_s8192_e8192,benchmark,65536,8192,8192,1,0,True,11272.01,747.96,747.96,747.96,6.590
2026-05-13T18:30:53.618712+00:00,gpu0_correctness,0,nocp_s2048_e2048,correctness,2048,2048,2048,0,0,True,,,,,6.768
2026-05-13T18:31:00.386936+00:00,gpu0_correctness,0,nocp_s2048_e2048,correctness,8192,2048,2048,0,0,True,,,,,7.109
2026-05-13T18:31:07.496365+00:00,gpu0_correctness,0,nocp_s2048_e2048,benchmark,8192,2048,2048,0,0,True,4526.78,204.4,204.4,204.4,7.159
2026-05-13T18:31:07.496365+00:00,gpu0_correctness,0,nocp_s2048_e2048,benchmark,32768,2048,2048,0,0,True,9474.38,893.18,893.18,893.18,7.159
2026-05-13T18:31:14.655696+00:00,gpu0_correctness,0,nocp_s2048_e2048,benchmark,65536,2048,2048,0,0,True,17708.01,1964.16,1964.16,1964.16,8.560
2026-05-13T18:31:23.216370+00:00,gpu0_correctness,0,nocp_s4096_e2048,correctness,2048,4096,2048,0,0,True,,,,,6.780
2026-05-13T18:31:29.996529+00:00,gpu0_correctness,0,nocp_s4096_e2048,correctness,8192,4096,2048,0,0,True,,,,,6.885
2026-05-13T18:31:36.881653+00:00,gpu0_correctness,0,nocp_s4096_e2048,benchmark,8192,4096,2048,0,0,True,4527.66,202.2,202.2,202.2,7.390
2026-05-13T18:31:36.881653+00:00,gpu0_correctness,0,nocp_s4096_e2048,benchmark,32768,4096,2048,0,0,True,9473.26,889.95,889.95,889.95,7.390
2026-05-13T18:31:44.271667+00:00,gpu0_correctness,0,nocp_s4096_e2048,benchmark,65536,4096,2048,0,0,True,17708.01,1935.17,1935.17,1935.17,8.614
2026-05-13T18:31:52.886528+00:00,gpu0_correctness,0,nocp_s4096_e4096,correctness,2048,4096,4096,0,0,True,,,,,6.762
2026-05-13T18:31:59.648292+00:00,gpu0_correctness,0,nocp_s4096_e4096,correctness,8192,4096,4096,0,0,True,,,,,6.861
2026-05-13T18:32:06.509365+00:00,gpu0_correctness,0,nocp_s4096_e4096,benchmark,8192,4096,4096,0,0,True,4428.77,123.04,123.04,123.04,6.147
2026-05-13T18:32:06.509365+00:00,gpu0_correctness,0,nocp_s4096_e4096,benchmark,32768,4096,4096,0,0,True,9328.38,515.67,515.67,515.67,6.147
2026-05-13T18:32:12.656378+00:00,gpu0_correctness,0,nocp_s4096_e4096,benchmark,65536,4096,4096,0,0,True,17416.01,1122.54,1122.54,1122.54,6.470
2026-05-13T18:32:19.126790+00:00,gpu0_correctness,0,nocp_s8192_e4096,correctness,2048,8192,4096,0,0,True,,,,,6.315
2026-05-13T18:32:25.442193+00:00,gpu0_correctness,0,nocp_s8192_e4096,correctness,8192,8192,4096,0,0,True,,,,,6.752
2026-05-13T18:32:32.194269+00:00,gpu0_correctness,0,nocp_s8192_e4096,benchmark,8192,8192,4096,0,0,True,4428.77,120.02,120.02,120.02,6.919
2026-05-13T18:32:32.194269+00:00,gpu0_correctness,0,nocp_s8192_e4096,benchmark,32768,8192,4096,0,0,True,9328.38,513.04,513.04,513.04,6.919
2026-05-13T18:32:39.113330+00:00,gpu0_correctness,0,nocp_s8192_e4096,benchmark,65536,8192,4096,0,0,True,17416.01,1109.27,1109.27,1109.27,6.481
2026-05-13T18:32:45.595117+00:00,gpu0_correctness,0,nocp_s8192_e8192,correctness,2048,8192,8192,0,0,True,,,,,6.138
2026-05-13T18:32:51.733046+00:00,gpu0_correctness,0,nocp_s8192_e8192,correctness,8192,8192,8192,0,0,True,,,,,6.607
2026-05-13T18:32:58.340860+00:00,gpu0_correctness,0,nocp_s8192_e8192,benchmark,8192,8192,8192,0,0,True,4300.63,76.3,76.3,76.3,5.989
2026-05-13T18:32:58.340860+00:00,gpu0_correctness,0,nocp_s8192_e8192,benchmark,32768,8192,8192,0,0,True,9328.38,326.93,326.93,326.93,5.989
2026-05-13T18:33:04.329991+00:00,gpu0_correctness,0,nocp_s8192_e8192,benchmark,65536,8192,8192,0,0,True,17416.01,701.14,701.14,701.14,6.069
2026-05-13T18:33:10.399727+00:00,gpu0_correctness,0,ckpt_s1024_e1024,correctness,2048,1024,1024,1,0,True,,,,,7.678
2026-05-13T18:33:18.078233+00:00,gpu0_correctness,0,ckpt_s1024_e1024,correctness,8192,1024,1024,1,0,True,,,,,7.131
2026-05-13T18:33:25.209271+00:00,gpu0_correctness,0,ckpt_s1024_e1024,benchmark,8192,1024,1024,1,0,True,4152.79,405.6,405.6,405.6,10.151
2026-05-13T18:33:25.209271+00:00,gpu0_correctness,0,ckpt_s1024_e1024,benchmark,32768,1024,1024,1,0,True,6954.88,1742.16,1742.16,1742.16,10.151
2026-05-13T18:33:35.360433+00:00,gpu0_correctness,0,ckpt_s1024_e1024,benchmark,65536,1024,1024,1,0,True,11272.01,3890.23,3890.23,3890.23,13.145
2026-05-13T18:33:48.505742+00:00,gpu0_correctness,0,ckpt_s2048_e1024,correctness,2048,2048,1024,1,0,True,,,,,7.035
2026-05-13T18:33:55.541084+00:00,gpu0_correctness,0,ckpt_s2048_e1024,correctness,8192,2048,1024,1,0,True,,,,,7.960
2026-05-13T18:34:03.501347+00:00,gpu0_correctness,0,ckpt_s2048_e1024,benchmark,8192,2048,1024,1,0,True,4153.66,396.43,396.43,396.43,10.458
2026-05-13T18:34:03.501347+00:00,gpu0_correctness,0,ckpt_s2048_e1024,benchmark,32768,2048,1024,1,0,True,6955.75,1785.19,1785.19,1785.19,10.458
2026-05-13T18:34:13.959875+00:00,gpu0_correctness,0,ckpt_s2048_e1024,benchmark,65536,2048,1024,1,0,True,11272.51,3835.46,3835.46,3835.46,12.678
2026-05-13T18:34:26.638326+00:00,gpu0_correctness,0,ckpt_s4096_e1024,correctness,2048,4096,1024,1,0,True,,,,,7.043
2026-05-13T18:34:33.681485+00:00,gpu0_correctness,0,ckpt_s4096_e1024,correctness,8192,4096,1024,1,0,True,,,,,7.528
2026-05-13T18:34:41.209938+00:00,gpu0_correctness,0,ckpt_s4096_e1024,benchmark,8192,4096,1024,1,0,True,4153.16,403.33,403.33,403.33,10.422
2026-05-13T18:34:41.209938+00:00,gpu0_correctness,0,ckpt_s4096_e1024,benchmark,32768,4096,1024,1,0,True,6955.25,1722.31,1722.31,1722.31,10.422
2026-05-13T18:34:51.632393+00:00,gpu0_correctness,0,ckpt_s4096_e1024,benchmark,65536,4096,1024,1,0,True,11272.51,3757.76,3757.76,3757.76,12.530
2026-05-13T18:35:04.163202+00:00,gpu0_correctness,0,ckpt_s2048_e2048,correctness,2048,2048,2048,1,0,True,,,,,7.572
2026-05-13T18:35:11.735816+00:00,gpu0_correctness,0,ckpt_s2048_e2048,correctness,8192,2048,2048,1,0,True,,,,,7.670
2026-05-13T18:35:19.405890+00:00,gpu0_correctness,0,ckpt_s2048_e2048,benchmark,8192,2048,2048,1,0,True,4133.78,217.09,217.09,217.09,8.086
2026-05-13T18:35:19.405890+00:00,gpu0_correctness,0,ckpt_s2048_e2048,benchmark,32768,2048,2048,1,0,True,6934.88,965.67,965.67,965.67,8.086
2026-05-13T18:35:27.492622+00:00,gpu0_correctness,0,ckpt_s2048_e2048,benchmark,65536,2048,2048,1,0,True,11272.01,2077.65,2077.65,2077.65,9.243
2026-05-13T18:35:36.735640+00:00,gpu0_correctness,0,ckpt_s4096_e2048,correctness,2048,4096,2048,1,0,True,,,,,7.326
2026-05-13T18:35:44.062149+00:00,gpu0_correctness,0,ckpt_s4096_e2048,correctness,8192,4096,2048,1,0,True,,,,,7.186
2026-05-13T18:35:51.248765+00:00,gpu0_correctness,0,ckpt_s4096_e2048,benchmark,8192,4096,2048,1,0,True,4132.78,218.59,218.59,218.59,8.663
2026-05-13T18:35:51.248765+00:00,gpu0_correctness,0,ckpt_s4096_e2048,benchmark,32768,4096,2048,1,0,True,6934.88,944.51,944.51,944.51,8.663
2026-05-13T18:35:59.912042+00:00,gpu0_correctness,0,ckpt_s4096_e2048,benchmark,65536,4096,2048,1,0,True,11272.01,2162.48,2162.48,2162.48,9.337
2026-05-13T18:36:09.250007+00:00,gpu0_correctness,0,ckpt_s8192_e2048,correctness,2048,8192,2048,1,0,True,,,,,7.324
2026-05-13T18:36:16.574333+00:00,gpu0_correctness,0,ckpt_s8192_e2048,correctness,8192,8192,2048,1,0,True,,,,,7.105
2026-05-13T18:36:23.679681+00:00,gpu0_correctness,0,ckpt_s8192_e2048,benchmark,8192,8192,2048,1,0,True,4132.78,212.69,212.69,212.69,8.549
2026-05-13T18:36:23.679681+00:00,gpu0_correctness,0,ckpt_s8192_e2048,benchmark,32768,8192,2048,1,0,True,6934.88,923.5,923.5,923.5,8.549
2026-05-13T18:36:32.229385+00:00,gpu0_correctness,0,ckpt_s8192_e2048,benchmark,65536,8192,2048,1,0,True,11272.01,2050.17,2050.17,2050.17,9.354
2026-05-13T18:36:41.583475+00:00,gpu0_correctness,0,ckpt_s4096_e4096,correctness,2048,4096,4096,1,0,True,,,,,7.542
2026-05-13T18:36:49.125992+00:00,gpu0_correctness,0,ckpt_s4096_e4096,correctness,8192,4096,4096,1,0,True,,,,,7.357
2026-05-13T18:36:56.483249+00:00,gpu0_correctness,0,ckpt_s4096_e4096,benchmark,8192,4096,4096,1,0,True,4092.77,128.89,128.89,128.89,7.203
2026-05-13T18:36:56.483249+00:00,gpu0_correctness,0,ckpt_s4096_e4096,benchmark,32768,4096,4096,1,0,True,6894.87,549.62,549.62,549.62,7.203
2026-05-13T18:37:03.686966+00:00,gpu0_correctness,0,ckpt_s4096_e4096,benchmark,65536,4096,4096,1,0,True,11272.01,1191.87,1191.87,1191.87,8.037
2026-05-13T18:37:11.724677+00:00,gpu0_correctness,0,ckpt_s8192_e4096,correctness,2048,8192,4096,1,0,True,,,,,7.613
2026-05-13T18:37:19.337642+00:00,gpu0_correctness,0,ckpt_s8192_e4096,correctness,8192,8192,4096,1,0,True,,,,,7.281
2026-05-13T18:37:26.619265+00:00,gpu0_correctness,0,ckpt_s8192_e4096,benchmark,8192,8192,4096,1,0,True,4092.77,207.86,207.86,207.86,7.108
2026-05-13T18:37:26.619265+00:00,gpu0_correctness,0,ckpt_s8192_e4096,benchmark,32768,8192,4096,1,0,True,6894.87,539.56,539.56,539.56,7.108
2026-05-13T18:37:33.727195+00:00,gpu0_correctness,0,ckpt_s8192_e4096,benchmark,65536,8192,4096,1,0,True,11272.01,1165.44,1165.44,1165.44,7.356
2026-05-13T18:37:41.083382+00:00,gpu0_correctness,0,ckpt_s16384_e4096,correctness,2048,16384,4096,1,0,True,,,,,7.850
2026-05-13T18:37:48.933689+00:00,gpu0_correctness,0,ckpt_s16384_e4096,correctness,8192,16384,4096,1,0,True,,,,,7.813
2026-05-13T18:37:56.747284+00:00,gpu0_correctness,0,ckpt_s16384_e4096,benchmark,8192,16384,4096,1,0,True,4092.77,245.83,245.83,245.83,7.085
2026-05-13T18:37:56.747284+00:00,gpu0_correctness,0,ckpt_s16384_e4096,benchmark,32768,16384,4096,1,0,True,6894.87,532.65,532.65,532.65,7.085
2026-05-13T18:38:03.832899+00:00,gpu0_correctness,0,ckpt_s16384_e4096,benchmark,65536,16384,4096,1,0,True,11272.01,1149.27,1149.27,1149.27,7.157
2026-05-13T18:38:10.990871+00:00,gpu0_correctness,0,ckpt_s8192_e8192,correctness,2048,8192,8192,1,0,True,,,,,7.305
2026-05-13T18:38:18.296148+00:00,gpu0_correctness,0,ckpt_s8192_e8192,correctness,8192,8192,8192,1,0,True,,,,,7.563
2026-05-13T18:38:25.859491+00:00,gpu0_correctness,0,ckpt_s8192_e8192,benchmark,8192,8192,8192,1,0,True,4012.63,82.41,82.41,82.41,7.154
2026-05-13T18:38:25.859491+00:00,gpu0_correctness,0,ckpt_s8192_e8192,benchmark,32768,8192,8192,1,0,True,6814.85,350.91,350.91,350.91,7.154
2026-05-13T18:38:33.013898+00:00,gpu0_correctness,0,ckpt_s8192_e8192,benchmark,65536,8192,8192,1,0,True,11272.01,750.07,750.07,750.07,6.590
2026-05-13T18:38:39.604379+00:00,gpu0_correctness,0,nocp_s2048_e2048,correctness,2048,2048,2048,0,0,True,,,,,7.132
2026-05-13T18:38:46.736974+00:00,gpu0_correctness,0,nocp_s2048_e2048,correctness,8192,2048,2048,0,0,True,,,,,6.778
2026-05-13T18:38:53.515693+00:00,gpu0_correctness,0,nocp_s2048_e2048,benchmark,8192,2048,2048,0,0,True,4526.78,202.61,202.61,202.61,7.450
2026-05-13T18:38:53.515693+00:00,gpu0_correctness,0,nocp_s2048_e2048,benchmark,32768,2048,2048,0,0,True,9474.38,892.66,892.66,892.66,7.450
2026-05-13T18:39:00.966146+00:00,gpu0_correctness,0,nocp_s2048_e2048,benchmark,65536,2048,2048,0,0,True,17708.01,1984.52,1984.52,1984.52,8.555
2026-05-13T18:39:09.521291+00:00,gpu0_correctness,0,nocp_s4096_e2048,correctness,2048,4096,2048,0,0,True,,,,,6.574
2026-05-13T18:39:16.095691+00:00,gpu0_correctness,0,nocp_s4096_e2048,correctness,8192,4096,2048,0,0,True,,,,,6.835
2026-05-13T18:39:22.930796+00:00,gpu0_correctness,0,nocp_s4096_e2048,benchmark,8192,4096,2048,0,0,True,4527.66,203.58,203.58,203.58,7.554
2026-05-13T18:39:22.930796+00:00,gpu0_correctness,0,nocp_s4096_e2048,benchmark,32768,4096,2048,0,0,True,9473.26,884.92,884.92,884.92,7.554
2026-05-13T18:39:30.485358+00:00,gpu0_correctness,0,nocp_s4096_e2048,benchmark,65536,4096,2048,0,0,True,17708.01,1934.64,1934.64,1934.64,8.183
2026-05-13T18:39:38.668765+00:00,gpu0_correctness,0,nocp_s4096_e4096,correctness,2048,4096,4096,0,0,True,,,,,6.445
2026-05-13T18:39:45.114421+00:00,gpu0_correctness,0,nocp_s4096_e4096,correctness,8192,4096,4096,0,0,True,,,,,6.012
2026-05-13T18:39:51.126816+00:00,gpu0_correctness,0,nocp_s4096_e4096,benchmark,8192,4096,4096,0,0,True,4428.77,119.3,119.3,119.3,6.333
2026-05-13T18:39:51.126816+00:00,gpu0_correctness,0,nocp_s4096_e4096,benchmark,32768,4096,4096,0,0,True,9328.38,515.7,515.7,515.7,6.333
2026-05-13T18:39:57.460347+00:00,gpu0_correctness,0,nocp_s4096_e4096,benchmark,65536,4096,4096,0,0,True,17416.01,1123.62,1123.62,1123.62,6.845
2026-05-13T18:40:04.305813+00:00,gpu0_correctness,0,nocp_s8192_e4096,correctness,2048,8192,4096,0,0,True,,,,,7.103
2026-05-13T18:40:11.408889+00:00,gpu0_correctness,0,nocp_s8192_e4096,correctness,8192,8192,4096,0,0,True,,,,,7.035
2026-05-13T18:40:18.444006+00:00,gpu0_correctness,0,nocp_s8192_e4096,benchmark,8192,8192,4096,0,0,True,4428.77,119.02,119.02,119.02,6.811
2026-05-13T18:40:18.444006+00:00,gpu0_correctness,0,nocp_s8192_e4096,benchmark,32768,8192,4096,0,0,True,9328.38,512.42,512.42,512.42,6.811
2026-05-13T18:40:25.255113+00:00,gpu0_correctness,0,nocp_s8192_e4096,benchmark,65536,8192,4096,0,0,True,17416.01,1108.83,1108.83,1108.83,7.096
2026-05-13T18:40:32.351929+00:00,gpu0_correctness,0,nocp_s8192_e8192,correctness,2048,8192,8192,0,0,True,,,,,6.971
2026-05-13T18:40:39.323118+00:00,gpu0_correctness,0,nocp_s8192_e8192,correctness,8192,8192,8192,0,0,True,,,,,7.496
2026-05-13T18:40:46.819077+00:00,gpu0_correctness,0,nocp_s8192_e8192,benchmark,8192,8192,8192,0,0,True,4300.63,76.31,76.31,76.31,6.508
2026-05-13T18:40:46.819077+00:00,gpu0_correctness,0,nocp_s8192_e8192,benchmark,32768,8192,8192,0,0,True,9328.38,327.57,327.57,327.57,6.508
2026-05-13T18:40:53.327459+00:00,gpu0_correctness,0,nocp_s8192_e8192,benchmark,65536,8192,8192,0,0,True,17416.01,700.55,700.55,700.55,5.772
2026-05-13T18:40:59.099747+00:00,gpu0_correctness,0,ckpt_s1024_e1024,correctness,2048,1024,1024,1,0,True,,,,,7.054
2026-05-13T18:41:06.154148+00:00,gpu0_correctness,0,ckpt_s1024_e1024,correctness,8192,1024,1024,1,0,True,,,,,7.542
2026-05-13T18:41:13.696280+00:00,gpu0_correctness,0,ckpt_s1024_e1024,benchmark,8192,1024,1024,1,0,True,4152.79,413.15,413.15,413.15,10.213
2026-05-13T18:41:13.696280+00:00,gpu0_correctness,0,ckpt_s1024_e1024,benchmark,32768,1024,1024,1,0,True,6954.88,1743.37,1743.37,1743.37,10.213
2026-05-13T18:41:23.909338+00:00,gpu0_correctness,0,ckpt_s1024_e1024,benchmark,65536,1024,1024,1,0,True,11272.01,3857.02,3857.02,3857.02,13.112
2026-05-13T18:41:37.022203+00:00,gpu0_correctness,0,ckpt_s2048_e1024,correctness,2048,2048,1024,1,0,True,,,,,7.657
2026-05-13T18:41:44.679765+00:00,gpu0_correctness,0,ckpt_s2048_e1024,correctness,8192,2048,1024,1,0,True,,,,,7.457
2026-05-13T18:41:52.137099+00:00,gpu0_correctness,0,ckpt_s2048_e1024,benchmark,8192,2048,1024,1,0,True,4153.66,403.34,403.34,403.34,9.966
2026-05-13T18:41:52.137099+00:00,gpu0_correctness,0,ckpt_s2048_e1024,benchmark,32768,2048,1024,1,0,True,6955.75,1728.71,1728.71,1728.71,9.966
2026-05-13T18:42:02.103557+00:00,gpu0_correctness,0,ckpt_s2048_e1024,benchmark,65536,2048,1024,1,0,True,11272.51,3885.57,3885.57,3885.57,12.727
2026-05-13T18:42:14.830766+00:00,gpu0_correctness,0,ckpt_s4096_e1024,correctness,2048,4096,1024,1,0,True,,,,,7.382
2026-05-13T18:42:22.213427+00:00,gpu0_correctness,0,ckpt_s4096_e1024,correctness,8192,4096,1024,1,0,True,,,,,7.255
2026-05-13T18:42:29.468488+00:00,gpu0_correctness,0,ckpt_s4096_e1024,benchmark,8192,4096,1024,1,0,True,4153.16,412.41,412.41,412.41,10.144
2026-05-13T18:42:29.468488+00:00,gpu0_correctness,0,ckpt_s4096_e1024,benchmark,32768,4096,1024,1,0,True,6955.25,1745.08,1745.08,1745.08,10.144
2026-05-13T18:42:39.612573+00:00,gpu0_correctness,0,ckpt_s4096_e1024,benchmark,65536,4096,1024,1,0,True,11272.51,3761.26,3761.26,3761.26,13.035
2026-05-13T18:42:52.648552+00:00,gpu0_correctness,0,ckpt_s2048_e2048,correctness,2048,2048,2048,1,0,True,,,,,7.068
2026-05-13T18:42:59.716419+00:00,gpu0_correctness,0,ckpt_s2048_e2048,correctness,8192,2048,2048,1,0,True,,,,,7.243
2026-05-13T18:43:06.959313+00:00,gpu0_correctness,0,ckpt_s2048_e2048,benchmark,8192,2048,2048,1,0,True,4133.78,217.03,217.03,217.03,8.482
2026-05-13T18:43:06.959313+00:00,gpu0_correctness,0,ckpt_s2048_e2048,benchmark,32768,2048,2048,1,0,True,6934.88,934.41,934.41,934.41,8.482
2026-05-13T18:43:15.441368+00:00,gpu0_correctness,0,ckpt_s2048_e2048,benchmark,65536,2048,2048,1,0,True,11272.01,2048.08,2048.08,2048.08,9.487
2026-05-13T18:43:24.928974+00:00,gpu0_correctness,0,ckpt_s4096_e2048,correctness,2048,4096,2048,1,0,True,,,,,7.981
2026-05-13T18:43:32.909814+00:00,gpu0_correctness,0,ckpt_s4096_e2048,correctness,8192,4096,2048,1,0,True,,,,,6.805
2026-05-13T18:43:39.715225+00:00,gpu0_correctness,0,ckpt_s4096_e2048,benchmark,8192,4096,2048,1,0,True,4132.78,213.21,213.21,213.21,8.485
2026-05-13T18:43:39.715225+00:00,gpu0_correctness,0,ckpt_s4096_e2048,benchmark,32768,4096,2048,1,0,True,6934.88,940.04,940.04,940.04,8.485
2026-05-13T18:43:48.200583+00:00,gpu0_correctness,0,ckpt_s4096_e2048,benchmark,65536,4096,2048,1,0,True,11272.01,2021.55,2021.55,2021.55,9.314
2026-05-13T18:43:57.514721+00:00,gpu0_correctness,0,ckpt_s8192_e2048,correctness,2048,8192,2048,1,0,True,,,,,7.064
2026-05-13T18:44:04.578669+00:00,gpu0_correctness,0,ckpt_s8192_e2048,correctness,8192,8192,2048,1,0,True,,,,,7.233
2026-05-13T18:44:11.812035+00:00,gpu0_correctness,0,ckpt_s8192_e2048,benchmark,8192,8192,2048,1,0,True,4132.78,213.41,213.41,213.41,8.152
2026-05-13T18:44:11.812035+00:00,gpu0_correctness,0,ckpt_s8192_e2048,benchmark,32768,8192,2048,1,0,True,6934.88,923.08,923.08,923.08,8.152
2026-05-13T18:44:19.964267+00:00,gpu0_correctness,0,ckpt_s8192_e2048,benchmark,65536,8192,2048,1,0,True,11272.01,2002.22,2002.22,2002.22,8.737
2026-05-13T18:44:28.701250+00:00,gpu0_correctness,0,ckpt_s4096_e4096,correctness,2048,4096,4096,1,0,True,,,,,7.331
2026-05-13T18:44:36.032453+00:00,gpu0_correctness,0,ckpt_s4096_e4096,correctness,8192,4096,4096,1,0,True,,,,,7.275
2026-05-13T18:44:43.307810+00:00,gpu0_correctness,0,ckpt_s4096_e4096,benchmark,8192,4096,4096,1,0,True,4092.77,127.15,127.15,127.15,7.171
2026-05-13T18:44:43.307810+00:00,gpu0_correctness,0,ckpt_s4096_e4096,benchmark,32768,4096,4096,1,0,True,6894.87,540.93,540.93,540.93,7.171
2026-05-13T18:44:50.478771+00:00,gpu0_correctness,0,ckpt_s4096_e4096,benchmark,65536,4096,4096,1,0,True,11272.01,1172.68,1172.68,1172.68,7.878
2026-05-13T18:44:58.357694+00:00,gpu0_correctness,0,ckpt_s8192_e4096,correctness,2048,8192,4096,1,0,True,,,,,7.255
2026-05-13T18:45:05.613202+00:00,gpu0_correctness,0,ckpt_s8192_e4096,correctness,8192,8192,4096,1,0,True,,,,,7.762
2026-05-13T18:45:13.375798+00:00,gpu0_correctness,0,ckpt_s8192_e4096,benchmark,8192,8192,4096,1,0,True,4092.77,248.6,248.6,248.6,7.462
2026-05-13T18:45:13.375798+00:00,gpu0_correctness,0,ckpt_s8192_e4096,benchmark,32768,8192,4096,1,0,True,6894.87,535.8,535.8,535.8,7.462
2026-05-13T18:45:20.838462+00:00,gpu0_correctness,0,ckpt_s8192_e4096,benchmark,65536,8192,4096,1,0,True,11272.01,1164.33,1164.33,1164.33,7.489
2026-05-13T18:45:28.327815+00:00,gpu0_correctness,0,ckpt_s16384_e4096,correctness,2048,16384,4096,1,0,True,,,,,7.291
2026-05-13T18:45:35.618726+00:00,gpu0_correctness,0,ckpt_s16384_e4096,correctness,8192,16384,4096,1,0,True,,,,,7.100
2026-05-13T18:45:42.719214+00:00,gpu0_correctness,0,ckpt_s16384_e4096,benchmark,8192,16384,4096,1,0,True,4092.77,282.28,282.28,282.28,7.561
2026-05-13T18:45:42.719214+00:00,gpu0_correctness,0,ckpt_s16384_e4096,benchmark,32768,16384,4096,1,0,True,6894.87,534.98,534.98,534.98,7.561
2026-05-13T18:45:50.280790+00:00,gpu0_correctness,0,ckpt_s16384_e4096,benchmark,65536,16384,4096,1,0,True,11272.01,1150.5,1150.5,1150.5,7.432
2026-05-13T18:45:57.713651+00:00,gpu0_correctness,0,ckpt_s8192_e8192,correctness,2048,8192,8192,1,0,True,,,,,7.052
2026-05-13T18:46:04.765648+00:00,gpu0_correctness,0,ckpt_s8192_e8192,correctness,8192,8192,8192,1,0,True,,,,,7.007
2026-05-13T18:46:11.772833+00:00,gpu0_correctness,0,ckpt_s8192_e8192,benchmark,8192,8192,8192,1,0,True,4012.63,82.6,82.6,82.6,6.689
2026-05-13T18:46:11.772833+00:00,gpu0_correctness,0,ckpt_s8192_e8192,benchmark,32768,8192,8192,1,0,True,6814.85,350.65,350.65,350.65,6.689
2026-05-13T18:46:18.462489+00:00,gpu0_correctness,0,ckpt_s8192_e8192,benchmark,65536,8192,8192,1,0,True,11272.01,747.93,747.93,747.93,6.734
2026-05-13T18:46:25.197340+00:00,gpu0_correctness,0,nocp_s2048_e2048,correctness,2048,2048,2048,0,0,True,,,,,6.397
2026-05-13T18:46:31.594397+00:00,gpu0_correctness,0,nocp_s2048_e2048,correctness,8192,2048,2048,0,0,True,,,,,6.910
2026-05-13T18:46:38.504963+00:00,gpu0_correctness,0,nocp_s2048_e2048,benchmark,8192,2048,2048,0,0,True,4526.78,204.17,204.17,204.17,7.362
2026-05-13T18:46:38.504963+00:00,gpu0_correctness,0,nocp_s2048_e2048,benchmark,32768,2048,2048,0,0,True,9474.38,897.21,897.21,897.21,7.362
2026-05-13T18:46:45.867635+00:00,gpu0_correctness,0,nocp_s2048_e2048,benchmark,65536,2048,2048,0,0,True,17708.01,1964.21,1964.21,1964.21,8.926
2026-05-13T18:46:54.794063+00:00,gpu0_correctness,0,nocp_s4096_e2048,correctness,2048,4096,2048,0,0,True,,,,,7.066
2026-05-13T18:47:01.860047+00:00,gpu0_correctness,0,nocp_s4096_e2048,correctness,8192,4096,2048,0,0,True,,,,,6.759
2026-05-13T18:47:08.619510+00:00,gpu0_correctness,0,nocp_s4096_e2048,benchmark,8192,4096,2048,0,0,True,4527.66,206.63,206.63,206.63,7.274
2026-05-13T18:47:08.619510+00:00,gpu0_correctness,0,nocp_s4096_e2048,benchmark,32768,4096,2048,0,0,True,9473.26,897.38,897.38,897.38,7.274
2026-05-13T18:47:15.894322+00:00,gpu0_correctness,0,nocp_s4096_e2048,benchmark,65536,4096,2048,0,0,True,17708.01,1934.58,1934.58,1934.58,8.454
2026-05-13T18:47:24.349071+00:00,gpu0_correctness,0,nocp_s4096_e4096,correctness,2048,4096,4096,0,0,True,,,,,6.695
2026-05-13T18:47:31.044599+00:00,gpu0_correctness,0,nocp_s4096_e4096,correctness,8192,4096,4096,0,0,True,,,,,6.599
2026-05-13T18:47:37.643978+00:00,gpu0_correctness,0,nocp_s4096_e4096,benchmark,8192,4096,4096,0,0,True,4428.77,118.92,118.92,118.92,6.722
2026-05-13T18:47:37.643978+00:00,gpu0_correctness,0,nocp_s4096_e4096,benchmark,32768,4096,4096,0,0,True,9328.38,515.8,515.8,515.8,6.722
2026-05-13T18:47:44.366284+00:00,gpu0_correctness,0,nocp_s4096_e4096,benchmark,65536,4096,4096,0,0,True,17416.01,1122.36,1122.36,1122.36,6.669
2026-05-13T18:47:51.035644+00:00,gpu0_correctness,0,nocp_s8192_e4096,correctness,2048,8192,4096,0,0,True,,,,,6.153
2026-05-13T18:47:57.189021+00:00,gpu0_correctness,0,nocp_s8192_e4096,correctness,8192,8192,4096,0,0,True,,,,,6.728
2026-05-13T18:48:03.917727+00:00,gpu0_correctness,0,nocp_s8192_e4096,benchmark,8192,8192,4096,0,0,True,4428.77,118.57,118.57,118.57,6.453
2026-05-13T18:48:03.917727+00:00,gpu0_correctness,0,nocp_s8192_e4096,benchmark,32768,8192,4096,0,0,True,9328.38,512.52,512.52,512.52,6.453
2026-05-13T18:48:10.371462+00:00,gpu0_correctness,0,nocp_s8192_e4096,benchmark,65536,8192,4096,0,0,True,17416.01,1108.5,1108.5,1108.5,6.819
2026-05-13T18:48:17.190904+00:00,gpu0_correctness,0,nocp_s8192_e8192,correctness,2048,8192,8192,0,0,True,,,,,6.480
2026-05-13T18:48:23.671067+00:00,gpu0_correctness,0,nocp_s8192_e8192,correctness,8192,8192,8192,0,0,True,,,,,6.532
2026-05-13T18:48:30.203096+00:00,gpu0_correctness,0,nocp_s8192_e8192,benchmark,8192,8192,8192,0,0,True,4300.63,96.89,96.89,96.89,5.704
2026-05-13T18:48:30.203096+00:00,gpu0_correctness,0,nocp_s8192_e8192,benchmark,32768,8192,8192,0,0,True,9328.38,326.95,326.95,326.95,5.704
2026-05-13T18:48:35.907518+00:00,gpu0_correctness,0,nocp_s8192_e8192,benchmark,65536,8192,8192,0,0,True,17416.01,701.11,701.11,701.11,6.143
2026-05-13T18:48:42.051381+00:00,gpu0_correctness,0,ckpt_s1024_e1024,correctness,2048,1024,1024,1,0,True,,,,,7.544
2026-05-13T18:48:49.595399+00:00,gpu0_correctness,0,ckpt_s1024_e1024,correctness,8192,1024,1024,1,0,True,,,,,7.166
2026-05-13T18:48:56.762168+00:00,gpu0_correctness,0,ckpt_s1024_e1024,benchmark,8192,1024,1024,1,0,True,4152.79,397.66,397.66,397.66,10.458
2026-05-13T18:48:56.762168+00:00,gpu0_correctness,0,ckpt_s1024_e1024,benchmark,32768,1024,1024,1,0,True,6954.88,1771.23,1771.23,1771.23,10.458
2026-05-13T18:49:07.220939+00:00,gpu0_correctness,0,ckpt_s1024_e1024,benchmark,65536,1024,1024,1,0,True,11272.01,3892.4,3892.4,3892.4,13.332
2026-05-13T18:49:20.553889+00:00,gpu0_correctness,0,ckpt_s2048_e1024,correctness,2048,2048,1024,1,0,True,,,,,7.926
2026-05-13T18:49:28.480570+00:00,gpu0_correctness,0,ckpt_s2048_e1024,correctness,8192,2048,1024,1,0,True,,,,,7.134
2026-05-13T18:49:35.614373+00:00,gpu0_correctness,0,ckpt_s2048_e1024,benchmark,8192,2048,1024,1,0,True,4153.66,413.81,413.81,413.81,10.265
2026-05-13T18:49:35.614373+00:00,gpu0_correctness,0,ckpt_s2048_e1024,benchmark,32768,2048,1024,1,0,True,6955.75,1784.34,1784.34,1784.34,10.265
2026-05-13T18:49:45.880087+00:00,gpu0_correctness,0,ckpt_s2048_e1024,benchmark,65536,2048,1024,1,0,True,11272.51,3778.04,3778.04,3778.04,13.010
2026-05-13T18:49:58.890205+00:00,gpu0_correctness,0,ckpt_s4096_e1024,correctness,2048,4096,1024,1,0,True,,,,,7.314
2026-05-13T18:50:06.204463+00:00,gpu0_correctness,0,ckpt_s4096_e1024,correctness,8192,4096,1024,1,0,True,,,,,7.426
2026-05-13T18:50:13.630291+00:00,gpu0_correctness,0,ckpt_s4096_e1024,benchmark,8192,4096,1024,1,0,True,4153.16,405.33,405.33,405.33,10.282
2026-05-13T18:50:13.630291+00:00,gpu0_correctness,0,ckpt_s4096_e1024,benchmark,32768,4096,1024,1,0,True,6955.25,1733.74,1733.74,1733.74,10.282
2026-05-13T18:50:23.912803+00:00,gpu0_correctness,0,ckpt_s4096_e1024,benchmark,65536,4096,1024,1,0,True,11272.51,3766.24,3766.24,3766.24,12.631
2026-05-13T18:50:36.544096+00:00,gpu0_correctness,0,ckpt_s2048_e2048,correctness,2048,2048,2048,1,0,True,,,,,7.825
2026-05-13T18:50:44.369129+00:00,gpu0_correctness,0,ckpt_s2048_e2048,correctness,8192,2048,2048,1,0,True,,,,,8.315
2026-05-13T18:50:52.684313+00:00,gpu0_correctness,0,ckpt_s2048_e2048,benchmark,8192,2048,2048,1,0,True,4133.78,216.83,216.83,216.83,8.939
2026-05-13T18:50:52.684313+00:00,gpu0_correctness,0,ckpt_s2048_e2048,benchmark,32768,2048,2048,1,0,True,6934.88,961.33,961.33,961.33,8.939
2026-05-13T18:51:01.623508+00:00,gpu0_correctness,0,ckpt_s2048_e2048,benchmark,65536,2048,2048,1,0,True,11272.01,2052.42,2052.42,2052.42,9.570
2026-05-13T18:51:11.193535+00:00,gpu0_correctness,0,ckpt_s4096_e2048,correctness,2048,4096,2048,1,0,True,,,,,8.167
2026-05-13T18:51:19.360409+00:00,gpu0_correctness,0,ckpt_s4096_e2048,correctness,8192,4096,2048,1,0,True,,,,,8.274
2026-05-13T18:51:27.634774+00:00,gpu0_correctness,0,ckpt_s4096_e2048,benchmark,8192,4096,2048,1,0,True,4132.78,215.56,215.56,215.56,8.066
2026-05-13T18:51:27.634774+00:00,gpu0_correctness,0,ckpt_s4096_e2048,benchmark,32768,4096,2048,1,0,True,6934.88,926.62,926.62,926.62,8.066
2026-05-13T18:51:35.701386+00:00,gpu0_correctness,0,ckpt_s4096_e2048,benchmark,65536,4096,2048,1,0,True,11272.01,2055.96,2055.96,2055.96,9.310
2026-05-13T18:51:45.011586+00:00,gpu0_correctness,0,ckpt_s8192_e2048,correctness,2048,8192,2048,1,0,True,,,,,7.713
2026-05-13T18:51:52.725190+00:00,gpu0_correctness,0,ckpt_s8192_e2048,correctness,8192,8192,2048,1,0,True,,,,,7.244
2026-05-13T18:51:59.969551+00:00,gpu0_correctness,0,ckpt_s8192_e2048,benchmark,8192,8192,2048,1,0,True,4132.78,230.02,230.02,230.02,8.632
2026-05-13T18:51:59.969551+00:00,gpu0_correctness,0,ckpt_s8192_e2048,benchmark,32768,8192,2048,1,0,True,6934.88,932.63,932.63,932.63,8.632
2026-05-13T18:52:08.602138+00:00,gpu0_correctness,0,ckpt_s8192_e2048,benchmark,65536,8192,2048,1,0,True,11272.01,2033.39,2033.39,2033.39,9.597
2026-05-13T18:52:18.199259+00:00,gpu0_correctness,0,ckpt_s4096_e4096,correctness,2048,4096,4096,1,0,True,,,,,7.878
2026-05-13T18:52:26.077879+00:00,gpu0_correctness,0,ckpt_s4096_e4096,correctness,8192,4096,4096,1,0,True,,,,,7.650
2026-05-13T18:52:33.727978+00:00,gpu0_correctness,0,ckpt_s4096_e4096,benchmark,8192,4096,4096,1,0,True,4092.77,126.39,126.39,126.39,7.176
2026-05-13T18:52:33.727978+00:00,gpu0_correctness,0,ckpt_s4096_e4096,benchmark,32768,4096,4096,1,0,True,6894.87,541.34,541.34,541.34,7.176
2026-05-13T18:52:40.903966+00:00,gpu0_correctness,0,ckpt_s4096_e4096,benchmark,65536,4096,4096,1,0,True,11272.01,1183.13,1183.13,1183.13,7.263
2026-05-13T18:52:48.167561+00:00,gpu0_correctness,0,ckpt_s8192_e4096,correctness,2048,8192,4096,1,0,True,,,,,7.404
2026-05-13T18:52:55.571617+00:00,gpu0_correctness,0,ckpt_s8192_e4096,correctness,8192,8192,4096,1,0,True,,,,,7.236
2026-05-13T18:53:02.808306+00:00,gpu0_correctness,0,ckpt_s8192_e4096,benchmark,8192,8192,4096,1,0,True,4092.77,219.7,219.7,219.7,7.221
2026-05-13T18:53:02.808306+00:00,gpu0_correctness,0,ckpt_s8192_e4096,benchmark,32768,8192,4096,1,0,True,6894.87,537.06,537.06,537.06,7.221
2026-05-13T18:53:10.029776+00:00,gpu0_correctness,0,ckpt_s8192_e4096,benchmark,65536,8192,4096,1,0,True,11272.01,1158.72,1158.72,1158.72,7.524
2026-05-13T18:53:17.554893+00:00,gpu0_correctness,0,ckpt_s16384_e4096,correctness,2048,16384,4096,1,0,True,,,,,7.772
2026-05-13T18:53:25.326771+00:00,gpu0_correctness,0,ckpt_s16384_e4096,correctness,8192,16384,4096,1,0,True,,,,,7.301
2026-05-13T18:53:32.627558+00:00,gpu0_correctness,0,ckpt_s16384_e4096,benchmark,8192,16384,4096,1,0,True,4092.77,230.63,230.63,230.63,7.396
2026-05-13T18:53:32.627558+00:00,gpu0_correctness,0,ckpt_s16384_e4096,benchmark,32768,16384,4096,1,0,True,6894.87,533.16,533.16,533.16,7.396
2026-05-13T18:53:40.024389+00:00,gpu0_correctness,0,ckpt_s16384_e4096,benchmark,65536,16384,4096,1,0,True,11272.01,1145.25,1145.25,1145.25,7.522
2026-05-13T18:53:47.546898+00:00,gpu0_correctness,0,ckpt_s8192_e8192,correctness,2048,8192,8192,1,0,True,,,,,7.513
2026-05-13T18:53:55.060436+00:00,gpu0_correctness,0,ckpt_s8192_e8192,correctness,8192,8192,8192,1,0,True,,,,,7.307
2026-05-13T18:54:02.367668+00:00,gpu0_correctness,0,ckpt_s8192_e8192,benchmark,8192,8192,8192,1,0,True,4012.63,82.97,82.97,82.97,6.669
2026-05-13T18:54:02.367668+00:00,gpu0_correctness,0,ckpt_s8192_e8192,benchmark,32768,8192,8192,1,0,True,6814.85,351.0,351.0,351.0,6.669
2026-05-13T18:54:09.037144+00:00,gpu0_correctness,0,ckpt_s8192_e8192,benchmark,65536,8192,8192,1,0,True,11272.01,766.67,766.67,766.67,7.140
2026-05-13T18:54:16.177809+00:00,gpu0_correctness,0,nocp_s2048_e2048,correctness,2048,2048,2048,0,0,True,,,,,6.794
2026-05-13T18:54:22.972130+00:00,gpu0_correctness,0,nocp_s2048_e2048,correctness,8192,2048,2048,0,0,True,,,,,6.574
2026-05-13T18:54:29.546128+00:00,gpu0_correctness,0,nocp_s2048_e2048,benchmark,8192,2048,2048,0,0,True,4526.78,203.12,203.12,203.12,7.419
2026-05-13T18:54:29.546128+00:00,gpu0_correctness,0,nocp_s2048_e2048,benchmark,32768,2048,2048,0,0,True,9474.38,893.02,893.02,893.02,7.419
2026-05-13T18:54:36.965153+00:00,gpu0_correctness,0,nocp_s2048_e2048,benchmark,65536,2048,2048,0,0,True,17708.01,1968.27,1968.27,1968.27,8.272
2026-05-13T18:54:45.237555+00:00,gpu0_correctness,0,nocp_s4096_e2048,correctness,2048,4096,2048,0,0,True,,,,,6.691
2026-05-13T18:54:51.928860+00:00,gpu0_correctness,0,nocp_s4096_e2048,correctness,8192,4096,2048,0,0,True,,,,,6.414
2026-05-13T18:54:58.343052+00:00,gpu0_correctness,0,nocp_s4096_e2048,benchmark,8192,4096,2048,0,0,True,4527.66,203.88,203.88,203.88,6.943
2026-05-13T18:54:58.343052+00:00,gpu0_correctness,0,nocp_s4096_e2048,benchmark,32768,4096,2048,0,0,True,9473.26,887.14,887.14,887.14,6.943
2026-05-13T18:55:05.286900+00:00,gpu0_correctness,0,nocp_s4096_e2048,benchmark,65536,4096,2048,0,0,True,17708.01,1935.44,1935.44,1935.44,8.525
2026-05-13T18:55:13.812614+00:00,gpu0_correctness,0,nocp_s4096_e4096,correctness,2048,4096,4096,0,0,True,,,,,6.420
2026-05-13T18:55:20.232930+00:00,gpu0_correctness,0,nocp_s4096_e4096,correctness,8192,4096,4096,0,0,True,,,,,7.030
2026-05-13T18:55:27.263538+00:00,gpu0_correctness,0,nocp_s4096_e4096,benchmark,8192,4096,4096,0,0,True,4428.77,118.09,118.09,118.09,6.943
2026-05-13T18:55:27.263538+00:00,gpu0_correctness,0,nocp_s4096_e4096,benchmark,32768,4096,4096,0,0,True,9328.38,516.02,516.02,516.02,6.943
2026-05-13T18:55:34.207031+00:00,gpu0_correctness,0,nocp_s4096_e4096,benchmark,65536,4096,4096,0,0,True,17416.01,1122.61,1122.61,1122.61,7.259
2026-05-13T18:55:41.466444+00:00,gpu0_correctness,0,nocp_s8192_e4096,correctness,2048,8192,4096,0,0,True,,,,,6.777
2026-05-13T18:55:48.244002+00:00,gpu0_correctness,0,nocp_s8192_e4096,correctness,8192,8192,4096,0,0,True,,,,,6.958
2026-05-13T18:55:55.202334+00:00,gpu0_correctness,0,nocp_s8192_e4096,benchmark,8192,8192,4096,0,0,True,4428.77,118.64,118.64,118.64,6.821
2026-05-13T18:55:55.202334+00:00,gpu0_correctness,0,nocp_s8192_e4096,benchmark,32768,8192,4096,0,0,True,9328.38,536.23,536.23,536.23,6.821
2026-05-13T18:56:02.023368+00:00,gpu0_correctness,0,nocp_s8192_e4096,benchmark,65536,8192,4096,0,0,True,17416.01,1109.43,1109.43,1109.43,7.056
2026-05-13T18:56:09.080061+00:00,gpu0_correctness,0,nocp_s8192_e8192,correctness,2048,8192,8192,0,0,True,,,,,6.387
2026-05-13T18:56:15.467085+00:00,gpu0_correctness,0,nocp_s8192_e8192,correctness,8192,8192,8192,0,0,True,,,,,6.882
2026-05-13T18:56:22.348845+00:00,gpu0_correctness,0,nocp_s8192_e8192,benchmark,8192,8192,8192,0,0,True,4300.63,83.84,83.84,83.84,5.840
2026-05-13T18:56:22.348845+00:00,gpu0_correctness,0,nocp_s8192_e8192,benchmark,32768,8192,8192,0,0,True,9328.38,327.25,327.25,327.25,5.840
2026-05-13T18:56:28.189135+00:00,gpu0_correctness,0,nocp_s8192_e8192,benchmark,65536,8192,8192,0,0,True,17416.01,710.5,710.5,710.5,6.022
2026-05-13T18:56:34.212075+00:00,gpu0_correctness,0,ckpt_s1024_e1024,correctness,2048,1024,1024,1,0,True,,,,,7.312
2026-05-13T18:56:41.524896+00:00,gpu0_correctness,0,ckpt_s1024_e1024,correctness,8192,1024,1024,1,0,True,,,,,7.376
2026-05-13T18:56:48.900765+00:00,gpu0_correctness,0,ckpt_s1024_e1024,benchmark,8192,1024,1024,1,0,True,4152.79,426.45,426.45,426.45,10.479
2026-05-13T18:56:48.900765+00:00,gpu0_correctness,0,ckpt_s1024_e1024,benchmark,32768,1024,1024,1,0,True,6954.88,1777.36,1777.36,1777.36,10.479
2026-05-13T18:56:59.379797+00:00,gpu0_correctness,0,ckpt_s1024_e1024,benchmark,65536,1024,1024,1,0,True,11272.01,3856.22,3856.22,3856.22,13.210
2026-05-13T18:57:12.590249+00:00,gpu0_correctness,0,ckpt_s2048_e1024,correctness,2048,2048,1024,1,0,True,,,,,7.501
2026-05-13T18:57:20.091175+00:00,gpu0_correctness,0,ckpt_s2048_e1024,correctness,8192,2048,1024,1,0,True,,,,,7.652
2026-05-13T18:57:27.743280+00:00,gpu0_correctness,0,ckpt_s2048_e1024,benchmark,8192,2048,1024,1,0,True,4153.66,395.8,395.8,395.8,10.196
2026-05-13T18:57:27.743280+00:00,gpu0_correctness,0,ckpt_s2048_e1024,benchmark,32768,2048,1024,1,0,True,6955.75,1792.81,1792.81,1792.81,10.196
2026-05-13T18:57:37.939469+00:00,gpu0_correctness,0,ckpt_s2048_e1024,benchmark,65536,2048,1024,1,0,True,11272.51,3820.11,3820.11,3820.11,12.389
2026-05-13T18:57:50.328643+00:00,gpu0_correctness,0,ckpt_s4096_e1024,correctness,2048,4096,1024,1,0,True,,,,,7.362
2026-05-13T18:57:57.691249+00:00,gpu0_correctness,0,ckpt_s4096_e1024,correctness,8192,4096,1024,1,0,True,,,,,7.602
2026-05-13T18:58:05.293579+00:00,gpu0_correctness,0,ckpt_s4096_e1024,benchmark,8192,4096,1024,1,0,True,4153.16,408.8,408.8,408.8,9.696
2026-05-13T18:58:05.293579+00:00,gpu0_correctness,0,ckpt_s4096_e1024,benchmark,32768,4096,1024,1,0,True,6955.25,1751.46,1751.46,1751.46,9.696
2026-05-13T18:58:14.989529+00:00,gpu0_correctness,0,ckpt_s4096_e1024,benchmark,65536,4096,1024,1,0,True,11272.51,3799.77,3799.77,3799.77,12.954
2026-05-13T18:58:27.944035+00:00,gpu0_correctness,0,ckpt_s2048_e2048,correctness,2048,2048,2048,1,0,True,,,,,6.955
2026-05-13T18:58:34.899430+00:00,gpu0_correctness,0,ckpt_s2048_e2048,correctness,8192,2048,2048,1,0,True,,,,,7.235
2026-05-13T18:58:42.134593+00:00,gpu0_correctness,0,ckpt_s2048_e2048,benchmark,8192,2048,2048,1,0,True,4133.78,221.67,221.67,221.67,8.357
2026-05-13T18:58:42.134593+00:00,gpu0_correctness,0,ckpt_s2048_e2048,benchmark,32768,2048,2048,1,0,True,6934.88,949.84,949.84,949.84,8.357
2026-05-13T18:58:50.492092+00:00,gpu0_correctness,0,ckpt_s2048_e2048,benchmark,65536,2048,2048,1,0,True,11272.01,2090.31,2090.31,2090.31,9.620
2026-05-13T18:59:00.112437+00:00,gpu0_correctness,0,ckpt_s4096_e2048,correctness,2048,4096,2048,1,0,True,,,,,7.371
2026-05-13T18:59:07.483676+00:00,gpu0_correctness,0,ckpt_s4096_e2048,correctness,8192,4096,2048,1,0,True,,,,,7.335
2026-05-13T18:59:14.819326+00:00,gpu0_correctness,0,ckpt_s4096_e2048,benchmark,8192,4096,2048,1,0,True,4132.78,221.78,221.78,221.78,8.276
2026-05-13T18:59:14.819326+00:00,gpu0_correctness,0,ckpt_s4096_e2048,benchmark,32768,4096,2048,1,0,True,6934.88,928.41,928.41,928.41,8.276
2026-05-13T18:59:23.095455+00:00,gpu0_correctness,0,ckpt_s4096_e2048,benchmark,65536,4096,2048,1,0,True,11272.01,2116.68,2116.68,2116.68,9.755
2026-05-13T18:59:32.850973+00:00,gpu0_correctness,0,ckpt_s8192_e2048,correctness,2048,8192,2048,1,0,True,,,,,7.347
2026-05-13T18:59:40.198652+00:00,gpu0_correctness,0,ckpt_s8192_e2048,correctness,8192,8192,2048,1,0,True,,,,,7.306
2026-05-13T18:59:47.505010+00:00,gpu0_correctness,0,ckpt_s8192_e2048,benchmark,8192,8192,2048,1,0,True,4132.78,212.42,212.42,212.42,8.519
2026-05-13T18:59:47.505010+00:00,gpu0_correctness,0,ckpt_s8192_e2048,benchmark,32768,8192,2048,1,0,True,6934.88,922.92,922.92,922.92,8.519
2026-05-13T18:59:56.024072+00:00,gpu0_correctness,0,ckpt_s8192_e2048,benchmark,65536,8192,2048,1,0,True,11272.01,2025.56,2025.56,2025.56,9.479
2026-05-13T19:00:05.503508+00:00,gpu0_correctness,0,ckpt_s4096_e4096,correctness,2048,4096,4096,1,0,True,,,,,7.272
2026-05-13T19:00:12.775628+00:00,gpu0_correctness,0,ckpt_s4096_e4096,correctness,8192,4096,4096,1,0,True,,,,,7.645
2026-05-13T19:00:20.421419+00:00,gpu0_correctness,0,ckpt_s4096_e4096,benchmark,8192,4096,4096,1,0,True,4092.77,127.15,127.15,127.15,7.669
2026-05-13T19:00:20.421419+00:00,gpu0_correctness,0,ckpt_s4096_e4096,benchmark,32768,4096,4096,1,0,True,6894.87,542.31,542.31,542.31,7.669
2026-05-13T19:00:28.091202+00:00,gpu0_correctness,0,ckpt_s4096_e4096,benchmark,65536,4096,4096,1,0,True,11272.01,1175.35,1175.35,1175.35,7.647
2026-05-13T19:00:35.739171+00:00,gpu0_correctness,0,ckpt_s8192_e4096,correctness,2048,8192,4096,1,0,True,,,,,7.549
2026-05-13T19:00:43.288263+00:00,gpu0_correctness,0,ckpt_s8192_e4096,correctness,8192,8192,4096,1,0,True,,,,,7.279
2026-05-13T19:00:50.567983+00:00,gpu0_correctness,0,ckpt_s8192_e4096,benchmark,8192,8192,4096,1,0,True,4092.77,269.66,269.66,269.66,7.453
2026-05-13T19:00:50.567983+00:00,gpu0_correctness,0,ckpt_s8192_e4096,benchmark,32768,8192,4096,1,0,True,6894.87,538.81,538.81,538.81,7.453
2026-05-13T19:00:58.021185+00:00,gpu0_correctness,0,ckpt_s8192_e4096,benchmark,65536,8192,4096,1,0,True,11272.01,1161.58,1161.58,1161.58,7.616
2026-05-13T19:01:05.637649+00:00,gpu0_correctness,0,ckpt_s16384_e4096,correctness,2048,16384,4096,1,0,True,,,,,7.726
2026-05-13T19:01:13.364110+00:00,gpu0_correctness,0,ckpt_s16384_e4096,correctness,8192,16384,4096,1,0,True,,,,,7.501
2026-05-13T19:01:20.864992+00:00,gpu0_correctness,0,ckpt_s16384_e4096,benchmark,8192,16384,4096,1,0,True,4092.77,221.34,221.34,221.34,7.079
2026-05-13T19:01:20.864992+00:00,gpu0_correctness,0,ckpt_s16384_e4096,benchmark,32768,16384,4096,1,0,True,6894.87,536.78,536.78,536.78,7.079
2026-05-13T19:01:27.944153+00:00,gpu0_correctness,0,ckpt_s16384_e4096,benchmark,65536,16384,4096,1,0,True,11272.01,1165.29,1165.29,1165.29,7.595
2026-05-13T19:01:35.539894+00:00,gpu0_correctness,0,ckpt_s8192_e8192,correctness,2048,8192,8192,1,0,True,,,,,6.966
2026-05-13T19:01:42.505977+00:00,gpu0_correctness,0,ckpt_s8192_e8192,correctness,8192,8192,8192,1,0,True,,,,,7.833
2026-05-13T19:01:50.339160+00:00,gpu0_correctness,0,ckpt_s8192_e8192,benchmark,8192,8192,8192,1,0,True,4012.63,83.83,83.83,83.83,6.956
2026-05-13T19:01:50.339160+00:00,gpu0_correctness,0,ckpt_s8192_e8192,benchmark,32768,8192,8192,1,0,True,6814.85,350.91,350.91,350.91,6.956
2026-05-13T19:01:57.295083+00:00,gpu0_correctness,0,ckpt_s8192_e8192,benchmark,65536,8192,8192,1,0,True,11272.01,748.49,748.49,748.49,7.019
2026-05-13T19:02:04.314295+00:00,gpu0_correctness,0,nocp_s2048_e2048,correctness,2048,2048,2048,0,0,True,,,,,6.487
2026-05-13T19:02:10.801399+00:00,gpu0_correctness,0,nocp_s2048_e2048,correctness,8192,2048,2048,0,0,True,,,,,6.397
2026-05-13T19:02:17.198395+00:00,gpu0_correctness,0,nocp_s2048_e2048,benchmark,8192,2048,2048,0,0,True,4526.78,202.6,202.6,202.6,7.922
2026-05-13T19:02:17.198395+00:00,gpu0_correctness,0,nocp_s2048_e2048,benchmark,32768,2048,2048,0,0,True,9474.38,892.55,892.55,892.55,7.922
2026-05-13T19:02:25.120864+00:00,gpu0_correctness,0,nocp_s2048_e2048,benchmark,65536,2048,2048,0,0,True,17708.01,1967.53,1967.53,1967.53,8.625
2026-05-13T19:02:33.746519+00:00,gpu0_correctness,0,nocp_s4096_e2048,correctness,2048,4096,2048,0,0,True,,,,,6.017
2026-05-13T19:02:39.763604+00:00,gpu0_correctness,0,nocp_s4096_e2048,correctness,8192,4096,2048,0,0,True,,,,,6.529
2026-05-13T19:02:46.292845+00:00,gpu0_correctness,0,nocp_s4096_e2048,benchmark,8192,4096,2048,0,0,True,4527.66,203.28,203.28,203.28,7.750
2026-05-13T19:02:46.292845+00:00,gpu0_correctness,0,nocp_s4096_e2048,benchmark,32768,4096,2048,0,0,True,9473.26,885.21,885.21,885.21,7.750
2026-05-13T19:02:54.042760+00:00,gpu0_correctness,0,nocp_s4096_e2048,benchmark,65536,4096,2048,0,0,True,17708.01,1953.72,1953.72,1953.72,8.367
2026-05-13T19:03:02.410280+00:00,gpu0_correctness,0,nocp_s4096_e4096,correctness,2048,4096,4096,0,0,True,,,,,6.862
2026-05-13T19:03:09.272921+00:00,gpu0_correctness,0,nocp_s4096_e4096,correctness,8192,4096,4096,0,0,True,,,,,6.438
2026-05-13T19:03:15.711671+00:00,gpu0_correctness,0,nocp_s4096_e4096,benchmark,8192,4096,4096,0,0,True,4428.77,117.85,117.85,117.85,6.457
2026-05-13T19:03:15.711671+00:00,gpu0_correctness,0,nocp_s4096_e4096,benchmark,32768,4096,4096,0,0,True,9328.38,542.26,542.26,542.26,6.457
2026-05-13T19:03:22.169437+00:00,gpu0_correctness,0,nocp_s4096_e4096,benchmark,65536,4096,4096,0,0,True,17416.01,1122.84,1122.84,1122.84,6.200
2026-05-13T19:03:28.370319+00:00,gpu0_correctness,0,nocp_s8192_e4096,correctness,2048,8192,4096,0,0,True,,,,,6.230
2026-05-13T19:03:34.600323+00:00,gpu0_correctness,0,nocp_s8192_e4096,correctness,8192,8192,4096,0,0,True,,,,,6.576
2026-05-13T19:03:41.176742+00:00,gpu0_correctness,0,nocp_s8192_e4096,benchmark,8192,8192,4096,0,0,True,4428.77,119.74,119.74,119.74,6.459
2026-05-13T19:03:41.176742+00:00,gpu0_correctness,0,nocp_s8192_e4096,benchmark,32768,8192,4096,0,0,True,9328.38,512.45,512.45,512.45,6.459
2026-05-13T19:03:47.636454+00:00,gpu0_correctness,0,nocp_s8192_e4096,benchmark,65536,8192,4096,0,0,True,17416.01,1109.11,1109.11,1109.11,6.491
2026-05-13T19:03:54.127883+00:00,gpu0_correctness,0,nocp_s8192_e8192,correctness,2048,8192,8192,0,0,True,,,,,6.851
2026-05-13T19:04:00.979127+00:00,gpu0_correctness,0,nocp_s8192_e8192,correctness,8192,8192,8192,0,0,True,,,,,6.995
2026-05-13T19:04:07.974200+00:00,gpu0_correctness,0,nocp_s8192_e8192,benchmark,8192,8192,8192,0,0,True,4300.63,76.35,76.35,76.35,6.167
2026-05-13T19:04:07.974200+00:00,gpu0_correctness,0,nocp_s8192_e8192,benchmark,32768,8192,8192,0,0,True,9328.38,327.07,327.07,327.07,6.167
2026-05-13T19:04:14.141581+00:00,gpu0_correctness,0,nocp_s8192_e8192,benchmark,65536,8192,8192,0,0,True,17416.01,700.94,700.94,700.94,6.201
2026-05-13T19:04:20.342840+00:00,gpu0_correctness,0,ckpt_s1024_e1024,correctness,2048,1024,1024,1,0,True,,,,,7.838
2026-05-13T19:04:28.181508+00:00,gpu0_correctness,0,ckpt_s1024_e1024,correctness,8192,1024,1024,1,0,True,,,,,7.370
2026-05-13T19:04:35.552373+00:00,gpu0_correctness,0,ckpt_s1024_e1024,benchmark,8192,1024,1024,1,0,True,4152.79,397.7,397.7,397.7,10.411
2026-05-13T19:04:35.552373+00:00,gpu0_correctness,0,ckpt_s1024_e1024,benchmark,32768,1024,1024,1,0,True,6954.88,1740.86,1740.86,1740.86,10.411
2026-05-13T19:04:45.963812+00:00,gpu0_correctness,0,ckpt_s1024_e1024,benchmark,65536,1024,1024,1,0,True,11272.01,3889.77,3889.77,3889.77,13.726
2026-05-13T19:04:59.690359+00:00,gpu0_correctness,0,ckpt_s2048_e1024,correctness,2048,2048,1024,1,0,True,,,,,7.899
2026-05-13T19:05:07.589341+00:00,gpu0_correctness,0,ckpt_s2048_e1024,correctness,8192,2048,1024,1,0,True,,,,,7.451
2026-05-13T19:05:15.040948+00:00,gpu0_correctness,0,ckpt_s2048_e1024,benchmark,8192,2048,1024,1,0,True,4153.66,396.22,396.22,396.22,9.949
2026-05-13T19:05:15.040948+00:00,gpu0_correctness,0,ckpt_s2048_e1024,benchmark,32768,2048,1024,1,0,True,6955.75,1750.48,1750.48,1750.48,9.949
2026-05-13T19:05:24.990340+00:00,gpu0_correctness,0,ckpt_s2048_e1024,benchmark,65536,2048,1024,1,0,True,11272.51,3844.0,3844.0,3844.0,12.989
2026-05-13T19:05:37.979696+00:00,gpu0_correctness,0,ckpt_s4096_e1024,correctness,2048,4096,1024,1,0,True,,,,,7.214
2026-05-13T19:05:45.194469+00:00,gpu0_correctness,0,ckpt_s4096_e1024,correctness,8192,4096,1024,1,0,True,,,,,8.008
2026-05-13T19:05:53.202552+00:00,gpu0_correctness,0,ckpt_s4096_e1024,benchmark,8192,4096,1024,1,0,True,4153.16,418.99,418.99,418.99,10.172
2026-05-13T19:05:53.202552+00:00,gpu0_correctness,0,ckpt_s4096_e1024,benchmark,32768,4096,1024,1,0,True,6955.25,1745.72,1745.72,1745.72,10.172
2026-05-13T19:06:03.374552+00:00,gpu0_correctness,0,ckpt_s4096_e1024,benchmark,65536,4096,1024,1,0,True,11272.51,3804.04,3804.04,3804.04,12.585
2026-05-13T19:06:15.960549+00:00,gpu0_correctness,0,ckpt_s2048_e2048,correctness,2048,2048,2048,1,0,True,,,,,7.484
2026-05-13T19:06:23.445296+00:00,gpu0_correctness,0,ckpt_s2048_e2048,correctness,8192,2048,2048,1,0,True,,,,,7.055
2026-05-13T19:06:30.500660+00:00,gpu0_correctness,0,ckpt_s2048_e2048,benchmark,8192,2048,2048,1,0,True,4133.78,216.84,216.84,216.84,8.095
2026-05-13T19:06:30.500660+00:00,gpu0_correctness,0,ckpt_s2048_e2048,benchmark,32768,2048,2048,1,0,True,6934.88,969.89,969.89,969.89,8.095
2026-05-13T19:06:38.595904+00:00,gpu0_correctness,0,ckpt_s2048_e2048,benchmark,65536,2048,2048,1,0,True,11272.01,2050.85,2050.85,2050.85,9.179
2026-05-13T19:06:47.774990+00:00,gpu0_correctness,0,ckpt_s4096_e2048,correctness,2048,4096,2048,1,0,True,,,,,7.384
2026-05-13T19:06:55.159471+00:00,gpu0_correctness,0,ckpt_s4096_e2048,correctness,8192,4096,2048,1,0,True,,,,,7.229
2026-05-13T19:07:02.388974+00:00,gpu0_correctness,0,ckpt_s4096_e2048,benchmark,8192,4096,2048,1,0,True,4132.78,214.24,214.24,214.24,8.345
2026-05-13T19:07:02.388974+00:00,gpu0_correctness,0,ckpt_s4096_e2048,benchmark,32768,4096,2048,1,0,True,6934.88,958.59,958.59,958.59,8.345
2026-05-13T19:07:10.734256+00:00,gpu0_correctness,0,ckpt_s4096_e2048,benchmark,65536,4096,2048,1,0,True,11272.01,2029.76,2029.76,2029.76,8.952
2026-05-13T19:07:19.686694+00:00,gpu0_correctness,0,ckpt_s8192_e2048,correctness,2048,8192,2048,1,0,True,,,,,7.908
2026-05-13T19:07:27.594485+00:00,gpu0_correctness,0,ckpt_s8192_e2048,correctness,8192,8192,2048,1,0,True,,,,,7.502
2026-05-13T19:07:35.096904+00:00,gpu0_correctness,0,ckpt_s8192_e2048,benchmark,8192,8192,2048,1,0,True,4132.78,217.35,217.35,217.35,8.441
2026-05-13T19:07:35.096904+00:00,gpu0_correctness,0,ckpt_s8192_e2048,benchmark,32768,8192,2048,1,0,True,6934.88,937.63,937.63,937.63,8.441
2026-05-13T19:07:43.537767+00:00,gpu0_correctness,0,ckpt_s8192_e2048,benchmark,65536,8192,2048,1,0,True,11272.01,2032.63,2032.63,2032.63,9.148
2026-05-13T19:07:52.685884+00:00,gpu0_correctness,0,ckpt_s4096_e4096,correctness,2048,4096,4096,1,0,True,,,,,7.588
2026-05-13T19:08:00.273806+00:00,gpu0_correctness,0,ckpt_s4096_e4096,correctness,8192,4096,4096,1,0,True,,,,,7.367
2026-05-13T19:08:07.641334+00:00,gpu0_correctness,0,ckpt_s4096_e4096,benchmark,8192,4096,4096,1,0,True,4092.77,125.2,125.2,125.2,7.883
2026-05-13T19:08:07.641334+00:00,gpu0_correctness,0,ckpt_s4096_e4096,benchmark,32768,4096,4096,1,0,True,6894.87,539.77,539.77,539.77,7.883
2026-05-13T19:08:15.524607+00:00,gpu0_correctness,0,ckpt_s4096_e4096,benchmark,65536,4096,4096,1,0,True,11272.01,1194.0,1194.0,1194.0,7.241
2026-05-13T19:08:22.766553+00:00,gpu0_correctness,0,ckpt_s8192_e4096,correctness,2048,8192,4096,1,0,True,,,,,7.618
2026-05-13T19:08:30.385190+00:00,gpu0_correctness,0,ckpt_s8192_e4096,correctness,8192,8192,4096,1,0,True,,,,,7.387
2026-05-13T19:08:37.772506+00:00,gpu0_correctness,0,ckpt_s8192_e4096,benchmark,8192,8192,4096,1,0,True,4092.77,288.41,288.41,288.41,7.681
2026-05-13T19:08:37.772506+00:00,gpu0_correctness,0,ckpt_s8192_e4096,benchmark,32768,8192,4096,1,0,True,6894.87,544.4,544.4,544.4,7.681
2026-05-13T19:08:45.453378+00:00,gpu0_correctness,0,ckpt_s8192_e4096,benchmark,65536,8192,4096,1,0,True,11272.01,1159.55,1159.55,1159.55,7.709
2026-05-13T19:08:53.162941+00:00,gpu0_correctness,0,ckpt_s16384_e4096,correctness,2048,16384,4096,1,0,True,,,,,7.084
2026-05-13T19:09:00.247293+00:00,gpu0_correctness,0,ckpt_s16384_e4096,correctness,8192,16384,4096,1,0,True,,,,,8.104
2026-05-13T19:09:08.351910+00:00,gpu0_correctness,0,ckpt_s16384_e4096,benchmark,8192,16384,4096,1,0,True,4092.77,238.54,238.54,238.54,7.652
2026-05-13T19:09:08.351910+00:00,gpu0_correctness,0,ckpt_s16384_e4096,benchmark,32768,16384,4096,1,0,True,6894.87,574.17,574.17,574.17,7.652
2026-05-13T19:09:16.004519+00:00,gpu0_correctness,0,ckpt_s16384_e4096,benchmark,65536,16384,4096,1,0,True,11272.01,1162.34,1162.34,1162.34,7.330
2026-05-13T19:09:23.334979+00:00,gpu0_correctness,0,ckpt_s8192_e8192,correctness,2048,8192,8192,1,0,True,,,,,7.207
2026-05-13T19:09:30.541872+00:00,gpu0_correctness,0,ckpt_s8192_e8192,correctness,8192,8192,8192,1,0,True,,,,,7.132
2026-05-13T19:09:37.674439+00:00,gpu0_correctness,0,ckpt_s8192_e8192,benchmark,8192,8192,8192,1,0,True,4012.63,81.94,81.94,81.94,6.999
2026-05-13T19:09:37.674439+00:00,gpu0_correctness,0,ckpt_s8192_e8192,benchmark,32768,8192,8192,1,0,True,6814.85,351.48,351.48,351.48,6.999
2026-05-13T19:09:44.674001+00:00,gpu0_correctness,0,ckpt_s8192_e8192,benchmark,65536,8192,8192,1,0,True,11272.01,747.72,747.72,747.72,6.577
2026-05-13T19:09:51.251628+00:00,gpu0_correctness,0,nocp_s2048_e2048,correctness,2048,2048,2048,0,0,True,,,,,6.690
2026-05-13T19:09:57.941918+00:00,gpu0_correctness,0,nocp_s2048_e2048,correctness,8192,2048,2048,0,0,True,,,,,6.671
2026-05-13T19:10:04.612764+00:00,gpu0_correctness,0,nocp_s2048_e2048,benchmark,8192,2048,2048,0,0,True,4526.78,202.71,202.71,202.71,7.059
2026-05-13T19:10:04.612764+00:00,gpu0_correctness,0,nocp_s2048_e2048,benchmark,32768,2048,2048,0,0,True,9474.38,893.89,893.89,893.89,7.059
2026-05-13T19:10:11.672539+00:00,gpu0_correctness,0,nocp_s2048_e2048,benchmark,65536,2048,2048,0,0,True,17708.01,1964.4,1964.4,1964.4,8.225
2026-05-13T19:10:19.898338+00:00,gpu0_correctness,0,nocp_s4096_e2048,correctness,2048,4096,2048,0,0,True,,,,,6.595
2026-05-13T19:10:26.493420+00:00,gpu0_correctness,0,nocp_s4096_e2048,correctness,8192,4096,2048,0,0,True,,,,,6.891
2026-05-13T19:10:33.384876+00:00,gpu0_correctness,0,nocp_s4096_e2048,benchmark,8192,4096,2048,0,0,True,4527.66,202.51,202.51,202.51,7.787
2026-05-13T19:10:33.384876+00:00,gpu0_correctness,0,nocp_s4096_e2048,benchmark,32768,4096,2048,0,0,True,9473.26,889.24,889.24,889.24,7.787
2026-05-13T19:10:41.172615+00:00,gpu0_correctness,0,nocp_s4096_e2048,benchmark,65536,4096,2048,0,0,True,17708.01,1934.73,1934.73,1934.73,8.494
2026-05-13T19:10:49.666716+00:00,gpu0_correctness,0,nocp_s4096_e4096,correctness,2048,4096,4096,0,0,True,,,,,6.466
2026-05-13T19:10:56.132832+00:00,gpu0_correctness,0,nocp_s4096_e4096,correctness,8192,4096,4096,0,0,True,,,,,6.488
2026-05-13T19:11:02.621522+00:00,gpu0_correctness,0,nocp_s4096_e4096,benchmark,8192,4096,4096,0,0,True,4428.77,118.94,118.94,118.94,6.148
2026-05-13T19:11:02.621522+00:00,gpu0_correctness,0,nocp_s4096_e4096,benchmark,32768,4096,4096,0,0,True,9328.38,515.69,515.69,515.69,6.148
2026-05-13T19:11:08.770081+00:00,gpu0_correctness,0,nocp_s4096_e4096,benchmark,65536,4096,4096,0,0,True,17416.01,1122.76,1122.76,1122.76,6.484
2026-05-13T19:11:15.254456+00:00,gpu0_correctness,0,nocp_s8192_e4096,correctness,2048,8192,4096,0,0,True,,,,,6.245
2026-05-13T19:11:21.499658+00:00,gpu0_correctness,0,nocp_s8192_e4096,correctness,8192,8192,4096,0,0,True,,,,,7.098
2026-05-13T19:11:28.598425+00:00,gpu0_correctness,0,nocp_s8192_e4096,benchmark,8192,8192,4096,0,0,True,4428.77,119.31,119.31,119.31,6.392
2026-05-13T19:11:28.598425+00:00,gpu0_correctness,0,nocp_s8192_e4096,benchmark,32768,8192,4096,0,0,True,9328.38,511.81,511.81,511.81,6.392
2026-05-13T19:11:34.990563+00:00,gpu0_correctness,0,nocp_s8192_e4096,benchmark,65536,8192,4096,0,0,True,17416.01,1108.37,1108.37,1108.37,6.542
2026-05-13T19:11:41.533348+00:00,gpu0_correctness,0,nocp_s8192_e8192,correctness,2048,8192,8192,0,0,True,,,,,6.767
2026-05-13T19:11:48.301052+00:00,gpu0_correctness,0,nocp_s8192_e8192,correctness,8192,8192,8192,0,0,True,,,,,6.288
2026-05-13T19:11:54.589620+00:00,gpu0_correctness,0,nocp_s8192_e8192,benchmark,8192,8192,8192,0,0,True,4300.63,76.04,76.04,76.04,6.495
2026-05-13T19:11:54.589620+00:00,gpu0_correctness,0,nocp_s8192_e8192,benchmark,32768,8192,8192,0,0,True,9328.38,326.91,326.91,326.91,6.495
2026-05-13T19:12:01.084567+00:00,gpu0_correctness,0,nocp_s8192_e8192,benchmark,65536,8192,8192,0,0,True,17416.01,700.41,700.41,700.41,5.900
2026-05-13T19:12:06.984924+00:00,gpu0_correctness,0,ckpt_s1024_e1024,correctness,2048,1024,1024,1,0,True,,,,,7.356
2026-05-13T19:12:14.341417+00:00,gpu0_correctness,0,ckpt_s1024_e1024,correctness,8192,1024,1024,1,0,True,,,,,7.998
2026-05-13T19:12:22.339259+00:00,gpu0_correctness,0,ckpt_s1024_e1024,benchmark,8192,1024,1024,1,0,True,4152.79,415.21,415.21,415.21,10.770
2026-05-13T19:12:22.339259+00:00,gpu0_correctness,0,ckpt_s1024_e1024,benchmark,32768,1024,1024,1,0,True,6954.88,1761.18,1761.18,1761.18,10.770
2026-05-13T19:12:33.110042+00:00,gpu0_correctness,0,ckpt_s1024_e1024,benchmark,65536,1024,1024,1,0,True,11272.01,3847.91,3847.91,3847.91,13.441
2026-05-13T19:12:46.551572+00:00,gpu0_correctness,0,ckpt_s2048_e1024,correctness,2048,2048,1024,1,0,True,,,,,7.826
2026-05-13T19:12:54.377813+00:00,gpu0_correctness,0,ckpt_s2048_e1024,correctness,8192,2048,1024,1,0,True,,,,,7.587
2026-05-13T19:13:01.965371+00:00,gpu0_correctness,0,ckpt_s2048_e1024,benchmark,8192,2048,1024,1,0,True,4153.66,410.78,410.78,410.78,10.278
2026-05-13T19:13:01.965371+00:00,gpu0_correctness,0,ckpt_s2048_e1024,benchmark,32768,2048,1024,1,0,True,6955.75,1750.46,1750.46,1750.46,10.278
2026-05-13T19:13:12.244194+00:00,gpu0_correctness,0,ckpt_s2048_e1024,benchmark,65536,2048,1024,1,0,True,11272.51,3914.05,3914.05,3914.05,13.955
2026-05-13T19:13:26.199962+00:00,gpu0_correctness,0,ckpt_s4096_e1024,correctness,2048,4096,1024,1,0,True,,,,,7.651
2026-05-13T19:13:33.851788+00:00,gpu0_correctness,0,ckpt_s4096_e1024,correctness,8192,4096,1024,1,0,True,,,,,7.165
2026-05-13T19:13:41.017451+00:00,gpu0_correctness,0,ckpt_s4096_e1024,benchmark,8192,4096,1024,1,0,True,4153.16,401.21,401.21,401.21,10.164
2026-05-13T19:13:41.017451+00:00,gpu0_correctness,0,ckpt_s4096_e1024,benchmark,32768,4096,1024,1,0,True,6955.25,1720.95,1720.95,1720.95,10.164
2026-05-13T19:13:51.182215+00:00,gpu0_correctness,0,ckpt_s4096_e1024,benchmark,65536,4096,1024,1,0,True,11272.51,3749.44,3749.44,3749.44,12.265
2026-05-13T19:14:03.447849+00:00,gpu0_correctness,0,ckpt_s2048_e2048,correctness,2048,2048,2048,1,0,True,,,,,7.511
2026-05-13T19:14:10.959340+00:00,gpu0_correctness,0,ckpt_s2048_e2048,correctness,8192,2048,2048,1,0,True,,,,,7.435
2026-05-13T19:14:18.394920+00:00,gpu0_correctness,0,ckpt_s2048_e2048,benchmark,8192,2048,2048,1,0,True,4133.78,216.94,216.94,216.94,8.295
2026-05-13T19:14:18.394920+00:00,gpu0_correctness,0,ckpt_s2048_e2048,benchmark,32768,2048,2048,1,0,True,6934.88,954.43,954.43,954.43,8.295
2026-05-13T19:14:26.690174+00:00,gpu0_correctness,0,ckpt_s2048_e2048,benchmark,65536,2048,2048,1,0,True,11272.01,2073.41,2073.41,2073.41,9.329
2026-05-13T19:14:36.019291+00:00,gpu0_correctness,0,ckpt_s4096_e2048,correctness,2048,4096,2048,1,0,True,,,,,7.786
2026-05-13T19:14:43.805565+00:00,gpu0_correctness,0,ckpt_s4096_e2048,correctness,8192,4096,2048,1,0,True,,,,,7.245
2026-05-13T19:14:51.050407+00:00,gpu0_correctness,0,ckpt_s4096_e2048,benchmark,8192,4096,2048,1,0,True,4132.78,217.24,217.24,217.24,8.383
2026-05-13T19:14:51.050407+00:00,gpu0_correctness,0,ckpt_s4096_e2048,benchmark,32768,4096,2048,1,0,True,6934.88,939.68,939.68,939.68,8.383
2026-05-13T19:14:59.434165+00:00,gpu0_correctness,0,ckpt_s4096_e2048,benchmark,65536,4096,2048,1,0,True,11272.01,2024.47,2024.47,2024.47,9.928
2026-05-13T19:15:09.362310+00:00,gpu0_correctness,0,ckpt_s8192_e2048,correctness,2048,8192,2048,1,0,True,,,,,7.299
2026-05-13T19:15:16.662104+00:00,gpu0_correctness,0,ckpt_s8192_e2048,correctness,8192,8192,2048,1,0,True,,,,,7.521
2026-05-13T19:15:24.183244+00:00,gpu0_correctness,0,ckpt_s8192_e2048,benchmark,8192,8192,2048,1,0,True,4132.78,212.56,212.56,212.56,8.025
2026-05-13T19:15:24.183244+00:00,gpu0_correctness,0,ckpt_s8192_e2048,benchmark,32768,8192,2048,1,0,True,6934.88,923.36,923.36,923.36,8.025
2026-05-13T19:15:32.208581+00:00,gpu0_correctness,0,ckpt_s8192_e2048,benchmark,65536,8192,2048,1,0,True,11272.01,2028.0,2028.0,2028.0,9.523
2026-05-13T19:15:41.731676+00:00,gpu0_correctness,0,ckpt_s4096_e4096,correctness,2048,4096,4096,1,0,True,,,,,7.764
2026-05-13T19:15:49.495874+00:00,gpu0_correctness,0,ckpt_s4096_e4096,correctness,8192,4096,4096,1,0,True,,,,,7.485
2026-05-13T19:15:56.981577+00:00,gpu0_correctness,0,ckpt_s4096_e4096,benchmark,8192,4096,4096,1,0,True,4092.77,126.54,126.54,126.54,7.185
2026-05-13T19:15:56.981577+00:00,gpu0_correctness,0,ckpt_s4096_e4096,benchmark,32768,4096,4096,1,0,True,6894.87,544.1,544.1,544.1,7.185
2026-05-13T19:16:04.166619+00:00,gpu0_correctness,0,ckpt_s4096_e4096,benchmark,65536,4096,4096,1,0,True,11272.01,1169.29,1169.29,1169.29,7.657
2026-05-13T19:16:11.824508+00:00,gpu0_correctness,0,ckpt_s8192_e4096,correctness,2048,8192,4096,1,0,True,,,,,7.957
2026-05-13T19:16:19.781760+00:00,gpu0_correctness,0,ckpt_s8192_e4096,correctness,8192,8192,4096,1,0,True,,,,,7.219
2026-05-13T19:16:27.001418+00:00,gpu0_correctness,0,ckpt_s8192_e4096,benchmark,8192,8192,4096,1,0,True,4092.77,232.77,232.77,232.77,6.794
2026-05-13T19:16:27.001418+00:00,gpu0_correctness,0,ckpt_s8192_e4096,benchmark,32768,8192,4096,1,0,True,6894.87,540.65,540.65,540.65,6.794
2026-05-13T19:16:33.796174+00:00,gpu0_correctness,0,ckpt_s8192_e4096,benchmark,65536,8192,4096,1,0,True,11272.01,1161.64,1161.64,1161.64,7.764
2026-05-13T19:16:41.560867+00:00,gpu0_correctness,0,ckpt_s16384_e4096,correctness,2048,16384,4096,1,0,True,,,,,7.760
2026-05-13T19:16:49.321458+00:00,gpu0_correctness,0,ckpt_s16384_e4096,correctness,8192,16384,4096,1,0,True,,,,,7.264
2026-05-13T19:16:56.585854+00:00,gpu0_correctness,0,ckpt_s16384_e4096,benchmark,8192,16384,4096,1,0,True,4092.77,256.65,256.65,256.65,6.947
2026-05-13T19:16:56.585854+00:00,gpu0_correctness,0,ckpt_s16384_e4096,benchmark,32768,16384,4096,1,0,True,6894.87,534.55,534.55,534.55,6.947
2026-05-13T19:17:03.533169+00:00,gpu0_correctness,0,ckpt_s16384_e4096,benchmark,65536,16384,4096,1,0,True,11272.01,1151.41,1151.41,1151.41,7.841
2026-05-13T19:17:11.374672+00:00,gpu0_correctness,0,ckpt_s8192_e8192,correctness,2048,8192,8192,1,0,True,,,,,7.392
2026-05-13T19:17:18.766693+00:00,gpu0_correctness,0,ckpt_s8192_e8192,correctness,8192,8192,8192,1,0,True,,,,,7.596
2026-05-13T19:17:26.363158+00:00,gpu0_correctness,0,ckpt_s8192_e8192,benchmark,8192,8192,8192,1,0,True,4012.63,83.49,83.49,83.49,6.969
2026-05-13T19:17:26.363158+00:00,gpu0_correctness,0,ckpt_s8192_e8192,benchmark,32768,8192,8192,1,0,True,6814.85,351.17,351.17,351.17,6.969
2026-05-13T19:17:33.332519+00:00,gpu0_correctness,0,ckpt_s8192_e8192,benchmark,65536,8192,8192,1,0,True,11272.01,748.39,748.39,748.39,6.255
2026-05-13T19:17:39.588075+00:00,gpu0_correctness,0,nocp_s2048_e2048,correctness,2048,2048,2048,0,0,True,,,,,6.927
2026-05-13T19:17:46.515499+00:00,gpu0_correctness,0,nocp_s2048_e2048,correctness,8192,2048,2048,0,0,True,,,,,6.310
2026-05-13T19:17:52.825404+00:00,gpu0_correctness,0,nocp_s2048_e2048,benchmark,8192,2048,2048,0,0,True,4526.78,203.15,203.15,203.15,7.552
2026-05-13T19:17:52.825404+00:00,gpu0_correctness,0,nocp_s2048_e2048,benchmark,32768,2048,2048,0,0,True,9474.38,893.84,893.84,893.84,7.552
2026-05-13T19:18:00.378279+00:00,gpu0_correctness,0,nocp_s2048_e2048,benchmark,65536,2048,2048,0,0,True,17708.01,1963.01,1963.01,1963.01,8.344
2026-05-13T19:18:08.722637+00:00,gpu0_correctness,0,nocp_s4096_e2048,correctness,2048,4096,2048,0,0,True,,,,,6.619
2026-05-13T19:18:15.341768+00:00,gpu0_correctness,0,nocp_s4096_e2048,correctness,8192,4096,2048,0,0,True,,,,,7.191
2026-05-13T19:18:22.533389+00:00,gpu0_correctness,0,nocp_s4096_e2048,benchmark,8192,4096,2048,0,0,True,4527.66,202.72,202.72,202.72,7.480
2026-05-13T19:18:22.533389+00:00,gpu0_correctness,0,nocp_s4096_e2048,benchmark,32768,4096,2048,0,0,True,9473.26,886.47,886.47,886.47,7.480
2026-05-13T19:18:30.013979+00:00,gpu0_correctness,0,nocp_s4096_e2048,benchmark,65536,4096,2048,0,0,True,17708.01,1985.95,1985.95,1985.95,8.022
2026-05-13T19:18:38.036205+00:00,gpu0_correctness,0,nocp_s4096_e4096,correctness,2048,4096,4096,0,0,True,,,,,6.402
2026-05-13T19:18:44.438628+00:00,gpu0_correctness,0,nocp_s4096_e4096,correctness,8192,4096,4096,0,0,True,,,,,7.041
2026-05-13T19:18:51.480189+00:00,gpu0_correctness,0,nocp_s4096_e4096,benchmark,8192,4096,4096,0,0,True,4428.77,117.6,117.6,117.6,6.113
2026-05-13T19:18:51.480189+00:00,gpu0_correctness,0,nocp_s4096_e4096,benchmark,32768,4096,4096,0,0,True,9328.38,517.05,517.05,517.05,6.113
2026-05-13T19:18:57.593745+00:00,gpu0_correctness,0,nocp_s4096_e4096,benchmark,65536,4096,4096,0,0,True,17416.01,1123.2,1123.2,1123.2,6.866
2026-05-13T19:19:04.459976+00:00,gpu0_correctness,0,nocp_s8192_e4096,correctness,2048,8192,4096,0,0,True,,,,,5.917
2026-05-13T19:19:10.376750+00:00,gpu0_correctness,0,nocp_s8192_e4096,correctness,8192,8192,4096,0,0,True,,,,,6.790
2026-05-13T19:19:17.167222+00:00,gpu0_correctness,0,nocp_s8192_e4096,benchmark,8192,8192,4096,0,0,True,4428.77,119.24,119.24,119.24,6.550
2026-05-13T19:19:17.167222+00:00,gpu0_correctness,0,nocp_s8192_e4096,benchmark,32768,8192,4096,0,0,True,9328.38,520.8,520.8,520.8,6.550
2026-05-13T19:19:23.717529+00:00,gpu0_correctness,0,nocp_s8192_e4096,benchmark,65536,8192,4096,0,0,True,17416.01,1108.73,1108.73,1108.73,6.951
2026-05-13T19:19:30.669510+00:00,gpu0_correctness,0,nocp_s8192_e8192,correctness,2048,8192,8192,0,0,True,,,,,6.963
2026-05-13T19:19:37.633066+00:00,gpu0_correctness,0,nocp_s8192_e8192,correctness,8192,8192,8192,0,0,True,,,,,6.741
2026-05-13T19:19:44.374656+00:00,gpu0_correctness,0,nocp_s8192_e8192,benchmark,8192,8192,8192,0,0,True,4300.63,76.28,76.28,76.28,5.933
2026-05-13T19:19:44.374656+00:00,gpu0_correctness,0,nocp_s8192_e8192,benchmark,32768,8192,8192,0,0,True,9328.38,326.77,326.77,326.77,5.933
2026-05-13T19:19:50.307853+00:00,gpu0_correctness,0,nocp_s8192_e8192,benchmark,65536,8192,8192,0,0,True,17416.01,700.52,700.52,700.52,5.772
2026-05-13T19:19:56.080300+00:00,gpu0_correctness,0,ckpt_s1024_e1024,correctness,2048,1024,1024,1,0,True,,,,,7.150
2026-05-13T19:20:03.230728+00:00,gpu0_correctness,0,ckpt_s1024_e1024,correctness,8192,1024,1024,1,0,True,,,,,8.142
2026-05-13T19:20:11.372888+00:00,gpu0_correctness,0,ckpt_s1024_e1024,benchmark,8192,1024,1024,1,0,True,4152.79,398.64,398.64,398.64,10.653
2026-05-13T19:20:11.372888+00:00,gpu0_correctness,0,ckpt_s1024_e1024,benchmark,32768,1024,1024,1,0,True,6954.88,1807.38,1807.38,1807.38,10.653
2026-05-13T19:20:22.025825+00:00,gpu0_correctness,0,ckpt_s1024_e1024,benchmark,65536,1024,1024,1,0,True,11272.01,3887.53,3887.53,3887.53,13.080
2026-05-13T19:20:35.105926+00:00,gpu0_correctness,0,ckpt_s2048_e1024,correctness,2048,2048,1024,1,0,True,,,,,7.743
2026-05-13T19:20:42.849051+00:00,gpu0_correctness,0,ckpt_s2048_e1024,correctness,8192,2048,1024,1,0,True,,,,,7.292
2026-05-13T19:20:50.141529+00:00,gpu0_correctness,0,ckpt_s2048_e1024,benchmark,8192,2048,1024,1,0,True,4153.66,411.79,411.79,411.79,10.585
2026-05-13T19:20:50.141529+00:00,gpu0_correctness,0,ckpt_s2048_e1024,benchmark,32768,2048,1024,1,0,True,6955.75,1787.15,1787.15,1787.15,10.585
2026-05-13T19:21:00.727501+00:00,gpu0_correctness,0,ckpt_s2048_e1024,benchmark,65536,2048,1024,1,0,True,11272.51,3793.76,3793.76,3793.76,12.653
2026-05-13T19:21:13.380541+00:00,gpu0_correctness,0,ckpt_s4096_e1024,correctness,2048,4096,1024,1,0,True,,,,,7.340
2026-05-13T19:21:20.720741+00:00,gpu0_correctness,0,ckpt_s4096_e1024,correctness,8192,4096,1024,1,0,True,,,,,7.155
2026-05-13T19:21:27.875775+00:00,gpu0_correctness,0,ckpt_s4096_e1024,benchmark,8192,4096,1024,1,0,True,4153.16,403.39,403.39,403.39,10.027
2026-05-13T19:21:27.875775+00:00,gpu0_correctness,0,ckpt_s4096_e1024,benchmark,32768,4096,1024,1,0,True,6955.25,1722.32,1722.32,1722.32,10.027
2026-05-13T19:21:37.903313+00:00,gpu0_correctness,0,ckpt_s4096_e1024,benchmark,65536,4096,1024,1,0,True,11272.51,3810.3,3810.3,3810.3,12.983
2026-05-13T19:21:50.887144+00:00,gpu0_correctness,0,ckpt_s2048_e2048,correctness,2048,2048,2048,1,0,True,,,,,7.908
2026-05-13T19:21:58.795412+00:00,gpu0_correctness,0,ckpt_s2048_e2048,correctness,8192,2048,2048,1,0,True,,,,,7.294
2026-05-13T19:22:06.089910+00:00,gpu0_correctness,0,ckpt_s2048_e2048,benchmark,8192,2048,2048,1,0,True,4133.78,222.91,222.91,222.91,8.629
2026-05-13T19:22:06.089910+00:00,gpu0_correctness,0,ckpt_s2048_e2048,benchmark,32768,2048,2048,1,0,True,6934.88,946.61,946.61,946.61,8.629
2026-05-13T19:22:14.719235+00:00,gpu0_correctness,0,ckpt_s2048_e2048,benchmark,65536,2048,2048,1,0,True,11272.01,2070.55,2070.55,2070.55,9.381
2026-05-13T19:22:24.100414+00:00,gpu0_correctness,0,ckpt_s4096_e2048,correctness,2048,4096,2048,1,0,True,,,,,7.236
2026-05-13T19:22:31.336951+00:00,gpu0_correctness,0,ckpt_s4096_e2048,correctness,8192,4096,2048,1,0,True,,,,,8.085
2026-05-13T19:22:39.421830+00:00,gpu0_correctness,0,ckpt_s4096_e2048,benchmark,8192,4096,2048,1,0,True,4132.78,212.74,212.74,212.74,8.155
2026-05-13T19:22:39.421830+00:00,gpu0_correctness,0,ckpt_s4096_e2048,benchmark,32768,4096,2048,1,0,True,6934.88,1018.76,1018.76,1018.76,8.155
2026-05-13T19:22:47.577669+00:00,gpu0_correctness,0,ckpt_s4096_e2048,benchmark,65536,4096,2048,1,0,True,11272.01,2089.29,2089.29,2089.29,9.523
2026-05-13T19:22:57.101531+00:00,gpu0_correctness,0,ckpt_s8192_e2048,correctness,2048,8192,2048,1,0,True,,,,,7.304
2026-05-13T19:23:04.405458+00:00,gpu0_correctness,0,ckpt_s8192_e2048,correctness,8192,8192,2048,1,0,True,,,,,7.192
2026-05-13T19:23:11.597663+00:00,gpu0_correctness,0,ckpt_s8192_e2048,benchmark,8192,8192,2048,1,0,True,4132.78,217.4,217.4,217.4,8.692
2026-05-13T19:23:11.597663+00:00,gpu0_correctness,0,ckpt_s8192_e2048,benchmark,32768,8192,2048,1,0,True,6934.88,925.28,925.28,925.28,8.692
2026-05-13T19:23:20.290464+00:00,gpu0_correctness,0,ckpt_s8192_e2048,benchmark,65536,8192,2048,1,0,True,11272.01,2029.12,2029.12,2029.12,9.460
2026-05-13T19:23:29.750849+00:00,gpu0_correctness,0,ckpt_s4096_e4096,correctness,2048,4096,4096,1,0,True,,,,,7.382
2026-05-13T19:23:37.133424+00:00,gpu0_correctness,0,ckpt_s4096_e4096,correctness,8192,4096,4096,1,0,True,,,,,7.697
2026-05-13T19:23:44.831152+00:00,gpu0_correctness,0,ckpt_s4096_e4096,benchmark,8192,4096,4096,1,0,True,4092.77,128.81,128.81,128.81,7.785
2026-05-13T19:23:44.831152+00:00,gpu0_correctness,0,ckpt_s4096_e4096,benchmark,32768,4096,4096,1,0,True,6894.87,542.31,542.31,542.31,7.785
2026-05-13T19:23:52.616456+00:00,gpu0_correctness,0,ckpt_s4096_e4096,benchmark,65536,4096,4096,1,0,True,11272.01,1224.79,1224.79,1224.79,7.662
2026-05-13T19:24:00.279276+00:00,gpu0_correctness,0,ckpt_s8192_e4096,correctness,2048,8192,4096,1,0,True,,,,,6.982
2026-05-13T19:24:07.261736+00:00,gpu0_correctness,0,ckpt_s8192_e4096,correctness,8192,8192,4096,1,0,True,,,,,7.316
2026-05-13T19:24:14.577570+00:00,gpu0_correctness,0,ckpt_s8192_e4096,benchmark,8192,8192,4096,1,0,True,4092.77,287.85,287.85,287.85,7.190
2026-05-13T19:24:14.577570+00:00,gpu0_correctness,0,ckpt_s8192_e4096,benchmark,32768,8192,4096,1,0,True,6894.87,536.16,536.16,536.16,7.190
2026-05-13T19:24:21.767882+00:00,gpu0_correctness,0,ckpt_s8192_e4096,benchmark,65536,8192,4096,1,0,True,11272.01,1169.64,1169.64,1169.64,8.141
2026-05-13T19:24:29.909654+00:00,gpu0_correctness,0,ckpt_s16384_e4096,correctness,2048,16384,4096,1,0,True,,,,,7.478
2026-05-13T19:24:37.388244+00:00,gpu0_correctness,0,ckpt_s16384_e4096,correctness,8192,16384,4096,1,0,True,,,,,7.014
2026-05-13T19:24:44.402188+00:00,gpu0_correctness,0,ckpt_s16384_e4096,benchmark,8192,16384,4096,1,0,True,4092.77,267.83,267.83,267.83,7.062
2026-05-13T19:24:44.402188+00:00,gpu0_correctness,0,ckpt_s16384_e4096,benchmark,32768,16384,4096,1,0,True,6894.87,535.31,535.31,535.31,7.062
2026-05-13T19:24:51.464100+00:00,gpu0_correctness,0,ckpt_s16384_e4096,benchmark,65536,16384,4096,1,0,True,11272.01,1165.88,1165.88,1165.88,8.092
2026-05-13T19:24:59.557117+00:00,gpu0_correctness,0,ckpt_s8192_e8192,correctness,2048,8192,8192,1,0,True,,,,,7.717
2026-05-13T19:25:07.274166+00:00,gpu0_correctness,0,ckpt_s8192_e8192,correctness,8192,8192,8192,1,0,True,,,,,7.458
2026-05-13T19:25:14.732112+00:00,gpu0_correctness,0,ckpt_s8192_e8192,benchmark,8192,8192,8192,1,0,True,4012.63,82.47,82.47,82.47,7.155
2026-05-13T19:25:14.732112+00:00,gpu0_correctness,0,ckpt_s8192_e8192,benchmark,32768,8192,8192,1,0,True,6814.85,351.61,351.61,351.61,7.155
2026-05-13T19:25:21.887287+00:00,gpu0_correctness,0,ckpt_s8192_e8192,benchmark,65536,8192,8192,1,0,True,11272.01,748.17,748.17,748.17,6.885
2026-05-13T19:25:28.773248+00:00,gpu0_correctness,0,nocp_s2048_e2048,correctness,2048,2048,2048,0,0,True,,,,,6.812
2026-05-13T19:25:35.585638+00:00,gpu0_correctness,0,nocp_s2048_e2048,correctness,8192,2048,2048,0,0,True,,,,,6.872
2026-05-13T19:25:42.457801+00:00,gpu0_correctness,0,nocp_s2048_e2048,benchmark,8192,2048,2048,0,0,True,4526.78,203.63,203.63,203.63,7.565
2026-05-13T19:25:42.457801+00:00,gpu0_correctness,0,nocp_s2048_e2048,benchmark,32768,2048,2048,0,0,True,9474.38,899.77,899.77,899.77,7.565
2026-05-13T19:25:50.023394+00:00,gpu0_correctness,0,nocp_s2048_e2048,benchmark,65536,2048,2048,0,0,True,17708.01,1964.33,1964.33,1964.33,9.110
2026-05-13T19:25:59.134089+00:00,gpu0_correctness,0,nocp_s4096_e2048,correctness,2048,4096,2048,0,0,True,,,,,6.526
2026-05-13T19:26:05.659970+00:00,gpu0_correctness,0,nocp_s4096_e2048,correctness,8192,4096,2048,0,0,True,,,,,6.679
2026-05-13T19:26:12.339367+00:00,gpu0_correctness,0,nocp_s4096_e2048,benchmark,8192,4096,2048,0,0,True,4527.66,202.89,202.89,202.89,7.569
2026-05-13T19:26:12.339367+00:00,gpu0_correctness,0,nocp_s4096_e2048,benchmark,32768,4096,2048,0,0,True,9473.26,885.67,885.67,885.67,7.569
2026-05-13T19:26:19.908557+00:00,gpu0_correctness,0,nocp_s4096_e2048,benchmark,65536,4096,2048,0,0,True,17708.01,1935.24,1935.24,1935.24,8.957
2026-05-13T19:26:28.865901+00:00,gpu0_correctness,0,nocp_s4096_e4096,correctness,2048,4096,4096,0,0,True,,,,,7.228
2026-05-13T19:26:36.094297+00:00,gpu0_correctness,0,nocp_s4096_e4096,correctness,8192,4096,4096,0,0,True,,,,,6.237
2026-05-13T19:26:42.331872+00:00,gpu0_correctness,0,nocp_s4096_e4096,benchmark,8192,4096,4096,0,0,True,4428.77,118.85,118.85,118.85,6.462
2026-05-13T19:26:42.331872+00:00,gpu0_correctness,0,nocp_s4096_e4096,benchmark,32768,4096,4096,0,0,True,9328.38,516.62,516.62,516.62,6.462
2026-05-13T19:26:48.794145+00:00,gpu0_correctness,0,nocp_s4096_e4096,benchmark,65536,4096,4096,0,0,True,17416.01,1123.21,1123.21,1123.21,6.756
2026-05-13T19:26:55.550476+00:00,gpu0_correctness,0,nocp_s8192_e4096,correctness,2048,8192,4096,0,0,True,,,,,7.227
2026-05-13T19:27:02.778187+00:00,gpu0_correctness,0,nocp_s8192_e4096,correctness,8192,8192,4096,0,0,True,,,,,7.250
2026-05-13T19:27:10.028408+00:00,gpu0_correctness,0,nocp_s8192_e4096,benchmark,8192,8192,4096,0,0,True,4428.77,118.82,118.82,118.82,6.364
2026-05-13T19:27:10.028408+00:00,gpu0_correctness,0,nocp_s8192_e4096,benchmark,32768,8192,4096,0,0,True,9328.38,512.19,512.19,512.19,6.364
2026-05-13T19:27:16.393081+00:00,gpu0_correctness,0,nocp_s8192_e4096,benchmark,65536,8192,4096,0,0,True,17416.01,1108.51,1108.51,1108.51,6.688
2026-05-13T19:27:23.081457+00:00,gpu0_correctness,0,nocp_s8192_e8192,correctness,2048,8192,8192,0,0,True,,,,,6.774
2026-05-13T19:27:29.855620+00:00,gpu0_correctness,0,nocp_s8192_e8192,correctness,8192,8192,8192,0,0,True,,,,,6.492
2026-05-13T19:27:36.348207+00:00,gpu0_correctness,0,nocp_s8192_e8192,benchmark,8192,8192,8192,0,0,True,4300.63,75.92,75.92,75.92,5.619
2026-05-13T19:27:36.348207+00:00,gpu0_correctness,0,nocp_s8192_e8192,benchmark,32768,8192,8192,0,0,True,9328.38,327.48,327.48,327.48,5.619
2026-05-13T19:27:41.967728+00:00,gpu0_correctness,0,nocp_s8192_e8192,benchmark,65536,8192,8192,0,0,True,17416.01,704.9,704.9,704.9,5.914
2026-05-13T19:27:47.881831+00:00,gpu0_correctness,0,ckpt_s1024_e1024,correctness,2048,1024,1024,1,0,True,,,,,7.558
2026-05-13T19:27:55.440720+00:00,gpu0_correctness,0,ckpt_s1024_e1024,correctness,8192,1024,1024,1,0,True,,,,,7.824
2026-05-13T19:28:03.264813+00:00,gpu0_correctness,0,ckpt_s1024_e1024,benchmark,8192,1024,1024,1,0,True,4152.79,397.31,397.31,397.31,10.474
2026-05-13T19:28:03.264813+00:00,gpu0_correctness,0,ckpt_s1024_e1024,benchmark,32768,1024,1024,1,0,True,6954.88,1745.01,1745.01,1745.01,10.474
2026-05-13T19:28:13.739214+00:00,gpu0_correctness,0,ckpt_s1024_e1024,benchmark,65536,1024,1024,1,0,True,11272.01,3960.75,3960.75,3960.75,12.934
2026-05-13T19:28:26.673222+00:00,gpu0_correctness,0,ckpt_s2048_e1024,correctness,2048,2048,1024,1,0,True,,,,,7.621
2026-05-13T19:28:34.294468+00:00,gpu0_correctness,0,ckpt_s2048_e1024,correctness,8192,2048,1024,1,0,True,,,,,7.637
2026-05-13T19:28:41.931463+00:00,gpu0_correctness,0,ckpt_s2048_e1024,benchmark,8192,2048,1024,1,0,True,4153.66,411.68,411.68,411.68,10.614
2026-05-13T19:28:41.931463+00:00,gpu0_correctness,0,ckpt_s2048_e1024,benchmark,32768,2048,1024,1,0,True,6955.75,1729.24,1729.24,1729.24,10.614
2026-05-13T19:28:52.545664+00:00,gpu0_correctness,0,ckpt_s2048_e1024,benchmark,65536,2048,1024,1,0,True,11272.51,3804.64,3804.64,3804.64,13.238
2026-05-13T19:29:05.784462+00:00,gpu0_correctness,0,ckpt_s4096_e1024,correctness,2048,4096,1024,1,0,True,,,,,7.206
2026-05-13T19:29:12.990482+00:00,gpu0_correctness,0,ckpt_s4096_e1024,correctness,8192,4096,1024,1,0,True,,,,,7.601
2026-05-13T19:29:20.592090+00:00,gpu0_correctness,0,ckpt_s4096_e1024,benchmark,8192,4096,1024,1,0,True,4153.16,409.01,409.01,409.01,10.014
2026-05-13T19:29:20.592090+00:00,gpu0_correctness,0,ckpt_s4096_e1024,benchmark,32768,4096,1024,1,0,True,6955.25,1723.19,1723.19,1723.19,10.014
2026-05-13T19:29:30.606413+00:00,gpu0_correctness,0,ckpt_s4096_e1024,benchmark,65536,4096,1024,1,0,True,11272.51,3761.05,3761.05,3761.05,12.932
2026-05-13T19:29:43.539066+00:00,gpu0_correctness,0,ckpt_s2048_e2048,correctness,2048,2048,2048,1,0,True,,,,,7.186
2026-05-13T19:29:50.725028+00:00,gpu0_correctness,0,ckpt_s2048_e2048,correctness,8192,2048,2048,1,0,True,,,,,7.363
2026-05-13T19:29:58.088553+00:00,gpu0_correctness,0,ckpt_s2048_e2048,benchmark,8192,2048,2048,1,0,True,4133.78,218.56,218.56,218.56,8.539
2026-05-13T19:29:58.088553+00:00,gpu0_correctness,0,ckpt_s2048_e2048,benchmark,32768,2048,2048,1,0,True,6934.88,947.33,947.33,947.33,8.539
2026-05-13T19:30:06.628604+00:00,gpu0_correctness,0,ckpt_s2048_e2048,benchmark,65536,2048,2048,1,0,True,11272.01,2127.62,2127.62,2127.62,9.616
2026-05-13T19:30:16.244876+00:00,gpu0_correctness,0,ckpt_s4096_e2048,correctness,2048,4096,2048,1,0,True,,,,,7.079
2026-05-13T19:30:23.323711+00:00,gpu0_correctness,0,ckpt_s4096_e2048,correctness,8192,4096,2048,1,0,True,,,,,7.518
2026-05-13T19:30:30.842105+00:00,gpu0_correctness,0,ckpt_s4096_e2048,benchmark,8192,4096,2048,1,0,True,4132.78,220.6,220.6,220.6,8.822
2026-05-13T19:30:30.842105+00:00,gpu0_correctness,0,ckpt_s4096_e2048,benchmark,32768,4096,2048,1,0,True,6934.88,939.47,939.47,939.47,8.822
2026-05-13T19:30:39.664474+00:00,gpu0_correctness,0,ckpt_s4096_e2048,benchmark,65536,4096,2048,1,0,True,11272.01,2048.82,2048.82,2048.82,9.256
2026-05-13T19:30:48.920547+00:00,gpu0_correctness,0,ckpt_s8192_e2048,correctness,2048,8192,2048,1,0,True,,,,,7.197
2026-05-13T19:30:56.118141+00:00,gpu0_correctness,0,ckpt_s8192_e2048,correctness,8192,8192,2048,1,0,True,,,,,7.740
2026-05-13T19:31:03.858138+00:00,gpu0_correctness,0,ckpt_s8192_e2048,benchmark,8192,8192,2048,1,0,True,4132.78,213.6,213.6,213.6,8.129
2026-05-13T19:31:03.858138+00:00,gpu0_correctness,0,ckpt_s8192_e2048,benchmark,32768,8192,2048,1,0,True,6934.88,936.08,936.08,936.08,8.129
2026-05-13T19:31:11.987933+00:00,gpu0_correctness,0,ckpt_s8192_e2048,benchmark,65536,8192,2048,1,0,True,11272.01,2006.79,2006.79,2006.79,9.942
2026-05-13T19:31:21.930697+00:00,gpu0_correctness,0,ckpt_s4096_e4096,correctness,2048,4096,4096,1,0,True,,,,,7.380
2026-05-13T19:31:29.310996+00:00,gpu0_correctness,0,ckpt_s4096_e4096,correctness,8192,4096,4096,1,0,True,,,,,7.652
2026-05-13T19:31:36.963322+00:00,gpu0_correctness,0,ckpt_s4096_e4096,benchmark,8192,4096,4096,1,0,True,4092.77,126.41,126.41,126.41,6.948
2026-05-13T19:31:36.963322+00:00,gpu0_correctness,0,ckpt_s4096_e4096,benchmark,32768,4096,4096,1,0,True,6894.87,542.19,542.19,542.19,6.948
2026-05-13T19:31:43.911319+00:00,gpu0_correctness,0,ckpt_s4096_e4096,benchmark,65536,4096,4096,1,0,True,11272.01,1200.34,1200.34,1200.34,7.702
2026-05-13T19:31:51.614046+00:00,gpu0_correctness,0,ckpt_s8192_e4096,correctness,2048,8192,4096,1,0,True,,,,,6.961
2026-05-13T19:31:58.575679+00:00,gpu0_correctness,0,ckpt_s8192_e4096,correctness,8192,8192,4096,1,0,True,,,,,7.927
2026-05-13T19:32:06.503385+00:00,gpu0_correctness,0,ckpt_s8192_e4096,benchmark,8192,8192,4096,1,0,True,4092.77,262.58,262.58,262.58,7.509
2026-05-13T19:32:06.503385+00:00,gpu0_correctness,0,ckpt_s8192_e4096,benchmark,32768,8192,4096,1,0,True,6894.87,539.85,539.85,539.85,7.509
2026-05-13T19:32:14.012341+00:00,gpu0_correctness,0,ckpt_s8192_e4096,benchmark,65536,8192,4096,1,0,True,11272.01,1155.84,1155.84,1155.84,7.917
2026-05-13T19:32:21.929625+00:00,gpu0_correctness,0,ckpt_s16384_e4096,correctness,2048,16384,4096,1,0,True,,,,,7.280
2026-05-13T19:32:29.210389+00:00,gpu0_correctness,0,ckpt_s16384_e4096,correctness,8192,16384,4096,1,0,True,,,,,7.755
2026-05-13T19:32:36.965309+00:00,gpu0_correctness,0,ckpt_s16384_e4096,benchmark,8192,16384,4096,1,0,True,4092.77,236.99,236.99,236.99,7.229
2026-05-13T19:32:36.965309+00:00,gpu0_correctness,0,ckpt_s16384_e4096,benchmark,32768,16384,4096,1,0,True,6894.87,534.84,534.84,534.84,7.229
2026-05-13T19:32:44.194599+00:00,gpu0_correctness,0,ckpt_s16384_e4096,benchmark,65536,16384,4096,1,0,True,11272.01,1145.5,1145.5,1145.5,7.467
2026-05-13T19:32:51.662463+00:00,gpu0_correctness,0,ckpt_s8192_e8192,correctness,2048,8192,8192,1,0,True,,,,,7.547
2026-05-13T19:32:59.209262+00:00,gpu0_correctness,0,ckpt_s8192_e8192,correctness,8192,8192,8192,1,0,True,,,,,8.006
2026-05-13T19:33:07.215367+00:00,gpu0_correctness,0,ckpt_s8192_e8192,benchmark,8192,8192,8192,1,0,True,4012.63,84.51,84.51,84.51,6.935
2026-05-13T19:33:07.215367+00:00,gpu0_correctness,0,ckpt_s8192_e8192,benchmark,32768,8192,8192,1,0,True,6814.85,350.39,350.39,350.39,6.935
2026-05-13T19:33:14.150340+00:00,gpu0_correctness,0,ckpt_s8192_e8192,benchmark,65536,8192,8192,1,0,True,11272.01,748.52,748.52,748.52,6.658
2026-05-13T19:33:20.808794+00:00,gpu0_correctness,0,nocp_s2048_e2048,correctness,2048,2048,2048,0,0,True,,,,,6.439
2026-05-13T19:33:27.247637+00:00,gpu0_correctness,0,nocp_s2048_e2048,correctness,8192,2048,2048,0,0,True,,,,,7.080
2026-05-13T19:33:34.328412+00:00,gpu0_correctness,0,nocp_s2048_e2048,benchmark,8192,2048,2048,0,0,True,4526.78,202.55,202.55,202.55,7.896
2026-05-13T19:33:34.328412+00:00,gpu0_correctness,0,nocp_s2048_e2048,benchmark,32768,2048,2048,0,0,True,9474.38,892.62,892.62,892.62,7.896
2026-05-13T19:33:42.224385+00:00,gpu0_correctness,0,nocp_s2048_e2048,benchmark,65536,2048,2048,0,0,True,17708.01,1965.9,1965.9,1965.9,8.762
2026-05-13T19:33:50.986523+00:00,gpu0_correctness,0,nocp_s4096_e2048,correctness,2048,4096,2048,0,0,True,,,,,6.501
2026-05-13T19:33:57.488123+00:00,gpu0_correctness,0,nocp_s4096_e2048,correctness,8192,4096,2048,0,0,True,,,,,6.844
2026-05-13T19:34:04.332618+00:00,gpu0_correctness,0,nocp_s4096_e2048,benchmark,8192,4096,2048,0,0,True,4527.66,203.64,203.64,203.64,8.204
2026-05-13T19:34:04.332618+00:00,gpu0_correctness,0,nocp_s4096_e2048,benchmark,32768,4096,2048,0,0,True,9473.26,892.15,892.15,892.15,8.204
2026-05-13T19:34:12.536932+00:00,gpu0_correctness,0,nocp_s4096_e2048,benchmark,65536,4096,2048,0,0,True,17708.01,1934.9,1934.9,1934.9,8.509
2026-05-13T19:34:21.046688+00:00,gpu0_correctness,0,nocp_s4096_e4096,correctness,2048,4096,4096,0,0,True,,,,,7.038
2026-05-13T19:34:28.084671+00:00,gpu0_correctness,0,nocp_s4096_e4096,correctness,8192,4096,4096,0,0,True,,,,,7.185
2026-05-13T19:34:35.269732+00:00,gpu0_correctness,0,nocp_s4096_e4096,benchmark,8192,4096,4096,0,0,True,4428.77,117.14,117.14,117.14,6.466
2026-05-13T19:34:35.269732+00:00,gpu0_correctness,0,nocp_s4096_e4096,benchmark,32768,4096,4096,0,0,True,9328.38,515.83,515.83,515.83,6.466
2026-05-13T19:34:41.736182+00:00,gpu0_correctness,0,nocp_s4096_e4096,benchmark,65536,4096,4096,0,0,True,17416.01,1123.24,1123.24,1123.24,6.995
2026-05-13T19:34:48.731779+00:00,gpu0_correctness,0,nocp_s8192_e4096,correctness,2048,8192,4096,0,0,True,,,,,5.939
2026-05-13T19:34:54.670755+00:00,gpu0_correctness,0,nocp_s8192_e4096,correctness,8192,8192,4096,0,0,True,,,,,6.426
2026-05-13T19:35:01.097489+00:00,gpu0_correctness,0,nocp_s8192_e4096,benchmark,8192,8192,4096,0,0,True,4428.77,125.6,125.6,125.6,6.210
2026-05-13T19:35:01.097489+00:00,gpu0_correctness,0,nocp_s8192_e4096,benchmark,32768,8192,4096,0,0,True,9328.38,532.29,532.29,532.29,6.210
2026-05-13T19:35:07.308056+00:00,gpu0_correctness,0,nocp_s8192_e4096,benchmark,65536,8192,4096,0,0,True,17416.01,1109.0,1109.0,1109.0,6.741
2026-05-13T19:35:14.049550+00:00,gpu0_correctness,0,nocp_s8192_e8192,correctness,2048,8192,8192,0,0,True,,,,,6.772
2026-05-13T19:35:20.821764+00:00,gpu0_correctness,0,nocp_s8192_e8192,correctness,8192,8192,8192,0,0,True,,,,,6.489
2026-05-13T19:35:27.311063+00:00,gpu0_correctness,0,nocp_s8192_e8192,benchmark,8192,8192,8192,0,0,True,4300.63,76.39,76.39,76.39,5.607
2026-05-13T19:35:27.311063+00:00,gpu0_correctness,0,nocp_s8192_e8192,benchmark,32768,8192,8192,0,0,True,9328.38,326.82,326.82,326.82,5.607
2026-05-13T19:35:32.918333+00:00,gpu0_correctness,0,nocp_s8192_e8192,benchmark,65536,8192,8192,0,0,True,17416.01,700.6,700.6,700.6,6.081
2026-05-13T19:35:38.999811+00:00,gpu0_correctness,0,ckpt_s1024_e1024,correctness,2048,1024,1024,1,0,True,,,,,7.380
2026-05-13T19:35:46.380347+00:00,gpu0_correctness,0,ckpt_s1024_e1024,correctness,8192,1024,1024,1,0,True,,,,,7.562
2026-05-13T19:35:53.942307+00:00,gpu0_correctness,0,ckpt_s1024_e1024,benchmark,8192,1024,1024,1,0,True,4152.79,397.27,397.27,397.27,9.774
2026-05-13T19:35:53.942307+00:00,gpu0_correctness,0,ckpt_s1024_e1024,benchmark,32768,1024,1024,1,0,True,6954.88,1778.05,1778.05,1778.05,9.774
2026-05-13T19:36:03.716223+00:00,gpu0_correctness,0,ckpt_s1024_e1024,benchmark,65536,1024,1024,1,0,True,11272.01,3845.77,3845.77,3845.77,12.926
2026-05-13T19:36:16.642345+00:00,gpu0_correctness,0,ckpt_s2048_e1024,correctness,2048,2048,1024,1,0,True,,,,,7.201
2026-05-13T19:36:23.843257+00:00,gpu0_correctness,0,ckpt_s2048_e1024,correctness,8192,2048,1024,1,0,True,,,,,7.467
2026-05-13T19:36:31.310661+00:00,gpu0_correctness,0,ckpt_s2048_e1024,benchmark,8192,2048,1024,1,0,True,4153.66,396.58,396.58,396.58,10.350
2026-05-13T19:36:31.310661+00:00,gpu0_correctness,0,ckpt_s2048_e1024,benchmark,32768,2048,1024,1,0,True,6955.75,1724.08,1724.08,1724.08,10.350
2026-05-13T19:36:41.661033+00:00,gpu0_correctness,0,ckpt_s2048_e1024,benchmark,65536,2048,1024,1,0,True,11272.51,3809.23,3809.23,3809.23,13.094
2026-05-13T19:36:54.755734+00:00,gpu0_correctness,0,ckpt_s4096_e1024,correctness,2048,4096,1024,1,0,True,,,,,7.310
2026-05-13T19:37:02.066280+00:00,gpu0_correctness,0,ckpt_s4096_e1024,correctness,8192,4096,1024,1,0,True,,,,,7.453
2026-05-13T19:37:09.519688+00:00,gpu0_correctness,0,ckpt_s4096_e1024,benchmark,8192,4096,1024,1,0,True,4153.16,402.91,402.91,402.91,10.591
2026-05-13T19:37:09.519688+00:00,gpu0_correctness,0,ckpt_s4096_e1024,benchmark,32768,4096,1024,1,0,True,6955.25,1751.95,1751.95,1751.95,10.591
2026-05-13T19:37:20.111222+00:00,gpu0_correctness,0,ckpt_s4096_e1024,benchmark,65536,4096,1024,1,0,True,11272.51,3755.1,3755.1,3755.1,12.565
2026-05-13T19:37:32.676387+00:00,gpu0_correctness,0,ckpt_s2048_e2048,correctness,2048,2048,2048,1,0,True,,,,,8.217
2026-05-13T19:37:40.894165+00:00,gpu0_correctness,0,ckpt_s2048_e2048,correctness,8192,2048,2048,1,0,True,,,,,7.508
2026-05-13T19:37:48.402493+00:00,gpu0_correctness,0,ckpt_s2048_e2048,benchmark,8192,2048,2048,1,0,True,4133.78,213.07,213.07,213.07,7.760
2026-05-13T19:37:48.402493+00:00,gpu0_correctness,0,ckpt_s2048_e2048,benchmark,32768,2048,2048,1,0,True,6934.88,934.23,934.23,934.23,7.760
2026-05-13T19:37:56.163083+00:00,gpu0_correctness,0,ckpt_s2048_e2048,benchmark,65536,2048,2048,1,0,True,11272.01,2106.33,2106.33,2106.33,9.348
2026-05-13T19:38:05.511380+00:00,gpu0_correctness,0,ckpt_s4096_e2048,correctness,2048,4096,2048,1,0,True,,,,,6.972
2026-05-13T19:38:12.483900+00:00,gpu0_correctness,0,ckpt_s4096_e2048,correctness,8192,4096,2048,1,0,True,,,,,7.344
2026-05-13T19:38:19.828409+00:00,gpu0_correctness,0,ckpt_s4096_e2048,benchmark,8192,4096,2048,1,0,True,4132.78,216.23,216.23,216.23,8.921
2026-05-13T19:38:19.828409+00:00,gpu0_correctness,0,ckpt_s4096_e2048,benchmark,32768,4096,2048,1,0,True,6934.88,943.05,943.05,943.05,8.921
2026-05-13T19:38:28.750080+00:00,gpu0_correctness,0,ckpt_s4096_e2048,benchmark,65536,4096,2048,1,0,True,11272.01,2019.9,2019.9,2019.9,8.917
2026-05-13T19:38:37.667393+00:00,gpu0_correctness,0,ckpt_s8192_e2048,correctness,2048,8192,2048,1,0,True,,,,,7.783
2026-05-13T19:38:45.450975+00:00,gpu0_correctness,0,ckpt_s8192_e2048,correctness,8192,8192,2048,1,0,True,,,,,8.180
2026-05-13T19:38:53.631671+00:00,gpu0_correctness,0,ckpt_s8192_e2048,benchmark,8192,8192,2048,1,0,True,4132.78,216.57,216.57,216.57,7.865
2026-05-13T19:38:53.631671+00:00,gpu0_correctness,0,ckpt_s8192_e2048,benchmark,32768,8192,2048,1,0,True,6934.88,929.45,929.45,929.45,7.865
2026-05-13T19:39:01.496762+00:00,gpu0_correctness,0,ckpt_s8192_e2048,benchmark,65536,8192,2048,1,0,True,11272.01,2030.63,2030.63,2030.63,9.223
2026-05-13T19:39:10.719923+00:00,gpu0_correctness,0,ckpt_s4096_e4096,correctness,2048,4096,4096,1,0,True,,,,,7.983
2026-05-13T19:39:18.703345+00:00,gpu0_correctness,0,ckpt_s4096_e4096,correctness,8192,4096,4096,1,0,True,,,,,7.594
2026-05-13T19:39:26.297897+00:00,gpu0_correctness,0,ckpt_s4096_e4096,benchmark,8192,4096,4096,1,0,True,4092.77,124.13,124.13,124.13,7.277
2026-05-13T19:39:26.297897+00:00,gpu0_correctness,0,ckpt_s4096_e4096,benchmark,32768,4096,4096,1,0,True,6894.87,558.36,558.36,558.36,7.277
2026-05-13T19:39:33.575463+00:00,gpu0_correctness,0,ckpt_s4096_e4096,benchmark,65536,4096,4096,1,0,True,11272.01,1174.68,1174.68,1174.68,7.418
2026-05-13T19:39:40.994292+00:00,gpu0_correctness,0,ckpt_s8192_e4096,correctness,2048,8192,4096,1,0,True,,,,,7.130
2026-05-13T19:39:48.124624+00:00,gpu0_correctness,0,ckpt_s8192_e4096,correctness,8192,8192,4096,1,0,True,,,,,7.270
2026-05-13T19:39:55.395233+00:00,gpu0_correctness,0,ckpt_s8192_e4096,benchmark,8192,8192,4096,1,0,True,4092.77,255.45,255.45,255.45,7.451
2026-05-13T19:39:55.395233+00:00,gpu0_correctness,0,ckpt_s8192_e4096,benchmark,32768,8192,4096,1,0,True,6894.87,539.85,539.85,539.85,7.451
2026-05-13T19:40:02.846132+00:00,gpu0_correctness,0,ckpt_s8192_e4096,benchmark,65536,8192,4096,1,0,True,11272.01,1193.65,1193.65,1193.65,7.408
2026-05-13T19:40:10.254976+00:00,gpu0_correctness,0,ckpt_s16384_e4096,correctness,2048,16384,4096,1,0,True,,,,,7.467
2026-05-13T19:40:17.722745+00:00,gpu0_correctness,0,ckpt_s16384_e4096,correctness,8192,16384,4096,1,0,True,,,,,7.372
2026-05-13T19:40:25.095421+00:00,gpu0_correctness,0,ckpt_s16384_e4096,benchmark,8192,16384,4096,1,0,True,4092.77,247.07,247.07,247.07,7.688
2026-05-13T19:40:25.095421+00:00,gpu0_correctness,0,ckpt_s16384_e4096,benchmark,32768,16384,4096,1,0,True,6894.87,532.62,532.62,532.62,7.688
2026-05-13T19:40:32.784165+00:00,gpu0_correctness,0,ckpt_s16384_e4096,benchmark,65536,16384,4096,1,0,True,11272.01,1148.35,1148.35,1148.35,7.095
2026-05-13T19:40:39.879629+00:00,gpu0_correctness,0,ckpt_s8192_e8192,correctness,2048,8192,8192,1,0,True,,,,,7.412
2026-05-13T19:40:47.291956+00:00,gpu0_correctness,0,ckpt_s8192_e8192,correctness,8192,8192,8192,1,0,True,,,,,7.190
2026-05-13T19:40:54.482721+00:00,gpu0_correctness,0,ckpt_s8192_e8192,benchmark,8192,8192,8192,1,0,True,4012.63,80.75,80.75,80.75,6.546
2026-05-13T19:40:54.482721+00:00,gpu0_correctness,0,ckpt_s8192_e8192,benchmark,32768,8192,8192,1,0,True,6814.85,351.78,351.78,351.78,6.546
2026-05-13T19:41:01.029235+00:00,gpu0_correctness,0,ckpt_s8192_e8192,benchmark,65536,8192,8192,1,0,True,11272.01,749.34,749.34,749.34,6.645
2026-05-13T19:41:07.674583+00:00,gpu0_correctness,0,nocp_s2048_e2048,correctness,2048,2048,2048,0,0,True,,,,,6.662
2026-05-13T19:41:14.336940+00:00,gpu0_correctness,0,nocp_s2048_e2048,correctness,8192,2048,2048,0,0,True,,,,,7.062
2026-05-13T19:41:21.399202+00:00,gpu0_correctness,0,nocp_s2048_e2048,benchmark,8192,2048,2048,0,0,True,4526.78,203.89,203.89,203.89,7.504
2026-05-13T19:41:21.399202+00:00,gpu0_correctness,0,nocp_s2048_e2048,benchmark,32768,2048,2048,0,0,True,9474.38,892.87,892.87,892.87,7.504
2026-05-13T19:41:28.903189+00:00,gpu0_correctness,0,nocp_s2048_e2048,benchmark,65536,2048,2048,0,0,True,17708.01,1982.41,1982.41,1982.41,8.564
2026-05-13T19:41:37.467126+00:00,gpu0_correctness,0,nocp_s4096_e2048,correctness,2048,4096,2048,0,0,True,,,,,6.269
2026-05-13T19:41:43.736730+00:00,gpu0_correctness,0,nocp_s4096_e2048,correctness,8192,4096,2048,0,0,True,,,,,6.708
2026-05-13T19:41:50.445537+00:00,gpu0_correctness,0,nocp_s4096_e2048,benchmark,8192,4096,2048,0,0,True,4527.66,203.97,203.97,203.97,7.355
2026-05-13T19:41:50.445537+00:00,gpu0_correctness,0,nocp_s4096_e2048,benchmark,32768,4096,2048,0,0,True,9473.26,885.16,885.16,885.16,7.355
2026-05-13T19:41:57.801097+00:00,gpu0_correctness,0,nocp_s4096_e2048,benchmark,65536,4096,2048,0,0,True,17708.01,1934.33,1934.33,1934.33,8.075
2026-05-13T19:42:05.876619+00:00,gpu0_correctness,0,nocp_s4096_e4096,correctness,2048,4096,4096,0,0,True,,,,,6.794
2026-05-13T19:42:12.671245+00:00,gpu0_correctness,0,nocp_s4096_e4096,correctness,8192,4096,4096,0,0,True,,,,,7.011
2026-05-13T19:42:19.682239+00:00,gpu0_correctness,0,nocp_s4096_e4096,benchmark,8192,4096,4096,0,0,True,4428.77,119.03,119.03,119.03,6.614
2026-05-13T19:42:19.682239+00:00,gpu0_correctness,0,nocp_s4096_e4096,benchmark,32768,4096,4096,0,0,True,9328.38,515.95,515.95,515.95,6.614
2026-05-13T19:42:26.296327+00:00,gpu0_correctness,0,nocp_s4096_e4096,benchmark,65536,4096,4096,0,0,True,17416.01,1124.3,1124.3,1124.3,6.771
2026-05-13T19:42:33.068000+00:00,gpu0_correctness,0,nocp_s8192_e4096,correctness,2048,8192,4096,0,0,True,,,,,6.627
2026-05-13T19:42:39.695875+00:00,gpu0_correctness,0,nocp_s8192_e4096,correctness,8192,8192,4096,0,0,True,,,,,6.938
2026-05-13T19:42:46.634017+00:00,gpu0_correctness,0,nocp_s8192_e4096,benchmark,8192,8192,4096,0,0,True,4428.77,117.01,117.01,117.01,6.894
2026-05-13T19:42:46.634017+00:00,gpu0_correctness,0,nocp_s8192_e4096,benchmark,32768,8192,4096,0,0,True,9328.38,512.64,512.64,512.64,6.894
2026-05-13T19:42:53.528505+00:00,gpu0_correctness,0,nocp_s8192_e4096,benchmark,65536,8192,4096,0,0,True,17416.01,1108.54,1108.54,1108.54,6.768
2026-05-13T19:43:00.296563+00:00,gpu0_correctness,0,nocp_s8192_e8192,correctness,2048,8192,8192,0,0,True,,,,,6.569
2026-05-13T19:43:06.866322+00:00,gpu0_correctness,0,nocp_s8192_e8192,correctness,8192,8192,8192,0,0,True,,,,,6.387
2026-05-13T19:43:13.253486+00:00,gpu0_correctness,0,nocp_s8192_e8192,benchmark,8192,8192,8192,0,0,True,4300.63,76.68,76.68,76.68,5.576
2026-05-13T19:43:13.253486+00:00,gpu0_correctness,0,nocp_s8192_e8192,benchmark,32768,8192,8192,0,0,True,9328.38,327.05,327.05,327.05,5.576
2026-05-13T19:43:18.829569+00:00,gpu0_correctness,0,nocp_s8192_e8192,benchmark,65536,8192,8192,0,0,True,17416.01,701.39,701.39,701.39,6.275
2026-05-13T19:43:25.105562+00:00,gpu0_correctness,0,ckpt_s1024_e1024,correctness,2048,1024,1024,1,0,True,,,,,7.270
2026-05-13T19:43:32.375432+00:00,gpu0_correctness,0,ckpt_s1024_e1024,correctness,8192,1024,1024,1,0,True,,,,,7.225
2026-05-13T19:43:39.601056+00:00,gpu0_correctness,0,ckpt_s1024_e1024,benchmark,8192,1024,1024,1,0,True,4152.79,398.22,398.22,398.22,10.403
2026-05-13T19:43:39.601056+00:00,gpu0_correctness,0,ckpt_s1024_e1024,benchmark,32768,1024,1024,1,0,True,6954.88,1744.79,1744.79,1744.79,10.403
2026-05-13T19:43:50.003869+00:00,gpu0_correctness,0,ckpt_s1024_e1024,benchmark,65536,1024,1024,1,0,True,11272.01,3883.2,3883.2,3883.2,12.902
2026-05-13T19:44:02.906158+00:00,gpu0_correctness,0,ckpt_s2048_e1024,correctness,2048,2048,1024,1,0,True,,,,,7.254
2026-05-13T19:44:10.160804+00:00,gpu0_correctness,0,ckpt_s2048_e1024,correctness,8192,2048,1024,1,0,True,,,,,7.665
2026-05-13T19:44:17.826630+00:00,gpu0_correctness,0,ckpt_s2048_e1024,benchmark,8192,2048,1024,1,0,True,4153.66,410.14,410.14,410.14,10.572
2026-05-13T19:44:17.826630+00:00,gpu0_correctness,0,ckpt_s2048_e1024,benchmark,32768,2048,1024,1,0,True,6955.75,1751.25,1751.25,1751.25,10.572
2026-05-13T19:44:28.398853+00:00,gpu0_correctness,0,ckpt_s2048_e1024,benchmark,65536,2048,1024,1,0,True,11272.51,3830.83,3830.83,3830.83,13.178
2026-05-13T19:44:41.577491+00:00,gpu0_correctness,0,ckpt_s4096_e1024,correctness,2048,4096,1024,1,0,True,,,,,7.443
2026-05-13T19:44:49.020626+00:00,gpu0_correctness,0,ckpt_s4096_e1024,correctness,8192,4096,1024,1,0,True,,,,,7.738
2026-05-13T19:44:56.758583+00:00,gpu0_correctness,0,ckpt_s4096_e1024,benchmark,8192,4096,1024,1,0,True,4153.16,401.49,401.49,401.49,9.807
2026-05-13T19:44:56.758583+00:00,gpu0_correctness,0,ckpt_s4096_e1024,benchmark,32768,4096,1024,1,0,True,6955.25,1783.31,1783.31,1783.31,9.807
2026-05-13T19:45:06.565472+00:00,gpu0_correctness,0,ckpt_s4096_e1024,benchmark,65536,4096,1024,1,0,True,11272.51,3801.45,3801.45,3801.45,12.532
2026-05-13T19:45:19.098318+00:00,gpu0_correctness,0,ckpt_s2048_e2048,correctness,2048,2048,2048,1,0,True,,,,,7.763
2026-05-13T19:45:26.861746+00:00,gpu0_correctness,0,ckpt_s2048_e2048,correctness,8192,2048,2048,1,0,True,,,,,7.358
2026-05-13T19:45:34.219573+00:00,gpu0_correctness,0,ckpt_s2048_e2048,benchmark,8192,2048,2048,1,0,True,4133.78,213.38,213.38,213.38,8.137
2026-05-13T19:45:34.219573+00:00,gpu0_correctness,0,ckpt_s2048_e2048,benchmark,32768,2048,2048,1,0,True,6934.88,946.9,946.9,946.9,8.137
2026-05-13T19:45:42.357311+00:00,gpu0_correctness,0,ckpt_s2048_e2048,benchmark,65536,2048,2048,1,0,True,11272.01,2077.45,2077.45,2077.45,9.215
2026-05-13T19:45:51.572911+00:00,gpu0_correctness,0,ckpt_s4096_e2048,correctness,2048,4096,2048,1,0,True,,,,,7.699
2026-05-13T19:45:59.272364+00:00,gpu0_correctness,0,ckpt_s4096_e2048,correctness,8192,4096,2048,1,0,True,,,,,7.644
2026-05-13T19:46:06.916618+00:00,gpu0_correctness,0,ckpt_s4096_e2048,benchmark,8192,4096,2048,1,0,True,4132.78,221.17,221.17,221.17,8.602
2026-05-13T19:46:06.916618+00:00,gpu0_correctness,0,ckpt_s4096_e2048,benchmark,32768,4096,2048,1,0,True,6934.88,929.91,929.91,929.91,8.602
2026-05-13T19:46:15.519460+00:00,gpu0_correctness,0,ckpt_s4096_e2048,benchmark,65536,4096,2048,1,0,True,11272.01,2055.98,2055.98,2055.98,9.608
2026-05-13T19:46:25.128343+00:00,gpu0_correctness,0,ckpt_s8192_e2048,correctness,2048,8192,2048,1,0,True,,,,,6.758
2026-05-13T19:46:31.886886+00:00,gpu0_correctness,0,ckpt_s8192_e2048,correctness,8192,8192,2048,1,0,True,,,,,7.513
2026-05-13T19:46:39.400324+00:00,gpu0_correctness,0,ckpt_s8192_e2048,benchmark,8192,8192,2048,1,0,True,4132.78,212.72,212.72,212.72,8.405
2026-05-13T19:46:39.400324+00:00,gpu0_correctness,0,ckpt_s8192_e2048,benchmark,32768,8192,2048,1,0,True,6934.88,926.08,926.08,926.08,8.405
2026-05-13T19:46:47.805890+00:00,gpu0_correctness,0,ckpt_s8192_e2048,benchmark,65536,8192,2048,1,0,True,11272.01,2006.1,2006.1,2006.1,9.060
2026-05-13T19:46:56.866258+00:00,gpu0_correctness,0,ckpt_s4096_e4096,correctness,2048,4096,4096,1,0,True,,,,,7.085
2026-05-13T19:47:03.951331+00:00,gpu0_correctness,0,ckpt_s4096_e4096,correctness,8192,4096,4096,1,0,True,,,,,8.037
2026-05-13T19:47:11.988255+00:00,gpu0_correctness,0,ckpt_s4096_e4096,benchmark,8192,4096,4096,1,0,True,4092.77,126.53,126.53,126.53,7.371
2026-05-13T19:47:11.988255+00:00,gpu0_correctness,0,ckpt_s4096_e4096,benchmark,32768,4096,4096,1,0,True,6894.87,539.83,539.83,539.83,7.371
2026-05-13T19:47:19.359577+00:00,gpu0_correctness,0,ckpt_s4096_e4096,benchmark,65536,4096,4096,1,0,True,11272.01,1174.89,1174.89,1174.89,8.081
2026-05-13T19:47:27.440648+00:00,gpu0_correctness,0,ckpt_s8192_e4096,correctness,2048,8192,4096,1,0,True,,,,,7.330
2026-05-13T19:47:34.770516+00:00,gpu0_correctness,0,ckpt_s8192_e4096,correctness,8192,8192,4096,1,0,True,,,,,7.402
2026-05-13T19:47:42.172618+00:00,gpu0_correctness,0,ckpt_s8192_e4096,benchmark,8192,8192,4096,1,0,True,4092.77,252.74,252.74,252.74,7.239
2026-05-13T19:47:42.172618+00:00,gpu0_correctness,0,ckpt_s8192_e4096,benchmark,32768,8192,4096,1,0,True,6894.87,538.03,538.03,538.03,7.239
2026-05-13T19:47:49.412335+00:00,gpu0_correctness,0,ckpt_s8192_e4096,benchmark,65536,8192,4096,1,0,True,11272.01,1180.61,1180.61,1180.61,7.342
2026-05-13T19:47:56.754473+00:00,gpu0_correctness,0,ckpt_s16384_e4096,correctness,2048,16384,4096,1,0,True,,,,,6.965
2026-05-13T19:48:03.719465+00:00,gpu0_correctness,0,ckpt_s16384_e4096,correctness,8192,16384,4096,1,0,True,,,,,7.395
2026-05-13T19:48:11.115098+00:00,gpu0_correctness,0,ckpt_s16384_e4096,benchmark,8192,16384,4096,1,0,True,4092.77,246.2,246.2,246.2,7.387
2026-05-13T19:48:11.115098+00:00,gpu0_correctness,0,ckpt_s16384_e4096,benchmark,32768,16384,4096,1,0,True,6894.87,532.45,532.45,532.45,7.387
2026-05-13T19:48:18.502602+00:00,gpu0_correctness,0,ckpt_s16384_e4096,benchmark,65536,16384,4096,1,0,True,11272.01,1148.6,1148.6,1148.6,7.834
2026-05-13T19:48:26.337392+00:00,gpu0_correctness,0,ckpt_s8192_e8192,correctness,2048,8192,8192,1,0,True,,,,,7.033
2026-05-13T19:48:33.370879+00:00,gpu0_correctness,0,ckpt_s8192_e8192,correctness,8192,8192,8192,1,0,True,,,,,7.652
2026-05-13T19:48:41.022969+00:00,gpu0_correctness,0,ckpt_s8192_e8192,benchmark,8192,8192,8192,1,0,True,4012.63,83.18,83.18,83.18,6.772
2026-05-13T19:48:41.022969+00:00,gpu0_correctness,0,ckpt_s8192_e8192,benchmark,32768,8192,8192,1,0,True,6814.85,351.22,351.22,351.22,6.772
2026-05-13T19:48:47.795023+00:00,gpu0_correctness,0,ckpt_s8192_e8192,benchmark,65536,8192,8192,1,0,True,11272.01,748.41,748.41,748.41,6.847
2026-05-13T19:48:54.642563+00:00,gpu0_correctness,0,nocp_s2048_e2048,correctness,2048,2048,2048,0,0,True,,,,,6.248
2026-05-13T19:49:00.890829+00:00,gpu0_correctness,0,nocp_s2048_e2048,correctness,8192,2048,2048,0,0,True,,,,,6.585
2026-05-13T19:49:07.476554+00:00,gpu0_correctness,0,nocp_s2048_e2048,benchmark,8192,2048,2048,0,0,True,4526.78,202.89,202.89,202.89,7.716
2026-05-13T19:49:07.476554+00:00,gpu0_correctness,0,nocp_s2048_e2048,benchmark,32768,2048,2048,0,0,True,9474.38,893.0,893.0,893.0,7.716
2026-05-13T19:49:15.192870+00:00,gpu0_correctness,0,nocp_s2048_e2048,benchmark,65536,2048,2048,0,0,True,17708.01,1983.16,1983.16,1983.16,8.654
2026-05-13T19:49:23.847480+00:00,gpu0_correctness,0,nocp_s4096_e2048,correctness,2048,4096,2048,0,0,True,,,,,7.015
2026-05-13T19:49:30.863176+00:00,gpu0_correctness,0,nocp_s4096_e2048,correctness,8192,4096,2048,0,0,True,,,,,6.810
2026-05-13T19:49:37.673589+00:00,gpu0_correctness,0,nocp_s4096_e2048,benchmark,8192,4096,2048,0,0,True,4527.66,202.54,202.54,202.54,7.538
2026-05-13T19:49:37.673589+00:00,gpu0_correctness,0,nocp_s4096_e2048,benchmark,32768,4096,2048,0,0,True,9473.26,885.18,885.18,885.18,7.538
2026-05-13T19:49:45.211709+00:00,gpu0_correctness,0,nocp_s4096_e2048,benchmark,65536,4096,2048,0,0,True,17708.01,1937.74,1937.74,1937.74,8.528
2026-05-13T19:49:53.740492+00:00,gpu0_correctness,0,nocp_s4096_e4096,correctness,2048,4096,4096,0,0,True,,,,,6.495
2026-05-13T19:50:00.235325+00:00,gpu0_correctness,0,nocp_s4096_e4096,correctness,8192,4096,4096,0,0,True,,,,,6.660
2026-05-13T19:50:06.895595+00:00,gpu0_correctness,0,nocp_s4096_e4096,benchmark,8192,4096,4096,0,0,True,4428.77,119.01,119.01,119.01,6.570
2026-05-13T19:50:06.895595+00:00,gpu0_correctness,0,nocp_s4096_e4096,benchmark,32768,4096,4096,0,0,True,9328.38,516.25,516.25,516.25,6.570
2026-05-13T19:50:13.465746+00:00,gpu0_correctness,0,nocp_s4096_e4096,benchmark,65536,4096,4096,0,0,True,17416.01,1122.48,1122.48,1122.48,6.811
2026-05-13T19:50:20.276968+00:00,gpu0_correctness,0,nocp_s8192_e4096,correctness,2048,8192,4096,0,0,True,,,,,7.012
2026-05-13T19:50:27.289141+00:00,gpu0_correctness,0,nocp_s8192_e4096,correctness,8192,8192,4096,0,0,True,,,,,6.953
2026-05-13T19:50:34.241981+00:00,gpu0_correctness,0,nocp_s8192_e4096,benchmark,8192,8192,4096,0,0,True,4428.77,119.34,119.34,119.34,5.802
2026-05-13T19:50:34.241981+00:00,gpu0_correctness,0,nocp_s8192_e4096,benchmark,32768,8192,4096,0,0,True,9328.38,513.26,513.26,513.26,5.802
2026-05-13T19:50:40.044235+00:00,gpu0_correctness,0,nocp_s8192_e4096,benchmark,65536,8192,4096,0,0,True,17416.01,1109.47,1109.47,1109.47,6.573
2026-05-13T19:50:46.617957+00:00,gpu0_correctness,0,nocp_s8192_e8192,correctness,2048,8192,8192,0,0,True,,,,,6.905
2026-05-13T19:50:53.523209+00:00,gpu0_correctness,0,nocp_s8192_e8192,correctness,8192,8192,8192,0,0,True,,,,,7.193
2026-05-13T19:51:00.716777+00:00,gpu0_correctness,0,nocp_s8192_e8192,benchmark,8192,8192,8192,0,0,True,4300.63,76.23,76.23,76.23,5.997
2026-05-13T19:51:00.716777+00:00,gpu0_correctness,0,nocp_s8192_e8192,benchmark,32768,8192,8192,0,0,True,9328.38,326.99,326.99,326.99,5.997
2026-05-13T19:51:06.714455+00:00,gpu0_correctness,0,nocp_s8192_e8192,benchmark,65536,8192,8192,0,0,True,17416.01,733.52,733.52,733.52,5.716
2026-05-13T19:51:12.430986+00:00,gpu0_correctness,0,ckpt_s1024_e1024,correctness,2048,1024,1024,1,0,True,,,,,7.223
2026-05-13T19:51:19.653987+00:00,gpu0_correctness,0,ckpt_s1024_e1024,correctness,8192,1024,1024,1,0,True,,,,,7.448
2026-05-13T19:51:27.102197+00:00,gpu0_correctness,0,ckpt_s1024_e1024,benchmark,8192,1024,1024,1,0,True,4152.79,403.5,403.5,403.5,10.552
2026-05-13T19:51:27.102197+00:00,gpu0_correctness,0,ckpt_s1024_e1024,benchmark,32768,1024,1024,1,0,True,6954.88,1757.18,1757.18,1757.18,10.552
2026-05-13T19:51:37.654810+00:00,gpu0_correctness,0,ckpt_s1024_e1024,benchmark,65536,1024,1024,1,0,True,11272.01,3913.46,3913.46,3913.46,12.792
2026-05-13T19:51:50.446919+00:00,gpu0_correctness,0,ckpt_s2048_e1024,correctness,2048,2048,1024,1,0,True,,,,,7.715
2026-05-13T19:51:58.162647+00:00,gpu0_correctness,0,ckpt_s2048_e1024,correctness,8192,2048,1024,1,0,True,,,,,8.412
2026-05-13T19:52:06.574956+00:00,gpu0_correctness,0,ckpt_s2048_e1024,benchmark,8192,2048,1024,1,0,True,4153.66,403.6,403.6,403.6,10.125
2026-05-13T19:52:06.574956+00:00,gpu0_correctness,0,ckpt_s2048_e1024,benchmark,32768,2048,1024,1,0,True,6955.75,1723.44,1723.44,1723.44,10.125
2026-05-13T19:52:16.700026+00:00,gpu0_correctness,0,ckpt_s2048_e1024,benchmark,65536,2048,1024,1,0,True,11272.51,3844.67,3844.67,3844.67,13.198
2026-05-13T19:52:29.898322+00:00,gpu0_correctness,0,ckpt_s4096_e1024,correctness,2048,4096,1024,1,0,True,,,,,8.272
2026-05-13T19:52:38.170536+00:00,gpu0_correctness,0,ckpt_s4096_e1024,correctness,8192,4096,1024,1,0,True,,,,,7.435
2026-05-13T19:52:45.605887+00:00,gpu0_correctness,0,ckpt_s4096_e1024,benchmark,8192,4096,1024,1,0,True,4153.16,402.97,402.97,402.97,10.415
2026-05-13T19:52:45.605887+00:00,gpu0_correctness,0,ckpt_s4096_e1024,benchmark,32768,4096,1024,1,0,True,6955.25,1759.58,1759.58,1759.58,10.415
2026-05-13T19:52:56.021349+00:00,gpu0_correctness,0,ckpt_s4096_e1024,benchmark,65536,4096,1024,1,0,True,11272.51,3803.36,3803.36,3803.36,13.096
2026-05-13T19:53:09.118080+00:00,gpu0_correctness,0,ckpt_s2048_e2048,correctness,2048,2048,2048,1,0,True,,,,,7.294
2026-05-13T19:53:16.412171+00:00,gpu0_correctness,0,ckpt_s2048_e2048,correctness,8192,2048,2048,1,0,True,,,,,6.893
2026-05-13T19:53:23.305834+00:00,gpu0_correctness,0,ckpt_s2048_e2048,benchmark,8192,2048,2048,1,0,True,4133.78,221.09,221.09,221.09,8.218
2026-05-13T19:53:23.305834+00:00,gpu0_correctness,0,ckpt_s2048_e2048,benchmark,32768,2048,2048,1,0,True,6934.88,967.08,967.08,967.08,8.218
2026-05-13T19:53:31.523738+00:00,gpu0_correctness,0,ckpt_s2048_e2048,benchmark,65536,2048,2048,1,0,True,11272.01,2103.05,2103.05,2103.05,9.369
2026-05-13T19:53:40.893502+00:00,gpu0_correctness,0,ckpt_s4096_e2048,correctness,2048,4096,2048,1,0,True,,,,,7.266
2026-05-13T19:53:48.159784+00:00,gpu0_correctness,0,ckpt_s4096_e2048,correctness,8192,4096,2048,1,0,True,,,,,7.328
2026-05-13T19:53:55.488470+00:00,gpu0_correctness,0,ckpt_s4096_e2048,benchmark,8192,4096,2048,1,0,True,4132.78,218.96,218.96,218.96,8.506
2026-05-13T19:53:55.488470+00:00,gpu0_correctness,0,ckpt_s4096_e2048,benchmark,32768,4096,2048,1,0,True,6934.88,965.65,965.65,965.65,8.506
2026-05-13T19:54:03.995118+00:00,gpu0_correctness,0,ckpt_s4096_e2048,benchmark,65536,4096,2048,1,0,True,11272.01,2021.47,2021.47,2021.47,9.683
2026-05-13T19:54:13.678625+00:00,gpu0_correctness,0,ckpt_s8192_e2048,correctness,2048,8192,2048,1,0,True,,,,,7.134
2026-05-13T19:54:20.813384+00:00,gpu0_correctness,0,ckpt_s8192_e2048,correctness,8192,8192,2048,1,0,True,,,,,7.053
2026-05-13T19:54:27.867016+00:00,gpu0_correctness,0,ckpt_s8192_e2048,benchmark,8192,8192,2048,1,0,True,4132.78,216.06,216.06,216.06,7.682
2026-05-13T19:54:27.867016+00:00,gpu0_correctness,0,ckpt_s8192_e2048,benchmark,32768,8192,2048,1,0,True,6934.88,934.89,934.89,934.89,7.682
2026-05-13T19:54:35.549381+00:00,gpu0_correctness,0,ckpt_s8192_e2048,benchmark,65536,8192,2048,1,0,True,11272.01,2024.34,2024.34,2024.34,9.679
2026-05-13T19:54:45.228658+00:00,gpu0_correctness,0,ckpt_s4096_e4096,correctness,2048,4096,4096,1,0,True,,,,,7.378
2026-05-13T19:54:52.607233+00:00,gpu0_correctness,0,ckpt_s4096_e4096,correctness,8192,4096,4096,1,0,True,,,,,7.183
2026-05-13T19:54:59.790879+00:00,gpu0_correctness,0,ckpt_s4096_e4096,benchmark,8192,4096,4096,1,0,True,4092.77,128.72,128.72,128.72,7.294
2026-05-13T19:54:59.790879+00:00,gpu0_correctness,0,ckpt_s4096_e4096,benchmark,32768,4096,4096,1,0,True,6894.87,547.23,547.23,547.23,7.294
2026-05-13T19:55:07.085118+00:00,gpu0_correctness,0,ckpt_s4096_e4096,benchmark,65536,4096,4096,1,0,True,11272.01,1169.0,1169.0,1169.0,7.468
2026-05-13T19:55:14.553492+00:00,gpu0_correctness,0,ckpt_s8192_e4096,correctness,2048,8192,4096,1,0,True,,,,,7.493
2026-05-13T19:55:22.047244+00:00,gpu0_correctness,0,ckpt_s8192_e4096,correctness,8192,8192,4096,1,0,True,,,,,7.305
2026-05-13T19:55:29.352198+00:00,gpu0_correctness,0,ckpt_s8192_e4096,benchmark,8192,8192,4096,1,0,True,4092.77,249.64,249.64,249.64,7.511
2026-05-13T19:55:29.352198+00:00,gpu0_correctness,0,ckpt_s8192_e4096,benchmark,32768,8192,4096,1,0,True,6894.87,546.67,546.67,546.67,7.511
2026-05-13T19:55:36.863695+00:00,gpu0_correctness,0,ckpt_s8192_e4096,benchmark,65536,8192,4096,1,0,True,11272.01,1197.18,1197.18,1197.18,7.726
2026-05-13T19:55:44.590506+00:00,gpu0_correctness,0,ckpt_s16384_e4096,correctness,2048,16384,4096,1,0,True,,,,,7.886
2026-05-13T19:55:52.476841+00:00,gpu0_correctness,0,ckpt_s16384_e4096,correctness,8192,16384,4096,1,0,True,,,,,7.706
2026-05-13T19:56:00.183294+00:00,gpu0_correctness,0,ckpt_s16384_e4096,benchmark,8192,16384,4096,1,0,True,4092.77,248.17,248.17,248.17,7.833
2026-05-13T19:56:00.183294+00:00,gpu0_correctness,0,ckpt_s16384_e4096,benchmark,32768,16384,4096,1,0,True,6894.87,533.11,533.11,533.11,7.833
2026-05-13T19:56:08.016797+00:00,gpu0_correctness,0,ckpt_s16384_e4096,benchmark,65536,16384,4096,1,0,True,11272.01,1146.31,1146.31,1146.31,8.068
2026-05-13T19:56:16.085523+00:00,gpu0_correctness,0,ckpt_s8192_e8192,correctness,2048,8192,8192,1,0,True,,,,,6.715
2026-05-13T19:56:22.801167+00:00,gpu0_correctness,0,ckpt_s8192_e8192,correctness,8192,8192,8192,1,0,True,,,,,7.474
2026-05-13T19:56:30.275580+00:00,gpu0_correctness,0,ckpt_s8192_e8192,benchmark,8192,8192,8192,1,0,True,4012.63,83.18,83.18,83.18,6.943
2026-05-13T19:56:30.275580+00:00,gpu0_correctness,0,ckpt_s8192_e8192,benchmark,32768,8192,8192,1,0,True,6814.85,350.81,350.81,350.81,6.943
2026-05-13T19:56:37.218464+00:00,gpu0_correctness,0,ckpt_s8192_e8192,benchmark,65536,8192,8192,1,0,True,11272.01,749.23,749.23,749.23,7.021
2026-05-13T19:56:44.240268+00:00,gpu0_correctness,0,nocp_s2048_e2048,correctness,2048,2048,2048,0,0,True,,,,,6.638
2026-05-13T19:56:50.878147+00:00,gpu0_correctness,0,nocp_s2048_e2048,correctness,8192,2048,2048,0,0,True,,,,,6.870
2026-05-13T19:56:57.748114+00:00,gpu0_correctness,0,nocp_s2048_e2048,benchmark,8192,2048,2048,0,0,True,4526.78,202.84,202.84,202.84,7.885
2026-05-13T19:56:57.748114+00:00,gpu0_correctness,0,nocp_s2048_e2048,benchmark,32768,2048,2048,0,0,True,9474.38,893.98,893.98,893.98,7.885
2026-05-13T19:57:05.633836+00:00,gpu0_correctness,0,nocp_s2048_e2048,benchmark,65536,2048,2048,0,0,True,17708.01,1980.25,1980.25,1980.25,8.521
2026-05-13T19:57:14.154815+00:00,gpu0_correctness,0,nocp_s4096_e2048,correctness,2048,4096,2048,0,0,True,,,,,6.531
2026-05-13T19:57:20.686454+00:00,gpu0_correctness,0,nocp_s4096_e2048,correctness,8192,4096,2048,0,0,True,,,,,6.934
2026-05-13T19:57:27.620399+00:00,gpu0_correctness,0,nocp_s4096_e2048,benchmark,8192,4096,2048,0,0,True,4527.66,202.5,202.5,202.5,7.678
2026-05-13T19:57:27.620399+00:00,gpu0_correctness,0,nocp_s4096_e2048,benchmark,32768,4096,2048,0,0,True,9473.26,895.47,895.47,895.47,7.678
2026-05-13T19:57:35.298499+00:00,gpu0_correctness,0,nocp_s4096_e2048,benchmark,65536,4096,2048,0,0,True,17708.01,1935.02,1935.02,1935.02,8.404
2026-05-13T19:57:43.702896+00:00,gpu0_correctness,0,nocp_s4096_e4096,correctness,2048,4096,4096,0,0,True,,,,,7.038
2026-05-13T19:57:50.741522+00:00,gpu0_correctness,0,nocp_s4096_e4096,correctness,8192,4096,4096,0,0,True,,,,,6.954
2026-05-13T19:57:57.695483+00:00,gpu0_correctness,0,nocp_s4096_e4096,benchmark,8192,4096,4096,0,0,True,4428.77,117.46,117.46,117.46,6.605
2026-05-13T19:57:57.695483+00:00,gpu0_correctness,0,nocp_s4096_e4096,benchmark,32768,4096,4096,0,0,True,9328.38,515.73,515.73,515.73,6.605
2026-05-13T19:58:04.300641+00:00,gpu0_correctness,0,nocp_s4096_e4096,benchmark,65536,4096,4096,0,0,True,17416.01,1123.01,1123.01,1123.01,6.501
2026-05-13T19:58:10.802481+00:00,gpu0_correctness,0,nocp_s8192_e4096,correctness,2048,8192,4096,0,0,True,,,,,6.504
2026-05-13T19:58:17.306444+00:00,gpu0_correctness,0,nocp_s8192_e4096,correctness,8192,8192,4096,0,0,True,,,,,6.364
2026-05-13T19:58:23.670513+00:00,gpu0_correctness,0,nocp_s8192_e4096,benchmark,8192,8192,4096,0,0,True,4428.77,118.0,118.0,118.0,6.331
2026-05-13T19:58:23.670513+00:00,gpu0_correctness,0,nocp_s8192_e4096,benchmark,32768,8192,4096,0,0,True,9328.38,511.91,511.91,511.91,6.331
2026-05-13T19:58:30.002159+00:00,gpu0_correctness,0,nocp_s8192_e4096,benchmark,65536,8192,4096,0,0,True,17416.01,1108.95,1108.95,1108.95,6.852
2026-05-13T19:58:36.854656+00:00,gpu0_correctness,0,nocp_s8192_e8192,correctness,2048,8192,8192,0,0,True,,,,,6.403
2026-05-13T19:58:43.257576+00:00,gpu0_correctness,0,nocp_s8192_e8192,correctness,8192,8192,8192,0,0,True,,,,,6.870
2026-05-13T19:58:50.127546+00:00,gpu0_correctness,0,nocp_s8192_e8192,benchmark,8192,8192,8192,0,0,True,4300.63,82.46,82.46,82.46,6.136
2026-05-13T19:58:50.127546+00:00,gpu0_correctness,0,nocp_s8192_e8192,benchmark,32768,8192,8192,0,0,True,9328.38,326.71,326.71,326.71,6.136
2026-05-13T19:58:56.264207+00:00,gpu0_correctness,0,nocp_s8192_e8192,benchmark,65536,8192,8192,0,0,True,17416.01,700.48,700.48,700.48,6.014
2026-05-13T19:59:02.278616+00:00,gpu0_correctness,0,ckpt_s1024_e1024,correctness,2048,1024,1024,1,0,True,,,,,7.566
2026-05-13T19:59:09.844960+00:00,gpu0_correctness,0,ckpt_s1024_e1024,correctness,8192,1024,1024,1,0,True,,,,,6.942
2026-05-13T19:59:16.787006+00:00,gpu0_correctness,0,ckpt_s1024_e1024,benchmark,8192,1024,1024,1,0,True,4152.79,404.34,404.34,404.34,10.762
2026-05-13T19:59:16.787006+00:00,gpu0_correctness,0,ckpt_s1024_e1024,benchmark,32768,1024,1024,1,0,True,6954.88,1742.26,1742.26,1742.26,10.762
2026-05-13T19:59:27.549226+00:00,gpu0_correctness,0,ckpt_s1024_e1024,benchmark,65536,1024,1024,1,0,True,11272.01,3938.66,3938.66,3938.66,12.874
2026-05-13T19:59:40.423502+00:00,gpu0_correctness,0,ckpt_s2048_e1024,correctness,2048,2048,1024,1,0,True,,,,,7.440
2026-05-13T19:59:47.863307+00:00,gpu0_correctness,0,ckpt_s2048_e1024,correctness,8192,2048,1024,1,0,True,,,,,7.226
2026-05-13T19:59:55.089949+00:00,gpu0_correctness,0,ckpt_s2048_e1024,benchmark,8192,2048,1024,1,0,True,4153.66,402.66,402.66,402.66,10.337
2026-05-13T19:59:55.089949+00:00,gpu0_correctness,0,ckpt_s2048_e1024,benchmark,32768,2048,1024,1,0,True,6955.75,1739.41,1739.41,1739.41,10.337
2026-05-13T20:00:05.427690+00:00,gpu0_correctness,0,ckpt_s2048_e1024,benchmark,65536,2048,1024,1,0,True,11272.51,3814.29,3814.29,3814.29,12.894
2026-05-13T20:00:18.322104+00:00,gpu0_correctness,0,ckpt_s4096_e1024,correctness,2048,4096,1024,1,0,True,,,,,7.365
2026-05-13T20:00:25.687641+00:00,gpu0_correctness,0,ckpt_s4096_e1024,correctness,8192,4096,1024,1,0,True,,,,,8.020
2026-05-13T20:00:33.708003+00:00,gpu0_correctness,0,ckpt_s4096_e1024,benchmark,8192,4096,1024,1,0,True,4153.16,402.68,402.68,402.68,10.335
2026-05-13T20:00:33.708003+00:00,gpu0_correctness,0,ckpt_s4096_e1024,benchmark,32768,4096,1024,1,0,True,6955.25,1719.2,1719.2,1719.2,10.335
2026-05-13T20:00:44.042832+00:00,gpu0_correctness,0,ckpt_s4096_e1024,benchmark,65536,4096,1024,1,0,True,11272.51,3794.78,3794.78,3794.78,12.953
2026-05-13T20:00:56.996170+00:00,gpu0_correctness,0,ckpt_s2048_e2048,correctness,2048,2048,2048,1,0,True,,,,,7.569
2026-05-13T20:01:04.565221+00:00,gpu0_correctness,0,ckpt_s2048_e2048,correctness,8192,2048,2048,1,0,True,,,,,7.474
2026-05-13T20:01:12.039741+00:00,gpu0_correctness,0,ckpt_s2048_e2048,benchmark,8192,2048,2048,1,0,True,4133.78,219.66,219.66,219.66,8.080
2026-05-13T20:01:12.039741+00:00,gpu0_correctness,0,ckpt_s2048_e2048,benchmark,32768,2048,2048,1,0,True,6934.88,940.67,940.67,940.67,8.080
2026-05-13T20:01:20.120582+00:00,gpu0_correctness,0,ckpt_s2048_e2048,benchmark,65536,2048,2048,1,0,True,11272.01,2062.82,2062.82,2062.82,9.360
2026-05-13T20:01:29.480727+00:00,gpu0_correctness,0,ckpt_s4096_e2048,correctness,2048,4096,2048,1,0,True,,,,,7.778
2026-05-13T20:01:37.259033+00:00,gpu0_correctness,0,ckpt_s4096_e2048,correctness,8192,4096,2048,1,0,True,,,,,7.596
2026-05-13T20:01:44.855063+00:00,gpu0_correctness,0,ckpt_s4096_e2048,benchmark,8192,4096,2048,1,0,True,4132.78,220.53,220.53,220.53,8.276
2026-05-13T20:01:44.855063+00:00,gpu0_correctness,0,ckpt_s4096_e2048,benchmark,32768,4096,2048,1,0,True,6934.88,928.27,928.27,928.27,8.276
2026-05-13T20:01:53.131775+00:00,gpu0_correctness,0,ckpt_s4096_e2048,benchmark,65536,4096,2048,1,0,True,11272.01,2041.71,2041.71,2041.71,9.698
2026-05-13T20:02:02.830313+00:00,gpu0_correctness,0,ckpt_s8192_e2048,correctness,2048,8192,2048,1,0,True,,,,,7.586
2026-05-13T20:02:10.416807+00:00,gpu0_correctness,0,ckpt_s8192_e2048,correctness,8192,8192,2048,1,0,True,,,,,7.029
2026-05-13T20:02:17.446221+00:00,gpu0_correctness,0,ckpt_s8192_e2048,benchmark,8192,8192,2048,1,0,True,4132.78,216.63,216.63,216.63,8.281
2026-05-13T20:02:17.446221+00:00,gpu0_correctness,0,ckpt_s8192_e2048,benchmark,32768,8192,2048,1,0,True,6934.88,930.25,930.25,930.25,8.281
2026-05-13T20:02:25.727733+00:00,gpu0_correctness,0,ckpt_s8192_e2048,benchmark,65536,8192,2048,1,0,True,11272.01,2025.54,2025.54,2025.54,9.198
2026-05-13T20:02:34.926380+00:00,gpu0_correctness,0,ckpt_s4096_e4096,correctness,2048,4096,4096,1,0,True,,,,,7.733
2026-05-13T20:02:42.659289+00:00,gpu0_correctness,0,ckpt_s4096_e4096,correctness,8192,4096,4096,1,0,True,,,,,7.292
2026-05-13T20:02:49.951424+00:00,gpu0_correctness,0,ckpt_s4096_e4096,benchmark,8192,4096,4096,1,0,True,4092.77,129.02,129.02,129.02,6.962
2026-05-13T20:02:49.951424+00:00,gpu0_correctness,0,ckpt_s4096_e4096,benchmark,32768,4096,4096,1,0,True,6894.87,556.09,556.09,556.09,6.962
2026-05-13T20:02:56.913643+00:00,gpu0_correctness,0,ckpt_s4096_e4096,benchmark,65536,4096,4096,1,0,True,11272.01,1174.21,1174.21,1174.21,7.267
2026-05-13T20:03:04.181075+00:00,gpu0_correctness,0,ckpt_s8192_e4096,correctness,2048,8192,4096,1,0,True,,,,,7.229
2026-05-13T20:03:11.410090+00:00,gpu0_correctness,0,ckpt_s8192_e4096,correctness,8192,8192,4096,1,0,True,,,,,7.338
2026-05-13T20:03:18.748074+00:00,gpu0_correctness,0,ckpt_s8192_e4096,benchmark,8192,8192,4096,1,0,True,4092.77,240.92,240.92,240.92,7.015
2026-05-13T20:03:18.748074+00:00,gpu0_correctness,0,ckpt_s8192_e4096,benchmark,32768,8192,4096,1,0,True,6894.87,539.53,539.53,539.53,7.015
2026-05-13T20:03:25.763063+00:00,gpu0_correctness,0,ckpt_s8192_e4096,benchmark,65536,8192,4096,1,0,True,11272.01,1160.17,1160.17,1160.17,7.797
2026-05-13T20:03:33.560446+00:00,gpu0_correctness,0,ckpt_s16384_e4096,correctness,2048,16384,4096,1,0,True,,,,,7.021
2026-05-13T20:03:40.582145+00:00,gpu0_correctness,0,ckpt_s16384_e4096,correctness,8192,16384,4096,1,0,True,,,,,7.387
2026-05-13T20:03:47.969162+00:00,gpu0_correctness,0,ckpt_s16384_e4096,benchmark,8192,16384,4096,1,0,True,4092.77,239.76,239.76,239.76,7.303
2026-05-13T20:03:47.969162+00:00,gpu0_correctness,0,ckpt_s16384_e4096,benchmark,32768,16384,4096,1,0,True,6894.87,534.67,534.67,534.67,7.303
2026-05-13T20:03:55.272143+00:00,gpu0_correctness,0,ckpt_s16384_e4096,benchmark,65536,16384,4096,1,0,True,11272.01,1144.73,1144.73,1144.73,7.770
2026-05-13T20:04:03.042223+00:00,gpu0_correctness,0,ckpt_s8192_e8192,correctness,2048,8192,8192,1,0,True,,,,,7.522
2026-05-13T20:04:10.564593+00:00,gpu0_correctness,0,ckpt_s8192_e8192,correctness,8192,8192,8192,1,0,True,,,,,8.006
2026-05-13T20:04:18.570536+00:00,gpu0_correctness,0,ckpt_s8192_e8192,benchmark,8192,8192,8192,1,0,True,4012.63,83.74,83.74,83.74,7.218
2026-05-13T20:04:18.570536+00:00,gpu0_correctness,0,ckpt_s8192_e8192,benchmark,32768,8192,8192,1,0,True,6814.85,351.5,351.5,351.5,7.218
2026-05-13T20:04:25.789021+00:00,gpu0_correctness,0,ckpt_s8192_e8192,benchmark,65536,8192,8192,1,0,True,11272.01,748.54,748.54,748.54,6.503
2026-05-13T20:04:32.292435+00:00,gpu0_correctness,0,nocp_s2048_e2048,correctness,2048,2048,2048,0,0,True,,,,,6.524
2026-05-13T20:04:38.816651+00:00,gpu0_correctness,0,nocp_s2048_e2048,correctness,8192,2048,2048,0,0,True,,,,,6.738
2026-05-13T20:04:45.554656+00:00,gpu0_correctness,0,nocp_s2048_e2048,benchmark,8192,2048,2048,0,0,True,4526.78,203.84,203.84,203.84,7.693
2026-05-13T20:04:45.554656+00:00,gpu0_correctness,0,nocp_s2048_e2048,benchmark,32768,2048,2048,0,0,True,9474.38,892.32,892.32,892.32,7.693
2026-05-13T20:04:53.248170+00:00,gpu0_correctness,0,nocp_s2048_e2048,benchmark,65536,2048,2048,0,0,True,17708.01,1963.96,1963.96,1963.96,8.508
2026-05-13T20:05:01.757061+00:00,gpu0_correctness,0,nocp_s4096_e2048,correctness,2048,4096,2048,0,0,True,,,,,6.835
2026-05-13T20:05:08.592556+00:00,gpu0_correctness,0,nocp_s4096_e2048,correctness,8192,4096,2048,0,0,True,,,,,7.064
2026-05-13T20:05:15.657185+00:00,gpu0_correctness,0,nocp_s4096_e2048,benchmark,8192,4096,2048,0,0,True,4527.66,202.45,202.45,202.45,7.356
2026-05-13T20:05:15.657185+00:00,gpu0_correctness,0,nocp_s4096_e2048,benchmark,32768,4096,2048,0,0,True,9473.26,889.32,889.32,889.32,7.356
2026-05-13T20:05:23.013949+00:00,gpu0_correctness,0,nocp_s4096_e2048,benchmark,65536,4096,2048,0,0,True,17708.01,1940.3,1940.3,1940.3,8.494
2026-05-13T20:05:31.508988+00:00,gpu0_correctness,0,nocp_s4096_e4096,correctness,2048,4096,4096,0,0,True,,,,,7.063
2026-05-13T20:05:38.571829+00:00,gpu0_correctness,0,nocp_s4096_e4096,correctness,8192,4096,4096,0,0,True,,,,,6.759
2026-05-13T20:05:45.331367+00:00,gpu0_correctness,0,nocp_s4096_e4096,benchmark,8192,4096,4096,0,0,True,4428.77,120.21,120.21,120.21,6.661
2026-05-13T20:05:45.331367+00:00,gpu0_correctness,0,nocp_s4096_e4096,benchmark,32768,4096,4096,0,0,True,9328.38,515.74,515.74,515.74,6.661
2026-05-13T20:05:51.992978+00:00,gpu0_correctness,0,nocp_s4096_e4096,benchmark,65536,4096,4096,0,0,True,17416.01,1123.34,1123.34,1123.34,7.574
2026-05-13T20:05:59.567630+00:00,gpu0_correctness,0,nocp_s8192_e4096,correctness,2048,8192,4096,0,0,True,,,,,6.941
2026-05-13T20:06:06.508887+00:00,gpu0_correctness,0,nocp_s8192_e4096,correctness,8192,8192,4096,0,0,True,,,,,7.272
2026-05-13T20:06:13.780852+00:00,gpu0_correctness,0,nocp_s8192_e4096,benchmark,8192,8192,4096,0,0,True,4428.77,118.96,118.96,118.96,6.842
2026-05-13T20:06:13.780852+00:00,gpu0_correctness,0,nocp_s8192_e4096,benchmark,32768,8192,4096,0,0,True,9328.38,512.09,512.09,512.09,6.842
2026-05-13T20:06:20.623311+00:00,gpu0_correctness,0,nocp_s8192_e4096,benchmark,65536,8192,4096,0,0,True,17416.01,1108.97,1108.97,1108.97,6.679
2026-05-13T20:06:27.302627+00:00,gpu0_correctness,0,nocp_s8192_e8192,correctness,2048,8192,8192,0,0,True,,,,,6.888
2026-05-13T20:06:34.190745+00:00,gpu0_correctness,0,nocp_s8192_e8192,correctness,8192,8192,8192,0,0,True,,,,,7.114
2026-05-13T20:06:41.305075+00:00,gpu0_correctness,0,nocp_s8192_e8192,benchmark,8192,8192,8192,0,0,True,4300.63,76.24,76.24,76.24,6.503
2026-05-13T20:06:41.305075+00:00,gpu0_correctness,0,nocp_s8192_e8192,benchmark,32768,8192,8192,0,0,True,9328.38,326.78,326.78,326.78,6.503
2026-05-13T20:06:47.808812+00:00,gpu0_correctness,0,nocp_s8192_e8192,benchmark,65536,8192,8192,0,0,True,17416.01,701.08,701.08,701.08,5.772
2026-05-13T20:06:53.581492+00:00,gpu0_correctness,0,ckpt_s1024_e1024,correctness,2048,1024,1024,1,0,True,,,,,7.425
2026-05-13T20:07:01.007291+00:00,gpu0_correctness,0,ckpt_s1024_e1024,correctness,8192,1024,1024,1,0,True,,,,,7.741
2026-05-13T20:07:08.748967+00:00,gpu0_correctness,0,ckpt_s1024_e1024,benchmark,8192,1024,1024,1,0,True,4152.79,404.26,404.26,404.26,10.647
2026-05-13T20:07:08.748967+00:00,gpu0_correctness,0,ckpt_s1024_e1024,benchmark,32768,1024,1024,1,0,True,6954.88,1857.51,1857.51,1857.51,10.647
2026-05-13T20:07:19.396667+00:00,gpu0_correctness,0,ckpt_s1024_e1024,benchmark,65536,1024,1024,1,0,True,11272.01,3870.85,3870.85,3870.85,12.388
2026-05-13T20:07:31.785376+00:00,gpu0_correctness,0,ckpt_s2048_e1024,correctness,2048,2048,1024,1,0,True,,,,,7.493
2026-05-13T20:07:39.278203+00:00,gpu0_correctness,0,ckpt_s2048_e1024,correctness,8192,2048,1024,1,0,True,,,,,8.008
2026-05-13T20:07:47.286923+00:00,gpu0_correctness,0,ckpt_s2048_e1024,benchmark,8192,2048,1024,1,0,True,4153.66,401.82,401.82,401.82,10.270
2026-05-13T20:07:47.286923+00:00,gpu0_correctness,0,ckpt_s2048_e1024,benchmark,32768,2048,1024,1,0,True,6955.75,1783.87,1783.87,1783.87,10.270
2026-05-13T20:07:57.556815+00:00,gpu0_correctness,0,ckpt_s2048_e1024,benchmark,65536,2048,1024,1,0,True,11272.51,3919.92,3919.92,3919.92,13.089
2026-05-13T20:08:10.645967+00:00,gpu0_correctness,0,ckpt_s4096_e1024,correctness,2048,4096,1024,1,0,True,,,,,7.849
2026-05-13T20:08:18.495610+00:00,gpu0_correctness,0,ckpt_s4096_e1024,correctness,8192,4096,1024,1,0,True,,,,,7.259
2026-05-13T20:08:25.754534+00:00,gpu0_correctness,0,ckpt_s4096_e1024,benchmark,8192,4096,1024,1,0,True,4153.16,396.01,396.01,396.01,9.797
2026-05-13T20:08:25.754534+00:00,gpu0_correctness,0,ckpt_s4096_e1024,benchmark,32768,4096,1024,1,0,True,6955.25,1786.17,1786.17,1786.17,9.797
2026-05-13T20:08:35.552301+00:00,gpu0_correctness,0,ckpt_s4096_e1024,benchmark,65536,4096,1024,1,0,True,11272.51,3778.53,3778.53,3778.53,13.035
2026-05-13T20:08:48.588339+00:00,gpu0_correctness,0,ckpt_s2048_e2048,correctness,2048,2048,2048,1,0,True,,,,,6.927
2026-05-13T20:08:55.515869+00:00,gpu0_correctness,0,ckpt_s2048_e2048,correctness,8192,2048,2048,1,0,True,,,,,7.510
2026-05-13T20:09:03.026317+00:00,gpu0_correctness,0,ckpt_s2048_e2048,benchmark,8192,2048,2048,1,0,True,4133.78,221.25,221.25,221.25,8.060
2026-05-13T20:09:03.026317+00:00,gpu0_correctness,0,ckpt_s2048_e2048,benchmark,32768,2048,2048,1,0,True,6934.88,962.15,962.15,962.15,8.060
2026-05-13T20:09:11.086455+00:00,gpu0_correctness,0,ckpt_s2048_e2048,benchmark,65536,2048,2048,1,0,True,11272.01,2072.08,2072.08,2072.08,9.118
2026-05-13T20:09:20.204752+00:00,gpu0_correctness,0,ckpt_s4096_e2048,correctness,2048,4096,2048,1,0,True,,,,,6.888
2026-05-13T20:09:27.092971+00:00,gpu0_correctness,0,ckpt_s4096_e2048,correctness,8192,4096,2048,1,0,True,,,,,7.055
2026-05-13T20:09:34.148556+00:00,gpu0_correctness,0,ckpt_s4096_e2048,benchmark,8192,4096,2048,1,0,True,4132.78,218.65,218.65,218.65,8.173
2026-05-13T20:09:34.148556+00:00,gpu0_correctness,0,ckpt_s4096_e2048,benchmark,32768,4096,2048,1,0,True,6934.88,939.88,939.88,939.88,8.173
2026-05-13T20:09:42.321778+00:00,gpu0_correctness,0,ckpt_s4096_e2048,benchmark,65536,4096,2048,1,0,True,11272.01,2020.94,2020.94,2020.94,9.413
2026-05-13T20:09:51.734987+00:00,gpu0_correctness,0,ckpt_s8192_e2048,correctness,2048,8192,2048,1,0,True,,,,,7.169
2026-05-13T20:09:58.904080+00:00,gpu0_correctness,0,ckpt_s8192_e2048,correctness,8192,8192,2048,1,0,True,,,,,7.157
2026-05-13T20:10:06.061099+00:00,gpu0_correctness,0,ckpt_s8192_e2048,benchmark,8192,8192,2048,1,0,True,4132.78,212.84,212.84,212.84,8.506
2026-05-13T20:10:06.061099+00:00,gpu0_correctness,0,ckpt_s8192_e2048,benchmark,32768,8192,2048,1,0,True,6934.88,936.52,936.52,936.52,8.506
2026-05-13T20:10:14.567658+00:00,gpu0_correctness,0,ckpt_s8192_e2048,benchmark,65536,8192,2048,1,0,True,11272.01,2097.31,2097.31,2097.31,9.548
2026-05-13T20:10:24.116583+00:00,gpu0_correctness,0,ckpt_s4096_e4096,correctness,2048,4096,4096,1,0,True,,,,,6.888
2026-05-13T20:10:31.004450+00:00,gpu0_correctness,0,ckpt_s4096_e4096,correctness,8192,4096,4096,1,0,True,,,,,6.906
2026-05-13T20:10:37.910306+00:00,gpu0_correctness,0,ckpt_s4096_e4096,benchmark,8192,4096,4096,1,0,True,4092.77,127.53,127.53,127.53,6.850
2026-05-13T20:10:37.910306+00:00,gpu0_correctness,0,ckpt_s4096_e4096,benchmark,32768,4096,4096,1,0,True,6894.87,542.48,542.48,542.48,6.850
2026-05-13T20:10:44.760511+00:00,gpu0_correctness,0,ckpt_s4096_e4096,benchmark,65536,4096,4096,1,0,True,11272.01,1177.18,1177.18,1177.18,7.463
2026-05-13T20:10:52.223920+00:00,gpu0_correctness,0,ckpt_s8192_e4096,correctness,2048,8192,4096,1,0,True,,,,,7.192
2026-05-13T20:10:59.416506+00:00,gpu0_correctness,0,ckpt_s8192_e4096,correctness,8192,8192,4096,1,0,True,,,,,7.478
2026-05-13T20:11:06.895148+00:00,gpu0_correctness,0,ckpt_s8192_e4096,benchmark,8192,8192,4096,1,0,True,4092.77,222.38,222.38,222.38,7.625
2026-05-13T20:11:06.895148+00:00,gpu0_correctness,0,ckpt_s8192_e4096,benchmark,32768,8192,4096,1,0,True,6894.87,540.73,540.73,540.73,7.625
2026-05-13T20:11:14.520889+00:00,gpu0_correctness,0,ckpt_s8192_e4096,benchmark,65536,8192,4096,1,0,True,11272.01,1189.56,1189.56,1189.56,7.701
2026-05-13T20:11:22.222195+00:00,gpu0_correctness,0,ckpt_s16384_e4096,correctness,2048,16384,4096,1,0,True,,,,,7.686
2026-05-13T20:11:29.908671+00:00,gpu0_correctness,0,ckpt_s16384_e4096,correctness,8192,16384,4096,1,0,True,,,,,7.735
2026-05-13T20:11:37.643759+00:00,gpu0_correctness,0,ckpt_s16384_e4096,benchmark,8192,16384,4096,1,0,True,4092.77,239.33,239.33,239.33,7.012
2026-05-13T20:11:37.643759+00:00,gpu0_correctness,0,ckpt_s16384_e4096,benchmark,32768,16384,4096,1,0,True,6894.87,540.2,540.2,540.2,7.012
2026-05-13T20:11:44.656192+00:00,gpu0_correctness,0,ckpt_s16384_e4096,benchmark,65536,16384,4096,1,0,True,11272.01,1146.04,1146.04,1146.04,7.116
2026-05-13T20:11:51.772835+00:00,gpu0_correctness,0,ckpt_s8192_e8192,correctness,2048,8192,8192,1,0,True,,,,,7.199
2026-05-13T20:11:58.972163+00:00,gpu0_correctness,0,ckpt_s8192_e8192,correctness,8192,8192,8192,1,0,True,,,,,7.483
2026-05-13T20:12:06.455302+00:00,gpu0_correctness,0,ckpt_s8192_e8192,benchmark,8192,8192,8192,1,0,True,4012.63,83.47,83.47,83.47,6.953
2026-05-13T20:12:06.455302+00:00,gpu0_correctness,0,ckpt_s8192_e8192,benchmark,32768,8192,8192,1,0,True,6814.85,352.82,352.82,352.82,6.953
2026-05-13T20:12:13.408581+00:00,gpu0_correctness,0,ckpt_s8192_e8192,benchmark,65536,8192,8192,1,0,True,11272.01,748.62,748.62,748.62,6.415
2026-05-13T20:12:19.824219+00:00,gpu0_correctness,0,nocp_s2048_e2048,correctness,2048,2048,2048,0,0,True,,,,,6.524
2026-05-13T20:12:26.348737+00:00,gpu0_correctness,0,nocp_s2048_e2048,correctness,8192,2048,2048,0,0,True,,,,,6.493
2026-05-13T20:12:32.842224+00:00,gpu0_correctness,0,nocp_s2048_e2048,benchmark,8192,2048,2048,0,0,True,4526.78,205.73,205.73,205.73,7.500
2026-05-13T20:12:32.842224+00:00,gpu0_correctness,0,nocp_s2048_e2048,benchmark,32768,2048,2048,0,0,True,9474.38,892.82,892.82,892.82,7.500
2026-05-13T20:12:40.342805+00:00,gpu0_correctness,0,nocp_s2048_e2048,benchmark,65536,2048,2048,0,0,True,17708.01,1965.45,1965.45,1965.45,8.631
2026-05-13T20:12:48.974552+00:00,gpu0_correctness,0,nocp_s4096_e2048,correctness,2048,4096,2048,0,0,True,,,,,6.972
2026-05-13T20:12:55.947048+00:00,gpu0_correctness,0,nocp_s4096_e2048,correctness,8192,4096,2048,0,0,True,,,,,7.149
2026-05-13T20:13:03.096641+00:00,gpu0_correctness,0,nocp_s4096_e2048,benchmark,8192,4096,2048,0,0,True,4527.66,202.23,202.23,202.23,7.467
2026-05-13T20:13:03.096641+00:00,gpu0_correctness,0,nocp_s4096_e2048,benchmark,32768,4096,2048,0,0,True,9473.26,884.43,884.43,884.43,7.467
2026-05-13T20:13:10.564216+00:00,gpu0_correctness,0,nocp_s4096_e2048,benchmark,65536,4096,2048,0,0,True,17708.01,1945.91,1945.91,1945.91,8.233
2026-05-13T20:13:18.797461+00:00,gpu0_correctness,0,nocp_s4096_e4096,correctness,2048,4096,4096,0,0,True,,,,,7.477
2026-05-13T20:13:26.274443+00:00,gpu0_correctness,0,nocp_s4096_e4096,correctness,8192,4096,4096,0,0,True,,,,,6.903
2026-05-13T20:13:33.177492+00:00,gpu0_correctness,0,nocp_s4096_e4096,benchmark,8192,4096,4096,0,0,True,4428.77,117.16,117.16,117.16,6.483
2026-05-13T20:13:33.177492+00:00,gpu0_correctness,0,nocp_s4096_e4096,benchmark,32768,4096,4096,0,0,True,9328.38,515.45,515.45,515.45,6.483
2026-05-13T20:13:39.661138+00:00,gpu0_correctness,0,nocp_s4096_e4096,benchmark,65536,4096,4096,0,0,True,17416.01,1122.98,1122.98,1122.98,7.089
2026-05-13T20:13:46.750545+00:00,gpu0_correctness,0,nocp_s8192_e4096,correctness,2048,8192,4096,0,0,True,,,,,6.816
2026-05-13T20:13:53.567288+00:00,gpu0_correctness,0,nocp_s8192_e4096,correctness,8192,8192,4096,0,0,True,,,,,6.363
2026-05-13T20:13:59.930718+00:00,gpu0_correctness,0,nocp_s8192_e4096,benchmark,8192,8192,4096,0,0,True,4428.77,118.19,118.19,118.19,6.899
2026-05-13T20:13:59.930718+00:00,gpu0_correctness,0,nocp_s8192_e4096,benchmark,32768,8192,4096,0,0,True,9328.38,512.12,512.12,512.12,6.899
2026-05-13T20:14:06.830491+00:00,gpu0_correctness,0,nocp_s8192_e4096,benchmark,65536,8192,4096,0,0,True,17416.01,1108.3,1108.3,1108.3,6.869
2026-05-13T20:14:13.700044+00:00,gpu0_correctness,0,nocp_s8192_e8192,correctness,2048,8192,8192,0,0,True,,,,,6.663
2026-05-13T20:14:20.363288+00:00,gpu0_correctness,0,nocp_s8192_e8192,correctness,8192,8192,8192,0,0,True,,,,,6.996
2026-05-13T20:14:27.359138+00:00,gpu0_correctness,0,nocp_s8192_e8192,benchmark,8192,8192,8192,0,0,True,4300.63,76.37,76.37,76.37,6.377
2026-05-13T20:14:27.359138+00:00,gpu0_correctness,0,nocp_s8192_e8192,benchmark,32768,8192,8192,0,0,True,9328.38,326.92,326.92,326.92,6.377
2026-05-13T20:14:33.736626+00:00,gpu0_correctness,0,nocp_s8192_e8192,benchmark,65536,8192,8192,0,0,True,17416.01,701.35,701.35,701.35,5.919
2026-05-13T20:14:39.655805+00:00,gpu0_correctness,0,ckpt_s1024_e1024,correctness,2048,1024,1024,1,0,True,,,,,7.803
2026-05-13T20:14:47.458809+00:00,gpu0_correctness,0,ckpt_s1024_e1024,correctness,8192,1024,1024,1,0,True,,,,,7.323
2026-05-13T20:14:54.781833+00:00,gpu0_correctness,0,ckpt_s1024_e1024,benchmark,8192,1024,1024,1,0,True,4152.79,405.72,405.72,405.72,10.185
2026-05-13T20:14:54.781833+00:00,gpu0_correctness,0,ckpt_s1024_e1024,benchmark,32768,1024,1024,1,0,True,6954.88,1777.27,1777.27,1777.27,10.185
2026-05-13T20:15:04.967600+00:00,gpu0_correctness,0,ckpt_s1024_e1024,benchmark,65536,1024,1024,1,0,True,11272.01,3907.27,3907.27,3907.27,12.817
2026-05-13T20:15:17.785155+00:00,gpu0_correctness,0,ckpt_s2048_e1024,correctness,2048,2048,1024,1,0,True,,,,,7.646
2026-05-13T20:15:25.431070+00:00,gpu0_correctness,0,ckpt_s2048_e1024,correctness,8192,2048,1024,1,0,True,,,,,7.855
2026-05-13T20:15:33.286110+00:00,gpu0_correctness,0,ckpt_s2048_e1024,benchmark,8192,2048,1024,1,0,True,4153.66,396.35,396.35,396.35,10.319
2026-05-13T20:15:33.286110+00:00,gpu0_correctness,0,ckpt_s2048_e1024,benchmark,32768,2048,1024,1,0,True,6955.75,1758.24,1758.24,1758.24,10.319
2026-05-13T20:15:43.606016+00:00,gpu0_correctness,0,ckpt_s2048_e1024,benchmark,65536,2048,1024,1,0,True,11272.51,3787.08,3787.08,3787.08,13.428
2026-05-13T20:15:57.034418+00:00,gpu0_correctness,0,ckpt_s4096_e1024,correctness,2048,4096,1024,1,0,True,,,,,6.938
2026-05-13T20:16:03.972564+00:00,gpu0_correctness,0,ckpt_s4096_e1024,correctness,8192,4096,1024,1,0,True,,,,,7.124
2026-05-13T20:16:11.096990+00:00,gpu0_correctness,0,ckpt_s4096_e1024,benchmark,8192,4096,1024,1,0,True,4153.16,397.51,397.51,397.51,10.219
2026-05-13T20:16:11.096990+00:00,gpu0_correctness,0,ckpt_s4096_e1024,benchmark,32768,4096,1024,1,0,True,6955.25,1754.11,1754.11,1754.11,10.219
2026-05-13T20:16:21.316099+00:00,gpu0_correctness,0,ckpt_s4096_e1024,benchmark,65536,4096,1024,1,0,True,11272.51,3824.8,3824.8,3824.8,12.629
2026-05-13T20:16:33.945431+00:00,gpu0_correctness,0,ckpt_s2048_e2048,correctness,2048,2048,2048,1,0,True,,,,,7.913
2026-05-13T20:16:41.858412+00:00,gpu0_correctness,0,ckpt_s2048_e2048,correctness,8192,2048,2048,1,0,True,,,,,7.055
2026-05-13T20:16:48.913562+00:00,gpu0_correctness,0,ckpt_s2048_e2048,benchmark,8192,2048,2048,1,0,True,4133.78,219.8,219.8,219.8,8.888
2026-05-13T20:16:48.913562+00:00,gpu0_correctness,0,ckpt_s2048_e2048,benchmark,32768,2048,2048,1,0,True,6934.88,948.45,948.45,948.45,8.888
2026-05-13T20:16:57.801580+00:00,gpu0_correctness,0,ckpt_s2048_e2048,benchmark,65536,2048,2048,1,0,True,11272.01,2055.7,2055.7,2055.7,9.548
2026-05-13T20:17:07.350393+00:00,gpu0_correctness,0,ckpt_s4096_e2048,correctness,2048,4096,2048,1,0,True,,,,,8.025
2026-05-13T20:17:15.375403+00:00,gpu0_correctness,0,ckpt_s4096_e2048,correctness,8192,4096,2048,1,0,True,,,,,7.665
2026-05-13T20:17:23.040339+00:00,gpu0_correctness,0,ckpt_s4096_e2048,benchmark,8192,4096,2048,1,0,True,4132.78,213.9,213.9,213.9,8.536
2026-05-13T20:17:23.040339+00:00,gpu0_correctness,0,ckpt_s4096_e2048,benchmark,32768,4096,2048,1,0,True,6934.88,928.01,928.01,928.01,8.536
2026-05-13T20:17:31.577159+00:00,gpu0_correctness,0,ckpt_s4096_e2048,benchmark,65536,4096,2048,1,0,True,11272.01,2051.23,2051.23,2051.23,9.312
2026-05-13T20:17:40.889546+00:00,gpu0_correctness,0,ckpt_s8192_e2048,correctness,2048,8192,2048,1,0,True,,,,,7.541
2026-05-13T20:17:48.430508+00:00,gpu0_correctness,0,ckpt_s8192_e2048,correctness,8192,8192,2048,1,0,True,,,,,7.164
2026-05-13T20:17:55.594989+00:00,gpu0_correctness,0,ckpt_s8192_e2048,benchmark,8192,8192,2048,1,0,True,4132.78,212.59,212.59,212.59,8.126
2026-05-13T20:17:55.594989+00:00,gpu0_correctness,0,ckpt_s8192_e2048,benchmark,32768,8192,2048,1,0,True,6934.88,945.45,945.45,945.45,8.126
2026-05-13T20:18:03.721444+00:00,gpu0_correctness,0,ckpt_s8192_e2048,benchmark,65536,8192,2048,1,0,True,11272.01,2069.06,2069.06,2069.06,9.408
2026-05-13T20:18:13.130005+00:00,gpu0_correctness,0,ckpt_s4096_e4096,correctness,2048,4096,4096,1,0,True,,,,,7.796
2026-05-13T20:18:20.926502+00:00,gpu0_correctness,0,ckpt_s4096_e4096,correctness,8192,4096,4096,1,0,True,,,,,7.887
2026-05-13T20:18:28.814100+00:00,gpu0_correctness,0,ckpt_s4096_e4096,benchmark,8192,4096,4096,1,0,True,4092.77,130.78,130.78,130.78,7.642
2026-05-13T20:18:28.814100+00:00,gpu0_correctness,0,ckpt_s4096_e4096,benchmark,32768,4096,4096,1,0,True,6894.87,541.38,541.38,541.38,7.642
2026-05-13T20:18:36.456111+00:00,gpu0_correctness,0,ckpt_s4096_e4096,benchmark,65536,4096,4096,1,0,True,11272.01,1178.86,1178.86,1178.86,7.860
2026-05-13T20:18:44.316645+00:00,gpu0_correctness,0,ckpt_s8192_e4096,correctness,2048,8192,4096,1,0,True,,,,,7.218
2026-05-13T20:18:51.535427+00:00,gpu0_correctness,0,ckpt_s8192_e4096,correctness,8192,8192,4096,1,0,True,,,,,7.381
2026-05-13T20:18:58.917071+00:00,gpu0_correctness,0,ckpt_s8192_e4096,benchmark,8192,8192,4096,1,0,True,4092.77,217.54,217.54,217.54,7.570
2026-05-13T20:18:58.917071+00:00,gpu0_correctness,0,ckpt_s8192_e4096,benchmark,32768,8192,4096,1,0,True,6894.87,538.04,538.04,538.04,7.570
2026-05-13T20:19:06.487275+00:00,gpu0_correctness,0,ckpt_s8192_e4096,benchmark,65536,8192,4096,1,0,True,11272.01,1160.29,1160.29,1160.29,7.309
2026-05-13T20:19:13.796519+00:00,gpu0_correctness,0,ckpt_s16384_e4096,correctness,2048,16384,4096,1,0,True,,,,,7.589
2026-05-13T20:19:21.386123+00:00,gpu0_correctness,0,ckpt_s16384_e4096,correctness,8192,16384,4096,1,0,True,,,,,7.349
2026-05-13T20:19:28.735760+00:00,gpu0_correctness,0,ckpt_s16384_e4096,benchmark,8192,16384,4096,1,0,True,4092.77,219.08,219.08,219.08,6.530
2026-05-13T20:19:28.735760+00:00,gpu0_correctness,0,ckpt_s16384_e4096,benchmark,32768,16384,4096,1,0,True,6894.87,536.12,536.12,536.12,6.530
2026-05-13T20:19:35.266001+00:00,gpu0_correctness,0,ckpt_s16384_e4096,benchmark,65536,16384,4096,1,0,True,11272.01,1154.45,1154.45,1154.45,7.532
2026-05-13T20:19:42.798829+00:00,gpu0_correctness,0,ckpt_s8192_e8192,correctness,2048,8192,8192,1,0,True,,,,,7.247
2026-05-13T20:19:50.045991+00:00,gpu0_correctness,0,ckpt_s8192_e8192,correctness,8192,8192,8192,1,0,True,,,,,7.771
2026-05-13T20:19:57.817413+00:00,gpu0_correctness,0,ckpt_s8192_e8192,benchmark,8192,8192,8192,1,0,True,4012.63,84.67,84.67,84.67,7.592
2026-05-13T20:19:57.817413+00:00,gpu0_correctness,0,ckpt_s8192_e8192,benchmark,32768,8192,8192,1,0,True,6814.85,351.95,351.95,351.95,7.592
2026-05-13T20:20:05.409353+00:00,gpu0_correctness,0,ckpt_s8192_e8192,benchmark,65536,8192,8192,1,0,True,11272.01,749.0,749.0,749.0,6.319
2026-05-13T20:20:11.728893+00:00,gpu0_correctness,0,nocp_s2048_e2048,correctness,2048,2048,2048,0,0,True,,,,,6.613
2026-05-13T20:20:18.342017+00:00,gpu0_correctness,0,nocp_s2048_e2048,correctness,8192,2048,2048,0,0,True,,,,,6.672
2026-05-13T20:20:25.013828+00:00,gpu0_correctness,0,nocp_s2048_e2048,benchmark,8192,2048,2048,0,0,True,4526.78,202.9,202.9,202.9,7.313
2026-05-13T20:20:25.013828+00:00,gpu0_correctness,0,nocp_s2048_e2048,benchmark,32768,2048,2048,0,0,True,9474.38,894.18,894.18,894.18,7.313
2026-05-13T20:20:32.327461+00:00,gpu0_correctness,0,nocp_s2048_e2048,benchmark,65536,2048,2048,0,0,True,17708.01,1985.36,1985.36,1985.36,8.684
2026-05-13T20:20:41.012005+00:00,gpu0_correctness,0,nocp_s4096_e2048,correctness,2048,4096,2048,0,0,True,,,,,6.389
2026-05-13T20:20:47.401301+00:00,gpu0_correctness,0,nocp_s4096_e2048,correctness,8192,4096,2048,0,0,True,,,,,7.100
2026-05-13T20:20:54.501921+00:00,gpu0_correctness,0,nocp_s4096_e2048,benchmark,8192,4096,2048,0,0,True,4527.66,204.11,204.11,204.11,7.133
2026-05-13T20:20:54.501921+00:00,gpu0_correctness,0,nocp_s4096_e2048,benchmark,32768,4096,2048,0,0,True,9473.26,885.24,885.24,885.24,7.133
2026-05-13T20:21:01.635567+00:00,gpu0_correctness,0,nocp_s4096_e2048,benchmark,65536,4096,2048,0,0,True,17708.01,1935.14,1935.14,1935.14,8.296
2026-05-13T20:21:09.931893+00:00,gpu0_correctness,0,nocp_s4096_e4096,correctness,2048,4096,4096,0,0,True,,,,,6.698
2026-05-13T20:21:16.630443+00:00,gpu0_correctness,0,nocp_s4096_e4096,correctness,8192,4096,4096,0,0,True,,,,,6.745
2026-05-13T20:21:23.375486+00:00,gpu0_correctness,0,nocp_s4096_e4096,benchmark,8192,4096,4096,0,0,True,4428.77,119.62,119.62,119.62,5.951
2026-05-13T20:21:23.375486+00:00,gpu0_correctness,0,nocp_s4096_e4096,benchmark,32768,4096,4096,0,0,True,9328.38,516.62,516.62,516.62,5.951
2026-05-13T20:21:29.326707+00:00,gpu0_correctness,0,nocp_s4096_e4096,benchmark,65536,4096,4096,0,0,True,17416.01,1123.38,1123.38,1123.38,7.100
2026-05-13T20:21:36.427334+00:00,gpu0_correctness,0,nocp_s8192_e4096,correctness,2048,8192,4096,0,0,True,,,,,7.068
2026-05-13T20:21:43.495586+00:00,gpu0_correctness,0,nocp_s8192_e4096,correctness,8192,8192,4096,0,0,True,,,,,6.755
2026-05-13T20:21:50.250478+00:00,gpu0_correctness,0,nocp_s8192_e4096,benchmark,8192,8192,4096,0,0,True,4428.77,118.4,118.4,118.4,6.314
2026-05-13T20:21:50.250478+00:00,gpu0_correctness,0,nocp_s8192_e4096,benchmark,32768,8192,4096,0,0,True,9328.38,534.64,534.64,534.64,6.314
2026-05-13T20:21:56.565105+00:00,gpu0_correctness,0,nocp_s8192_e4096,benchmark,65536,8192,4096,0,0,True,17416.01,1108.49,1108.49,1108.49,6.732
2026-05-13T20:22:03.297609+00:00,gpu0_correctness,0,nocp_s8192_e8192,correctness,2048,8192,8192,0,0,True,,,,,6.895
2026-05-13T20:22:10.192644+00:00,gpu0_correctness,0,nocp_s8192_e8192,correctness,8192,8192,8192,0,0,True,,,,,6.702
2026-05-13T20:22:16.894877+00:00,gpu0_correctness,0,nocp_s8192_e8192,benchmark,8192,8192,8192,0,0,True,4300.63,76.08,76.08,76.08,5.880
2026-05-13T20:22:16.894877+00:00,gpu0_correctness,0,nocp_s8192_e8192,benchmark,32768,8192,8192,0,0,True,9328.38,329.24,329.24,329.24,5.880
2026-05-13T20:22:22.775177+00:00,gpu0_correctness,0,nocp_s8192_e8192,benchmark,65536,8192,8192,0,0,True,17416.01,741.55,741.55,741.55,6.219
2026-05-13T20:22:28.995028+00:00,gpu0_correctness,0,ckpt_s1024_e1024,correctness,2048,1024,1024,1,0,True,,,,,7.340
2026-05-13T20:22:36.334877+00:00,gpu0_correctness,0,ckpt_s1024_e1024,correctness,8192,1024,1024,1,0,True,,,,,7.753
2026-05-13T20:22:44.088118+00:00,gpu0_correctness,0,ckpt_s1024_e1024,benchmark,8192,1024,1024,1,0,True,4152.79,404.27,404.27,404.27,10.459
2026-05-13T20:22:44.088118+00:00,gpu0_correctness,0,ckpt_s1024_e1024,benchmark,32768,1024,1024,1,0,True,6954.88,1820.25,1820.25,1820.25,10.459
2026-05-13T20:22:54.547488+00:00,gpu0_correctness,0,ckpt_s1024_e1024,benchmark,65536,1024,1024,1,0,True,11272.01,3953.57,3953.57,3953.57,13.091
2026-05-13T20:23:07.639167+00:00,gpu0_correctness,0,ckpt_s2048_e1024,correctness,2048,2048,1024,1,0,True,,,,,7.951
2026-05-13T20:23:15.590841+00:00,gpu0_correctness,0,ckpt_s2048_e1024,correctness,8192,2048,1024,1,0,True,,,,,7.820
2026-05-13T20:23:23.411567+00:00,gpu0_correctness,0,ckpt_s2048_e1024,benchmark,8192,2048,1024,1,0,True,4153.66,403.1,403.1,403.1,10.045
2026-05-13T20:23:23.411567+00:00,gpu0_correctness,0,ckpt_s2048_e1024,benchmark,32768,2048,1024,1,0,True,6955.75,1754.33,1754.33,1754.33,10.045
2026-05-13T20:23:33.456811+00:00,gpu0_correctness,0,ckpt_s2048_e1024,benchmark,65536,2048,1024,1,0,True,11272.51,3844.09,3844.09,3844.09,12.964
2026-05-13T20:23:46.421134+00:00,gpu0_correctness,0,ckpt_s4096_e1024,correctness,2048,4096,1024,1,0,True,,,,,7.188
2026-05-13T20:23:53.609204+00:00,gpu0_correctness,0,ckpt_s4096_e1024,correctness,8192,4096,1024,1,0,True,,,,,7.736
2026-05-13T20:24:01.345305+00:00,gpu0_correctness,0,ckpt_s4096_e1024,benchmark,8192,4096,1024,1,0,True,4153.16,396.43,396.43,396.43,9.761
2026-05-13T20:24:01.345305+00:00,gpu0_correctness,0,ckpt_s4096_e1024,benchmark,32768,4096,1024,1,0,True,6955.25,1749.32,1749.32,1749.32,9.761
2026-05-13T20:24:11.106108+00:00,gpu0_correctness,0,ckpt_s4096_e1024,benchmark,65536,4096,1024,1,0,True,11272.51,3798.1,3798.1,3798.1,12.551
2026-05-13T20:24:23.657617+00:00,gpu0_correctness,0,ckpt_s2048_e2048,correctness,2048,2048,2048,1,0,True,,,,,7.651
2026-05-13T20:24:31.308462+00:00,gpu0_correctness,0,ckpt_s2048_e2048,correctness,8192,2048,2048,1,0,True,,,,,7.420
2026-05-13T20:24:38.729132+00:00,gpu0_correctness,0,ckpt_s2048_e2048,benchmark,8192,2048,2048,1,0,True,4133.78,213.24,213.24,213.24,8.018
2026-05-13T20:24:38.729132+00:00,gpu0_correctness,0,ckpt_s2048_e2048,benchmark,32768,2048,2048,1,0,True,6934.88,947.51,947.51,947.51,8.018
2026-05-13T20:24:46.747847+00:00,gpu0_correctness,0,ckpt_s2048_e2048,benchmark,65536,2048,2048,1,0,True,11272.01,2107.89,2107.89,2107.89,9.398
2026-05-13T20:24:56.146234+00:00,gpu0_correctness,0,ckpt_s4096_e2048,correctness,2048,4096,2048,1,0,True,,,,,7.796
2026-05-13T20:25:03.942856+00:00,gpu0_correctness,0,ckpt_s4096_e2048,correctness,8192,4096,2048,1,0,True,,,,,7.353
2026-05-13T20:25:11.296459+00:00,gpu0_correctness,0,ckpt_s4096_e2048,benchmark,8192,4096,2048,1,0,True,4132.78,213.25,213.25,213.25,8.060
2026-05-13T20:25:11.296459+00:00,gpu0_correctness,0,ckpt_s4096_e2048,benchmark,32768,4096,2048,1,0,True,6934.88,940.12,940.12,940.12,8.060
2026-05-13T20:25:19.356380+00:00,gpu0_correctness,0,ckpt_s4096_e2048,benchmark,65536,4096,2048,1,0,True,11272.01,2041.64,2041.64,2041.64,9.924
2026-05-13T20:25:29.281092+00:00,gpu0_correctness,0,ckpt_s8192_e2048,correctness,2048,8192,2048,1,0,True,,,,,7.201
2026-05-13T20:25:36.482352+00:00,gpu0_correctness,0,ckpt_s8192_e2048,correctness,8192,8192,2048,1,0,True,,,,,7.371
2026-05-13T20:25:43.854030+00:00,gpu0_correctness,0,ckpt_s8192_e2048,benchmark,8192,8192,2048,1,0,True,4132.78,220.35,220.35,220.35,8.045
2026-05-13T20:25:43.854030+00:00,gpu0_correctness,0,ckpt_s8192_e2048,benchmark,32768,8192,2048,1,0,True,6934.88,954.92,954.92,954.92,8.045
2026-05-13T20:25:51.899284+00:00,gpu0_correctness,0,ckpt_s8192_e2048,benchmark,65536,8192,2048,1,0,True,11272.01,2007.97,2007.97,2007.97,9.330
2026-05-13T20:26:01.230127+00:00,gpu0_correctness,0,ckpt_s4096_e4096,correctness,2048,4096,4096,1,0,True,,,,,7.270
2026-05-13T20:26:08.500888+00:00,gpu0_correctness,0,ckpt_s4096_e4096,correctness,8192,4096,4096,1,0,True,,,,,7.542
2026-05-13T20:26:16.043594+00:00,gpu0_correctness,0,ckpt_s4096_e4096,benchmark,8192,4096,4096,1,0,True,4092.77,128.54,128.54,128.54,6.948
2026-05-13T20:26:16.043594+00:00,gpu0_correctness,0,ckpt_s4096_e4096,benchmark,32768,4096,4096,1,0,True,6894.87,539.81,539.81,539.81,6.948
2026-05-13T20:26:22.992370+00:00,gpu0_correctness,0,ckpt_s4096_e4096,benchmark,65536,4096,4096,1,0,True,11272.01,1171.04,1171.04,1171.04,7.888
2026-05-13T20:26:30.880719+00:00,gpu0_correctness,0,ckpt_s8192_e4096,correctness,2048,8192,4096,1,0,True,,,,,7.624
2026-05-13T20:26:38.504663+00:00,gpu0_correctness,0,ckpt_s8192_e4096,correctness,8192,8192,4096,1,0,True,,,,,7.883
2026-05-13T20:26:46.388391+00:00,gpu0_correctness,0,ckpt_s8192_e4096,benchmark,8192,8192,4096,1,0,True,4092.77,241.57,241.57,241.57,7.045
2026-05-13T20:26:46.388391+00:00,gpu0_correctness,0,ckpt_s8192_e4096,benchmark,32768,8192,4096,1,0,True,6894.87,538.34,538.34,538.34,7.045
2026-05-13T20:26:53.433385+00:00,gpu0_correctness,0,ckpt_s8192_e4096,benchmark,65536,8192,4096,1,0,True,11272.01,1159.86,1159.86,1159.86,7.045
2026-05-13T20:27:00.479351+00:00,gpu0_correctness,0,ckpt_s16384_e4096,correctness,2048,16384,4096,1,0,True,,,,,7.540
2026-05-13T20:27:08.019485+00:00,gpu0_correctness,0,ckpt_s16384_e4096,correctness,8192,16384,4096,1,0,True,,,,,7.923
2026-05-13T20:27:15.942835+00:00,gpu0_correctness,0,ckpt_s16384_e4096,benchmark,8192,16384,4096,1,0,True,4092.77,212.0,212.0,212.0,6.808
2026-05-13T20:27:15.942835+00:00,gpu0_correctness,0,ckpt_s16384_e4096,benchmark,32768,16384,4096,1,0,True,6894.87,534.13,534.13,534.13,6.808
2026-05-13T20:27:22.751285+00:00,gpu0_correctness,0,ckpt_s16384_e4096,benchmark,65536,16384,4096,1,0,True,11272.01,1145.07,1145.07,1145.07,7.869
2026-05-13T20:27:30.620385+00:00,gpu0_correctness,0,ckpt_s8192_e8192,correctness,2048,8192,8192,1,0,True,,,,,7.657
2026-05-13T20:27:38.277333+00:00,gpu0_correctness,0,ckpt_s8192_e8192,correctness,8192,8192,8192,1,0,True,,,,,8.026
2026-05-13T20:27:46.303863+00:00,gpu0_correctness,0,ckpt_s8192_e8192,benchmark,8192,8192,8192,1,0,True,4012.63,84.75,84.75,84.75,7.055
2026-05-13T20:27:46.303863+00:00,gpu0_correctness,0,ckpt_s8192_e8192,benchmark,32768,8192,8192,1,0,True,6814.85,351.67,351.67,351.67,7.055
2026-05-13T20:27:53.358734+00:00,gpu0_correctness,0,ckpt_s8192_e8192,benchmark,65536,8192,8192,1,0,True,11272.01,748.62,748.62,748.62,6.613
2026-05-13T20:27:59.972323+00:00,gpu0_correctness,0,nocp_s2048_e2048,correctness,2048,2048,2048,0,0,True,,,,,6.769
2026-05-13T20:28:06.741357+00:00,gpu0_correctness,0,nocp_s2048_e2048,correctness,8192,2048,2048,0,0,True,,,,,6.573
2026-05-13T20:28:13.314178+00:00,gpu0_correctness,0,nocp_s2048_e2048,benchmark,8192,2048,2048,0,0,True,4526.78,203.25,203.25,203.25,7.255
2026-05-13T20:28:13.314178+00:00,gpu0_correctness,0,nocp_s2048_e2048,benchmark,32768,2048,2048,0,0,True,9474.38,893.12,893.12,893.12,7.255
2026-05-13T20:28:20.569339+00:00,gpu0_correctness,0,nocp_s2048_e2048,benchmark,65536,2048,2048,0,0,True,17708.01,1964.35,1964.35,1964.35,8.853
2026-05-13T20:28:29.423313+00:00,gpu0_correctness,0,nocp_s4096_e2048,correctness,2048,4096,2048,0,0,True,,,,,6.422
2026-05-13T20:28:35.845415+00:00,gpu0_correctness,0,nocp_s4096_e2048,correctness,8192,4096,2048,0,0,True,,,,,6.482
2026-05-13T20:28:42.327421+00:00,gpu0_correctness,0,nocp_s4096_e2048,benchmark,8192,4096,2048,0,0,True,4527.66,202.18,202.18,202.18,7.538
2026-05-13T20:28:42.327421+00:00,gpu0_correctness,0,nocp_s4096_e2048,benchmark,32768,4096,2048,0,0,True,9473.26,885.59,885.59,885.59,7.538
2026-05-13T20:28:49.865516+00:00,gpu0_correctness,0,nocp_s4096_e2048,benchmark,65536,4096,2048,0,0,True,17708.01,1934.61,1934.61,1934.61,8.245
2026-05-13T20:28:58.110985+00:00,gpu0_correctness,0,nocp_s4096_e4096,correctness,2048,4096,4096,0,0,True,,,,,6.532
2026-05-13T20:29:04.642892+00:00,gpu0_correctness,0,nocp_s4096_e4096,correctness,8192,4096,4096,0,0,True,,,,,6.359
2026-05-13T20:29:11.002134+00:00,gpu0_correctness,0,nocp_s4096_e4096,benchmark,8192,4096,4096,0,0,True,4428.77,119.74,119.74,119.74,6.869
2026-05-13T20:29:11.002134+00:00,gpu0_correctness,0,nocp_s4096_e4096,benchmark,32768,4096,4096,0,0,True,9328.38,519.74,519.74,519.74,6.869
2026-05-13T20:29:17.871174+00:00,gpu0_correctness,0,nocp_s4096_e4096,benchmark,65536,4096,4096,0,0,True,17416.01,1122.05,1122.05,1122.05,6.560
2026-05-13T20:29:24.431647+00:00,gpu0_correctness,0,nocp_s8192_e4096,correctness,2048,8192,4096,0,0,True,,,,,6.937
2026-05-13T20:29:31.368802+00:00,gpu0_correctness,0,nocp_s8192_e4096,correctness,8192,8192,4096,0,0,True,,,,,6.590
2026-05-13T20:29:37.958630+00:00,gpu0_correctness,0,nocp_s8192_e4096,benchmark,8192,8192,4096,0,0,True,4428.77,117.32,117.32,117.32,6.139
2026-05-13T20:29:37.958630+00:00,gpu0_correctness,0,nocp_s8192_e4096,benchmark,32768,8192,4096,0,0,True,9328.38,511.75,511.75,511.75,6.139
2026-05-13T20:29:44.098404+00:00,gpu0_correctness,0,nocp_s8192_e4096,benchmark,65536,8192,4096,0,0,True,17416.01,1108.48,1108.48,1108.48,6.852
2026-05-13T20:29:50.950425+00:00,gpu0_correctness,0,nocp_s8192_e8192,correctness,2048,8192,8192,0,0,True,,,,,6.258
2026-05-13T20:29:57.208666+00:00,gpu0_correctness,0,nocp_s8192_e8192,correctness,8192,8192,8192,0,0,True,,,,,6.698
2026-05-13T20:30:03.906682+00:00,gpu0_correctness,0,nocp_s8192_e8192,benchmark,8192,8192,8192,0,0,True,4300.63,75.51,75.51,75.51,6.298
2026-05-13T20:30:03.906682+00:00,gpu0_correctness,0,nocp_s8192_e8192,benchmark,32768,8192,8192,0,0,True,9328.38,326.76,326.76,326.76,6.298
2026-05-13T20:30:10.204603+00:00,gpu0_correctness,0,nocp_s8192_e8192,benchmark,65536,8192,8192,0,0,True,17416.01,700.9,700.9,700.9,5.701
2026-05-13T20:30:15.906418+00:00,gpu0_correctness,0,ckpt_s1024_e1024,correctness,2048,1024,1024,1,0,True,,,,,7.234
2026-05-13T20:30:23.140809+00:00,gpu0_correctness,0,ckpt_s1024_e1024,correctness,8192,1024,1024,1,0,True,,,,,7.640
2026-05-13T20:30:30.780704+00:00,gpu0_correctness,0,ckpt_s1024_e1024,benchmark,8192,1024,1024,1,0,True,4152.79,401.84,401.84,401.84,10.534
2026-05-13T20:30:30.780704+00:00,gpu0_correctness,0,ckpt_s1024_e1024,benchmark,32768,1024,1024,1,0,True,6954.88,1830.9,1830.9,1830.9,10.534
2026-05-13T20:30:41.314817+00:00,gpu0_correctness,0,ckpt_s1024_e1024,benchmark,65536,1024,1024,1,0,True,11272.01,3938.29,3938.29,3938.29,13.243
2026-05-13T20:30:54.558641+00:00,gpu0_correctness,0,ckpt_s2048_e1024,correctness,2048,2048,1024,1,0,True,,,,,7.516
2026-05-13T20:31:02.074910+00:00,gpu0_correctness,0,ckpt_s2048_e1024,correctness,8192,2048,1024,1,0,True,,,,,7.896
2026-05-13T20:31:09.971491+00:00,gpu0_correctness,0,ckpt_s2048_e1024,benchmark,8192,2048,1024,1,0,True,4153.66,396.35,396.35,396.35,10.219
2026-05-13T20:31:09.971491+00:00,gpu0_correctness,0,ckpt_s2048_e1024,benchmark,32768,2048,1024,1,0,True,6955.75,1759.71,1759.71,1759.71,10.219
2026-05-13T20:31:20.190667+00:00,gpu0_correctness,0,ckpt_s2048_e1024,benchmark,65536,2048,1024,1,0,True,11272.51,3874.61,3874.61,3874.61,13.339
2026-05-13T20:31:33.529927+00:00,gpu0_correctness,0,ckpt_s4096_e1024,correctness,2048,4096,1024,1,0,True,,,,,7.698
2026-05-13T20:31:41.227949+00:00,gpu0_correctness,0,ckpt_s4096_e1024,correctness,8192,4096,1024,1,0,True,,,,,6.973
2026-05-13T20:31:48.201114+00:00,gpu0_correctness,0,ckpt_s4096_e1024,benchmark,8192,4096,1024,1,0,True,4153.16,396.12,396.12,396.12,10.753
2026-05-13T20:31:48.201114+00:00,gpu0_correctness,0,ckpt_s4096_e1024,benchmark,32768,4096,1024,1,0,True,6955.25,1724.88,1724.88,1724.88,10.753
2026-05-13T20:31:58.954083+00:00,gpu0_correctness,0,ckpt_s4096_e1024,benchmark,65536,4096,1024,1,0,True,11272.51,3878.72,3878.72,3878.72,12.970
2026-05-13T20:32:11.924274+00:00,gpu0_correctness,0,ckpt_s2048_e2048,correctness,2048,2048,2048,1,0,True,,,,,7.546
2026-05-13T20:32:19.470918+00:00,gpu0_correctness,0,ckpt_s2048_e2048,correctness,8192,2048,2048,1,0,True,,,,,7.413
2026-05-13T20:32:26.884306+00:00,gpu0_correctness,0,ckpt_s2048_e2048,benchmark,8192,2048,2048,1,0,True,4133.78,214.75,214.75,214.75,8.879
2026-05-13T20:32:26.884306+00:00,gpu0_correctness,0,ckpt_s2048_e2048,benchmark,32768,2048,2048,1,0,True,6934.88,947.99,947.99,947.99,8.879
2026-05-13T20:32:35.763511+00:00,gpu0_correctness,0,ckpt_s2048_e2048,benchmark,65536,2048,2048,1,0,True,11272.01,2062.66,2062.66,2062.66,8.873
2026-05-13T20:32:44.637479+00:00,gpu0_correctness,0,ckpt_s4096_e2048,correctness,2048,4096,2048,1,0,True,,,,,7.786
2026-05-13T20:32:52.424157+00:00,gpu0_correctness,0,ckpt_s4096_e2048,correctness,8192,4096,2048,1,0,True,,,,,7.616
2026-05-13T20:33:00.040591+00:00,gpu0_correctness,0,ckpt_s4096_e2048,benchmark,8192,4096,2048,1,0,True,4132.78,220.95,220.95,220.95,8.488
2026-05-13T20:33:00.040591+00:00,gpu0_correctness,0,ckpt_s4096_e2048,benchmark,32768,4096,2048,1,0,True,6934.88,934.22,934.22,934.22,8.488
2026-05-13T20:33:08.528886+00:00,gpu0_correctness,0,ckpt_s4096_e2048,benchmark,65536,4096,2048,1,0,True,11272.01,2018.07,2018.07,2018.07,9.361
2026-05-13T20:33:17.890125+00:00,gpu0_correctness,0,ckpt_s8192_e2048,correctness,2048,8192,2048,1,0,True,,,,,7.298
2026-05-13T20:33:25.188918+00:00,gpu0_correctness,0,ckpt_s8192_e2048,correctness,8192,8192,2048,1,0,True,,,,,7.649
2026-05-13T20:33:32.838531+00:00,gpu0_correctness,0,ckpt_s8192_e2048,benchmark,8192,8192,2048,1,0,True,4132.78,216.21,216.21,216.21,9.044
2026-05-13T20:33:32.838531+00:00,gpu0_correctness,0,ckpt_s8192_e2048,benchmark,32768,8192,2048,1,0,True,6934.88,977.92,977.92,977.92,9.044
2026-05-13T20:33:41.882910+00:00,gpu0_correctness,0,ckpt_s8192_e2048,benchmark,65536,8192,2048,1,0,True,11272.01,2021.64,2021.64,2021.64,9.081
2026-05-13T20:33:50.964259+00:00,gpu0_correctness,0,ckpt_s4096_e4096,correctness,2048,4096,4096,1,0,True,,,,,7.648
2026-05-13T20:33:58.612613+00:00,gpu0_correctness,0,ckpt_s4096_e4096,correctness,8192,4096,4096,1,0,True,,,,,7.510
2026-05-13T20:34:06.122430+00:00,gpu0_correctness,0,ckpt_s4096_e4096,benchmark,8192,4096,4096,1,0,True,4092.77,125.9,125.9,125.9,7.129
2026-05-13T20:34:06.122430+00:00,gpu0_correctness,0,ckpt_s4096_e4096,benchmark,32768,4096,4096,1,0,True,6894.87,561.34,561.34,561.34,7.129
2026-05-13T20:34:13.251989+00:00,gpu0_correctness,0,ckpt_s4096_e4096,benchmark,65536,4096,4096,1,0,True,11272.01,1171.1,1171.1,1171.1,7.405
2026-05-13T20:34:20.657766+00:00,gpu0_correctness,0,ckpt_s8192_e4096,correctness,2048,8192,4096,1,0,True,,,,,7.320
2026-05-13T20:34:27.978436+00:00,gpu0_correctness,0,ckpt_s8192_e4096,correctness,8192,8192,4096,1,0,True,,,,,7.495
2026-05-13T20:34:35.473728+00:00,gpu0_correctness,0,ckpt_s8192_e4096,benchmark,8192,8192,4096,1,0,True,4092.77,252.24,252.24,252.24,7.368
2026-05-13T20:34:35.473728+00:00,gpu0_correctness,0,ckpt_s8192_e4096,benchmark,32768,8192,4096,1,0,True,6894.87,543.72,543.72,543.72,7.368
2026-05-13T20:34:42.841667+00:00,gpu0_correctness,0,ckpt_s8192_e4096,benchmark,65536,8192,4096,1,0,True,11272.01,1159.41,1159.41,1159.41,7.354
2026-05-13T20:34:50.196344+00:00,gpu0_correctness,0,ckpt_s16384_e4096,correctness,2048,16384,4096,1,0,True,,,,,7.593
2026-05-13T20:34:57.789809+00:00,gpu0_correctness,0,ckpt_s16384_e4096,correctness,8192,16384,4096,1,0,True,,,,,7.660
2026-05-13T20:35:05.450270+00:00,gpu0_correctness,0,ckpt_s16384_e4096,benchmark,8192,16384,4096,1,0,True,4092.77,229.45,229.45,229.45,7.791
2026-05-13T20:35:05.450270+00:00,gpu0_correctness,0,ckpt_s16384_e4096,benchmark,32768,16384,4096,1,0,True,6894.87,532.55,532.55,532.55,7.791
2026-05-13T20:35:13.242030+00:00,gpu0_correctness,0,ckpt_s16384_e4096,benchmark,65536,16384,4096,1,0,True,11272.01,1162.91,1162.91,1162.91,7.433
2026-05-13T20:35:20.675568+00:00,gpu0_correctness,0,ckpt_s8192_e8192,correctness,2048,8192,8192,1,0,True,,,,,6.723
2026-05-13T20:35:27.399290+00:00,gpu0_correctness,0,ckpt_s8192_e8192,correctness,8192,8192,8192,1,0,True,,,,,7.363
2026-05-13T20:35:34.762285+00:00,gpu0_correctness,0,ckpt_s8192_e8192,benchmark,8192,8192,8192,1,0,True,4012.63,83.01,83.01,83.01,6.962
2026-05-13T20:35:34.762285+00:00,gpu0_correctness,0,ckpt_s8192_e8192,benchmark,32768,8192,8192,1,0,True,6814.85,350.67,350.67,350.67,6.962
2026-05-13T20:35:41.724884+00:00,gpu0_correctness,0,ckpt_s8192_e8192,benchmark,65536,8192,8192,1,0,True,11272.01,748.06,748.06,748.06,6.752
2026-05-13T20:35:48.477366+00:00,gpu0_correctness,0,nocp_s2048_e2048,correctness,2048,2048,2048,0,0,True,,,,,6.713
2026-05-13T20:35:55.190587+00:00,gpu0_correctness,0,nocp_s2048_e2048,correctness,8192,2048,2048,0,0,True,,,,,6.751
2026-05-13T20:36:01.941606+00:00,gpu0_correctness,0,nocp_s2048_e2048,benchmark,8192,2048,2048,0,0,True,4526.78,204.66,204.66,204.66,7.885
2026-05-13T20:36:01.941606+00:00,gpu0_correctness,0,nocp_s2048_e2048,benchmark,32768,2048,2048,0,0,True,9474.38,903.63,903.63,903.63,7.885
2026-05-13T20:36:09.827140+00:00,gpu0_correctness,0,nocp_s2048_e2048,benchmark,65536,2048,2048,0,0,True,17708.01,1964.71,1964.71,1964.71,8.825
2026-05-13T20:36:18.652861+00:00,gpu0_correctness,0,nocp_s4096_e2048,correctness,2048,4096,2048,0,0,True,,,,,7.229
2026-05-13T20:36:25.882293+00:00,gpu0_correctness,0,nocp_s4096_e2048,correctness,8192,4096,2048,0,0,True,,,,,6.905
2026-05-13T20:36:32.787784+00:00,gpu0_correctness,0,nocp_s4096_e2048,benchmark,8192,4096,2048,0,0,True,4527.66,202.29,202.29,202.29,7.543
2026-05-13T20:36:32.787784+00:00,gpu0_correctness,0,nocp_s4096_e2048,benchmark,32768,4096,2048,0,0,True,9473.26,884.99,884.99,884.99,7.543
2026-05-13T20:36:40.330756+00:00,gpu0_correctness,0,nocp_s4096_e2048,benchmark,65536,4096,2048,0,0,True,17708.01,1946.41,1946.41,1946.41,8.653
2026-05-13T20:36:48.984581+00:00,gpu0_correctness,0,nocp_s4096_e4096,correctness,2048,4096,4096,0,0,True,,,,,6.342
2026-05-13T20:36:55.327235+00:00,gpu0_correctness,0,nocp_s4096_e4096,correctness,8192,4096,4096,0,0,True,,,,,6.683
2026-05-13T20:37:02.010298+00:00,gpu0_correctness,0,nocp_s4096_e4096,benchmark,8192,4096,4096,0,0,True,4428.77,118.99,118.99,118.99,6.560
2026-05-13T20:37:02.010298+00:00,gpu0_correctness,0,nocp_s4096_e4096,benchmark,32768,4096,4096,0,0,True,9328.38,515.96,515.96,515.96,6.560
2026-05-13T20:37:08.570453+00:00,gpu0_correctness,0,nocp_s4096_e4096,benchmark,65536,4096,4096,0,0,True,17416.01,1123.12,1123.12,1123.12,6.651
2026-05-13T20:37:15.222099+00:00,gpu0_correctness,0,nocp_s8192_e4096,correctness,2048,8192,4096,0,0,True,,,,,6.357
2026-05-13T20:37:21.579461+00:00,gpu0_correctness,0,nocp_s8192_e4096,correctness,8192,8192,4096,0,0,True,,,,,6.469
2026-05-13T20:37:28.048466+00:00,gpu0_correctness,0,nocp_s8192_e4096,benchmark,8192,8192,4096,0,0,True,4428.77,118.2,118.2,118.2,6.646
2026-05-13T20:37:28.048466+00:00,gpu0_correctness,0,nocp_s8192_e4096,benchmark,32768,8192,4096,0,0,True,9328.38,512.38,512.38,512.38,6.646
2026-05-13T20:37:34.695135+00:00,gpu0_correctness,0,nocp_s8192_e4096,benchmark,65536,8192,4096,0,0,True,17416.01,1109.38,1109.38,1109.38,6.762
2026-05-13T20:37:41.457306+00:00,gpu0_correctness,0,nocp_s8192_e8192,correctness,2048,8192,8192,0,0,True,,,,,6.545
2026-05-13T20:37:48.003065+00:00,gpu0_correctness,0,nocp_s8192_e8192,correctness,8192,8192,8192,0,0,True,,,,,6.884
2026-05-13T20:37:54.887459+00:00,gpu0_correctness,0,nocp_s8192_e8192,benchmark,8192,8192,8192,0,0,True,4300.63,75.88,75.88,75.88,5.902
2026-05-13T20:37:54.887459+00:00,gpu0_correctness,0,nocp_s8192_e8192,benchmark,32768,8192,8192,0,0,True,9328.38,327.34,327.34,327.34,5.902
2026-05-13T20:38:00.789432+00:00,gpu0_correctness,0,nocp_s8192_e8192,benchmark,65536,8192,8192,0,0,True,17416.01,700.61,700.61,700.61,6.276
2026-05-13T20:38:07.065730+00:00,gpu0_correctness,0,ckpt_s1024_e1024,correctness,2048,1024,1024,1,0,True,,,,,7.767
2026-05-13T20:38:14.833379+00:00,gpu0_correctness,0,ckpt_s1024_e1024,correctness,8192,1024,1024,1,0,True,,,,,6.958
2026-05-13T20:38:21.791354+00:00,gpu0_correctness,0,ckpt_s1024_e1024,benchmark,8192,1024,1024,1,0,True,4152.79,415.85,415.85,415.85,10.390
2026-05-13T20:38:21.791354+00:00,gpu0_correctness,0,ckpt_s1024_e1024,benchmark,32768,1024,1024,1,0,True,6954.88,1786.88,1786.88,1786.88,10.390
2026-05-13T20:38:32.181595+00:00,gpu0_correctness,0,ckpt_s1024_e1024,benchmark,65536,1024,1024,1,0,True,11272.01,3905.37,3905.37,3905.37,13.032
2026-05-13T20:38:45.214549+00:00,gpu0_correctness,0,ckpt_s2048_e1024,correctness,2048,2048,1024,1,0,True,,,,,7.902
2026-05-13T20:38:53.117162+00:00,gpu0_correctness,0,ckpt_s2048_e1024,correctness,8192,2048,1024,1,0,True,,,,,8.014
2026-05-13T20:39:01.131507+00:00,gpu0_correctness,0,ckpt_s2048_e1024,benchmark,8192,2048,1024,1,0,True,4153.66,408.42,408.42,408.42,10.692
2026-05-13T20:39:01.131507+00:00,gpu0_correctness,0,ckpt_s2048_e1024,benchmark,32768,2048,1024,1,0,True,6955.75,1781.31,1781.31,1781.31,10.692
2026-05-13T20:39:11.824044+00:00,gpu0_correctness,0,ckpt_s2048_e1024,benchmark,65536,2048,1024,1,0,True,11272.51,3780.97,3780.97,3780.97,12.378
2026-05-13T20:39:24.202261+00:00,gpu0_correctness,0,ckpt_s4096_e1024,correctness,2048,4096,1024,1,0,True,,,,,7.252
2026-05-13T20:39:31.454252+00:00,gpu0_correctness,0,ckpt_s4096_e1024,correctness,8192,4096,1024,1,0,True,,,,,7.278
2026-05-13T20:39:38.732416+00:00,gpu0_correctness,0,ckpt_s4096_e1024,benchmark,8192,4096,1024,1,0,True,4153.16,404.68,404.68,404.68,10.267
2026-05-13T20:39:38.732416+00:00,gpu0_correctness,0,ckpt_s4096_e1024,benchmark,32768,4096,1024,1,0,True,6955.25,1747.73,1747.73,1747.73,10.267
2026-05-13T20:39:48.999997+00:00,gpu0_correctness,0,ckpt_s4096_e1024,benchmark,65536,4096,1024,1,0,True,11272.51,3925.65,3925.65,3925.65,13.098
2026-05-13T20:40:02.098706+00:00,gpu0_correctness,0,ckpt_s2048_e2048,correctness,2048,2048,2048,1,0,True,,,,,7.441
2026-05-13T20:40:09.540355+00:00,gpu0_correctness,0,ckpt_s2048_e2048,correctness,8192,2048,2048,1,0,True,,,,,7.510
2026-05-13T20:40:17.051122+00:00,gpu0_correctness,0,ckpt_s2048_e2048,benchmark,8192,2048,2048,1,0,True,4133.78,217.7,217.7,217.7,8.309
2026-05-13T20:40:17.051122+00:00,gpu0_correctness,0,ckpt_s2048_e2048,benchmark,32768,2048,2048,1,0,True,6934.88,941.19,941.19,941.19,8.309
2026-05-13T20:40:25.360694+00:00,gpu0_correctness,0,ckpt_s2048_e2048,benchmark,65536,2048,2048,1,0,True,11272.01,2071.37,2071.37,2071.37,9.563
2026-05-13T20:40:34.923847+00:00,gpu0_correctness,0,ckpt_s4096_e2048,correctness,2048,4096,2048,1,0,True,,,,,7.722
2026-05-13T20:40:42.645646+00:00,gpu0_correctness,0,ckpt_s4096_e2048,correctness,8192,4096,2048,1,0,True,,,,,7.845
2026-05-13T20:40:50.490753+00:00,gpu0_correctness,0,ckpt_s4096_e2048,benchmark,8192,4096,2048,1,0,True,4132.78,221.25,221.25,221.25,8.485
2026-05-13T20:40:50.490753+00:00,gpu0_correctness,0,ckpt_s4096_e2048,benchmark,32768,4096,2048,1,0,True,6934.88,938.35,938.35,938.35,8.485
2026-05-13T20:40:58.975754+00:00,gpu0_correctness,0,ckpt_s4096_e2048,benchmark,65536,4096,2048,1,0,True,11272.01,2044.79,2044.79,2044.79,9.559
2026-05-13T20:41:08.535028+00:00,gpu0_correctness,0,ckpt_s8192_e2048,correctness,2048,8192,2048,1,0,True,,,,,7.803
2026-05-13T20:41:16.338572+00:00,gpu0_correctness,0,ckpt_s8192_e2048,correctness,8192,8192,2048,1,0,True,,,,,7.143
2026-05-13T20:41:23.481837+00:00,gpu0_correctness,0,ckpt_s8192_e2048,benchmark,8192,8192,2048,1,0,True,4132.78,213.96,213.96,213.96,7.836
2026-05-13T20:41:23.481837+00:00,gpu0_correctness,0,ckpt_s8192_e2048,benchmark,32768,8192,2048,1,0,True,6934.88,946.78,946.78,946.78,7.836
2026-05-13T20:41:31.318551+00:00,gpu0_correctness,0,ckpt_s8192_e2048,benchmark,65536,8192,2048,1,0,True,11272.01,2004.54,2004.54,2004.54,9.437
2026-05-13T20:41:40.755658+00:00,gpu0_correctness,0,ckpt_s4096_e4096,correctness,2048,4096,4096,1,0,True,,,,,7.745
2026-05-13T20:41:48.500808+00:00,gpu0_correctness,0,ckpt_s4096_e4096,correctness,8192,4096,4096,1,0,True,,,,,7.205
2026-05-13T20:41:55.706579+00:00,gpu0_correctness,0,ckpt_s4096_e4096,benchmark,8192,4096,4096,1,0,True,4092.77,125.68,125.68,125.68,7.179
2026-05-13T20:41:55.706579+00:00,gpu0_correctness,0,ckpt_s4096_e4096,benchmark,32768,4096,4096,1,0,True,6894.87,551.87,551.87,551.87,7.179
2026-05-13T20:42:02.885715+00:00,gpu0_correctness,0,ckpt_s4096_e4096,benchmark,65536,4096,4096,1,0,True,11272.01,1175.99,1175.99,1175.99,8.100
2026-05-13T20:42:10.986763+00:00,gpu0_correctness,0,ckpt_s8192_e4096,correctness,2048,8192,4096,1,0,True,,,,,8.017
2026-05-13T20:42:19.004120+00:00,gpu0_correctness,0,ckpt_s8192_e4096,correctness,8192,8192,4096,1,0,True,,,,,7.407
2026-05-13T20:42:26.411616+00:00,gpu0_correctness,0,ckpt_s8192_e4096,benchmark,8192,8192,4096,1,0,True,4092.77,228.57,228.57,228.57,6.894
2026-05-13T20:42:26.411616+00:00,gpu0_correctness,0,ckpt_s8192_e4096,benchmark,32768,8192,4096,1,0,True,6894.87,547.37,547.37,547.37,6.894
2026-05-13T20:42:33.306142+00:00,gpu0_correctness,0,ckpt_s8192_e4096,benchmark,65536,8192,4096,1,0,True,11272.01,1157.44,1157.44,1157.44,7.778
2026-05-13T20:42:41.084736+00:00,gpu0_correctness,0,ckpt_s16384_e4096,correctness,2048,16384,4096,1,0,True,,,,,8.066
2026-05-13T20:42:49.151196+00:00,gpu0_correctness,0,ckpt_s16384_e4096,correctness,8192,16384,4096,1,0,True,,,,,7.422
2026-05-13T20:42:56.573077+00:00,gpu0_correctness,0,ckpt_s16384_e4096,benchmark,8192,16384,4096,1,0,True,4092.77,256.66,256.66,256.66,7.354
2026-05-13T20:42:56.573077+00:00,gpu0_correctness,0,ckpt_s16384_e4096,benchmark,32768,16384,4096,1,0,True,6894.87,532.4,532.4,532.4,7.354
2026-05-13T20:43:03.927754+00:00,gpu0_correctness,0,ckpt_s16384_e4096,benchmark,65536,16384,4096,1,0,True,11272.01,1149.1,1149.1,1149.1,7.465
2026-05-13T20:43:11.393020+00:00,gpu0_correctness,0,ckpt_s8192_e8192,correctness,2048,8192,8192,1,0,True,,,,,7.473
2026-05-13T20:43:18.866195+00:00,gpu0_correctness,0,ckpt_s8192_e8192,correctness,8192,8192,8192,1,0,True,,,,,6.996
2026-05-13T20:43:25.862850+00:00,gpu0_correctness,0,ckpt_s8192_e8192,benchmark,8192,8192,8192,1,0,True,4012.63,87.48,87.48,87.48,6.575
2026-05-13T20:43:25.862850+00:00,gpu0_correctness,0,ckpt_s8192_e8192,benchmark,32768,8192,8192,1,0,True,6814.85,350.74,350.74,350.74,6.575
2026-05-13T20:43:32.438452+00:00,gpu0_correctness,0,ckpt_s8192_e8192,benchmark,65536,8192,8192,1,0,True,11272.01,748.17,748.17,748.17,6.682
2026-05-13T20:43:39.121095+00:00,gpu0_correctness,0,nocp_s2048_e2048,correctness,2048,2048,2048,0,0,True,,,,,6.850
2026-05-13T20:43:45.971506+00:00,gpu0_correctness,0,nocp_s2048_e2048,correctness,8192,2048,2048,0,0,True,,,,,7.215
2026-05-13T20:43:53.187195+00:00,gpu0_correctness,0,nocp_s2048_e2048,benchmark,8192,2048,2048,0,0,True,4526.78,203.15,203.15,203.15,7.176
2026-05-13T20:43:53.187195+00:00,gpu0_correctness,0,nocp_s2048_e2048,benchmark,32768,2048,2048,0,0,True,9474.38,892.44,892.44,892.44,7.176
2026-05-13T20:44:00.363564+00:00,gpu0_correctness,0,nocp_s2048_e2048,benchmark,65536,2048,2048,0,0,True,17708.01,1963.74,1963.74,1963.74,8.496
2026-05-13T20:44:08.860374+00:00,gpu0_correctness,0,nocp_s4096_e2048,correctness,2048,4096,2048,0,0,True,,,,,7.153
2026-05-13T20:44:16.013200+00:00,gpu0_correctness,0,nocp_s4096_e2048,correctness,8192,4096,2048,0,0,True,,,,,6.470
2026-05-13T20:44:22.483071+00:00,gpu0_correctness,0,nocp_s4096_e2048,benchmark,8192,4096,2048,0,0,True,4527.66,203.75,203.75,203.75,7.337
2026-05-13T20:44:22.483071+00:00,gpu0_correctness,0,nocp_s4096_e2048,benchmark,32768,4096,2048,0,0,True,9473.26,885.1,885.1,885.1,7.337
2026-05-13T20:44:29.820471+00:00,gpu0_correctness,0,nocp_s4096_e2048,benchmark,65536,4096,2048,0,0,True,17708.01,1933.93,1933.93,1933.93,7.926
2026-05-13T20:44:37.747090+00:00,gpu0_correctness,0,nocp_s4096_e4096,correctness,2048,4096,4096,0,0,True,,,,,6.567
2026-05-13T20:44:44.313965+00:00,gpu0_correctness,0,nocp_s4096_e4096,correctness,8192,4096,4096,0,0,True,,,,,6.684
2026-05-13T20:44:50.998735+00:00,gpu0_correctness,0,nocp_s4096_e4096,benchmark,8192,4096,4096,0,0,True,4428.77,117.86,117.86,117.86,6.592
2026-05-13T20:44:50.998735+00:00,gpu0_correctness,0,nocp_s4096_e4096,benchmark,32768,4096,4096,0,0,True,9328.38,515.92,515.92,515.92,6.592
2026-05-13T20:44:57.591031+00:00,gpu0_correctness,0,nocp_s4096_e4096,benchmark,65536,4096,4096,0,0,True,17416.01,1122.92,1122.92,1122.92,6.275
2026-05-13T20:45:03.866530+00:00,gpu0_correctness,0,nocp_s8192_e4096,correctness,2048,8192,4096,0,0,True,,,,,6.652
2026-05-13T20:45:10.518934+00:00,gpu0_correctness,0,nocp_s8192_e4096,correctness,8192,8192,4096,0,0,True,,,,,6.479
2026-05-13T20:45:16.998201+00:00,gpu0_correctness,0,nocp_s8192_e4096,benchmark,8192,8192,4096,0,0,True,4428.77,119.56,119.56,119.56,6.119
2026-05-13T20:45:16.998201+00:00,gpu0_correctness,0,nocp_s8192_e4096,benchmark,32768,8192,4096,0,0,True,9328.38,512.19,512.19,512.19,6.119
2026-05-13T20:45:23.117831+00:00,gpu0_correctness,0,nocp_s8192_e4096,benchmark,65536,8192,4096,0,0,True,17416.01,1108.88,1108.88,1108.88,6.212
2026-05-13T20:45:29.330173+00:00,gpu0_correctness,0,nocp_s8192_e8192,correctness,2048,8192,8192,0,0,True,,,,,6.598
2026-05-13T20:45:35.928645+00:00,gpu0_correctness,0,nocp_s8192_e8192,correctness,8192,8192,8192,0,0,True,,,,,6.999
2026-05-13T20:45:42.928325+00:00,gpu0_correctness,0,nocp_s8192_e8192,benchmark,8192,8192,8192,0,0,True,4300.63,75.01,75.01,75.01,5.969
2026-05-13T20:45:42.928325+00:00,gpu0_correctness,0,nocp_s8192_e8192,benchmark,32768,8192,8192,0,0,True,9328.38,326.94,326.94,326.94,5.969
2026-05-13T20:45:48.898100+00:00,gpu0_correctness,0,nocp_s8192_e8192,benchmark,65536,8192,8192,0,0,True,17416.01,700.74,700.74,700.74,6.253
2026-05-13T20:45:55.151770+00:00,gpu0_correctness,0,ckpt_s1024_e1024,correctness,2048,1024,1024,1,0,True,,,,,7.104
2026-05-13T20:46:02.255812+00:00,gpu0_correctness,0,ckpt_s1024_e1024,correctness,8192,1024,1024,1,0,True,,,,,7.145
2026-05-13T20:46:09.401597+00:00,gpu0_correctness,0,ckpt_s1024_e1024,benchmark,8192,1024,1024,1,0,True,4152.79,415.0,415.0,415.0,9.961
2026-05-13T20:46:09.401597+00:00,gpu0_correctness,0,ckpt_s1024_e1024,benchmark,32768,1024,1024,1,0,True,6954.88,1803.74,1803.74,1803.74,9.961
2026-05-13T20:46:19.362921+00:00,gpu0_correctness,0,ckpt_s1024_e1024,benchmark,65536,1024,1024,1,0,True,11272.01,3985.81,3985.81,3985.81,12.979
2026-05-13T20:46:32.342416+00:00,gpu0_correctness,0,ckpt_s2048_e1024,correctness,2048,2048,1024,1,0,True,,,,,7.575
2026-05-13T20:46:39.917535+00:00,gpu0_correctness,0,ckpt_s2048_e1024,correctness,8192,2048,1024,1,0,True,,,,,7.814
2026-05-13T20:46:47.731769+00:00,gpu0_correctness,0,ckpt_s2048_e1024,benchmark,8192,2048,1024,1,0,True,4153.66,403.76,403.76,403.76,9.959
2026-05-13T20:46:47.731769+00:00,gpu0_correctness,0,ckpt_s2048_e1024,benchmark,32768,2048,1024,1,0,True,6955.75,1727.29,1727.29,1727.29,9.959
2026-05-13T20:46:57.691527+00:00,gpu0_correctness,0,ckpt_s2048_e1024,benchmark,65536,2048,1024,1,0,True,11272.51,3780.38,3780.38,3780.38,12.764
2026-05-13T20:47:10.455682+00:00,gpu0_correctness,0,ckpt_s4096_e1024,correctness,2048,4096,1024,1,0,True,,,,,7.295
2026-05-13T20:47:17.750551+00:00,gpu0_correctness,0,ckpt_s4096_e1024,correctness,8192,4096,1024,1,0,True,,,,,7.507
2026-05-13T20:47:25.258120+00:00,gpu0_correctness,0,ckpt_s4096_e1024,benchmark,8192,4096,1024,1,0,True,4153.16,402.75,402.75,402.75,10.729
2026-05-13T20:47:25.258120+00:00,gpu0_correctness,0,ckpt_s4096_e1024,benchmark,32768,4096,1024,1,0,True,6955.25,1775.0,1775.0,1775.0,10.729
2026-05-13T20:47:35.987508+00:00,gpu0_correctness,0,ckpt_s4096_e1024,benchmark,65536,4096,1024,1,0,True,11272.51,3804.9,3804.9,3804.9,12.990
2026-05-13T20:47:48.977904+00:00,gpu0_correctness,0,ckpt_s2048_e2048,correctness,2048,2048,2048,1,0,True,,,,,7.949
2026-05-13T20:47:56.926884+00:00,gpu0_correctness,0,ckpt_s2048_e2048,correctness,8192,2048,2048,1,0,True,,,,,7.411
2026-05-13T20:48:04.337812+00:00,gpu0_correctness,0,ckpt_s2048_e2048,benchmark,8192,2048,2048,1,0,True,4133.78,213.27,213.27,213.27,8.086
2026-05-13T20:48:04.337812+00:00,gpu0_correctness,0,ckpt_s2048_e2048,benchmark,32768,2048,2048,1,0,True,6934.88,936.18,936.18,936.18,8.086
2026-05-13T20:48:12.423695+00:00,gpu0_correctness,0,ckpt_s2048_e2048,benchmark,65536,2048,2048,1,0,True,11272.01,2105.15,2105.15,2105.15,9.735
2026-05-13T20:48:22.159112+00:00,gpu0_correctness,0,ckpt_s4096_e2048,correctness,2048,4096,2048,1,0,True,,,,,7.185
2026-05-13T20:48:29.344725+00:00,gpu0_correctness,0,ckpt_s4096_e2048,correctness,8192,4096,2048,1,0,True,,,,,7.586
2026-05-13T20:48:36.931436+00:00,gpu0_correctness,0,ckpt_s4096_e2048,benchmark,8192,4096,2048,1,0,True,4132.78,219.39,219.39,219.39,8.235
2026-05-13T20:48:36.931436+00:00,gpu0_correctness,0,ckpt_s4096_e2048,benchmark,32768,4096,2048,1,0,True,6934.88,951.25,951.25,951.25,8.235
2026-05-13T20:48:45.167271+00:00,gpu0_correctness,0,ckpt_s4096_e2048,benchmark,65536,4096,2048,1,0,True,11272.01,2079.06,2079.06,2079.06,9.683
2026-05-13T20:48:54.850639+00:00,gpu0_correctness,0,ckpt_s8192_e2048,correctness,2048,8192,2048,1,0,True,,,,,7.660
2026-05-13T20:49:02.511397+00:00,gpu0_correctness,0,ckpt_s8192_e2048,correctness,8192,8192,2048,1,0,True,,,,,7.966
2026-05-13T20:49:10.477486+00:00,gpu0_correctness,0,ckpt_s8192_e2048,benchmark,8192,8192,2048,1,0,True,4132.78,215.48,215.48,215.48,8.724
2026-05-13T20:49:10.477486+00:00,gpu0_correctness,0,ckpt_s8192_e2048,benchmark,32768,8192,2048,1,0,True,6934.88,925.12,925.12,925.12,8.724
2026-05-13T20:49:19.201516+00:00,gpu0_correctness,0,ckpt_s8192_e2048,benchmark,65536,8192,2048,1,0,True,11272.01,2026.78,2026.78,2026.78,9.639
2026-05-13T20:49:28.840601+00:00,gpu0_correctness,0,ckpt_s4096_e4096,correctness,2048,4096,4096,1,0,True,,,,,8.189
2026-05-13T20:49:37.029925+00:00,gpu0_correctness,0,ckpt_s4096_e4096,correctness,8192,4096,4096,1,0,True,,,,,7.385
2026-05-13T20:49:44.415086+00:00,gpu0_correctness,0,ckpt_s4096_e4096,benchmark,8192,4096,4096,1,0,True,4092.77,125.42,125.42,125.42,7.180
2026-05-13T20:49:44.415086+00:00,gpu0_correctness,0,ckpt_s4096_e4096,benchmark,32768,4096,4096,1,0,True,6894.87,539.57,539.57,539.57,7.180
2026-05-13T20:49:51.595413+00:00,gpu0_correctness,0,ckpt_s4096_e4096,benchmark,65536,4096,4096,1,0,True,11272.01,1186.6,1186.6,1186.6,7.638
2026-05-13T20:49:59.233765+00:00,gpu0_correctness,0,ckpt_s8192_e4096,correctness,2048,8192,4096,1,0,True,,,,,7.318
2026-05-13T20:50:06.551620+00:00,gpu0_correctness,0,ckpt_s8192_e4096,correctness,8192,8192,4096,1,0,True,,,,,7.850
2026-05-13T20:50:14.401580+00:00,gpu0_correctness,0,ckpt_s8192_e4096,benchmark,8192,8192,4096,1,0,True,4092.77,215.01,215.01,215.01,7.170
2026-05-13T20:50:14.401580+00:00,gpu0_correctness,0,ckpt_s8192_e4096,benchmark,32768,8192,4096,1,0,True,6894.87,544.54,544.54,544.54,7.170
2026-05-13T20:50:21.571547+00:00,gpu0_correctness,0,ckpt_s8192_e4096,benchmark,65536,8192,4096,1,0,True,11272.01,1160.44,1160.44,1160.44,7.616
2026-05-13T20:50:29.188095+00:00,gpu0_correctness,0,ckpt_s16384_e4096,correctness,2048,16384,4096,1,0,True,,,,,6.931
2026-05-13T20:50:36.119569+00:00,gpu0_correctness,0,ckpt_s16384_e4096,correctness,8192,16384,4096,1,0,True,,,,,7.710
2026-05-13T20:50:43.829526+00:00,gpu0_correctness,0,ckpt_s16384_e4096,benchmark,8192,16384,4096,1,0,True,4092.77,219.56,219.56,219.56,7.748
2026-05-13T20:50:43.829526+00:00,gpu0_correctness,0,ckpt_s16384_e4096,benchmark,32768,16384,4096,1,0,True,6894.87,544.02,544.02,544.02,7.748
2026-05-13T20:50:51.578199+00:00,gpu0_correctness,0,ckpt_s16384_e4096,benchmark,65536,16384,4096,1,0,True,11272.01,1167.11,1167.11,1167.11,7.732
2026-05-13T20:50:59.311181+00:00,gpu0_correctness,0,ckpt_s8192_e8192,correctness,2048,8192,8192,1,0,True,,,,,7.083
2026-05-13T20:51:06.394979+00:00,gpu0_correctness,0,ckpt_s8192_e8192,correctness,8192,8192,8192,1,0,True,,,,,7.385
2026-05-13T20:51:13.779891+00:00,gpu0_correctness,0,ckpt_s8192_e8192,benchmark,8192,8192,8192,1,0,True,4012.63,83.19,83.19,83.19,6.342
2026-05-13T20:51:13.779891+00:00,gpu0_correctness,0,ckpt_s8192_e8192,benchmark,32768,8192,8192,1,0,True,6814.85,351.15,351.15,351.15,6.342
2026-05-13T20:51:20.122595+00:00,gpu0_correctness,0,ckpt_s8192_e8192,benchmark,65536,8192,8192,1,0,True,11272.01,748.75,748.75,748.75,6.743
2026-05-13T20:51:26.865836+00:00,gpu0_correctness,0,nocp_s2048_e2048,correctness,2048,2048,2048,0,0,True,,,,,6.445
2026-05-13T20:51:33.311627+00:00,gpu0_correctness,0,nocp_s2048_e2048,correctness,8192,2048,2048,0,0,True,,,,,6.857
2026-05-13T20:51:40.168634+00:00,gpu0_correctness,0,nocp_s2048_e2048,benchmark,8192,2048,2048,0,0,True,4526.78,204.03,204.03,204.03,8.199
2026-05-13T20:51:40.168634+00:00,gpu0_correctness,0,nocp_s2048_e2048,benchmark,32768,2048,2048,0,0,True,9474.38,902.26,902.26,902.26,8.199
2026-05-13T20:51:48.368020+00:00,gpu0_correctness,0,nocp_s2048_e2048,benchmark,65536,2048,2048,0,0,True,17708.01,1963.43,1963.43,1963.43,8.686
2026-05-13T20:51:57.054502+00:00,gpu0_correctness,0,nocp_s4096_e2048,correctness,2048,4096,2048,0,0,True,,,,,6.814
2026-05-13T20:52:03.868568+00:00,gpu0_correctness,0,nocp_s4096_e2048,correctness,8192,4096,2048,0,0,True,,,,,6.377
2026-05-13T20:52:10.246100+00:00,gpu0_correctness,0,nocp_s4096_e2048,benchmark,8192,4096,2048,0,0,True,4527.66,202.66,202.66,202.66,7.353
2026-05-13T20:52:10.246100+00:00,gpu0_correctness,0,nocp_s4096_e2048,benchmark,32768,4096,2048,0,0,True,9473.26,896.48,896.48,896.48,7.353
2026-05-13T20:52:17.599529+00:00,gpu0_correctness,0,nocp_s4096_e2048,benchmark,65536,4096,2048,0,0,True,17708.01,1936.12,1936.12,1936.12,8.365
2026-05-13T20:52:25.965032+00:00,gpu0_correctness,0,nocp_s4096_e4096,correctness,2048,4096,4096,0,0,True,,,,,6.148
2026-05-13T20:52:32.113538+00:00,gpu0_correctness,0,nocp_s4096_e4096,correctness,8192,4096,4096,0,0,True,,,,,6.808
2026-05-13T20:52:38.921867+00:00,gpu0_correctness,0,nocp_s4096_e4096,benchmark,8192,4096,4096,0,0,True,4428.77,118.09,118.09,118.09,6.639
2026-05-13T20:52:38.921867+00:00,gpu0_correctness,0,nocp_s4096_e4096,benchmark,32768,4096,4096,0,0,True,9328.38,516.56,516.56,516.56,6.639
2026-05-13T20:52:45.561342+00:00,gpu0_correctness,0,nocp_s4096_e4096,benchmark,65536,4096,4096,0,0,True,17416.01,1123.47,1123.47,1123.47,7.280
2026-05-13T20:52:52.841726+00:00,gpu0_correctness,0,nocp_s8192_e4096,correctness,2048,8192,4096,0,0,True,,,,,6.926
2026-05-13T20:52:59.767963+00:00,gpu0_correctness,0,nocp_s8192_e4096,correctness,8192,8192,4096,0,0,True,,,,,6.747
2026-05-13T20:53:06.515243+00:00,gpu0_correctness,0,nocp_s8192_e4096,benchmark,8192,8192,4096,0,0,True,4428.77,118.22,118.22,118.22,6.111
2026-05-13T20:53:06.515243+00:00,gpu0_correctness,0,nocp_s8192_e4096,benchmark,32768,8192,4096,0,0,True,9328.38,511.88,511.88,511.88,6.111
2026-05-13T20:53:12.626628+00:00,gpu0_correctness,0,nocp_s8192_e4096,benchmark,65536,8192,4096,0,0,True,17416.01,1108.63,1108.63,1108.63,7.019
2026-05-13T20:53:19.645798+00:00,gpu0_correctness,0,nocp_s8192_e8192,correctness,2048,8192,8192,0,0,True,,,,,6.766
2026-05-13T20:53:26.411686+00:00,gpu0_correctness,0,nocp_s8192_e8192,correctness,8192,8192,8192,0,0,True,,,,,7.064
2026-05-13T20:53:33.476314+00:00,gpu0_correctness,0,nocp_s8192_e8192,benchmark,8192,8192,8192,0,0,True,4300.63,75.93,75.93,75.93,5.575
2026-05-13T20:53:33.476314+00:00,gpu0_correctness,0,nocp_s8192_e8192,benchmark,32768,8192,8192,0,0,True,9328.38,326.96,326.96,326.96,5.575
2026-05-13T20:53:39.051606+00:00,gpu0_correctness,0,nocp_s8192_e8192,benchmark,65536,8192,8192,0,0,True,17416.01,700.89,700.89,700.89,5.979
2026-05-13T20:53:45.030936+00:00,gpu0_correctness,0,ckpt_s1024_e1024,correctness,2048,1024,1024,1,0,True,,,,,7.184
2026-05-13T20:53:52.214971+00:00,gpu0_correctness,0,ckpt_s1024_e1024,correctness,8192,1024,1024,1,0,True,,,,,7.373
2026-05-13T20:53:59.588090+00:00,gpu0_correctness,0,ckpt_s1024_e1024,benchmark,8192,1024,1024,1,0,True,4152.79,405.41,405.41,405.41,10.333
2026-05-13T20:53:59.588090+00:00,gpu0_correctness,0,ckpt_s1024_e1024,benchmark,32768,1024,1024,1,0,True,6954.88,1805.86,1805.86,1805.86,10.333
2026-05-13T20:54:09.921214+00:00,gpu0_correctness,0,ckpt_s1024_e1024,benchmark,65536,1024,1024,1,0,True,11272.01,3874.12,3874.12,3874.12,12.927
2026-05-13T20:54:22.848143+00:00,gpu0_correctness,0,ckpt_s2048_e1024,correctness,2048,2048,1024,1,0,True,,,,,7.506
2026-05-13T20:54:30.354026+00:00,gpu0_correctness,0,ckpt_s2048_e1024,correctness,8192,2048,1024,1,0,True,,,,,7.484
2026-05-13T20:54:37.838467+00:00,gpu0_correctness,0,ckpt_s2048_e1024,benchmark,8192,2048,1024,1,0,True,4153.66,403.03,403.03,403.03,9.793
2026-05-13T20:54:37.838467+00:00,gpu0_correctness,0,ckpt_s2048_e1024,benchmark,32768,2048,1024,1,0,True,6955.75,1725.53,1725.53,1725.53,9.793
2026-05-13T20:54:47.632182+00:00,gpu0_correctness,0,ckpt_s2048_e1024,benchmark,65536,2048,1024,1,0,True,11272.51,3774.92,3774.92,3774.92,12.762
2026-05-13T20:55:00.394386+00:00,gpu0_correctness,0,ckpt_s4096_e1024,correctness,2048,4096,1024,1,0,True,,,,,7.241
2026-05-13T20:55:07.635324+00:00,gpu0_correctness,0,ckpt_s4096_e1024,correctness,8192,4096,1024,1,0,True,,,,,8.112
2026-05-13T20:55:15.747464+00:00,gpu0_correctness,0,ckpt_s4096_e1024,benchmark,8192,4096,1024,1,0,True,4153.16,394.91,394.91,394.91,10.038
2026-05-13T20:55:15.747464+00:00,gpu0_correctness,0,ckpt_s4096_e1024,benchmark,32768,4096,1024,1,0,True,6955.25,1719.23,1719.23,1719.23,10.038
2026-05-13T20:55:25.785861+00:00,gpu0_correctness,0,ckpt_s4096_e1024,benchmark,65536,4096,1024,1,0,True,11272.51,3871.85,3871.85,3871.85,13.095
2026-05-13T20:55:38.881590+00:00,gpu0_correctness,0,ckpt_s2048_e2048,correctness,2048,2048,2048,1,0,True,,,,,7.583
2026-05-13T20:55:46.465264+00:00,gpu0_correctness,0,ckpt_s2048_e2048,correctness,8192,2048,2048,1,0,True,,,,,7.058
2026-05-13T20:55:53.523219+00:00,gpu0_correctness,0,ckpt_s2048_e2048,benchmark,8192,2048,2048,1,0,True,4133.78,215.09,215.09,215.09,8.279
2026-05-13T20:55:53.523219+00:00,gpu0_correctness,0,ckpt_s2048_e2048,benchmark,32768,2048,2048,1,0,True,6934.88,964.7,964.7,964.7,8.279
2026-05-13T20:56:01.802966+00:00,gpu0_correctness,0,ckpt_s2048_e2048,benchmark,65536,2048,2048,1,0,True,11272.01,2055.82,2055.82,2055.82,9.179
2026-05-13T20:56:10.982704+00:00,gpu0_correctness,0,ckpt_s4096_e2048,correctness,2048,4096,2048,1,0,True,,,,,7.321
2026-05-13T20:56:18.304432+00:00,gpu0_correctness,0,ckpt_s4096_e2048,correctness,8192,4096,2048,1,0,True,,,,,7.007
2026-05-13T20:56:25.311747+00:00,gpu0_correctness,0,ckpt_s4096_e2048,benchmark,8192,4096,2048,1,0,True,4132.78,218.38,218.38,218.38,8.401
2026-05-13T20:56:25.311747+00:00,gpu0_correctness,0,ckpt_s4096_e2048,benchmark,32768,4096,2048,1,0,True,6934.88,942.23,942.23,942.23,8.401
2026-05-13T20:56:33.712665+00:00,gpu0_correctness,0,ckpt_s4096_e2048,benchmark,65536,4096,2048,1,0,True,11272.01,2082.86,2082.86,2082.86,9.914
2026-05-13T20:56:43.627561+00:00,gpu0_correctness,0,ckpt_s8192_e2048,correctness,2048,8192,2048,1,0,True,,,,,7.954
2026-05-13T20:56:51.581731+00:00,gpu0_correctness,0,ckpt_s8192_e2048,correctness,8192,8192,2048,1,0,True,,,,,7.380
2026-05-13T20:56:58.961841+00:00,gpu0_correctness,0,ckpt_s8192_e2048,benchmark,8192,8192,2048,1,0,True,4132.78,219.77,219.77,219.77,7.909
2026-05-13T20:56:58.961841+00:00,gpu0_correctness,0,ckpt_s8192_e2048,benchmark,32768,8192,2048,1,0,True,6934.88,922.52,922.52,922.52,7.909
2026-05-13T20:57:06.871522+00:00,gpu0_correctness,0,ckpt_s8192_e2048,benchmark,65536,8192,2048,1,0,True,11272.01,2019.92,2019.92,2019.92,9.524
2026-05-13T20:57:16.396496+00:00,gpu0_correctness,0,ckpt_s4096_e4096,correctness,2048,4096,4096,1,0,True,,,,,7.559
2026-05-13T20:57:23.955991+00:00,gpu0_correctness,0,ckpt_s4096_e4096,correctness,8192,4096,4096,1,0,True,,,,,7.350
2026-05-13T20:57:31.306419+00:00,gpu0_correctness,0,ckpt_s4096_e4096,benchmark,8192,4096,4096,1,0,True,4092.77,125.07,125.07,125.07,7.279
2026-05-13T20:57:31.306419+00:00,gpu0_correctness,0,ckpt_s4096_e4096,benchmark,32768,4096,4096,1,0,True,6894.87,542.11,542.11,542.11,7.279
2026-05-13T20:57:38.586075+00:00,gpu0_correctness,0,ckpt_s4096_e4096,benchmark,65536,4096,4096,1,0,True,11272.01,1201.16,1201.16,1201.16,7.756
2026-05-13T20:57:46.343081+00:00,gpu0_correctness,0,ckpt_s8192_e4096,correctness,2048,8192,4096,1,0,True,,,,,7.133
2026-05-13T20:57:53.476299+00:00,gpu0_correctness,0,ckpt_s8192_e4096,correctness,8192,8192,4096,1,0,True,,,,,7.121
2026-05-13T20:58:00.597520+00:00,gpu0_correctness,0,ckpt_s8192_e4096,benchmark,8192,8192,4096,1,0,True,4092.77,221.15,221.15,221.15,7.368
2026-05-13T20:58:00.597520+00:00,gpu0_correctness,0,ckpt_s8192_e4096,benchmark,32768,8192,4096,1,0,True,6894.87,536.43,536.43,536.43,7.368
2026-05-13T20:58:07.965731+00:00,gpu0_correctness,0,ckpt_s8192_e4096,benchmark,65536,8192,4096,1,0,True,11272.01,1156.05,1156.05,1156.05,7.549
2026-05-13T20:58:15.515020+00:00,gpu0_correctness,0,ckpt_s16384_e4096,correctness,2048,16384,4096,1,0,True,,,,,6.960
2026-05-13T20:58:22.474894+00:00,gpu0_correctness,0,ckpt_s16384_e4096,correctness,8192,16384,4096,1,0,True,,,,,7.599
2026-05-13T20:58:30.074353+00:00,gpu0_correctness,0,ckpt_s16384_e4096,benchmark,8192,16384,4096,1,0,True,4092.77,224.37,224.37,224.37,7.468
2026-05-13T20:58:30.074353+00:00,gpu0_correctness,0,ckpt_s16384_e4096,benchmark,32768,16384,4096,1,0,True,6894.87,543.3,543.3,543.3,7.468
2026-05-13T20:58:37.542400+00:00,gpu0_correctness,0,ckpt_s16384_e4096,benchmark,65536,16384,4096,1,0,True,11272.01,1144.9,1144.9,1144.9,7.566
2026-05-13T20:58:45.109184+00:00,gpu0_correctness,0,ckpt_s8192_e8192,correctness,2048,8192,8192,1,0,True,,,,,7.505
2026-05-13T20:58:52.614926+00:00,gpu0_correctness,0,ckpt_s8192_e8192,correctness,8192,8192,8192,1,0,True,,,,,8.154
2026-05-13T20:59:00.768750+00:00,gpu0_correctness,0,ckpt_s8192_e8192,benchmark,8192,8192,8192,1,0,True,4012.63,83.84,83.84,83.84,6.814
2026-05-13T20:59:00.768750+00:00,gpu0_correctness,0,ckpt_s8192_e8192,benchmark,32768,8192,8192,1,0,True,6814.85,351.93,351.93,351.93,6.814
2026-05-13T20:59:07.583637+00:00,gpu0_correctness,0,ckpt_s8192_e8192,benchmark,65536,8192,8192,1,0,True,11272.01,748.94,748.94,748.94,6.788
2026-05-13T20:59:14.372454+00:00,gpu0_correctness,0,nocp_s2048_e2048,correctness,2048,2048,2048,0,0,True,,,,,6.214
2026-05-13T20:59:20.587018+00:00,gpu0_correctness,0,nocp_s2048_e2048,correctness,8192,2048,2048,0,0,True,,,,,6.380
2026-05-13T20:59:26.967184+00:00,gpu0_correctness,0,nocp_s2048_e2048,benchmark,8192,2048,2048,0,0,True,4526.78,204.47,204.47,204.47,7.547
2026-05-13T20:59:26.967184+00:00,gpu0_correctness,0,nocp_s2048_e2048,benchmark,32768,2048,2048,0,0,True,9474.38,892.7,892.7,892.7,7.547
2026-05-13T20:59:34.514534+00:00,gpu0_correctness,0,nocp_s2048_e2048,benchmark,65536,2048,2048,0,0,True,17708.01,1966.67,1966.67,1966.67,8.629
2026-05-13T20:59:43.144558+00:00,gpu0_correctness,0,nocp_s4096_e2048,correctness,2048,4096,2048,0,0,True,,,,,6.131
2026-05-13T20:59:49.276323+00:00,gpu0_correctness,0,nocp_s4096_e2048,correctness,8192,4096,2048,0,0,True,,,,,7.173
2026-05-13T20:59:56.449705+00:00,gpu0_correctness,0,nocp_s4096_e2048,benchmark,8192,4096,2048,0,0,True,4527.66,203.46,203.46,203.46,7.870
2026-05-13T20:59:56.449705+00:00,gpu0_correctness,0,nocp_s4096_e2048,benchmark,32768,4096,2048,0,0,True,9473.26,885.13,885.13,885.13,7.870
2026-05-13T21:00:04.320410+00:00,gpu0_correctness,0,nocp_s4096_e2048,benchmark,65536,4096,2048,0,0,True,17708.01,1935.9,1935.9,1935.9,8.467
2026-05-13T21:00:12.788304+00:00,gpu0_correctness,0,nocp_s4096_e4096,correctness,2048,4096,4096,0,0,True,,,,,6.221
2026-05-13T21:00:19.009102+00:00,gpu0_correctness,0,nocp_s4096_e4096,correctness,8192,4096,4096,0,0,True,,,,,6.602
2026-05-13T21:00:25.611242+00:00,gpu0_correctness,0,nocp_s4096_e4096,benchmark,8192,4096,4096,0,0,True,4428.77,119.08,119.08,119.08,6.733
2026-05-13T21:00:25.611242+00:00,gpu0_correctness,0,nocp_s4096_e4096,benchmark,32768,4096,4096,0,0,True,9328.38,515.97,515.97,515.97,6.733
2026-05-13T21:00:32.344459+00:00,gpu0_correctness,0,nocp_s4096_e4096,benchmark,65536,4096,4096,0,0,True,17416.01,1122.13,1122.13,1122.13,6.933
2026-05-13T21:00:39.277770+00:00,gpu0_correctness,0,nocp_s8192_e4096,correctness,2048,8192,4096,0,0,True,,,,,6.502
2026-05-13T21:00:45.780421+00:00,gpu0_correctness,0,nocp_s8192_e4096,correctness,8192,8192,4096,0,0,True,,,,,6.434
2026-05-13T21:00:52.214330+00:00,gpu0_correctness,0,nocp_s8192_e4096,benchmark,8192,8192,4096,0,0,True,4428.77,117.36,117.36,117.36,6.414
2026-05-13T21:00:52.214330+00:00,gpu0_correctness,0,nocp_s8192_e4096,benchmark,32768,8192,4096,0,0,True,9328.38,513.24,513.24,513.24,6.414
2026-05-13T21:00:58.629186+00:00,gpu0_correctness,0,nocp_s8192_e4096,benchmark,65536,8192,4096,0,0,True,17416.01,1108.71,1108.71,1108.71,6.853
2026-05-13T21:01:05.482308+00:00,gpu0_correctness,0,nocp_s8192_e8192,correctness,2048,8192,8192,0,0,True,,,,,6.639
2026-05-13T21:01:12.121662+00:00,gpu0_correctness,0,nocp_s8192_e8192,correctness,8192,8192,8192,0,0,True,,,,,6.917
2026-05-13T21:01:19.038633+00:00,gpu0_correctness,0,nocp_s8192_e8192,benchmark,8192,8192,8192,0,0,True,4300.63,76.22,76.22,76.22,5.894
2026-05-13T21:01:19.038633+00:00,gpu0_correctness,0,nocp_s8192_e8192,benchmark,32768,8192,8192,0,0,True,9328.38,326.95,326.95,326.95,5.894
2026-05-13T21:01:24.932896+00:00,gpu0_correctness,0,nocp_s8192_e8192,benchmark,65536,8192,8192,0,0,True,17416.01,700.84,700.84,700.84,5.845
2026-05-13T21:01:30.777962+00:00,gpu0_correctness,0,ckpt_s1024_e1024,correctness,2048,1024,1024,1,0,True,,,,,8.046
2026-05-13T21:01:38.824412+00:00,gpu0_correctness,0,ckpt_s1024_e1024,correctness,8192,1024,1024,1,0,True,,,,,7.583
2026-05-13T21:01:46.407975+00:00,gpu0_correctness,0,ckpt_s1024_e1024,benchmark,8192,1024,1024,1,0,True,4152.79,397.33,397.33,397.33,9.752
2026-05-13T21:01:46.407975+00:00,gpu0_correctness,0,ckpt_s1024_e1024,benchmark,32768,1024,1024,1,0,True,6954.88,1769.28,1769.28,1769.28,9.752
2026-05-13T21:01:56.160356+00:00,gpu0_correctness,0,ckpt_s1024_e1024,benchmark,65536,1024,1024,1,0,True,11272.01,3840.22,3840.22,3840.22,12.829
2026-05-13T21:02:08.989642+00:00,gpu0_correctness,0,ckpt_s2048_e1024,correctness,2048,2048,1024,1,0,True,,,,,7.494
2026-05-13T21:02:16.483851+00:00,gpu0_correctness,0,ckpt_s2048_e1024,correctness,8192,2048,1024,1,0,True,,,,,7.408
2026-05-13T21:02:23.892504+00:00,gpu0_correctness,0,ckpt_s2048_e1024,benchmark,8192,2048,1024,1,0,True,4153.66,396.61,396.61,396.61,9.673
2026-05-13T21:02:23.892504+00:00,gpu0_correctness,0,ckpt_s2048_e1024,benchmark,32768,2048,1024,1,0,True,6955.75,1727.24,1727.24,1727.24,9.673
2026-05-13T21:02:33.566308+00:00,gpu0_correctness,0,ckpt_s2048_e1024,benchmark,65536,2048,1024,1,0,True,11272.51,3780.97,3780.97,3780.97,12.528
2026-05-13T21:02:46.094862+00:00,gpu0_correctness,0,ckpt_s4096_e1024,correctness,2048,4096,1024,1,0,True,,,,,7.463
2026-05-13T21:02:53.558580+00:00,gpu0_correctness,0,ckpt_s4096_e1024,correctness,8192,4096,1024,1,0,True,,,,,7.770
2026-05-13T21:03:01.329361+00:00,gpu0_correctness,0,ckpt_s4096_e1024,benchmark,8192,4096,1024,1,0,True,4153.16,400.87,400.87,400.87,9.956
2026-05-13T21:03:01.329361+00:00,gpu0_correctness,0,ckpt_s4096_e1024,benchmark,32768,4096,1024,1,0,True,6955.25,1720.88,1720.88,1720.88,9.956
2026-05-13T21:03:11.285482+00:00,gpu0_correctness,0,ckpt_s4096_e1024,benchmark,65536,4096,1024,1,0,True,11272.51,3904.54,3904.54,3904.54,12.622
2026-05-13T21:03:23.907525+00:00,gpu0_correctness,0,ckpt_s2048_e2048,correctness,2048,2048,2048,1,0,True,,,,,7.728
2026-05-13T21:03:31.635454+00:00,gpu0_correctness,0,ckpt_s2048_e2048,correctness,8192,2048,2048,1,0,True,,,,,7.577
2026-05-13T21:03:39.212450+00:00,gpu0_correctness,0,ckpt_s2048_e2048,benchmark,8192,2048,2048,1,0,True,4133.78,222.17,222.17,222.17,8.004
2026-05-13T21:03:39.212450+00:00,gpu0_correctness,0,ckpt_s2048_e2048,benchmark,32768,2048,2048,1,0,True,6934.88,959.1,959.1,959.1,8.004
2026-05-13T21:03:47.216978+00:00,gpu0_correctness,0,ckpt_s2048_e2048,benchmark,65536,2048,2048,1,0,True,11272.01,2077.63,2077.63,2077.63,10.184
2026-05-13T21:03:57.401977+00:00,gpu0_correctness,0,ckpt_s4096_e2048,correctness,2048,4096,2048,1,0,True,,,,,8.001
2026-05-13T21:04:05.403099+00:00,gpu0_correctness,0,ckpt_s4096_e2048,correctness,8192,4096,2048,1,0,True,,,,,7.829
2026-05-13T21:04:13.232680+00:00,gpu0_correctness,0,ckpt_s4096_e2048,benchmark,8192,4096,2048,1,0,True,4132.78,212.85,212.85,212.85,7.598
2026-05-13T21:04:13.232680+00:00,gpu0_correctness,0,ckpt_s4096_e2048,benchmark,32768,4096,2048,1,0,True,6934.88,927.6,927.6,927.6,7.598
2026-05-13T21:04:20.830615+00:00,gpu0_correctness,0,ckpt_s4096_e2048,benchmark,65536,4096,2048,1,0,True,11272.01,2052.9,2052.9,2052.9,9.382
2026-05-13T21:04:30.213248+00:00,gpu0_correctness,0,ckpt_s8192_e2048,correctness,2048,8192,2048,1,0,True,,,,,7.463
2026-05-13T21:04:37.676839+00:00,gpu0_correctness,0,ckpt_s8192_e2048,correctness,8192,8192,2048,1,0,True,,,,,7.433
2026-05-13T21:04:45.110030+00:00,gpu0_correctness,0,ckpt_s8192_e2048,benchmark,8192,8192,2048,1,0,True,4132.78,213.73,213.73,213.73,8.355
2026-05-13T21:04:45.110030+00:00,gpu0_correctness,0,ckpt_s8192_e2048,benchmark,32768,8192,2048,1,0,True,6934.88,940.93,940.93,940.93,8.355
2026-05-13T21:04:53.465837+00:00,gpu0_correctness,0,ckpt_s8192_e2048,benchmark,65536,8192,2048,1,0,True,11272.01,2052.71,2052.71,2052.71,9.207
2026-05-13T21:05:02.673479+00:00,gpu0_correctness,0,ckpt_s4096_e4096,correctness,2048,4096,4096,1,0,True,,,,,7.429
2026-05-13T21:05:10.102441+00:00,gpu0_correctness,0,ckpt_s4096_e4096,correctness,8192,4096,4096,1,0,True,,,,,7.708
2026-05-13T21:05:17.810838+00:00,gpu0_correctness,0,ckpt_s4096_e4096,benchmark,8192,4096,4096,1,0,True,4092.77,128.26,128.26,128.26,7.116
2026-05-13T21:05:17.810838+00:00,gpu0_correctness,0,ckpt_s4096_e4096,benchmark,32768,4096,4096,1,0,True,6894.87,541.83,541.83,541.83,7.116
2026-05-13T21:05:24.926925+00:00,gpu0_correctness,0,ckpt_s4096_e4096,benchmark,65536,4096,4096,1,0,True,11272.01,1170.77,1170.77,1170.77,7.727
2026-05-13T21:05:32.654033+00:00,gpu0_correctness,0,ckpt_s8192_e4096,correctness,2048,8192,4096,1,0,True,,,,,7.761
2026-05-13T21:05:40.415444+00:00,gpu0_correctness,0,ckpt_s8192_e4096,correctness,8192,8192,4096,1,0,True,,,,,7.236
2026-05-13T21:05:47.651813+00:00,gpu0_correctness,0,ckpt_s8192_e4096,benchmark,8192,8192,4096,1,0,True,4092.77,246.1,246.1,246.1,7.037
2026-05-13T21:05:47.651813+00:00,gpu0_correctness,0,ckpt_s8192_e4096,benchmark,32768,8192,4096,1,0,True,6894.87,536.48,536.48,536.48,7.037
2026-05-13T21:05:54.689675+00:00,gpu0_correctness,0,ckpt_s8192_e4096,benchmark,65536,8192,4096,1,0,True,11272.01,1156.14,1156.14,1156.14,7.988
2026-05-13T21:06:02.678485+00:00,gpu0_correctness,0,ckpt_s16384_e4096,correctness,2048,16384,4096,1,0,True,,,,,7.659
2026-05-13T21:06:10.337287+00:00,gpu0_correctness,0,ckpt_s16384_e4096,correctness,8192,16384,4096,1,0,True,,,,,7.556
2026-05-13T21:06:17.893383+00:00,gpu0_correctness,0,ckpt_s16384_e4096,benchmark,8192,16384,4096,1,0,True,4092.77,241.94,241.94,241.94,7.261
2026-05-13T21:06:17.893383+00:00,gpu0_correctness,0,ckpt_s16384_e4096,benchmark,32768,16384,4096,1,0,True,6894.87,534.59,534.59,534.59,7.261
2026-05-13T21:06:25.154934+00:00,gpu0_correctness,0,ckpt_s16384_e4096,benchmark,65536,16384,4096,1,0,True,11272.01,1190.89,1190.89,1190.89,7.682
2026-05-13T21:06:32.837256+00:00,gpu0_correctness,0,ckpt_s8192_e8192,correctness,2048,8192,8192,1,0,True,,,,,7.326
2026-05-13T21:06:40.163708+00:00,gpu0_correctness,0,ckpt_s8192_e8192,correctness,8192,8192,8192,1,0,True,,,,,7.265
2026-05-13T21:06:47.429018+00:00,gpu0_correctness,0,ckpt_s8192_e8192,benchmark,8192,8192,8192,1,0,True,4012.63,84.49,84.49,84.49,7.203
2026-05-13T21:06:47.429018+00:00,gpu0_correctness,0,ckpt_s8192_e8192,benchmark,32768,8192,8192,1,0,True,6814.85,351.11,351.11,351.11,7.203
2026-05-13T21:06:54.632278+00:00,gpu0_correctness,0,ckpt_s8192_e8192,benchmark,65536,8192,8192,1,0,True,11272.01,747.81,747.81,747.81,6.368
2026-05-13T21:07:01.000861+00:00,gpu0_correctness,0,nocp_s2048_e2048,correctness,2048,2048,2048,0,0,True,,,,,6.994
2026-05-13T21:07:07.994733+00:00,gpu0_correctness,0,nocp_s2048_e2048,correctness,8192,2048,2048,0,0,True,,,,,6.819
2026-05-13T21:07:14.814532+00:00,gpu0_correctness,0,nocp_s2048_e2048,benchmark,8192,2048,2048,0,0,True,4526.78,204.51,204.51,204.51,7.639
2026-05-13T21:07:14.814532+00:00,gpu0_correctness,0,nocp_s2048_e2048,benchmark,32768,2048,2048,0,0,True,9474.38,894.75,894.75,894.75,7.639
2026-05-13T21:07:22.453746+00:00,gpu0_correctness,0,nocp_s2048_e2048,benchmark,65536,2048,2048,0,0,True,17708.01,1964.52,1964.52,1964.52,8.906
2026-05-13T21:07:31.360201+00:00,gpu0_correctness,0,nocp_s4096_e2048,correctness,2048,4096,2048,0,0,True,,,,,6.648
2026-05-13T21:07:38.008770+00:00,gpu0_correctness,0,nocp_s4096_e2048,correctness,8192,4096,2048,0,0,True,,,,,6.923
2026-05-13T21:07:44.931656+00:00,gpu0_correctness,0,nocp_s4096_e2048,benchmark,8192,4096,2048,0,0,True,4527.66,202.43,202.43,202.43,7.545
2026-05-13T21:07:44.931656+00:00,gpu0_correctness,0,nocp_s4096_e2048,benchmark,32768,4096,2048,0,0,True,9473.26,885.33,885.33,885.33,7.545
2026-05-13T21:07:52.477145+00:00,gpu0_correctness,0,nocp_s4096_e2048,benchmark,65536,4096,2048,0,0,True,17708.01,1935.3,1935.3,1935.3,8.786
2026-05-13T21:08:01.263558+00:00,gpu0_correctness,0,nocp_s4096_e4096,correctness,2048,4096,4096,0,0,True,,,,,7.028
2026-05-13T21:08:08.291865+00:00,gpu0_correctness,0,nocp_s4096_e4096,correctness,8192,4096,4096,0,0,True,,,,,6.702
2026-05-13T21:08:14.994386+00:00,gpu0_correctness,0,nocp_s4096_e4096,benchmark,8192,4096,4096,0,0,True,4428.77,118.79,118.79,118.79,6.493
2026-05-13T21:08:14.994386+00:00,gpu0_correctness,0,nocp_s4096_e4096,benchmark,32768,4096,4096,0,0,True,9328.38,515.87,515.87,515.87,6.493
2026-05-13T21:08:21.488188+00:00,gpu0_correctness,0,nocp_s4096_e4096,benchmark,65536,4096,4096,0,0,True,17416.01,1122.82,1122.82,1122.82,6.860
2026-05-13T21:08:28.348223+00:00,gpu0_correctness,0,nocp_s8192_e4096,correctness,2048,8192,4096,0,0,True,,,,,6.299
2026-05-13T21:08:34.647369+00:00,gpu0_correctness,0,nocp_s8192_e4096,correctness,8192,8192,4096,0,0,True,,,,,7.043
2026-05-13T21:08:41.690407+00:00,gpu0_correctness,0,nocp_s8192_e4096,benchmark,8192,8192,4096,0,0,True,4428.77,118.44,118.44,118.44,6.447
2026-05-13T21:08:41.690407+00:00,gpu0_correctness,0,nocp_s8192_e4096,benchmark,32768,8192,4096,0,0,True,9328.38,511.9,511.9,511.9,6.447
2026-05-13T21:08:48.137287+00:00,gpu0_correctness,0,nocp_s8192_e4096,benchmark,65536,8192,4096,0,0,True,17416.01,1108.92,1108.92,1108.92,6.875
2026-05-13T21:08:55.013021+00:00,gpu0_correctness,0,nocp_s8192_e8192,correctness,2048,8192,8192,0,0,True,,,,,6.668
2026-05-13T21:09:01.680839+00:00,gpu0_correctness,0,nocp_s8192_e8192,correctness,8192,8192,8192,0,0,True,,,,,6.829
2026-05-13T21:09:08.510479+00:00,gpu0_correctness,0,nocp_s8192_e8192,benchmark,8192,8192,8192,0,0,True,4300.63,76.6,76.6,76.6,6.099
2026-05-13T21:09:08.510479+00:00,gpu0_correctness,0,nocp_s8192_e8192,benchmark,32768,8192,8192,0,0,True,9328.38,327.31,327.31,327.31,6.099
2026-05-13T21:09:14.609492+00:00,gpu0_correctness,0,nocp_s8192_e8192,benchmark,65536,8192,8192,0,0,True,17416.01,701.14,701.14,701.14,6.194
2026-05-13T21:09:20.803601+00:00,gpu0_correctness,0,ckpt_s1024_e1024,correctness,2048,1024,1024,1,0,True,,,,,7.495
2026-05-13T21:09:28.298513+00:00,gpu0_correctness,0,ckpt_s1024_e1024,correctness,8192,1024,1024,1,0,True,,,,,7.425
2026-05-13T21:09:35.723396+00:00,gpu0_correctness,0,ckpt_s1024_e1024,benchmark,8192,1024,1024,1,0,True,4152.79,405.02,405.02,405.02,10.473
2026-05-13T21:09:35.723396+00:00,gpu0_correctness,0,ckpt_s1024_e1024,benchmark,32768,1024,1024,1,0,True,6954.88,1756.91,1756.91,1756.91,10.473
2026-05-13T21:09:46.196539+00:00,gpu0_correctness,0,ckpt_s1024_e1024,benchmark,65536,1024,1024,1,0,True,11272.01,3955.42,3955.42,3955.42,12.917
2026-05-13T21:09:59.113763+00:00,gpu0_correctness,0,ckpt_s2048_e1024,correctness,2048,2048,1024,1,0,True,,,,,7.957
2026-05-13T21:10:07.071232+00:00,gpu0_correctness,0,ckpt_s2048_e1024,correctness,8192,2048,1024,1,0,True,,,,,7.936
2026-05-13T21:10:15.007647+00:00,gpu0_correctness,0,ckpt_s2048_e1024,benchmark,8192,2048,1024,1,0,True,4153.66,402.71,402.71,402.71,10.654
2026-05-13T21:10:15.007647+00:00,gpu0_correctness,0,ckpt_s2048_e1024,benchmark,32768,2048,1024,1,0,True,6955.75,1732.98,1732.98,1732.98,10.654
2026-05-13T21:10:25.662307+00:00,gpu0_correctness,0,ckpt_s2048_e1024,benchmark,65536,2048,1024,1,0,True,11272.51,3843.99,3843.99,3843.99,13.262
2026-05-13T21:10:38.925083+00:00,gpu0_correctness,0,ckpt_s4096_e1024,correctness,2048,4096,1024,1,0,True,,,,,7.735
2026-05-13T21:10:46.660190+00:00,gpu0_correctness,0,ckpt_s4096_e1024,correctness,8192,4096,1024,1,0,True,,,,,7.474
2026-05-13T21:10:54.134560+00:00,gpu0_correctness,0,ckpt_s4096_e1024,benchmark,8192,4096,1024,1,0,True,4153.16,402.67,402.67,402.67,9.876
2026-05-13T21:10:54.134560+00:00,gpu0_correctness,0,ckpt_s4096_e1024,benchmark,32768,4096,1024,1,0,True,6955.25,1752.6,1752.6,1752.6,9.876
2026-05-13T21:11:04.010487+00:00,gpu0_correctness,0,ckpt_s4096_e1024,benchmark,65536,4096,1024,1,0,True,11272.51,3884.98,3884.98,3884.98,13.295
2026-05-13T21:11:17.306345+00:00,gpu0_correctness,0,ckpt_s2048_e2048,correctness,2048,2048,2048,1,0,True,,,,,7.559
2026-05-13T21:11:24.866100+00:00,gpu0_correctness,0,ckpt_s2048_e2048,correctness,8192,2048,2048,1,0,True,,,,,7.773
2026-05-13T21:11:32.639003+00:00,gpu0_correctness,0,ckpt_s2048_e2048,benchmark,8192,2048,2048,1,0,True,4133.78,219.47,219.47,219.47,8.368
2026-05-13T21:11:32.639003+00:00,gpu0_correctness,0,ckpt_s2048_e2048,benchmark,32768,2048,2048,1,0,True,6934.88,981.26,981.26,981.26,8.368
2026-05-13T21:11:41.006996+00:00,gpu0_correctness,0,ckpt_s2048_e2048,benchmark,65536,2048,2048,1,0,True,11272.01,2053.68,2053.68,2053.68,9.744
2026-05-13T21:11:50.751314+00:00,gpu0_correctness,0,ckpt_s4096_e2048,correctness,2048,4096,2048,1,0,True,,,,,7.099
2026-05-13T21:11:57.851054+00:00,gpu0_correctness,0,ckpt_s4096_e2048,correctness,8192,4096,2048,1,0,True,,,,,7.570
2026-05-13T21:12:05.421443+00:00,gpu0_correctness,0,ckpt_s4096_e2048,benchmark,8192,4096,2048,1,0,True,4132.78,217.67,217.67,217.67,8.471
2026-05-13T21:12:05.421443+00:00,gpu0_correctness,0,ckpt_s4096_e2048,benchmark,32768,4096,2048,1,0,True,6934.88,929.84,929.84,929.84,8.471
2026-05-13T21:12:13.892572+00:00,gpu0_correctness,0,ckpt_s4096_e2048,benchmark,65536,4096,2048,1,0,True,11272.01,2042.5,2042.5,2042.5,9.361
2026-05-13T21:12:23.254458+00:00,gpu0_correctness,0,ckpt_s8192_e2048,correctness,2048,8192,2048,1,0,True,,,,,7.324
2026-05-13T21:12:30.578954+00:00,gpu0_correctness,0,ckpt_s8192_e2048,correctness,8192,8192,2048,1,0,True,,,,,7.087
2026-05-13T21:12:37.666495+00:00,gpu0_correctness,0,ckpt_s8192_e2048,benchmark,8192,8192,2048,1,0,True,4132.78,213.52,213.52,213.52,8.072
2026-05-13T21:12:37.666495+00:00,gpu0_correctness,0,ckpt_s8192_e2048,benchmark,32768,8192,2048,1,0,True,6934.88,922.93,922.93,922.93,8.072
2026-05-13T21:12:45.739034+00:00,gpu0_correctness,0,ckpt_s8192_e2048,benchmark,65536,8192,2048,1,0,True,11272.01,2007.27,2007.27,2007.27,9.275
2026-05-13T21:12:55.014884+00:00,gpu0_correctness,0,ckpt_s4096_e4096,correctness,2048,4096,4096,1,0,True,,,,,6.926
2026-05-13T21:13:01.940746+00:00,gpu0_correctness,0,ckpt_s4096_e4096,correctness,8192,4096,4096,1,0,True,,,,,6.924
2026-05-13T21:13:08.865444+00:00,gpu0_correctness,0,ckpt_s4096_e4096,benchmark,8192,4096,4096,1,0,True,4092.77,126.61,126.61,126.61,7.536
2026-05-13T21:13:08.865444+00:00,gpu0_correctness,0,ckpt_s4096_e4096,benchmark,32768,4096,4096,1,0,True,6894.87,550.6,550.6,550.6,7.536
2026-05-13T21:13:16.401870+00:00,gpu0_correctness,0,ckpt_s4096_e4096,benchmark,65536,4096,4096,1,0,True,11272.01,1182.95,1182.95,1182.95,8.230
2026-05-13T21:13:24.632295+00:00,gpu0_correctness,0,ckpt_s8192_e4096,correctness,2048,8192,4096,1,0,True,,,,,7.008
2026-05-13T21:13:31.640542+00:00,gpu0_correctness,0,ckpt_s8192_e4096,correctness,8192,8192,4096,1,0,True,,,,,7.734
2026-05-13T21:13:39.374446+00:00,gpu0_correctness,0,ckpt_s8192_e4096,benchmark,8192,8192,4096,1,0,True,4092.77,245.98,245.98,245.98,7.366
2026-05-13T21:13:39.374446+00:00,gpu0_correctness,0,ckpt_s8192_e4096,benchmark,32768,8192,4096,1,0,True,6894.87,536.22,536.22,536.22,7.366
2026-05-13T21:13:46.741010+00:00,gpu0_correctness,0,ckpt_s8192_e4096,benchmark,65536,8192,4096,1,0,True,11272.01,1155.93,1155.93,1155.93,7.300
2026-05-13T21:13:54.041829+00:00,gpu0_correctness,0,ckpt_s16384_e4096,correctness,2048,16384,4096,1,0,True,,,,,7.538
2026-05-13T21:14:01.580089+00:00,gpu0_correctness,0,ckpt_s16384_e4096,correctness,8192,16384,4096,1,0,True,,,,,7.347
2026-05-13T21:14:08.927288+00:00,gpu0_correctness,0,ckpt_s16384_e4096,benchmark,8192,16384,4096,1,0,True,4092.77,232.51,232.51,232.51,7.014
2026-05-13T21:14:08.927288+00:00,gpu0_correctness,0,ckpt_s16384_e4096,benchmark,32768,16384,4096,1,0,True,6894.87,534.58,534.58,534.58,7.014
2026-05-13T21:14:15.941848+00:00,gpu0_correctness,0,ckpt_s16384_e4096,benchmark,65536,16384,4096,1,0,True,11272.01,1145.7,1145.7,1145.7,7.297
2026-05-13T21:14:23.239076+00:00,gpu0_correctness,0,ckpt_s8192_e8192,correctness,2048,8192,8192,1,0,True,,,,,7.911
2026-05-13T21:14:31.150005+00:00,gpu0_correctness,0,ckpt_s8192_e8192,correctness,8192,8192,8192,1,0,True,,,,,7.797
2026-05-13T21:14:38.947777+00:00,gpu0_correctness,0,ckpt_s8192_e8192,benchmark,8192,8192,8192,1,0,True,4012.63,82.96,82.96,82.96,7.089
2026-05-13T21:14:38.947777+00:00,gpu0_correctness,0,ckpt_s8192_e8192,benchmark,32768,8192,8192,1,0,True,6814.85,351.5,351.5,351.5,7.089
2026-05-13T21:14:46.037539+00:00,gpu0_correctness,0,ckpt_s8192_e8192,benchmark,65536,8192,8192,1,0,True,11272.01,748.38,748.38,748.38,5.863
2026-05-13T21:14:51.901404+00:00,gpu0_correctness,0,nocp_s2048_e2048,correctness,2048,2048,2048,0,0,True,,,,,7.065
2026-05-13T21:14:58.966924+00:00,gpu0_correctness,0,nocp_s2048_e2048,correctness,8192,2048,2048,0,0,True,,,,,6.773
2026-05-13T21:15:05.740295+00:00,gpu0_correctness,0,nocp_s2048_e2048,benchmark,8192,2048,2048,0,0,True,4526.78,203.53,203.53,203.53,7.528
2026-05-13T21:15:05.740295+00:00,gpu0_correctness,0,nocp_s2048_e2048,benchmark,32768,2048,2048,0,0,True,9474.38,892.74,892.74,892.74,7.528
2026-05-13T21:15:13.268169+00:00,gpu0_correctness,0,nocp_s2048_e2048,benchmark,65536,2048,2048,0,0,True,17708.01,1964.13,1964.13,1964.13,8.741
2026-05-13T21:15:22.009226+00:00,gpu0_correctness,0,nocp_s4096_e2048,correctness,2048,4096,2048,0,0,True,,,,,6.777
2026-05-13T21:15:28.786434+00:00,gpu0_correctness,0,nocp_s4096_e2048,correctness,8192,4096,2048,0,0,True,,,,,6.883
2026-05-13T21:15:35.670150+00:00,gpu0_correctness,0,nocp_s4096_e2048,benchmark,8192,4096,2048,0,0,True,4527.66,206.5,206.5,206.5,7.017
2026-05-13T21:15:35.670150+00:00,gpu0_correctness,0,nocp_s4096_e2048,benchmark,32768,4096,2048,0,0,True,9473.26,885.61,885.61,885.61,7.017
2026-05-13T21:15:42.687881+00:00,gpu0_correctness,0,nocp_s4096_e2048,benchmark,65536,4096,2048,0,0,True,17708.01,1934.69,1934.69,1934.69,8.391
2026-05-13T21:15:51.079121+00:00,gpu0_correctness,0,nocp_s4096_e4096,correctness,2048,4096,4096,0,0,True,,,,,6.796
2026-05-13T21:15:57.875571+00:00,gpu0_correctness,0,nocp_s4096_e4096,correctness,8192,4096,4096,0,0,True,,,,,6.722
2026-05-13T21:16:04.597517+00:00,gpu0_correctness,0,nocp_s4096_e4096,benchmark,8192,4096,4096,0,0,True,4428.77,119.31,119.31,119.31,6.804
2026-05-13T21:16:04.597517+00:00,gpu0_correctness,0,nocp_s4096_e4096,benchmark,32768,4096,4096,0,0,True,9328.38,515.87,515.87,515.87,6.804
2026-05-13T21:16:11.401787+00:00,gpu0_correctness,0,nocp_s4096_e4096,benchmark,65536,4096,4096,0,0,True,17416.01,1122.64,1122.64,1122.64,6.547
2026-05-13T21:16:17.949064+00:00,gpu0_correctness,0,nocp_s8192_e4096,correctness,2048,8192,4096,0,0,True,,,,,7.099
2026-05-13T21:16:25.048346+00:00,gpu0_correctness,0,nocp_s8192_e4096,correctness,8192,8192,4096,0,0,True,,,,,6.672
2026-05-13T21:16:31.720481+00:00,gpu0_correctness,0,nocp_s8192_e4096,benchmark,8192,8192,4096,0,0,True,4428.77,119.41,119.41,119.41,6.932
2026-05-13T21:16:31.720481+00:00,gpu0_correctness,0,nocp_s8192_e4096,benchmark,32768,8192,4096,0,0,True,9328.38,511.87,511.87,511.87,6.932
2026-05-13T21:16:38.653299+00:00,gpu0_correctness,0,nocp_s8192_e4096,benchmark,65536,8192,4096,0,0,True,17416.01,1110.81,1110.81,1110.81,6.564
2026-05-13T21:16:45.217379+00:00,gpu0_correctness,0,nocp_s8192_e8192,correctness,2048,8192,8192,0,0,True,,,,,6.785
2026-05-13T21:16:52.002811+00:00,gpu0_correctness,0,nocp_s8192_e8192,correctness,8192,8192,8192,0,0,True,,,,,6.683
2026-05-13T21:16:58.686273+00:00,gpu0_correctness,0,nocp_s8192_e8192,benchmark,8192,8192,8192,0,0,True,4300.63,75.89,75.89,75.89,6.306
2026-05-13T21:16:58.686273+00:00,gpu0_correctness,0,nocp_s8192_e8192,benchmark,32768,8192,8192,0,0,True,9328.38,326.91,326.91,326.91,6.306
2026-05-13T21:17:04.992342+00:00,gpu0_correctness,0,nocp_s8192_e8192,benchmark,65536,8192,8192,0,0,True,17416.01,701.0,701.0,701.0,5.938
2026-05-13T21:17:10.930736+00:00,gpu0_correctness,0,ckpt_s1024_e1024,correctness,2048,1024,1024,1,0,True,,,,,7.388
2026-05-13T21:17:18.319193+00:00,gpu0_correctness,0,ckpt_s1024_e1024,correctness,8192,1024,1024,1,0,True,,,,,7.342
2026-05-13T21:17:25.660995+00:00,gpu0_correctness,0,ckpt_s1024_e1024,benchmark,8192,1024,1024,1,0,True,4152.79,401.19,401.19,401.19,10.149
2026-05-13T21:17:25.660995+00:00,gpu0_correctness,0,ckpt_s1024_e1024,benchmark,32768,1024,1024,1,0,True,6954.88,1772.64,1772.64,1772.64,10.149
2026-05-13T21:17:35.809923+00:00,gpu0_correctness,0,ckpt_s1024_e1024,benchmark,65536,1024,1024,1,0,True,11272.01,3892.25,3892.25,3892.25,12.872
2026-05-13T21:17:48.682640+00:00,gpu0_correctness,0,ckpt_s2048_e1024,correctness,2048,2048,1024,1,0,True,,,,,7.443
2026-05-13T21:17:56.125539+00:00,gpu0_correctness,0,ckpt_s2048_e1024,correctness,8192,2048,1024,1,0,True,,,,,7.459
2026-05-13T21:18:03.584515+00:00,gpu0_correctness,0,ckpt_s2048_e1024,benchmark,8192,2048,1024,1,0,True,4153.66,405.01,405.01,405.01,10.275
2026-05-13T21:18:03.584515+00:00,gpu0_correctness,0,ckpt_s2048_e1024,benchmark,32768,2048,1024,1,0,True,6955.75,1795.15,1795.15,1795.15,10.275
2026-05-13T21:18:13.859587+00:00,gpu0_correctness,0,ckpt_s2048_e1024,benchmark,65536,2048,1024,1,0,True,11272.51,3828.33,3828.33,3828.33,12.887
2026-05-13T21:18:26.746996+00:00,gpu0_correctness,0,ckpt_s4096_e1024,correctness,2048,4096,1024,1,0,True,,,,,7.455
2026-05-13T21:18:34.202164+00:00,gpu0_correctness,0,ckpt_s4096_e1024,correctness,8192,4096,1024,1,0,True,,,,,7.584
2026-05-13T21:18:41.786472+00:00,gpu0_correctness,0,ckpt_s4096_e1024,benchmark,8192,4096,1024,1,0,True,4153.16,406.26,406.26,406.26,10.667
2026-05-13T21:18:41.786472+00:00,gpu0_correctness,0,ckpt_s4096_e1024,benchmark,32768,4096,1024,1,0,True,6955.25,1719.84,1719.84,1719.84,10.667
2026-05-13T21:18:52.453808+00:00,gpu0_correctness,0,ckpt_s4096_e1024,benchmark,65536,4096,1024,1,0,True,11272.51,3858.33,3858.33,3858.33,12.969
2026-05-13T21:19:05.423769+00:00,gpu0_correctness,0,ckpt_s2048_e2048,correctness,2048,2048,2048,1,0,True,,,,,7.520
2026-05-13T21:19:12.944128+00:00,gpu0_correctness,0,ckpt_s2048_e2048,correctness,8192,2048,2048,1,0,True,,,,,7.630
2026-05-13T21:19:20.574211+00:00,gpu0_correctness,0,ckpt_s2048_e2048,benchmark,8192,2048,2048,1,0,True,4133.78,213.48,213.48,213.48,7.720
2026-05-13T21:19:20.574211+00:00,gpu0_correctness,0,ckpt_s2048_e2048,benchmark,32768,2048,2048,1,0,True,6934.88,962.81,962.81,962.81,7.720
2026-05-13T21:19:28.294106+00:00,gpu0_correctness,0,ckpt_s2048_e2048,benchmark,65536,2048,2048,1,0,True,11272.01,2078.85,2078.85,2078.85,9.605
2026-05-13T21:19:37.899485+00:00,gpu0_correctness,0,ckpt_s4096_e2048,correctness,2048,4096,2048,1,0,True,,,,,7.656
2026-05-13T21:19:45.556115+00:00,gpu0_correctness,0,ckpt_s4096_e2048,correctness,8192,4096,2048,1,0,True,,,,,7.609
2026-05-13T21:19:53.165632+00:00,gpu0_correctness,0,ckpt_s4096_e2048,benchmark,8192,4096,2048,1,0,True,4132.78,216.54,216.54,216.54,8.317
2026-05-13T21:19:53.165632+00:00,gpu0_correctness,0,ckpt_s4096_e2048,benchmark,32768,4096,2048,1,0,True,6934.88,942.94,942.94,942.94,8.317
2026-05-13T21:20:01.483320+00:00,gpu0_correctness,0,ckpt_s4096_e2048,benchmark,65536,4096,2048,1,0,True,11272.01,2045.57,2045.57,2045.57,9.359
2026-05-13T21:20:10.843188+00:00,gpu0_correctness,0,ckpt_s8192_e2048,correctness,2048,8192,2048,1,0,True,,,,,7.137
2026-05-13T21:20:17.980411+00:00,gpu0_correctness,0,ckpt_s8192_e2048,correctness,8192,8192,2048,1,0,True,,,,,7.373
2026-05-13T21:20:25.353524+00:00,gpu0_correctness,0,ckpt_s8192_e2048,benchmark,8192,8192,2048,1,0,True,4132.78,216.39,216.39,216.39,7.997
2026-05-13T21:20:25.353524+00:00,gpu0_correctness,0,ckpt_s8192_e2048,benchmark,32768,8192,2048,1,0,True,6934.88,956.38,956.38,956.38,7.997
2026-05-13T21:20:33.351178+00:00,gpu0_correctness,0,ckpt_s8192_e2048,benchmark,65536,8192,2048,1,0,True,11272.01,2029.12,2029.12,2029.12,8.693
2026-05-13T21:20:42.044769+00:00,gpu0_correctness,0,ckpt_s4096_e4096,correctness,2048,4096,4096,1,0,True,,,,,6.540
2026-05-13T21:20:48.584619+00:00,gpu0_correctness,0,ckpt_s4096_e4096,correctness,8192,4096,4096,1,0,True,,,,,7.642
2026-05-13T21:20:56.227045+00:00,gpu0_correctness,0,ckpt_s4096_e4096,benchmark,8192,4096,4096,1,0,True,4092.77,127.24,127.24,127.24,8.024
2026-05-13T21:20:56.227045+00:00,gpu0_correctness,0,ckpt_s4096_e4096,benchmark,32768,4096,4096,1,0,True,6894.87,549.03,549.03,549.03,8.024
2026-05-13T21:21:04.251119+00:00,gpu0_correctness,0,ckpt_s4096_e4096,benchmark,65536,4096,4096,1,0,True,11272.01,1176.03,1176.03,1176.03,7.792
2026-05-13T21:21:12.043740+00:00,gpu0_correctness,0,ckpt_s8192_e4096,correctness,2048,8192,4096,1,0,True,,,,,7.676
2026-05-13T21:21:19.720487+00:00,gpu0_correctness,0,ckpt_s8192_e4096,correctness,8192,8192,4096,1,0,True,,,,,7.107
2026-05-13T21:21:26.827563+00:00,gpu0_correctness,0,ckpt_s8192_e4096,benchmark,8192,8192,4096,1,0,True,4092.77,248.51,248.51,248.51,7.536
2026-05-13T21:21:26.827563+00:00,gpu0_correctness,0,ckpt_s8192_e4096,benchmark,32768,8192,4096,1,0,True,6894.87,537.78,537.78,537.78,7.536
2026-05-13T21:21:34.364346+00:00,gpu0_correctness,0,ckpt_s8192_e4096,benchmark,65536,8192,4096,1,0,True,11272.01,1159.53,1159.53,1159.53,7.650
2026-05-13T21:21:42.014488+00:00,gpu0_correctness,0,ckpt_s16384_e4096,correctness,2048,16384,4096,1,0,True,,,,,7.591
2026-05-13T21:21:49.605622+00:00,gpu0_correctness,0,ckpt_s16384_e4096,correctness,8192,16384,4096,1,0,True,,,,,8.238
2026-05-13T21:21:57.844028+00:00,gpu0_correctness,0,ckpt_s16384_e4096,benchmark,8192,16384,4096,1,0,True,4092.77,235.83,235.83,235.83,7.412
2026-05-13T21:21:57.844028+00:00,gpu0_correctness,0,ckpt_s16384_e4096,benchmark,32768,16384,4096,1,0,True,6894.87,533.1,533.1,533.1,7.412
2026-05-13T21:22:05.256248+00:00,gpu0_correctness,0,ckpt_s16384_e4096,benchmark,65536,16384,4096,1,0,True,11272.01,1154.29,1154.29,1154.29,7.745
2026-05-13T21:22:13.001370+00:00,gpu0_correctness,0,ckpt_s8192_e8192,correctness,2048,8192,8192,1,0,True,,,,,7.373
2026-05-13T21:22:20.374296+00:00,gpu0_correctness,0,ckpt_s8192_e8192,correctness,8192,8192,8192,1,0,True,,,,,6.936
2026-05-13T21:22:27.310698+00:00,gpu0_correctness,0,ckpt_s8192_e8192,benchmark,8192,8192,8192,1,0,True,4012.63,84.48,84.48,84.48,6.701
2026-05-13T21:22:27.310698+00:00,gpu0_correctness,0,ckpt_s8192_e8192,benchmark,32768,8192,8192,1,0,True,6814.85,351.75,351.75,351.75,6.701
2026-05-13T21:22:34.012539+00:00,gpu0_correctness,0,ckpt_s8192_e8192,benchmark,65536,8192,8192,1,0,True,11272.01,751.82,751.82,751.82,7.143
2026-05-13T21:22:41.156018+00:00,gpu0_correctness,0,nocp_s2048_e2048,correctness,2048,2048,2048,0,0,True,,,,,6.150
2026-05-13T21:22:47.306421+00:00,gpu0_correctness,0,nocp_s2048_e2048,correctness,8192,2048,2048,0,0,True,,,,,6.611
2026-05-13T21:22:53.917682+00:00,gpu0_correctness,0,nocp_s2048_e2048,benchmark,8192,2048,2048,0,0,True,4526.78,206.39,206.39,206.39,7.191
2026-05-13T21:22:53.917682+00:00,gpu0_correctness,0,nocp_s2048_e2048,benchmark,32768,2048,2048,0,0,True,9474.38,903.56,903.56,903.56,7.191
2026-05-13T21:23:01.108847+00:00,gpu0_correctness,0,nocp_s2048_e2048,benchmark,65536,2048,2048,0,0,True,17708.01,1964.29,1964.29,1964.29,8.376
2026-05-13T21:23:09.485038+00:00,gpu0_correctness,0,nocp_s4096_e2048,correctness,2048,4096,2048,0,0,True,,,,,6.991
2026-05-13T21:23:16.475919+00:00,gpu0_correctness,0,nocp_s4096_e2048,correctness,8192,4096,2048,0,0,True,,,,,6.374
2026-05-13T21:23:22.849896+00:00,gpu0_correctness,0,nocp_s4096_e2048,benchmark,8192,4096,2048,0,0,True,4527.66,202.37,202.37,202.37,7.341
2026-05-13T21:23:22.849896+00:00,gpu0_correctness,0,nocp_s4096_e2048,benchmark,32768,4096,2048,0,0,True,9473.26,885.79,885.79,885.79,7.341
2026-05-13T21:23:30.191569+00:00,gpu0_correctness,0,nocp_s4096_e2048,benchmark,65536,4096,2048,0,0,True,17708.01,1935.14,1935.14,1935.14,8.471
2026-05-13T21:23:38.663145+00:00,gpu0_correctness,0,nocp_s4096_e4096,correctness,2048,4096,4096,0,0,True,,,,,7.488
2026-05-13T21:23:46.151663+00:00,gpu0_correctness,0,nocp_s4096_e4096,correctness,8192,4096,4096,0,0,True,,,,,6.771
2026-05-13T21:23:52.923258+00:00,gpu0_correctness,0,nocp_s4096_e4096,benchmark,8192,4096,4096,0,0,True,4428.77,117.41,117.41,117.41,6.314
2026-05-13T21:23:52.923258+00:00,gpu0_correctness,0,nocp_s4096_e4096,benchmark,32768,4096,4096,0,0,True,9328.38,515.91,515.91,515.91,6.314
2026-05-13T21:23:59.237629+00:00,gpu0_correctness,0,nocp_s4096_e4096,benchmark,65536,4096,4096,0,0,True,17416.01,1122.62,1122.62,1122.62,6.343
2026-05-13T21:24:05.580902+00:00,gpu0_correctness,0,nocp_s8192_e4096,correctness,2048,8192,4096,0,0,True,,,,,6.319
2026-05-13T21:24:11.900084+00:00,gpu0_correctness,0,nocp_s8192_e4096,correctness,8192,8192,4096,0,0,True,,,,,6.863
2026-05-13T21:24:18.762907+00:00,gpu0_correctness,0,nocp_s8192_e4096,benchmark,8192,8192,4096,0,0,True,4428.77,117.55,117.55,117.55,6.114
2026-05-13T21:24:18.762907+00:00,gpu0_correctness,0,nocp_s8192_e4096,benchmark,32768,8192,4096,0,0,True,9328.38,512.34,512.34,512.34,6.114
2026-05-13T21:24:24.877339+00:00,gpu0_correctness,0,nocp_s8192_e4096,benchmark,65536,8192,4096,0,0,True,17416.01,1108.4,1108.4,1108.4,6.856
2026-05-13T21:24:31.734174+00:00,gpu0_correctness,0,nocp_s8192_e8192,correctness,2048,8192,8192,0,0,True,,,,,6.774
2026-05-13T21:24:38.508334+00:00,gpu0_correctness,0,nocp_s8192_e8192,correctness,8192,8192,8192,0,0,True,,,,,6.811
2026-05-13T21:24:45.319512+00:00,gpu0_correctness,0,nocp_s8192_e8192,benchmark,8192,8192,8192,0,0,True,4300.63,76.99,76.99,76.99,6.250
2026-05-13T21:24:45.319512+00:00,gpu0_correctness,0,nocp_s8192_e8192,benchmark,32768,8192,8192,0,0,True,9328.38,327.36,327.36,327.36,6.250
2026-05-13T21:24:51.569913+00:00,gpu0_correctness,0,nocp_s8192_e8192,benchmark,65536,8192,8192,0,0,True,17416.01,700.6,700.6,700.6,5.584
2026-05-13T21:24:57.154016+00:00,gpu0_correctness,0,ckpt_s1024_e1024,correctness,2048,1024,1024,1,0,True,,,,,6.881
2026-05-13T21:25:04.035009+00:00,gpu0_correctness,0,ckpt_s1024_e1024,correctness,8192,1024,1024,1,0,True,,,,,7.416
2026-05-13T21:25:11.451029+00:00,gpu0_correctness,0,ckpt_s1024_e1024,benchmark,8192,1024,1024,1,0,True,4152.79,400.32,400.32,400.32,10.427
2026-05-13T21:25:11.451029+00:00,gpu0_correctness,0,ckpt_s1024_e1024,benchmark,32768,1024,1024,1,0,True,6954.88,1771.41,1771.41,1771.41,10.427
2026-05-13T21:25:21.878795+00:00,gpu0_correctness,0,ckpt_s1024_e1024,benchmark,65536,1024,1024,1,0,True,11272.01,3869.89,3869.89,3869.89,12.538
2026-05-13T21:25:34.416898+00:00,gpu0_correctness,0,ckpt_s2048_e1024,correctness,2048,2048,1024,1,0,True,,,,,7.083
2026-05-13T21:25:41.499687+00:00,gpu0_correctness,0,ckpt_s2048_e1024,correctness,8192,2048,1024,1,0,True,,,,,8.188
2026-05-13T21:25:49.688379+00:00,gpu0_correctness,0,ckpt_s2048_e1024,benchmark,8192,2048,1024,1,0,True,4153.66,395.71,395.71,395.71,9.993
2026-05-13T21:25:49.688379+00:00,gpu0_correctness,0,ckpt_s2048_e1024,benchmark,32768,2048,1024,1,0,True,6955.75,1748.13,1748.13,1748.13,9.993
2026-05-13T21:25:59.681882+00:00,gpu0_correctness,0,ckpt_s2048_e1024,benchmark,65536,2048,1024,1,0,True,11272.51,3824.94,3824.94,3824.94,13.070
2026-05-13T21:26:12.752353+00:00,gpu0_correctness,0,ckpt_s4096_e1024,correctness,2048,4096,1024,1,0,True,,,,,7.325
2026-05-13T21:26:20.077308+00:00,gpu0_correctness,0,ckpt_s4096_e1024,correctness,8192,4096,1024,1,0,True,,,,,7.209
2026-05-13T21:26:27.286573+00:00,gpu0_correctness,0,ckpt_s4096_e1024,benchmark,8192,4096,1024,1,0,True,4153.16,402.1,402.1,402.1,10.331
2026-05-13T21:26:27.286573+00:00,gpu0_correctness,0,ckpt_s4096_e1024,benchmark,32768,4096,1024,1,0,True,6955.25,1738.67,1738.67,1738.67,10.331
2026-05-13T21:26:37.617923+00:00,gpu0_correctness,0,ckpt_s4096_e1024,benchmark,65536,4096,1024,1,0,True,11272.51,3748.96,3748.96,3748.96,12.985
2026-05-13T21:26:50.603868+00:00,gpu0_correctness,0,ckpt_s2048_e2048,correctness,2048,2048,2048,1,0,True,,,,,7.608
2026-05-13T21:26:58.212301+00:00,gpu0_correctness,0,ckpt_s2048_e2048,correctness,8192,2048,2048,1,0,True,,,,,7.384
2026-05-13T21:27:05.596903+00:00,gpu0_correctness,0,ckpt_s2048_e2048,benchmark,8192,2048,2048,1,0,True,4133.78,213.68,213.68,213.68,8.158
2026-05-13T21:27:05.596903+00:00,gpu0_correctness,0,ckpt_s2048_e2048,benchmark,32768,2048,2048,1,0,True,6934.88,948.53,948.53,948.53,8.158
2026-05-13T21:27:13.755463+00:00,gpu0_correctness,0,ckpt_s2048_e2048,benchmark,65536,2048,2048,1,0,True,11272.01,2061.28,2061.28,2061.28,9.150
2026-05-13T21:27:22.906427+00:00,gpu0_correctness,0,ckpt_s4096_e2048,correctness,2048,4096,2048,1,0,True,,,,,7.290
2026-05-13T21:27:30.196702+00:00,gpu0_correctness,0,ckpt_s4096_e2048,correctness,8192,4096,2048,1,0,True,,,,,7.325
2026-05-13T21:27:37.522470+00:00,gpu0_correctness,0,ckpt_s4096_e2048,benchmark,8192,4096,2048,1,0,True,4132.78,228.68,228.68,228.68,7.826
2026-05-13T21:27:37.522470+00:00,gpu0_correctness,0,ckpt_s4096_e2048,benchmark,32768,4096,2048,1,0,True,6934.88,927.32,927.32,927.32,7.826
2026-05-13T21:27:45.349140+00:00,gpu0_correctness,0,ckpt_s4096_e2048,benchmark,65536,4096,2048,1,0,True,11272.01,2052.93,2052.93,2052.93,8.987
2026-05-13T21:27:54.336283+00:00,gpu0_correctness,0,ckpt_s8192_e2048,correctness,2048,8192,2048,1,0,True,,,,,7.873
2026-05-13T21:28:02.209620+00:00,gpu0_correctness,0,ckpt_s8192_e2048,correctness,8192,8192,2048,1,0,True,,,,,6.875
2026-05-13T21:28:09.085317+00:00,gpu0_correctness,0,ckpt_s8192_e2048,benchmark,8192,8192,2048,1,0,True,4132.78,216.85,216.85,216.85,8.430
2026-05-13T21:28:09.085317+00:00,gpu0_correctness,0,ckpt_s8192_e2048,benchmark,32768,8192,2048,1,0,True,6934.88,922.93,922.93,922.93,8.430
2026-05-13T21:28:17.515252+00:00,gpu0_correctness,0,ckpt_s8192_e2048,benchmark,65536,8192,2048,1,0,True,11272.01,2005.73,2005.73,2005.73,9.211
2026-05-13T21:28:26.727023+00:00,gpu0_correctness,0,ckpt_s4096_e4096,correctness,2048,4096,4096,1,0,True,,,,,7.322
2026-05-13T21:28:34.049333+00:00,gpu0_correctness,0,ckpt_s4096_e4096,correctness,8192,4096,4096,1,0,True,,,,,6.830
2026-05-13T21:28:40.880055+00:00,gpu0_correctness,0,ckpt_s4096_e4096,benchmark,8192,4096,4096,1,0,True,4092.77,126.37,126.37,126.37,7.469
2026-05-13T21:28:40.880055+00:00,gpu0_correctness,0,ckpt_s4096_e4096,benchmark,32768,4096,4096,1,0,True,6894.87,588.2,588.2,588.2,7.469
2026-05-13T21:28:48.349025+00:00,gpu0_correctness,0,ckpt_s4096_e4096,benchmark,65536,4096,4096,1,0,True,11272.01,1172.7,1172.7,1172.7,7.616
2026-05-13T21:28:55.965082+00:00,gpu0_correctness,0,ckpt_s8192_e4096,correctness,2048,8192,4096,1,0,True,,,,,7.322
2026-05-13T21:29:03.287308+00:00,gpu0_correctness,0,ckpt_s8192_e4096,correctness,8192,8192,4096,1,0,True,,,,,7.264
2026-05-13T21:29:10.552085+00:00,gpu0_correctness,0,ckpt_s8192_e4096,benchmark,8192,8192,4096,1,0,True,4092.77,214.75,214.75,214.75,6.495
2026-05-13T21:29:10.552085+00:00,gpu0_correctness,0,ckpt_s8192_e4096,benchmark,32768,8192,4096,1,0,True,6894.87,535.83,535.83,535.83,6.495
2026-05-13T21:29:17.047378+00:00,gpu0_correctness,0,ckpt_s8192_e4096,benchmark,65536,8192,4096,1,0,True,11272.01,1155.55,1155.55,1155.55,7.287
2026-05-13T21:29:24.334688+00:00,gpu0_correctness,0,ckpt_s16384_e4096,correctness,2048,16384,4096,1,0,True,,,,,7.310
2026-05-13T21:29:31.644801+00:00,gpu0_correctness,0,ckpt_s16384_e4096,correctness,8192,16384,4096,1,0,True,,,,,7.564
2026-05-13T21:29:39.209568+00:00,gpu0_correctness,0,ckpt_s16384_e4096,benchmark,8192,16384,4096,1,0,True,4092.77,232.86,232.86,232.86,7.176
2026-05-13T21:29:39.209568+00:00,gpu0_correctness,0,ckpt_s16384_e4096,benchmark,32768,16384,4096,1,0,True,6894.87,532.96,532.96,532.96,7.176
2026-05-13T21:29:46.386011+00:00,gpu0_correctness,0,ckpt_s16384_e4096,benchmark,65536,16384,4096,1,0,True,11272.01,1145.94,1145.94,1145.94,7.395
2026-05-13T21:29:53.781346+00:00,gpu0_correctness,0,ckpt_s8192_e8192,correctness,2048,8192,8192,1,0,True,,,,,7.398
2026-05-13T21:30:01.179604+00:00,gpu0_correctness,0,ckpt_s8192_e8192,correctness,8192,8192,8192,1,0,True,,,,,7.339
2026-05-13T21:30:08.519178+00:00,gpu0_correctness,0,ckpt_s8192_e8192,benchmark,8192,8192,8192,1,0,True,4012.63,84.55,84.55,84.55,6.955
2026-05-13T21:30:08.519178+00:00,gpu0_correctness,0,ckpt_s8192_e8192,benchmark,32768,8192,8192,1,0,True,6814.85,351.95,351.95,351.95,6.955
2026-05-13T21:30:15.474773+00:00,gpu0_correctness,0,ckpt_s8192_e8192,benchmark,65536,8192,8192,1,0,True,11272.01,748.44,748.44,748.44,6.957
2026-05-13T21:30:22.432249+00:00,gpu0_correctness,0,nocp_s2048_e2048,correctness,2048,2048,2048,0,0,True,,,,,6.813
2026-05-13T21:30:29.245530+00:00,gpu0_correctness,0,nocp_s2048_e2048,correctness,8192,2048,2048,0,0,True,,,,,7.120
2026-05-13T21:30:36.365802+00:00,gpu0_correctness,0,nocp_s2048_e2048,benchmark,8192,2048,2048,0,0,True,4526.78,203.92,203.92,203.92,7.412
2026-05-13T21:30:36.365802+00:00,gpu0_correctness,0,nocp_s2048_e2048,benchmark,32768,2048,2048,0,0,True,9474.38,910.64,910.64,910.64,7.412
2026-05-13T21:30:43.778054+00:00,gpu0_correctness,0,nocp_s2048_e2048,benchmark,65536,2048,2048,0,0,True,17708.01,1983.99,1983.99,1983.99,8.769
2026-05-13T21:30:52.547446+00:00,gpu0_correctness,0,nocp_s4096_e2048,correctness,2048,4096,2048,0,0,True,,,,,6.834
2026-05-13T21:30:59.381265+00:00,gpu0_correctness,0,nocp_s4096_e2048,correctness,8192,4096,2048,0,0,True,,,,,6.717
2026-05-13T21:31:06.098563+00:00,gpu0_correctness,0,nocp_s4096_e2048,benchmark,8192,4096,2048,0,0,True,4527.66,202.25,202.25,202.25,7.018
2026-05-13T21:31:06.098563+00:00,gpu0_correctness,0,nocp_s4096_e2048,benchmark,32768,4096,2048,0,0,True,9473.26,884.71,884.71,884.71,7.018
2026-05-13T21:31:13.117164+00:00,gpu0_correctness,0,nocp_s4096_e2048,benchmark,65536,4096,2048,0,0,True,17708.01,1953.63,1953.63,1953.63,8.238
2026-05-13T21:31:21.355693+00:00,gpu0_correctness,0,nocp_s4096_e4096,correctness,2048,4096,4096,0,0,True,,,,,6.795
2026-05-13T21:31:28.151321+00:00,gpu0_correctness,0,nocp_s4096_e4096,correctness,8192,4096,4096,0,0,True,,,,,6.919
2026-05-13T21:31:35.070941+00:00,gpu0_correctness,0,nocp_s4096_e4096,benchmark,8192,4096,4096,0,0,True,4428.77,117.51,117.51,117.51,7.029
2026-05-13T21:31:35.070941+00:00,gpu0_correctness,0,nocp_s4096_e4096,benchmark,32768,4096,4096,0,0,True,9328.38,515.57,515.57,515.57,7.029
2026-05-13T21:31:42.100763+00:00,gpu0_correctness,0,nocp_s4096_e4096,benchmark,65536,4096,4096,0,0,True,17416.01,1122.31,1122.31,1122.31,6.965
2026-05-13T21:31:49.066525+00:00,gpu0_correctness,0,nocp_s8192_e4096,correctness,2048,8192,4096,0,0,True,,,,,6.930
2026-05-13T21:31:55.997197+00:00,gpu0_correctness,0,nocp_s8192_e4096,correctness,8192,8192,4096,0,0,True,,,,,6.575
2026-05-13T21:32:02.572364+00:00,gpu0_correctness,0,nocp_s8192_e4096,benchmark,8192,8192,4096,0,0,True,4428.77,120.66,120.66,120.66,6.698
2026-05-13T21:32:02.572364+00:00,gpu0_correctness,0,nocp_s8192_e4096,benchmark,32768,8192,4096,0,0,True,9328.38,512.63,512.63,512.63,6.698
2026-05-13T21:32:09.270486+00:00,gpu0_correctness,0,nocp_s8192_e4096,benchmark,65536,8192,4096,0,0,True,17416.01,1107.95,1107.95,1107.95,6.838
2026-05-13T21:32:16.108996+00:00,gpu0_correctness,0,nocp_s8192_e8192,correctness,2048,8192,8192,0,0,True,,,,,6.702
2026-05-13T21:32:22.810872+00:00,gpu0_correctness,0,nocp_s8192_e8192,correctness,8192,8192,8192,0,0,True,,,,,6.582
2026-05-13T21:32:29.392920+00:00,gpu0_correctness,0,nocp_s8192_e8192,benchmark,8192,8192,8192,0,0,True,4300.63,76.19,76.19,76.19,6.125
2026-05-13T21:32:29.392920+00:00,gpu0_correctness,0,nocp_s8192_e8192,benchmark,32768,8192,8192,0,0,True,9328.38,327.0,327.0,327.0,6.125
2026-05-13T21:32:35.518285+00:00,gpu0_correctness,0,nocp_s8192_e8192,benchmark,65536,8192,8192,0,0,True,17416.01,700.65,700.65,700.65,6.307
2026-05-13T21:32:41.825653+00:00,gpu0_correctness,0,ckpt_s1024_e1024,correctness,2048,1024,1024,1,0,True,,,,,7.728
2026-05-13T21:32:49.553737+00:00,gpu0_correctness,0,ckpt_s1024_e1024,correctness,8192,1024,1024,1,0,True,,,,,7.669
2026-05-13T21:32:57.223391+00:00,gpu0_correctness,0,ckpt_s1024_e1024,benchmark,8192,1024,1024,1,0,True,4152.79,402.33,402.33,402.33,9.907
2026-05-13T21:32:57.223391+00:00,gpu0_correctness,0,ckpt_s1024_e1024,benchmark,32768,1024,1024,1,0,True,6954.88,1762.5,1762.5,1762.5,9.907
2026-05-13T21:33:07.130422+00:00,gpu0_correctness,0,ckpt_s1024_e1024,benchmark,65536,1024,1024,1,0,True,11272.01,3962.62,3962.62,3962.62,13.901
2026-05-13T21:33:21.032001+00:00,gpu0_correctness,0,ckpt_s2048_e1024,correctness,2048,2048,1024,1,0,True,,,,,8.005
2026-05-13T21:33:29.037701+00:00,gpu0_correctness,0,ckpt_s2048_e1024,correctness,8192,2048,1024,1,0,True,,,,,7.616
2026-05-13T21:33:36.653831+00:00,gpu0_correctness,0,ckpt_s2048_e1024,benchmark,8192,2048,1024,1,0,True,4153.66,402.49,402.49,402.49,10.129
2026-05-13T21:33:36.653831+00:00,gpu0_correctness,0,ckpt_s2048_e1024,benchmark,32768,2048,1024,1,0,True,6955.75,1788.72,1788.72,1788.72,10.129
2026-05-13T21:33:46.782968+00:00,gpu0_correctness,0,ckpt_s2048_e1024,benchmark,65536,2048,1024,1,0,True,11272.51,3832.16,3832.16,3832.16,12.909
2026-05-13T21:33:59.692329+00:00,gpu0_correctness,0,ckpt_s4096_e1024,correctness,2048,4096,1024,1,0,True,,,,,7.274
2026-05-13T21:34:06.966744+00:00,gpu0_correctness,0,ckpt_s4096_e1024,correctness,8192,4096,1024,1,0,True,,,,,7.772
2026-05-13T21:34:14.738835+00:00,gpu0_correctness,0,ckpt_s4096_e1024,benchmark,8192,4096,1024,1,0,True,4153.16,407.52,407.52,407.52,10.565
2026-05-13T21:34:14.738835+00:00,gpu0_correctness,0,ckpt_s4096_e1024,benchmark,32768,4096,1024,1,0,True,6955.25,1769.35,1769.35,1769.35,10.565
2026-05-13T21:34:25.303698+00:00,gpu0_correctness,0,ckpt_s4096_e1024,benchmark,65536,4096,1024,1,0,True,11272.51,3788.02,3788.02,3788.02,12.942
2026-05-13T21:34:38.246235+00:00,gpu0_correctness,0,ckpt_s2048_e2048,correctness,2048,2048,2048,1,0,True,,,,,7.469
2026-05-13T21:34:45.715365+00:00,gpu0_correctness,0,ckpt_s2048_e2048,correctness,8192,2048,2048,1,0,True,,,,,7.817
2026-05-13T21:34:53.532837+00:00,gpu0_correctness,0,ckpt_s2048_e2048,benchmark,8192,2048,2048,1,0,True,4133.78,221.25,221.25,221.25,8.369
2026-05-13T21:34:53.532837+00:00,gpu0_correctness,0,ckpt_s2048_e2048,benchmark,32768,2048,2048,1,0,True,6934.88,946.99,946.99,946.99,8.369
2026-05-13T21:35:01.902563+00:00,gpu0_correctness,0,ckpt_s2048_e2048,benchmark,65536,2048,2048,1,0,True,11272.01,2110.85,2110.85,2110.85,9.828
2026-05-13T21:35:11.731341+00:00,gpu0_correctness,0,ckpt_s4096_e2048,correctness,2048,4096,2048,1,0,True,,,,,7.072
2026-05-13T21:35:18.803134+00:00,gpu0_correctness,0,ckpt_s4096_e2048,correctness,8192,4096,2048,1,0,True,,,,,7.426
2026-05-13T21:35:26.229668+00:00,gpu0_correctness,0,ckpt_s4096_e2048,benchmark,8192,4096,2048,1,0,True,4132.78,216.15,216.15,216.15,8.358
2026-05-13T21:35:26.229668+00:00,gpu0_correctness,0,ckpt_s4096_e2048,benchmark,32768,4096,2048,1,0,True,6934.88,925.99,925.99,925.99,8.358
2026-05-13T21:35:34.588428+00:00,gpu0_correctness,0,ckpt_s4096_e2048,benchmark,65536,4096,2048,1,0,True,11272.01,2044.59,2044.59,2044.59,9.146
2026-05-13T21:35:43.734691+00:00,gpu0_correctness,0,ckpt_s8192_e2048,correctness,2048,8192,2048,1,0,True,,,,,7.502
2026-05-13T21:35:51.236771+00:00,gpu0_correctness,0,ckpt_s8192_e2048,correctness,8192,8192,2048,1,0,True,,,,,7.384
2026-05-13T21:35:58.620919+00:00,gpu0_correctness,0,ckpt_s8192_e2048,benchmark,8192,8192,2048,1,0,True,4132.78,212.08,212.08,212.08,8.206
2026-05-13T21:35:58.620919+00:00,gpu0_correctness,0,ckpt_s8192_e2048,benchmark,32768,8192,2048,1,0,True,6934.88,922.83,922.83,922.83,8.206
2026-05-13T21:36:06.826942+00:00,gpu0_correctness,0,ckpt_s8192_e2048,benchmark,65536,8192,2048,1,0,True,11272.01,2009.05,2009.05,2009.05,9.718
2026-05-13T21:36:16.545108+00:00,gpu0_correctness,0,ckpt_s4096_e4096,correctness,2048,4096,4096,1,0,True,,,,,7.282
2026-05-13T21:36:23.827032+00:00,gpu0_correctness,0,ckpt_s4096_e4096,correctness,8192,4096,4096,1,0,True,,,,,7.386
2026-05-13T21:36:31.213124+00:00,gpu0_correctness,0,ckpt_s4096_e4096,benchmark,8192,4096,4096,1,0,True,4092.77,126.4,126.4,126.4,7.249
2026-05-13T21:36:31.213124+00:00,gpu0_correctness,0,ckpt_s4096_e4096,benchmark,32768,4096,4096,1,0,True,6894.87,570.55,570.55,570.55,7.249
2026-05-13T21:36:38.462328+00:00,gpu0_correctness,0,ckpt_s4096_e4096,benchmark,65536,4096,4096,1,0,True,11272.01,1168.76,1168.76,1168.76,7.250
2026-05-13T21:36:45.713195+00:00,gpu0_correctness,0,ckpt_s8192_e4096,correctness,2048,8192,4096,1,0,True,,,,,7.268
2026-05-13T21:36:52.981202+00:00,gpu0_correctness,0,ckpt_s8192_e4096,correctness,8192,8192,4096,1,0,True,,,,,7.344
2026-05-13T21:37:00.325394+00:00,gpu0_correctness,0,ckpt_s8192_e4096,benchmark,8192,8192,4096,1,0,True,4092.77,230.32,230.32,230.32,6.990
2026-05-13T21:37:00.325394+00:00,gpu0_correctness,0,ckpt_s8192_e4096,benchmark,32768,8192,4096,1,0,True,6894.87,535.74,535.74,535.74,6.990
2026-05-13T21:37:07.315579+00:00,gpu0_correctness,0,ckpt_s8192_e4096,benchmark,65536,8192,4096,1,0,True,11272.01,1155.33,1155.33,1155.33,7.555
2026-05-13T21:37:14.871074+00:00,gpu0_correctness,0,ckpt_s16384_e4096,correctness,2048,16384,4096,1,0,True,,,,,7.452
2026-05-13T21:37:22.323498+00:00,gpu0_correctness,0,ckpt_s16384_e4096,correctness,8192,16384,4096,1,0,True,,,,,7.690
2026-05-13T21:37:30.014247+00:00,gpu0_correctness,0,ckpt_s16384_e4096,benchmark,8192,16384,4096,1,0,True,4092.77,358.01,358.01,358.01,7.757
2026-05-13T21:37:30.014247+00:00,gpu0_correctness,0,ckpt_s16384_e4096,benchmark,32768,16384,4096,1,0,True,6894.87,544.07,544.07,544.07,7.757
2026-05-13T21:37:37.771669+00:00,gpu0_correctness,0,ckpt_s16384_e4096,benchmark,65536,16384,4096,1,0,True,11272.01,1159.64,1159.64,1159.64,7.231
2026-05-13T21:37:45.003363+00:00,gpu0_correctness,0,ckpt_s8192_e8192,correctness,2048,8192,8192,1,0,True,,,,,6.996
2026-05-13T21:37:51.999388+00:00,gpu0_correctness,0,ckpt_s8192_e8192,correctness,8192,8192,8192,1,0,True,,,,,7.228
2026-05-13T21:37:59.227872+00:00,gpu0_correctness,0,ckpt_s8192_e8192,benchmark,8192,8192,8192,1,0,True,4012.63,83.15,83.15,83.15,6.756
2026-05-13T21:37:59.227872+00:00,gpu0_correctness,0,ckpt_s8192_e8192,benchmark,32768,8192,8192,1,0,True,6814.85,350.56,350.56,350.56,6.756
2026-05-13T21:38:05.984222+00:00,gpu0_correctness,0,ckpt_s8192_e8192,benchmark,65536,8192,8192,1,0,True,11272.01,748.35,748.35,748.35,6.658
2026-05-13T21:38:12.643013+00:00,gpu0_correctness,0,nocp_s2048_e2048,correctness,2048,2048,2048,0,0,True,,,,,6.371
2026-05-13T21:38:19.014543+00:00,gpu0_correctness,0,nocp_s2048_e2048,correctness,8192,2048,2048,0,0,True,,,,,7.215
2026-05-13T21:38:26.230169+00:00,gpu0_correctness,0,nocp_s2048_e2048,benchmark,8192,2048,2048,0,0,True,4526.78,204.46,204.46,204.46,7.330
2026-05-13T21:38:26.230169+00:00,gpu0_correctness,0,nocp_s2048_e2048,benchmark,32768,2048,2048,0,0,True,9474.38,923.39,923.39,923.39,7.330
2026-05-13T21:38:33.560323+00:00,gpu0_correctness,0,nocp_s2048_e2048,benchmark,65536,2048,2048,0,0,True,17708.01,1964.07,1964.07,1964.07,8.053
2026-05-13T21:38:41.614008+00:00,gpu0_correctness,0,nocp_s4096_e2048,correctness,2048,4096,2048,0,0,True,,,,,6.136
2026-05-13T21:38:47.750576+00:00,gpu0_correctness,0,nocp_s4096_e2048,correctness,8192,4096,2048,0,0,True,,,,,6.679
2026-05-13T21:38:54.429803+00:00,gpu0_correctness,0,nocp_s4096_e2048,benchmark,8192,4096,2048,0,0,True,4527.66,205.81,205.81,205.81,7.070
2026-05-13T21:38:54.429803+00:00,gpu0_correctness,0,nocp_s4096_e2048,benchmark,32768,4096,2048,0,0,True,9473.26,885.22,885.22,885.22,7.070
2026-05-13T21:39:01.499807+00:00,gpu0_correctness,0,nocp_s4096_e2048,benchmark,65536,4096,2048,0,0,True,17708.01,1935.33,1935.33,1935.33,8.595
2026-05-13T21:39:10.095442+00:00,gpu0_correctness,0,nocp_s4096_e4096,correctness,2048,4096,4096,0,0,True,,,,,6.857
2026-05-13T21:39:16.952654+00:00,gpu0_correctness,0,nocp_s4096_e4096,correctness,8192,4096,4096,0,0,True,,,,,7.072
2026-05-13T21:39:24.025235+00:00,gpu0_correctness,0,nocp_s4096_e4096,benchmark,8192,4096,4096,0,0,True,4428.77,119.49,119.49,119.49,6.478
2026-05-13T21:39:24.025235+00:00,gpu0_correctness,0,nocp_s4096_e4096,benchmark,32768,4096,4096,0,0,True,9328.38,515.94,515.94,515.94,6.478
2026-05-13T21:39:30.503292+00:00,gpu0_correctness,0,nocp_s4096_e4096,benchmark,65536,4096,4096,0,0,True,17416.01,1142.7,1142.7,1142.7,7.204
2026-05-13T21:39:37.708039+00:00,gpu0_correctness,0,nocp_s8192_e4096,correctness,2048,8192,4096,0,0,True,,,,,6.039
2026-05-13T21:39:43.746998+00:00,gpu0_correctness,0,nocp_s8192_e4096,correctness,8192,8192,4096,0,0,True,,,,,6.931
2026-05-13T21:39:50.677867+00:00,gpu0_correctness,0,nocp_s8192_e4096,benchmark,8192,8192,4096,0,0,True,4428.77,116.96,116.96,116.96,6.499
2026-05-13T21:39:50.677867+00:00,gpu0_correctness,0,nocp_s8192_e4096,benchmark,32768,8192,4096,0,0,True,9328.38,512.01,512.01,512.01,6.499
2026-05-13T21:39:57.177707+00:00,gpu0_correctness,0,nocp_s8192_e4096,benchmark,65536,8192,4096,0,0,True,17416.01,1123.44,1123.44,1123.44,7.061
2026-05-13T21:40:04.239690+00:00,gpu0_correctness,0,nocp_s8192_e8192,correctness,2048,8192,8192,0,0,True,,,,,6.331
2026-05-13T21:40:10.571046+00:00,gpu0_correctness,0,nocp_s8192_e8192,correctness,8192,8192,8192,0,0,True,,,,,6.541
2026-05-13T21:40:17.111819+00:00,gpu0_correctness,0,nocp_s8192_e8192,benchmark,8192,8192,8192,0,0,True,4300.63,80.68,80.68,80.68,6.243
2026-05-13T21:40:17.111819+00:00,gpu0_correctness,0,nocp_s8192_e8192,benchmark,32768,8192,8192,0,0,True,9328.38,327.29,327.29,327.29,6.243
2026-05-13T21:40:23.355636+00:00,gpu0_correctness,0,nocp_s8192_e8192,benchmark,65536,8192,8192,0,0,True,17416.01,701.34,701.34,701.34,5.746
2026-05-13T21:40:29.102463+00:00,gpu0_correctness,0,ckpt_s1024_e1024,correctness,2048,1024,1024,1,0,True,,,,,7.320
2026-05-13T21:40:36.423253+00:00,gpu0_correctness,0,ckpt_s1024_e1024,correctness,8192,1024,1024,1,0,True,,,,,7.340
2026-05-13T21:40:43.763272+00:00,gpu0_correctness,0,ckpt_s1024_e1024,benchmark,8192,1024,1024,1,0,True,4152.79,413.37,413.37,413.37,10.769
2026-05-13T21:40:43.763272+00:00,gpu0_correctness,0,ckpt_s1024_e1024,benchmark,32768,1024,1024,1,0,True,6954.88,1740.17,1740.17,1740.17,10.769
2026-05-13T21:40:54.532990+00:00,gpu0_correctness,0,ckpt_s1024_e1024,benchmark,65536,1024,1024,1,0,True,11272.01,3929.59,3929.59,3929.59,13.217
2026-05-13T21:41:07.750197+00:00,gpu0_correctness,0,ckpt_s2048_e1024,correctness,2048,2048,1024,1,0,True,,,,,7.167
2026-05-13T21:41:14.917392+00:00,gpu0_correctness,0,ckpt_s2048_e1024,correctness,8192,2048,1024,1,0,True,,,,,7.788
2026-05-13T21:41:22.705705+00:00,gpu0_correctness,0,ckpt_s2048_e1024,benchmark,8192,2048,1024,1,0,True,4153.66,403.06,403.06,403.06,10.394
2026-05-13T21:41:22.705705+00:00,gpu0_correctness,0,ckpt_s2048_e1024,benchmark,32768,2048,1024,1,0,True,6955.75,1729.37,1729.37,1729.37,10.394
2026-05-13T21:41:33.100222+00:00,gpu0_correctness,0,ckpt_s2048_e1024,benchmark,65536,2048,1024,1,0,True,11272.51,3825.35,3825.35,3825.35,12.738
2026-05-13T21:41:45.838469+00:00,gpu0_correctness,0,ckpt_s4096_e1024,correctness,2048,4096,1024,1,0,True,,,,,7.367
2026-05-13T21:41:53.205650+00:00,gpu0_correctness,0,ckpt_s4096_e1024,correctness,8192,4096,1024,1,0,True,,,,,7.584
2026-05-13T21:42:00.790308+00:00,gpu0_correctness,0,ckpt_s4096_e1024,benchmark,8192,4096,1024,1,0,True,4153.16,403.12,403.12,403.12,9.937
2026-05-13T21:42:00.790308+00:00,gpu0_correctness,0,ckpt_s4096_e1024,benchmark,32768,4096,1024,1,0,True,6955.25,1721.38,1721.38,1721.38,9.937
2026-05-13T21:42:10.727992+00:00,gpu0_correctness,0,ckpt_s4096_e1024,benchmark,65536,4096,1024,1,0,True,11272.51,3807.31,3807.31,3807.31,12.495
2026-05-13T21:42:23.223904+00:00,gpu0_correctness,0,ckpt_s2048_e2048,correctness,2048,2048,2048,1,0,True,,,,,7.665
2026-05-13T21:42:30.889316+00:00,gpu0_correctness,0,ckpt_s2048_e2048,correctness,8192,2048,2048,1,0,True,,,,,7.658
2026-05-13T21:42:38.547326+00:00,gpu0_correctness,0,ckpt_s2048_e2048,benchmark,8192,2048,2048,1,0,True,4133.78,214.87,214.87,214.87,8.275
2026-05-13T21:42:38.547326+00:00,gpu0_correctness,0,ckpt_s2048_e2048,benchmark,32768,2048,2048,1,0,True,6934.88,947.25,947.25,947.25,8.275
2026-05-13T21:42:46.822748+00:00,gpu0_correctness,0,ckpt_s2048_e2048,benchmark,65536,2048,2048,1,0,True,11272.01,2075.83,2075.83,2075.83,9.242
2026-05-13T21:42:56.065439+00:00,gpu0_correctness,0,ckpt_s4096_e2048,correctness,2048,4096,2048,1,0,True,,,,,7.449
2026-05-13T21:43:03.514330+00:00,gpu0_correctness,0,ckpt_s4096_e2048,correctness,8192,4096,2048,1,0,True,,,,,8.046
2026-05-13T21:43:11.560547+00:00,gpu0_correctness,0,ckpt_s4096_e2048,benchmark,8192,4096,2048,1,0,True,4132.78,213.52,213.52,213.52,8.601
2026-05-13T21:43:11.560547+00:00,gpu0_correctness,0,ckpt_s4096_e2048,benchmark,32768,4096,2048,1,0,True,6934.88,984.55,984.55,984.55,8.601
2026-05-13T21:43:20.162156+00:00,gpu0_correctness,0,ckpt_s4096_e2048,benchmark,65536,4096,2048,1,0,True,11272.01,2039.58,2039.58,2039.58,9.591
2026-05-13T21:43:29.753728+00:00,gpu0_correctness,0,ckpt_s8192_e2048,correctness,2048,8192,2048,1,0,True,,,,,7.165
2026-05-13T21:43:36.918731+00:00,gpu0_correctness,0,ckpt_s8192_e2048,correctness,8192,8192,2048,1,0,True,,,,,7.517
2026-05-13T21:43:44.436188+00:00,gpu0_correctness,0,ckpt_s8192_e2048,benchmark,8192,8192,2048,1,0,True,4132.78,216.08,216.08,216.08,7.932
2026-05-13T21:43:44.436188+00:00,gpu0_correctness,0,ckpt_s8192_e2048,benchmark,32768,8192,2048,1,0,True,6934.88,936.08,936.08,936.08,7.932
2026-05-13T21:43:52.368693+00:00,gpu0_correctness,0,ckpt_s8192_e2048,benchmark,65536,8192,2048,1,0,True,11272.01,2083.82,2083.82,2083.82,9.397
2026-05-13T21:44:01.766674+00:00,gpu0_correctness,0,ckpt_s4096_e4096,correctness,2048,4096,4096,1,0,True,,,,,7.410
2026-05-13T21:44:09.177335+00:00,gpu0_correctness,0,ckpt_s4096_e4096,correctness,8192,4096,4096,1,0,True,,,,,7.654
2026-05-13T21:44:16.831714+00:00,gpu0_correctness,0,ckpt_s4096_e4096,benchmark,8192,4096,4096,1,0,True,4092.77,127.31,127.31,127.31,7.400
2026-05-13T21:44:16.831714+00:00,gpu0_correctness,0,ckpt_s4096_e4096,benchmark,32768,4096,4096,1,0,True,6894.87,539.73,539.73,539.73,7.400
2026-05-13T21:44:24.232372+00:00,gpu0_correctness,0,ckpt_s4096_e4096,benchmark,65536,4096,4096,1,0,True,11272.01,1172.1,1172.1,1172.1,8.275
2026-05-13T21:44:32.508129+00:00,gpu0_correctness,0,ckpt_s8192_e4096,correctness,2048,8192,4096,1,0,True,,,,,7.525
2026-05-13T21:44:40.033328+00:00,gpu0_correctness,0,ckpt_s8192_e4096,correctness,8192,8192,4096,1,0,True,,,,,7.265
2026-05-13T21:44:47.298928+00:00,gpu0_correctness,0,ckpt_s8192_e4096,benchmark,8192,8192,4096,1,0,True,4092.77,256.06,256.06,256.06,7.531
2026-05-13T21:44:47.298928+00:00,gpu0_correctness,0,ckpt_s8192_e4096,benchmark,32768,8192,4096,1,0,True,6894.87,536.22,536.22,536.22,7.531
2026-05-13T21:44:54.830338+00:00,gpu0_correctness,0,ckpt_s8192_e4096,benchmark,65536,8192,4096,1,0,True,11272.01,1160.54,1160.54,1160.54,7.728
2026-05-13T21:45:02.559258+00:00,gpu0_correctness,0,ckpt_s16384_e4096,correctness,2048,16384,4096,1,0,True,,,,,7.175
2026-05-13T21:45:09.734362+00:00,gpu0_correctness,0,ckpt_s16384_e4096,correctness,8192,16384,4096,1,0,True,,,,,7.623
2026-05-13T21:45:17.357609+00:00,gpu0_correctness,0,ckpt_s16384_e4096,benchmark,8192,16384,4096,1,0,True,4092.77,205.95,205.95,205.95,7.326
2026-05-13T21:45:17.357609+00:00,gpu0_correctness,0,ckpt_s16384_e4096,benchmark,32768,16384,4096,1,0,True,6894.87,532.53,532.53,532.53,7.326
2026-05-13T21:45:24.683816+00:00,gpu0_correctness,0,ckpt_s16384_e4096,benchmark,65536,16384,4096,1,0,True,11272.01,1149.11,1149.11,1149.11,7.431
2026-05-13T21:45:32.115363+00:00,gpu0_correctness,0,ckpt_s8192_e8192,correctness,2048,8192,8192,1,0,True,,,,,7.410
2026-05-13T21:45:39.525313+00:00,gpu0_correctness,0,ckpt_s8192_e8192,correctness,8192,8192,8192,1,0,True,,,,,7.481
2026-05-13T21:45:47.006405+00:00,gpu0_correctness,0,ckpt_s8192_e8192,benchmark,8192,8192,8192,1,0,True,4012.63,82.28,82.28,82.28,6.572
2026-05-13T21:45:47.006405+00:00,gpu0_correctness,0,ckpt_s8192_e8192,benchmark,32768,8192,8192,1,0,True,6814.85,350.91,350.91,350.91,6.572
2026-05-13T21:45:53.578266+00:00,gpu0_correctness,0,ckpt_s8192_e8192,benchmark,65536,8192,8192,1,0,True,11272.01,748.61,748.61,748.61,6.385
2026-05-13T21:45:59.963791+00:00,gpu0_correctness,0,nocp_s2048_e2048,correctness,2048,2048,2048,0,0,True,,,,,6.412
2026-05-13T21:46:06.375652+00:00,gpu0_correctness,0,nocp_s2048_e2048,correctness,8192,2048,2048,0,0,True,,,,,6.755
2026-05-13T21:46:13.130887+00:00,gpu0_correctness,0,nocp_s2048_e2048,benchmark,8192,2048,2048,0,0,True,4526.78,202.59,202.59,202.59,7.273
2026-05-13T21:46:13.130887+00:00,gpu0_correctness,0,nocp_s2048_e2048,benchmark,32768,2048,2048,0,0,True,9474.38,892.65,892.65,892.65,7.273
2026-05-13T21:46:20.404660+00:00,gpu0_correctness,0,nocp_s2048_e2048,benchmark,65536,2048,2048,0,0,True,17708.01,1982.59,1982.59,1982.59,8.481
2026-05-13T21:46:28.885920+00:00,gpu0_correctness,0,nocp_s4096_e2048,correctness,2048,4096,2048,0,0,True,,,,,6.372
2026-05-13T21:46:35.257918+00:00,gpu0_correctness,0,nocp_s4096_e2048,correctness,8192,4096,2048,0,0,True,,,,,6.476
2026-05-13T21:46:41.733740+00:00,gpu0_correctness,0,nocp_s4096_e2048,benchmark,8192,4096,2048,0,0,True,4527.66,202.55,202.55,202.55,7.080
2026-05-13T21:46:41.733740+00:00,gpu0_correctness,0,nocp_s4096_e2048,benchmark,32768,4096,2048,0,0,True,9473.26,888.64,888.64,888.64,7.080
2026-05-13T21:46:48.814336+00:00,gpu0_correctness,0,nocp_s4096_e2048,benchmark,65536,4096,2048,0,0,True,17708.01,1970.72,1970.72,1970.72,8.387
2026-05-13T21:46:57.201879+00:00,gpu0_correctness,0,nocp_s4096_e4096,correctness,2048,4096,4096,0,0,True,,,,,6.700
2026-05-13T21:47:03.902425+00:00,gpu0_correctness,0,nocp_s4096_e4096,correctness,8192,4096,4096,0,0,True,,,,,6.317
2026-05-13T21:47:10.219323+00:00,gpu0_correctness,0,nocp_s4096_e4096,benchmark,8192,4096,4096,0,0,True,4428.77,118.59,118.59,118.59,6.767
2026-05-13T21:47:10.219323+00:00,gpu0_correctness,0,nocp_s4096_e4096,benchmark,32768,4096,4096,0,0,True,9328.38,515.61,515.61,515.61,6.767
2026-05-13T21:47:16.987104+00:00,gpu0_correctness,0,nocp_s4096_e4096,benchmark,65536,4096,4096,0,0,True,17416.01,1122.52,1122.52,1122.52,6.393
2026-05-13T21:47:23.381078+00:00,gpu0_correctness,0,nocp_s8192_e4096,correctness,2048,8192,4096,0,0,True,,,,,6.640
2026-05-13T21:47:30.021004+00:00,gpu0_correctness,0,nocp_s8192_e4096,correctness,8192,8192,4096,0,0,True,,,,,6.548
2026-05-13T21:47:36.569495+00:00,gpu0_correctness,0,nocp_s8192_e4096,benchmark,8192,8192,4096,0,0,True,4428.77,118.9,118.9,118.9,5.948
2026-05-13T21:47:36.569495+00:00,gpu0_correctness,0,nocp_s8192_e4096,benchmark,32768,8192,4096,0,0,True,9328.38,512.34,512.34,512.34,5.948
2026-05-13T21:47:42.517328+00:00,gpu0_correctness,0,nocp_s8192_e4096,benchmark,65536,8192,4096,0,0,True,17416.01,1108.96,1108.96,1108.96,6.692
2026-05-13T21:47:49.210115+00:00,gpu0_correctness,0,nocp_s8192_e8192,correctness,2048,8192,8192,0,0,True,,,,,6.894
2026-05-13T21:47:56.104187+00:00,gpu0_correctness,0,nocp_s8192_e8192,correctness,8192,8192,8192,0,0,True,,,,,6.390
2026-05-13T21:48:02.494908+00:00,gpu0_correctness,0,nocp_s8192_e8192,benchmark,8192,8192,8192,0,0,True,4300.63,76.33,76.33,76.33,6.194
2026-05-13T21:48:02.494908+00:00,gpu0_correctness,0,nocp_s8192_e8192,benchmark,32768,8192,8192,0,0,True,9328.38,328.85,328.85,328.85,6.194
2026-05-13T21:48:08.689277+00:00,gpu0_correctness,0,nocp_s8192_e8192,benchmark,65536,8192,8192,0,0,True,17416.01,700.84,700.84,700.84,5.864
2026-05-13T21:48:14.553802+00:00,gpu0_correctness,0,ckpt_s1024_e1024,correctness,2048,1024,1024,1,0,True,,,,,7.598
2026-05-13T21:48:22.151953+00:00,gpu0_correctness,0,ckpt_s1024_e1024,correctness,8192,1024,1024,1,0,True,,,,,7.125
2026-05-13T21:48:29.277216+00:00,gpu0_correctness,0,ckpt_s1024_e1024,benchmark,8192,1024,1024,1,0,True,4152.79,397.2,397.2,397.2,10.640
2026-05-13T21:48:29.277216+00:00,gpu0_correctness,0,ckpt_s1024_e1024,benchmark,32768,1024,1024,1,0,True,6954.88,1742.91,1742.91,1742.91,10.640
2026-05-13T21:48:39.917289+00:00,gpu0_correctness,0,ckpt_s1024_e1024,benchmark,65536,1024,1024,1,0,True,11272.01,3891.34,3891.34,3891.34,13.188
2026-05-13T21:48:53.105640+00:00,gpu0_correctness,0,ckpt_s2048_e1024,correctness,2048,2048,1024,1,0,True,,,,,7.894
2026-05-13T21:49:00.999557+00:00,gpu0_correctness,0,ckpt_s2048_e1024,correctness,8192,2048,1024,1,0,True,,,,,7.590
2026-05-13T21:49:08.589784+00:00,gpu0_correctness,0,ckpt_s2048_e1024,benchmark,8192,2048,1024,1,0,True,4153.66,412.87,412.87,412.87,9.877
2026-05-13T21:49:08.589784+00:00,gpu0_correctness,0,ckpt_s2048_e1024,benchmark,32768,2048,1024,1,0,True,6955.75,1740.2,1740.2,1740.2,9.877
2026-05-13T21:49:18.467004+00:00,gpu0_correctness,0,ckpt_s2048_e1024,benchmark,65536,2048,1024,1,0,True,11272.51,3821.46,3821.46,3821.46,12.679
2026-05-13T21:49:31.146707+00:00,gpu0_correctness,0,ckpt_s4096_e1024,correctness,2048,4096,1024,1,0,True,,,,,7.830
2026-05-13T21:49:38.976857+00:00,gpu0_correctness,0,ckpt_s4096_e1024,correctness,8192,4096,1024,1,0,True,,,,,7.240
2026-05-13T21:49:46.217027+00:00,gpu0_correctness,0,ckpt_s4096_e1024,benchmark,8192,4096,1024,1,0,True,4153.16,402.11,402.11,402.11,10.243
2026-05-13T21:49:46.217027+00:00,gpu0_correctness,0,ckpt_s4096_e1024,benchmark,32768,4096,1024,1,0,True,6955.25,1762.35,1762.35,1762.35,10.243
2026-05-13T21:49:56.460805+00:00,gpu0_correctness,0,ckpt_s4096_e1024,benchmark,65536,4096,1024,1,0,True,11272.51,3753.71,3753.71,3753.71,12.381
2026-05-13T21:50:08.842360+00:00,gpu0_correctness,0,ckpt_s2048_e2048,correctness,2048,2048,2048,1,0,True,,,,,7.147
2026-05-13T21:50:15.989921+00:00,gpu0_correctness,0,ckpt_s2048_e2048,correctness,8192,2048,2048,1,0,True,,,,,7.364
2026-05-13T21:50:23.354417+00:00,gpu0_correctness,0,ckpt_s2048_e2048,benchmark,8192,2048,2048,1,0,True,4133.78,216.43,216.43,216.43,8.600
2026-05-13T21:50:23.354417+00:00,gpu0_correctness,0,ckpt_s2048_e2048,benchmark,32768,2048,2048,1,0,True,6934.88,948.67,948.67,948.67,8.600
2026-05-13T21:50:31.954319+00:00,gpu0_correctness,0,ckpt_s2048_e2048,benchmark,65536,2048,2048,1,0,True,11272.01,2048.41,2048.41,2048.41,9.927
2026-05-13T21:50:41.881418+00:00,gpu0_correctness,0,ckpt_s4096_e2048,correctness,2048,4096,2048,1,0,True,,,,,7.516
2026-05-13T21:50:49.397252+00:00,gpu0_correctness,0,ckpt_s4096_e2048,correctness,8192,4096,2048,1,0,True,,,,,7.810
2026-05-13T21:50:57.207932+00:00,gpu0_correctness,0,ckpt_s4096_e2048,benchmark,8192,4096,2048,1,0,True,4132.78,218.5,218.5,218.5,8.739
2026-05-13T21:50:57.207932+00:00,gpu0_correctness,0,ckpt_s4096_e2048,benchmark,32768,4096,2048,1,0,True,6934.88,959.92,959.92,959.92,8.739
2026-05-13T21:51:05.947329+00:00,gpu0_correctness,0,ckpt_s4096_e2048,benchmark,65536,4096,2048,1,0,True,11272.01,2031.5,2031.5,2031.5,9.133
2026-05-13T21:51:15.081138+00:00,gpu0_correctness,0,ckpt_s8192_e2048,correctness,2048,8192,2048,1,0,True,,,,,7.391
2026-05-13T21:51:22.471988+00:00,gpu0_correctness,0,ckpt_s8192_e2048,correctness,8192,8192,2048,1,0,True,,,,,7.548
2026-05-13T21:51:30.020286+00:00,gpu0_correctness,0,ckpt_s8192_e2048,benchmark,8192,8192,2048,1,0,True,4132.78,215.6,215.6,215.6,8.536
2026-05-13T21:51:30.020286+00:00,gpu0_correctness,0,ckpt_s8192_e2048,benchmark,32768,8192,2048,1,0,True,6934.88,921.9,921.9,921.9,8.536
2026-05-13T21:51:38.556480+00:00,gpu0_correctness,0,ckpt_s8192_e2048,benchmark,65536,8192,2048,1,0,True,11272.01,2022.93,2022.93,2022.93,9.698
2026-05-13T21:51:48.254949+00:00,gpu0_correctness,0,ckpt_s4096_e4096,correctness,2048,4096,4096,1,0,True,,,,,7.359
2026-05-13T21:51:55.614401+00:00,gpu0_correctness,0,ckpt_s4096_e4096,correctness,8192,4096,4096,1,0,True,,,,,7.446
2026-05-13T21:52:03.060651+00:00,gpu0_correctness,0,ckpt_s4096_e4096,benchmark,8192,4096,4096,1,0,True,4092.77,125.61,125.61,125.61,7.149
2026-05-13T21:52:03.060651+00:00,gpu0_correctness,0,ckpt_s4096_e4096,benchmark,32768,4096,4096,1,0,True,6894.87,539.7,539.7,539.7,7.149
2026-05-13T21:52:10.210579+00:00,gpu0_correctness,0,ckpt_s4096_e4096,benchmark,65536,4096,4096,1,0,True,11272.01,1168.73,1168.73,1168.73,7.638
2026-05-13T21:52:17.849416+00:00,gpu0_correctness,0,ckpt_s8192_e4096,correctness,2048,8192,4096,1,0,True,,,,,7.336
2026-05-13T21:52:25.186020+00:00,gpu0_correctness,0,ckpt_s8192_e4096,correctness,8192,8192,4096,1,0,True,,,,,7.439
2026-05-13T21:52:32.625267+00:00,gpu0_correctness,0,ckpt_s8192_e4096,benchmark,8192,8192,4096,1,0,True,4092.77,237.1,237.1,237.1,7.403
2026-05-13T21:52:32.625267+00:00,gpu0_correctness,0,ckpt_s8192_e4096,benchmark,32768,8192,4096,1,0,True,6894.87,538.04,538.04,538.04,7.403
2026-05-13T21:52:40.028372+00:00,gpu0_correctness,0,ckpt_s8192_e4096,benchmark,65536,8192,4096,1,0,True,11272.01,1175.63,1175.63,1175.63,7.557
2026-05-13T21:52:47.585557+00:00,gpu0_correctness,0,ckpt_s16384_e4096,correctness,2048,16384,4096,1,0,True,,,,,7.205
2026-05-13T21:52:54.790447+00:00,gpu0_correctness,0,ckpt_s16384_e4096,correctness,8192,16384,4096,1,0,True,,,,,7.293
2026-05-13T21:53:02.083867+00:00,gpu0_correctness,0,ckpt_s16384_e4096,benchmark,8192,16384,4096,1,0,True,4092.77,223.82,223.82,223.82,7.394
2026-05-13T21:53:02.083867+00:00,gpu0_correctness,0,ckpt_s16384_e4096,benchmark,32768,16384,4096,1,0,True,6894.87,535.9,535.9,535.9,7.394
2026-05-13T21:53:09.478680+00:00,gpu0_correctness,0,ckpt_s16384_e4096,benchmark,65536,16384,4096,1,0,True,11272.01,1156.76,1156.76,1156.76,7.497
2026-05-13T21:53:16.976306+00:00,gpu0_correctness,0,ckpt_s8192_e8192,correctness,2048,8192,8192,1,0,True,,,,,7.850
2026-05-13T21:53:24.826638+00:00,gpu0_correctness,0,ckpt_s8192_e8192,correctness,8192,8192,8192,1,0,True,,,,,7.712
2026-05-13T21:53:32.539234+00:00,gpu0_correctness,0,ckpt_s8192_e8192,benchmark,8192,8192,8192,1,0,True,4012.63,83.14,83.14,83.14,6.612
2026-05-13T21:53:32.539234+00:00,gpu0_correctness,0,ckpt_s8192_e8192,benchmark,32768,8192,8192,1,0,True,6814.85,352.18,352.18,352.18,6.612
2026-05-13T21:53:39.151468+00:00,gpu0_correctness,0,ckpt_s8192_e8192,benchmark,65536,8192,8192,1,0,True,11272.01,748.96,748.96,748.96,7.310
2026-05-13T21:53:46.462537+00:00,gpu0_correctness,0,nocp_s2048_e2048,correctness,2048,2048,2048,0,0,True,,,,,7.369
2026-05-13T21:53:53.831445+00:00,gpu0_correctness,0,nocp_s2048_e2048,correctness,8192,2048,2048,0,0,True,,,,,7.093
2026-05-13T21:54:00.924354+00:00,gpu0_correctness,0,nocp_s2048_e2048,benchmark,8192,2048,2048,0,0,True,4526.78,202.4,202.4,202.4,7.243
2026-05-13T21:54:00.924354+00:00,gpu0_correctness,0,nocp_s2048_e2048,benchmark,32768,2048,2048,0,0,True,9474.38,891.95,891.95,891.95,7.243
2026-05-13T21:54:08.167904+00:00,gpu0_correctness,0,nocp_s2048_e2048,benchmark,65536,2048,2048,0,0,True,17708.01,1963.93,1963.93,1963.93,8.373
2026-05-13T21:54:16.541121+00:00,gpu0_correctness,0,nocp_s4096_e2048,correctness,2048,4096,2048,0,0,True,,,,,6.183
2026-05-13T21:54:22.723889+00:00,gpu0_correctness,0,nocp_s4096_e2048,correctness,8192,4096,2048,0,0,True,,,,,6.566
2026-05-13T21:54:29.290276+00:00,gpu0_correctness,0,nocp_s4096_e2048,benchmark,8192,4096,2048,0,0,True,4527.66,205.21,205.21,205.21,7.781
2026-05-13T21:54:29.290276+00:00,gpu0_correctness,0,nocp_s4096_e2048,benchmark,32768,4096,2048,0,0,True,9473.26,896.6,896.6,896.6,7.781
2026-05-13T21:54:37.071566+00:00,gpu0_correctness,0,nocp_s4096_e2048,benchmark,65536,4096,2048,0,0,True,17708.01,1934.69,1934.69,1934.69,8.755
2026-05-13T21:54:45.826680+00:00,gpu0_correctness,0,nocp_s4096_e4096,correctness,2048,4096,4096,0,0,True,,,,,6.752
2026-05-13T21:54:52.579125+00:00,gpu0_correctness,0,nocp_s4096_e4096,correctness,8192,4096,4096,0,0,True,,,,,6.725
2026-05-13T21:54:59.304547+00:00,gpu0_correctness,0,nocp_s4096_e4096,benchmark,8192,4096,4096,0,0,True,4428.77,119.5,119.5,119.5,6.510
2026-05-13T21:54:59.304547+00:00,gpu0_correctness,0,nocp_s4096_e4096,benchmark,32768,4096,4096,0,0,True,9328.38,515.67,515.67,515.67,6.510
2026-05-13T21:55:05.815073+00:00,gpu0_correctness,0,nocp_s4096_e4096,benchmark,65536,4096,4096,0,0,True,17416.01,1123.12,1123.12,1123.12,6.845
2026-05-13T21:55:12.660531+00:00,gpu0_correctness,0,nocp_s8192_e4096,correctness,2048,8192,4096,0,0,True,,,,,6.570
2026-05-13T21:55:19.231211+00:00,gpu0_correctness,0,nocp_s8192_e4096,correctness,8192,8192,4096,0,0,True,,,,,6.650
2026-05-13T21:55:25.881241+00:00,gpu0_correctness,0,nocp_s8192_e4096,benchmark,8192,8192,4096,0,0,True,4428.77,118.3,118.3,118.3,6.441
2026-05-13T21:55:25.881241+00:00,gpu0_correctness,0,nocp_s8192_e4096,benchmark,32768,8192,4096,0,0,True,9328.38,511.75,511.75,511.75,6.441
2026-05-13T21:55:32.323114+00:00,gpu0_correctness,0,nocp_s8192_e4096,benchmark,65536,8192,4096,0,0,True,17416.01,1117.72,1117.72,1117.72,6.665
2026-05-13T21:55:38.988600+00:00,gpu0_correctness,0,nocp_s8192_e8192,correctness,2048,8192,8192,0,0,True,,,,,6.594
2026-05-13T21:55:45.583305+00:00,gpu0_correctness,0,nocp_s8192_e8192,correctness,8192,8192,8192,0,0,True,,,,,6.453
2026-05-13T21:55:52.036290+00:00,gpu0_correctness,0,nocp_s8192_e8192,benchmark,8192,8192,8192,0,0,True,4300.63,76.27,76.27,76.27,5.749
2026-05-13T21:55:52.036290+00:00,gpu0_correctness,0,nocp_s8192_e8192,benchmark,32768,8192,8192,0,0,True,9328.38,327.47,327.47,327.47,5.749
2026-05-13T21:55:57.785657+00:00,gpu0_correctness,0,nocp_s8192_e8192,benchmark,65536,8192,8192,0,0,True,17416.01,701.17,701.17,701.17,5.611
2026-05-13T21:56:03.397500+00:00,gpu0_correctness,0,ckpt_s1024_e1024,correctness,2048,1024,1024,1,0,True,,,,,7.454
2026-05-13T21:56:10.851735+00:00,gpu0_correctness,0,ckpt_s1024_e1024,correctness,8192,1024,1024,1,0,True,,,,,7.298
2026-05-13T21:56:18.149969+00:00,gpu0_correctness,0,ckpt_s1024_e1024,benchmark,8192,1024,1024,1,0,True,4152.79,397.2,397.2,397.2,10.201
2026-05-13T21:56:18.149969+00:00,gpu0_correctness,0,ckpt_s1024_e1024,benchmark,32768,1024,1024,1,0,True,6954.88,1768.36,1768.36,1768.36,10.201
2026-05-13T21:56:28.351085+00:00,gpu0_correctness,0,ckpt_s1024_e1024,benchmark,65536,1024,1024,1,0,True,11272.01,3850.13,3850.13,3850.13,12.774
2026-05-13T21:56:41.125576+00:00,gpu0_correctness,0,ckpt_s2048_e1024,correctness,2048,2048,1024,1,0,True,,,,,7.854
2026-05-13T21:56:48.979671+00:00,gpu0_correctness,0,ckpt_s2048_e1024,correctness,8192,2048,1024,1,0,True,,,,,7.868
2026-05-13T21:56:56.848205+00:00,gpu0_correctness,0,ckpt_s2048_e1024,benchmark,8192,2048,1024,1,0,True,4153.66,406.41,406.41,406.41,9.568
2026-05-13T21:56:56.848205+00:00,gpu0_correctness,0,ckpt_s2048_e1024,benchmark,32768,2048,1024,1,0,True,6955.75,1749.91,1749.91,1749.91,9.568
2026-05-13T21:57:06.416585+00:00,gpu0_correctness,0,ckpt_s2048_e1024,benchmark,65536,2048,1024,1,0,True,11272.51,3856.97,3856.97,3856.97,12.622
2026-05-13T21:57:19.038871+00:00,gpu0_correctness,0,ckpt_s4096_e1024,correctness,2048,4096,1024,1,0,True,,,,,7.647
2026-05-13T21:57:26.686221+00:00,gpu0_correctness,0,ckpt_s4096_e1024,correctness,8192,4096,1024,1,0,True,,,,,7.440
2026-05-13T21:57:34.126013+00:00,gpu0_correctness,0,ckpt_s4096_e1024,benchmark,8192,4096,1024,1,0,True,4153.16,411.03,411.03,411.03,9.987
2026-05-13T21:57:34.126013+00:00,gpu0_correctness,0,ckpt_s4096_e1024,benchmark,32768,4096,1024,1,0,True,6955.25,1799.18,1799.18,1799.18,9.987
2026-05-13T21:57:44.113245+00:00,gpu0_correctness,0,ckpt_s4096_e1024,benchmark,65536,4096,1024,1,0,True,11272.51,3752.32,3752.32,3752.32,12.574
2026-05-13T21:57:56.687623+00:00,gpu0_correctness,0,ckpt_s2048_e2048,correctness,2048,2048,2048,1,0,True,,,,,7.551
2026-05-13T21:58:04.238941+00:00,gpu0_correctness,0,ckpt_s2048_e2048,correctness,8192,2048,2048,1,0,True,,,,,7.549
2026-05-13T21:58:11.788730+00:00,gpu0_correctness,0,ckpt_s2048_e2048,benchmark,8192,2048,2048,1,0,True,4133.78,226.4,226.4,226.4,8.122
2026-05-13T21:58:11.788730+00:00,gpu0_correctness,0,ckpt_s2048_e2048,benchmark,32768,2048,2048,1,0,True,6934.88,946.96,946.96,946.96,8.122
2026-05-13T21:58:19.910761+00:00,gpu0_correctness,0,ckpt_s2048_e2048,benchmark,65536,2048,2048,1,0,True,11272.01,2071.79,2071.79,2071.79,9.129
2026-05-13T21:58:29.040498+00:00,gpu0_correctness,0,ckpt_s4096_e2048,correctness,2048,4096,2048,1,0,True,,,,,7.363
2026-05-13T21:58:36.403925+00:00,gpu0_correctness,0,ckpt_s4096_e2048,correctness,8192,4096,2048,1,0,True,,,,,8.046
2026-05-13T21:58:44.450010+00:00,gpu0_correctness,0,ckpt_s4096_e2048,benchmark,8192,4096,2048,1,0,True,4132.78,221.91,221.91,221.91,8.492
2026-05-13T21:58:44.450010+00:00,gpu0_correctness,0,ckpt_s4096_e2048,benchmark,32768,4096,2048,1,0,True,6934.88,938.47,938.47,938.47,8.492
2026-05-13T21:58:52.942465+00:00,gpu0_correctness,0,ckpt_s4096_e2048,benchmark,65536,4096,2048,1,0,True,11272.01,2045.33,2045.33,2045.33,9.606
2026-05-13T21:59:02.548536+00:00,gpu0_correctness,0,ckpt_s8192_e2048,correctness,2048,8192,2048,1,0,True,,,,,6.787
2026-05-13T21:59:09.335553+00:00,gpu0_correctness,0,ckpt_s8192_e2048,correctness,8192,8192,2048,1,0,True,,,,,7.698
2026-05-13T21:59:17.034037+00:00,gpu0_correctness,0,ckpt_s8192_e2048,benchmark,8192,8192,2048,1,0,True,4132.78,212.64,212.64,212.64,7.843
2026-05-13T21:59:17.034037+00:00,gpu0_correctness,0,ckpt_s8192_e2048,benchmark,32768,8192,2048,1,0,True,6934.88,927.82,927.82,927.82,7.843
2026-05-13T21:59:24.877579+00:00,gpu0_correctness,0,ckpt_s8192_e2048,benchmark,65536,8192,2048,1,0,True,11272.01,2027.07,2027.07,2027.07,9.573
2026-05-13T21:59:34.451572+00:00,gpu0_correctness,0,ckpt_s4096_e4096,correctness,2048,4096,4096,1,0,True,,,,,7.480
2026-05-13T21:59:41.931622+00:00,gpu0_correctness,0,ckpt_s4096_e4096,correctness,8192,4096,4096,1,0,True,,,,,8.169
2026-05-13T21:59:50.101132+00:00,gpu0_correctness,0,ckpt_s4096_e4096,benchmark,8192,4096,4096,1,0,True,4092.77,127.24,127.24,127.24,7.653
2026-05-13T21:59:50.101132+00:00,gpu0_correctness,0,ckpt_s4096_e4096,benchmark,32768,4096,4096,1,0,True,6894.87,550.03,550.03,550.03,7.653
2026-05-13T21:59:57.754371+00:00,gpu0_correctness,0,ckpt_s4096_e4096,benchmark,65536,4096,4096,1,0,True,11272.01,1173.63,1173.63,1173.63,7.362
2026-05-13T22:00:05.116537+00:00,gpu0_correctness,0,ckpt_s8192_e4096,correctness,2048,8192,4096,1,0,True,,,,,7.872
2026-05-13T22:00:12.988622+00:00,gpu0_correctness,0,ckpt_s8192_e4096,correctness,8192,8192,4096,1,0,True,,,,,8.346
2026-05-13T22:00:21.335268+00:00,gpu0_correctness,0,ckpt_s8192_e4096,benchmark,8192,8192,4096,1,0,True,4092.77,219.95,219.95,219.95,7.127
2026-05-13T22:00:21.335268+00:00,gpu0_correctness,0,ckpt_s8192_e4096,benchmark,32768,8192,4096,1,0,True,6894.87,536.0,536.0,536.0,7.127
2026-05-13T22:00:28.463084+00:00,gpu0_correctness,0,ckpt_s8192_e4096,benchmark,65536,8192,4096,1,0,True,11272.01,1181.94,1181.94,1181.94,7.530
2026-05-13T22:00:35.993659+00:00,gpu0_correctness,0,ckpt_s16384_e4096,correctness,2048,16384,4096,1,0,True,,,,,7.233
2026-05-13T22:00:43.227345+00:00,gpu0_correctness,0,ckpt_s16384_e4096,correctness,8192,16384,4096,1,0,True,,,,,7.229
2026-05-13T22:00:50.456559+00:00,gpu0_correctness,0,ckpt_s16384_e4096,benchmark,8192,16384,4096,1,0,True,4092.77,250.13,250.13,250.13,6.812
2026-05-13T22:00:50.456559+00:00,gpu0_correctness,0,ckpt_s16384_e4096,benchmark,32768,16384,4096,1,0,True,6894.87,532.78,532.78,532.78,6.812
2026-05-13T22:00:57.268764+00:00,gpu0_correctness,0,ckpt_s16384_e4096,benchmark,65536,16384,4096,1,0,True,11272.01,1154.75,1154.75,1154.75,7.187
2026-05-13T22:01:04.456621+00:00,gpu0_correctness,0,ckpt_s8192_e8192,correctness,2048,8192,8192,1,0,True,,,,,7.441
2026-05-13T22:01:11.898176+00:00,gpu0_correctness,0,ckpt_s8192_e8192,correctness,8192,8192,8192,1,0,True,,,,,7.421
2026-05-13T22:01:19.319622+00:00,gpu0_correctness,0,ckpt_s8192_e8192,benchmark,8192,8192,8192,1,0,True,4012.63,82.13,82.13,82.13,6.484
2026-05-13T22:01:19.319622+00:00,gpu0_correctness,0,ckpt_s8192_e8192,benchmark,32768,8192,8192,1,0,True,6814.85,350.85,350.85,350.85,6.484
2026-05-13T22:01:25.803640+00:00,gpu0_correctness,0,ckpt_s8192_e8192,benchmark,65536,8192,8192,1,0,True,11272.01,747.62,747.62,747.62,6.314
2026-05-13T22:01:32.118033+00:00,gpu0_correctness,0,nocp_s2048_e2048,correctness,2048,2048,2048,0,0,True,,,,,6.430
2026-05-13T22:01:38.548614+00:00,gpu0_correctness,0,nocp_s2048_e2048,correctness,8192,2048,2048,0,0,True,,,,,6.467
2026-05-13T22:01:45.016199+00:00,gpu0_correctness,0,nocp_s2048_e2048,benchmark,8192,2048,2048,0,0,True,4526.78,204.36,204.36,204.36,7.264
2026-05-13T22:01:45.016199+00:00,gpu0_correctness,0,nocp_s2048_e2048,benchmark,32768,2048,2048,0,0,True,9474.38,892.91,892.91,892.91,7.264
2026-05-13T22:01:52.280378+00:00,gpu0_correctness,0,nocp_s2048_e2048,benchmark,65536,2048,2048,0,0,True,17708.01,1963.76,1963.76,1963.76,8.495
2026-05-13T22:02:00.776254+00:00,gpu0_correctness,0,nocp_s4096_e2048,correctness,2048,4096,2048,0,0,True,,,,,6.739
2026-05-13T22:02:07.515778+00:00,gpu0_correctness,0,nocp_s4096_e2048,correctness,8192,4096,2048,0,0,True,,,,,6.564
2026-05-13T22:02:14.079981+00:00,gpu0_correctness,0,nocp_s4096_e2048,benchmark,8192,4096,2048,0,0,True,4527.66,203.75,203.75,203.75,7.215
2026-05-13T22:02:14.079981+00:00,gpu0_correctness,0,nocp_s4096_e2048,benchmark,32768,4096,2048,0,0,True,9473.26,884.98,884.98,884.98,7.215
2026-05-13T22:02:21.294979+00:00,gpu0_correctness,0,nocp_s4096_e2048,benchmark,65536,4096,2048,0,0,True,17708.01,1934.82,1934.82,1934.82,9.141
2026-05-13T22:02:30.436753+00:00,gpu0_correctness,0,nocp_s4096_e4096,correctness,2048,4096,4096,0,0,True,,,,,6.394
2026-05-13T22:02:36.831335+00:00,gpu0_correctness,0,nocp_s4096_e4096,correctness,8192,4096,4096,0,0,True,,,,,6.342
2026-05-13T22:02:43.173624+00:00,gpu0_correctness,0,nocp_s4096_e4096,benchmark,8192,4096,4096,0,0,True,4428.77,119.0,119.0,119.0,6.155
2026-05-13T22:02:43.173624+00:00,gpu0_correctness,0,nocp_s4096_e4096,benchmark,32768,4096,4096,0,0,True,9328.38,517.23,517.23,517.23,6.155
2026-05-13T22:02:49.328780+00:00,gpu0_correctness,0,nocp_s4096_e4096,benchmark,65536,4096,4096,0,0,True,17416.01,1122.5,1122.5,1122.5,6.606
2026-05-13T22:02:55.935151+00:00,gpu0_correctness,0,nocp_s8192_e4096,correctness,2048,8192,4096,0,0,True,,,,,6.720
2026-05-13T22:03:02.655228+00:00,gpu0_correctness,0,nocp_s8192_e4096,correctness,8192,8192,4096,0,0,True,,,,,6.465
2026-05-13T22:03:09.120152+00:00,gpu0_correctness,0,nocp_s8192_e4096,benchmark,8192,8192,4096,0,0,True,4428.77,118.94,118.94,118.94,6.117
2026-05-13T22:03:09.120152+00:00,gpu0_correctness,0,nocp_s8192_e4096,benchmark,32768,8192,4096,0,0,True,9328.38,512.29,512.29,512.29,6.117
2026-05-13T22:03:15.236966+00:00,gpu0_correctness,0,nocp_s8192_e4096,benchmark,65536,8192,4096,0,0,True,17416.01,1108.03,1108.03,1108.03,6.629
2026-05-13T22:03:21.865946+00:00,gpu0_correctness,0,nocp_s8192_e8192,correctness,2048,8192,8192,0,0,True,,,,,6.544
2026-05-13T22:03:28.410526+00:00,gpu0_correctness,0,nocp_s8192_e8192,correctness,8192,8192,8192,0,0,True,,,,,6.401
2026-05-13T22:03:34.811651+00:00,gpu0_correctness,0,nocp_s8192_e8192,benchmark,8192,8192,8192,0,0,True,4300.63,76.01,76.01,76.01,5.598
2026-05-13T22:03:34.811651+00:00,gpu0_correctness,0,nocp_s8192_e8192,benchmark,32768,8192,8192,0,0,True,9328.38,326.68,326.68,326.68,5.598
2026-05-13T22:03:40.410313+00:00,gpu0_correctness,0,nocp_s8192_e8192,benchmark,65536,8192,8192,0,0,True,17416.01,700.39,700.39,700.39,5.605
2026-05-13T22:03:46.016291+00:00,gpu0_correctness,0,ckpt_s1024_e1024,correctness,2048,1024,1024,1,0,True,,,,,7.677
2026-05-13T22:03:53.693450+00:00,gpu0_correctness,0,ckpt_s1024_e1024,correctness,8192,1024,1024,1,0,True,,,,,7.486
2026-05-13T22:04:01.179617+00:00,gpu0_correctness,0,ckpt_s1024_e1024,benchmark,8192,1024,1024,1,0,True,4152.79,402.61,402.61,402.61,10.612
2026-05-13T22:04:01.179617+00:00,gpu0_correctness,0,ckpt_s1024_e1024,benchmark,32768,1024,1024,1,0,True,6954.88,1768.33,1768.33,1768.33,10.612
2026-05-13T22:04:11.792134+00:00,gpu0_correctness,0,ckpt_s1024_e1024,benchmark,65536,1024,1024,1,0,True,11272.01,3943.13,3943.13,3943.13,13.291
2026-05-13T22:04:25.084093+00:00,gpu0_correctness,0,ckpt_s2048_e1024,correctness,2048,2048,1024,1,0,True,,,,,7.169
2026-05-13T22:04:32.253294+00:00,gpu0_correctness,0,ckpt_s2048_e1024,correctness,8192,2048,1024,1,0,True,,,,,7.543
2026-05-13T22:04:39.796380+00:00,gpu0_correctness,0,ckpt_s2048_e1024,benchmark,8192,2048,1024,1,0,True,4153.66,406.16,406.16,406.16,10.119
2026-05-13T22:04:39.796380+00:00,gpu0_correctness,0,ckpt_s2048_e1024,benchmark,32768,2048,1024,1,0,True,6955.75,1723.91,1723.91,1723.91,10.119
2026-05-13T22:04:49.915945+00:00,gpu0_correctness,0,ckpt_s2048_e1024,benchmark,65536,2048,1024,1,0,True,11272.51,3827.41,3827.41,3827.41,13.244
2026-05-13T22:05:03.160373+00:00,gpu0_correctness,0,ckpt_s4096_e1024,correctness,2048,4096,1024,1,0,True,,,,,8.059
2026-05-13T22:05:11.220015+00:00,gpu0_correctness,0,ckpt_s4096_e1024,correctness,8192,4096,1024,1,0,True,,,,,7.908
2026-05-13T22:05:19.128554+00:00,gpu0_correctness,0,ckpt_s4096_e1024,benchmark,8192,4096,1024,1,0,True,4153.16,402.12,402.12,402.12,10.360
2026-05-13T22:05:19.128554+00:00,gpu0_correctness,0,ckpt_s4096_e1024,benchmark,32768,4096,1024,1,0,True,6955.25,1740.1,1740.1,1740.1,10.360
2026-05-13T22:05:29.488699+00:00,gpu0_correctness,0,ckpt_s4096_e1024,benchmark,65536,4096,1024,1,0,True,11272.51,3802.69,3802.69,3802.69,12.413
2026-05-13T22:05:41.902143+00:00,gpu0_correctness,0,ckpt_s2048_e2048,correctness,2048,2048,2048,1,0,True,,,,,8.042
2026-05-13T22:05:49.944267+00:00,gpu0_correctness,0,ckpt_s2048_e2048,correctness,8192,2048,2048,1,0,True,,,,,7.780
2026-05-13T22:05:57.724424+00:00,gpu0_correctness,0,ckpt_s2048_e2048,benchmark,8192,2048,2048,1,0,True,4133.78,217.97,217.97,217.97,8.025
2026-05-13T22:05:57.724424+00:00,gpu0_correctness,0,ckpt_s2048_e2048,benchmark,32768,2048,2048,1,0,True,6934.88,949.44,949.44,949.44,8.025
2026-05-13T22:06:05.749587+00:00,gpu0_correctness,0,ckpt_s2048_e2048,benchmark,65536,2048,2048,1,0,True,11272.01,2089.5,2089.5,2089.5,9.637
2026-05-13T22:06:15.386949+00:00,gpu0_correctness,0,ckpt_s4096_e2048,correctness,2048,4096,2048,1,0,True,,,,,7.242
2026-05-13T22:06:22.629302+00:00,gpu0_correctness,0,ckpt_s4096_e2048,correctness,8192,4096,2048,1,0,True,,,,,7.272
2026-05-13T22:06:29.901395+00:00,gpu0_correctness,0,ckpt_s4096_e2048,benchmark,8192,4096,2048,1,0,True,4132.78,224.93,224.93,224.93,7.770
2026-05-13T22:06:29.901395+00:00,gpu0_correctness,0,ckpt_s4096_e2048,benchmark,32768,4096,2048,1,0,True,6934.88,927.3,927.3,927.3,7.770
2026-05-13T22:06:37.671691+00:00,gpu0_correctness,0,ckpt_s4096_e2048,benchmark,65536,4096,2048,1,0,True,11272.01,2043.78,2043.78,2043.78,9.529
2026-05-13T22:06:47.200699+00:00,gpu0_correctness,0,ckpt_s8192_e2048,correctness,2048,8192,2048,1,0,True,,,,,7.715
2026-05-13T22:06:54.916460+00:00,gpu0_correctness,0,ckpt_s8192_e2048,correctness,8192,8192,2048,1,0,True,,,,,7.627
2026-05-13T22:07:02.543534+00:00,gpu0_correctness,0,ckpt_s8192_e2048,benchmark,8192,8192,2048,1,0,True,4132.78,220.67,220.67,220.67,8.505
2026-05-13T22:07:02.543534+00:00,gpu0_correctness,0,ckpt_s8192_e2048,benchmark,32768,8192,2048,1,0,True,6934.88,937.45,937.45,937.45,8.505
2026-05-13T22:07:11.048589+00:00,gpu0_correctness,0,ckpt_s8192_e2048,benchmark,65536,8192,2048,1,0,True,11272.01,2037.05,2037.05,2037.05,9.401
2026-05-13T22:07:20.450402+00:00,gpu0_correctness,0,ckpt_s4096_e4096,correctness,2048,4096,4096,1,0,True,,,,,6.919
2026-05-13T22:07:27.369457+00:00,gpu0_correctness,0,ckpt_s4096_e4096,correctness,8192,4096,4096,1,0,True,,,,,7.556
2026-05-13T22:07:34.925828+00:00,gpu0_correctness,0,ckpt_s4096_e4096,benchmark,8192,4096,4096,1,0,True,4092.77,126.95,126.95,126.95,7.467
2026-05-13T22:07:34.925828+00:00,gpu0_correctness,0,ckpt_s4096_e4096,benchmark,32768,4096,4096,1,0,True,6894.87,542.21,542.21,542.21,7.467
2026-05-13T22:07:42.392973+00:00,gpu0_correctness,0,ckpt_s4096_e4096,benchmark,65536,4096,4096,1,0,True,11272.01,1175.22,1175.22,1175.22,7.384
2026-05-13T22:07:49.777588+00:00,gpu0_correctness,0,ckpt_s8192_e4096,correctness,2048,8192,4096,1,0,True,,,,,7.646
2026-05-13T22:07:57.423743+00:00,gpu0_correctness,0,ckpt_s8192_e4096,correctness,8192,8192,4096,1,0,True,,,,,7.273
2026-05-13T22:08:04.697511+00:00,gpu0_correctness,0,ckpt_s8192_e4096,benchmark,8192,8192,4096,1,0,True,4092.77,258.82,258.82,258.82,7.416
2026-05-13T22:08:04.697511+00:00,gpu0_correctness,0,ckpt_s8192_e4096,benchmark,32768,8192,4096,1,0,True,6894.87,546.2,546.2,546.2,7.416
2026-05-13T22:08:12.114277+00:00,gpu0_correctness,0,ckpt_s8192_e4096,benchmark,65536,8192,4096,1,0,True,11272.01,1156.28,1156.28,1156.28,7.877
2026-05-13T22:08:19.991287+00:00,gpu0_correctness,0,ckpt_s16384_e4096,correctness,2048,16384,4096,1,0,True,,,,,7.506
2026-05-13T22:08:27.497778+00:00,gpu0_correctness,0,ckpt_s16384_e4096,correctness,8192,16384,4096,1,0,True,,,,,7.332
2026-05-13T22:08:34.830416+00:00,gpu0_correctness,0,ckpt_s16384_e4096,benchmark,8192,16384,4096,1,0,True,4092.77,224.32,224.32,224.32,7.127
2026-05-13T22:08:34.830416+00:00,gpu0_correctness,0,ckpt_s16384_e4096,benchmark,32768,16384,4096,1,0,True,6894.87,532.77,532.77,532.77,7.127
2026-05-13T22:08:41.957448+00:00,gpu0_correctness,0,ckpt_s16384_e4096,benchmark,65536,16384,4096,1,0,True,11272.01,1144.88,1144.88,1144.88,8.040
2026-05-13T22:08:49.998179+00:00,gpu0_correctness,0,ckpt_s8192_e8192,correctness,2048,8192,8192,1,0,True,,,,,7.616
2026-05-13T22:08:57.614348+00:00,gpu0_correctness,0,ckpt_s8192_e8192,correctness,8192,8192,8192,1,0,True,,,,,7.338
2026-05-13T22:09:04.952893+00:00,gpu0_correctness,0,ckpt_s8192_e8192,benchmark,8192,8192,8192,1,0,True,4012.63,83.13,83.13,83.13,7.190
2026-05-13T22:09:04.952893+00:00,gpu0_correctness,0,ckpt_s8192_e8192,benchmark,32768,8192,8192,1,0,True,6814.85,351.4,351.4,351.4,7.190
2026-05-13T22:09:12.143482+00:00,gpu0_correctness,0,ckpt_s8192_e8192,benchmark,65536,8192,8192,1,0,True,11272.01,800.44,800.44,800.44,6.583
2026-05-13T22:09:18.727501+00:00,gpu0_correctness,0,nocp_s2048_e2048,correctness,2048,2048,2048,0,0,True,,,,,6.165
2026-05-13T22:09:24.892519+00:00,gpu0_correctness,0,nocp_s2048_e2048,correctness,8192,2048,2048,0,0,True,,,,,7.237
2026-05-13T22:09:32.129522+00:00,gpu0_correctness,0,nocp_s2048_e2048,benchmark,8192,2048,2048,0,0,True,4526.78,205.43,205.43,205.43,7.191
2026-05-13T22:09:32.129522+00:00,gpu0_correctness,0,nocp_s2048_e2048,benchmark,32768,2048,2048,0,0,True,9474.38,892.15,892.15,892.15,7.191
2026-05-13T22:09:39.321278+00:00,gpu0_correctness,0,nocp_s2048_e2048,benchmark,65536,2048,2048,0,0,True,17708.01,1964.23,1964.23,1964.23,7.919
2026-05-13T22:09:47.240670+00:00,gpu0_correctness,0,nocp_s4096_e2048,correctness,2048,4096,2048,0,0,True,,,,,6.765
2026-05-13T22:09:54.006450+00:00,gpu0_correctness,0,nocp_s4096_e2048,correctness,8192,4096,2048,0,0,True,,,,,7.022
2026-05-13T22:10:01.028311+00:00,gpu0_correctness,0,nocp_s4096_e2048,benchmark,8192,4096,2048,0,0,True,4527.66,202.49,202.49,202.49,7.431
2026-05-13T22:10:01.028311+00:00,gpu0_correctness,0,nocp_s4096_e2048,benchmark,32768,4096,2048,0,0,True,9473.26,886.06,886.06,886.06,7.431
2026-05-13T22:10:08.459211+00:00,gpu0_correctness,0,nocp_s4096_e2048,benchmark,65536,4096,2048,0,0,True,17708.01,1935.53,1935.53,1935.53,8.690
2026-05-13T22:10:17.149996+00:00,gpu0_correctness,0,nocp_s4096_e4096,correctness,2048,4096,4096,0,0,True,,,,,7.064
2026-05-13T22:10:24.214554+00:00,gpu0_correctness,0,nocp_s4096_e4096,correctness,8192,4096,4096,0,0,True,,,,,6.433
2026-05-13T22:10:30.648154+00:00,gpu0_correctness,0,nocp_s4096_e4096,benchmark,8192,4096,4096,0,0,True,4428.77,119.03,119.03,119.03,6.477
2026-05-13T22:10:30.648154+00:00,gpu0_correctness,0,nocp_s4096_e4096,benchmark,32768,4096,4096,0,0,True,9328.38,516.35,516.35,516.35,6.477
2026-05-13T22:10:37.125468+00:00,gpu0_correctness,0,nocp_s4096_e4096,benchmark,65536,4096,4096,0,0,True,17416.01,1122.37,1122.37,1122.37,6.695
2026-05-13T22:10:43.820533+00:00,gpu0_correctness,0,nocp_s8192_e4096,correctness,2048,8192,4096,0,0,True,,,,,6.609
2026-05-13T22:10:50.430178+00:00,gpu0_correctness,0,nocp_s8192_e4096,correctness,8192,8192,4096,0,0,True,,,,,6.350
2026-05-13T22:10:56.780461+00:00,gpu0_correctness,0,nocp_s8192_e4096,benchmark,8192,8192,4096,0,0,True,4428.77,118.99,118.99,118.99,6.730
2026-05-13T22:10:56.780461+00:00,gpu0_correctness,0,nocp_s8192_e4096,benchmark,32768,8192,4096,0,0,True,9328.38,512.74,512.74,512.74,6.730
2026-05-13T22:11:03.511160+00:00,gpu0_correctness,0,nocp_s8192_e4096,benchmark,65536,8192,4096,0,0,True,17416.01,1108.4,1108.4,1108.4,6.914
2026-05-13T22:11:10.425865+00:00,gpu0_correctness,0,nocp_s8192_e8192,correctness,2048,8192,8192,0,0,True,,,,,6.607
2026-05-13T22:11:17.033162+00:00,gpu0_correctness,0,nocp_s8192_e8192,correctness,8192,8192,8192,0,0,True,,,,,6.649
2026-05-13T22:11:23.682277+00:00,gpu0_correctness,0,nocp_s8192_e8192,benchmark,8192,8192,8192,0,0,True,4300.63,76.02,76.02,76.02,6.256
2026-05-13T22:11:23.682277+00:00,gpu0_correctness,0,nocp_s8192_e8192,benchmark,32768,8192,8192,0,0,True,9328.38,328.11,328.11,328.11,6.256
2026-05-13T22:11:29.938331+00:00,gpu0_correctness,0,nocp_s8192_e8192,benchmark,65536,8192,8192,0,0,True,17416.01,700.25,700.25,700.25,5.951
2026-05-13T22:11:35.890129+00:00,gpu0_correctness,0,ckpt_s1024_e1024,correctness,2048,1024,1024,1,0,True,,,,,8.140
2026-05-13T22:11:44.030219+00:00,gpu0_correctness,0,ckpt_s1024_e1024,correctness,8192,1024,1024,1,0,True,,,,,6.778
2026-05-13T22:11:50.808727+00:00,gpu0_correctness,0,ckpt_s1024_e1024,benchmark,8192,1024,1024,1,0,True,4152.79,403.72,403.72,403.72,10.553
2026-05-13T22:11:50.808727+00:00,gpu0_correctness,0,ckpt_s1024_e1024,benchmark,32768,1024,1024,1,0,True,6954.88,1746.13,1746.13,1746.13,10.553
2026-05-13T22:12:01.362059+00:00,gpu0_correctness,0,ckpt_s1024_e1024,benchmark,65536,1024,1024,1,0,True,11272.01,3842.57,3842.57,3842.57,12.832
2026-05-13T22:12:14.194634+00:00,gpu0_correctness,0,ckpt_s2048_e1024,correctness,2048,2048,1024,1,0,True,,,,,7.542
2026-05-13T22:12:21.736799+00:00,gpu0_correctness,0,ckpt_s2048_e1024,correctness,8192,2048,1024,1,0,True,,,,,7.415
2026-05-13T22:12:29.151658+00:00,gpu0_correctness,0,ckpt_s2048_e1024,benchmark,8192,2048,1024,1,0,True,4153.66,407.94,407.94,407.94,10.048
2026-05-13T22:12:29.151658+00:00,gpu0_correctness,0,ckpt_s2048_e1024,benchmark,32768,2048,1024,1,0,True,6955.75,1724.69,1724.69,1724.69,10.048
2026-05-13T22:12:39.199660+00:00,gpu0_correctness,0,ckpt_s2048_e1024,benchmark,65536,2048,1024,1,0,True,11272.51,3810.3,3810.3,3810.3,13.105
2026-05-13T22:12:52.305247+00:00,gpu0_correctness,0,ckpt_s4096_e1024,correctness,2048,4096,1024,1,0,True,,,,,7.493
2026-05-13T22:12:59.798393+00:00,gpu0_correctness,0,ckpt_s4096_e1024,correctness,8192,4096,1024,1,0,True,,,,,6.912
2026-05-13T22:13:06.710573+00:00,gpu0_correctness,0,ckpt_s4096_e1024,benchmark,8192,4096,1024,1,0,True,4153.16,396.06,396.06,396.06,9.983
2026-05-13T22:13:06.710573+00:00,gpu0_correctness,0,ckpt_s4096_e1024,benchmark,32768,4096,1024,1,0,True,6955.25,1720.5,1720.5,1720.5,9.983
2026-05-13T22:13:16.693660+00:00,gpu0_correctness,0,ckpt_s4096_e1024,benchmark,65536,4096,1024,1,0,True,11272.51,3759.05,3759.05,3759.05,12.364
2026-05-13T22:13:29.057792+00:00,gpu0_correctness,0,ckpt_s2048_e2048,correctness,2048,2048,2048,1,0,True,,,,,7.537
2026-05-13T22:13:36.595251+00:00,gpu0_correctness,0,ckpt_s2048_e2048,correctness,8192,2048,2048,1,0,True,,,,,7.653
2026-05-13T22:13:44.248187+00:00,gpu0_correctness,0,ckpt_s2048_e2048,benchmark,8192,2048,2048,1,0,True,4133.78,216.63,216.63,216.63,8.228
2026-05-13T22:13:44.248187+00:00,gpu0_correctness,0,ckpt_s2048_e2048,benchmark,32768,2048,2048,1,0,True,6934.88,946.12,946.12,946.12,8.228
2026-05-13T22:13:52.476253+00:00,gpu0_correctness,0,ckpt_s2048_e2048,benchmark,65536,2048,2048,1,0,True,11272.01,2106.48,2106.48,2106.48,9.933
2026-05-13T22:14:02.409530+00:00,gpu0_correctness,0,ckpt_s4096_e2048,correctness,2048,4096,2048,1,0,True,,,,,7.478
2026-05-13T22:14:09.887623+00:00,gpu0_correctness,0,ckpt_s4096_e2048,correctness,8192,4096,2048,1,0,True,,,,,6.940
2026-05-13T22:14:16.827595+00:00,gpu0_correctness,0,ckpt_s4096_e2048,benchmark,8192,4096,2048,1,0,True,4132.78,219.42,219.42,219.42,8.197
2026-05-13T22:14:16.827595+00:00,gpu0_correctness,0,ckpt_s4096_e2048,benchmark,32768,4096,2048,1,0,True,6934.88,940.65,940.65,940.65,8.197
2026-05-13T22:14:25.024777+00:00,gpu0_correctness,0,ckpt_s4096_e2048,benchmark,65536,4096,2048,1,0,True,11272.01,2043.63,2043.63,2043.63,9.358
2026-05-13T22:14:34.383449+00:00,gpu0_correctness,0,ckpt_s8192_e2048,correctness,2048,8192,2048,1,0,True,,,,,7.517
2026-05-13T22:14:41.900722+00:00,gpu0_correctness,0,ckpt_s8192_e2048,correctness,8192,8192,2048,1,0,True,,,,,7.581
2026-05-13T22:14:49.481656+00:00,gpu0_correctness,0,ckpt_s8192_e2048,benchmark,8192,8192,2048,1,0,True,4132.78,216.16,216.16,216.16,8.254
2026-05-13T22:14:49.481656+00:00,gpu0_correctness,0,ckpt_s8192_e2048,benchmark,32768,8192,2048,1,0,True,6934.88,1001.39,1001.39,1001.39,8.254
2026-05-13T22:14:57.736378+00:00,gpu0_correctness,0,ckpt_s8192_e2048,benchmark,65536,8192,2048,1,0,True,11272.01,2036.02,2036.02,2036.02,9.738
2026-05-13T22:15:07.474602+00:00,gpu0_correctness,0,ckpt_s4096_e4096,correctness,2048,4096,4096,1,0,True,,,,,7.482
2026-05-13T22:15:14.957030+00:00,gpu0_correctness,0,ckpt_s4096_e4096,correctness,8192,4096,4096,1,0,True,,,,,7.661
2026-05-13T22:15:22.618407+00:00,gpu0_correctness,0,ckpt_s4096_e4096,benchmark,8192,4096,4096,1,0,True,4092.77,125.99,125.99,125.99,7.679
2026-05-13T22:15:22.618407+00:00,gpu0_correctness,0,ckpt_s4096_e4096,benchmark,32768,4096,4096,1,0,True,6894.87,552.02,552.02,552.02,7.679
2026-05-13T22:15:30.298154+00:00,gpu0_correctness,0,ckpt_s4096_e4096,benchmark,65536,4096,4096,1,0,True,11272.01,1178.44,1178.44,1178.44,8.079
2026-05-13T22:15:38.377286+00:00,gpu0_correctness,0,ckpt_s8192_e4096,correctness,2048,8192,4096,1,0,True,,,,,8.260
2026-05-13T22:15:46.637556+00:00,gpu0_correctness,0,ckpt_s8192_e4096,correctness,8192,8192,4096,1,0,True,,,,,7.204
2026-05-13T22:15:53.842160+00:00,gpu0_correctness,0,ckpt_s8192_e4096,benchmark,8192,8192,4096,1,0,True,4092.77,245.67,245.67,245.67,7.322
2026-05-13T22:15:53.842160+00:00,gpu0_correctness,0,ckpt_s8192_e4096,benchmark,32768,8192,4096,1,0,True,6894.87,540.07,540.07,540.07,7.322
2026-05-13T22:16:01.164683+00:00,gpu0_correctness,0,ckpt_s8192_e4096,benchmark,65536,8192,4096,1,0,True,11272.01,1156.39,1156.39,1156.39,7.378
2026-05-13T22:16:08.543494+00:00,gpu0_correctness,0,ckpt_s16384_e4096,correctness,2048,16384,4096,1,0,True,,,,,7.375
2026-05-13T22:16:15.918967+00:00,gpu0_correctness,0,ckpt_s16384_e4096,correctness,8192,16384,4096,1,0,True,,,,,7.596
2026-05-13T22:16:23.515404+00:00,gpu0_correctness,0,ckpt_s16384_e4096,benchmark,8192,16384,4096,1,0,True,4092.77,247.31,247.31,247.31,7.615
2026-05-13T22:16:23.515404+00:00,gpu0_correctness,0,ckpt_s16384_e4096,benchmark,32768,16384,4096,1,0,True,6894.87,533.05,533.05,533.05,7.615
2026-05-13T22:16:31.130891+00:00,gpu0_correctness,0,ckpt_s16384_e4096,benchmark,65536,16384,4096,1,0,True,11272.01,1144.56,1144.56,1144.56,7.140
2026-05-13T22:16:38.271097+00:00,gpu0_correctness,0,ckpt_s8192_e8192,correctness,2048,8192,8192,1,0,True,,,,,7.509
2026-05-13T22:16:45.779919+00:00,gpu0_correctness,0,ckpt_s8192_e8192,correctness,8192,8192,8192,1,0,True,,,,,7.426
2026-05-13T22:16:53.205743+00:00,gpu0_correctness,0,ckpt_s8192_e8192,benchmark,8192,8192,8192,1,0,True,4012.63,82.79,82.79,82.79,7.264
2026-05-13T22:16:53.205743+00:00,gpu0_correctness,0,ckpt_s8192_e8192,benchmark,32768,8192,8192,1,0,True,6814.85,353.42,353.42,353.42,7.264
2026-05-13T22:17:00.470201+00:00,gpu0_correctness,0,ckpt_s8192_e8192,benchmark,65536,8192,8192,1,0,True,11272.01,748.11,748.11,748.11,6.277
2026-05-13T22:17:06.748140+00:00,gpu0_correctness,0,nocp_s2048_e2048,correctness,2048,2048,2048,0,0,True,,,,,6.374
2026-05-13T22:17:13.122357+00:00,gpu0_correctness,0,nocp_s2048_e2048,correctness,8192,2048,2048,0,0,True,,,,,6.661
2026-05-13T22:17:19.784075+00:00,gpu0_correctness,0,nocp_s2048_e2048,benchmark,8192,2048,2048,0,0,True,4526.78,202.59,202.59,202.59,7.406
2026-05-13T22:17:19.784075+00:00,gpu0_correctness,0,nocp_s2048_e2048,benchmark,32768,2048,2048,0,0,True,9474.38,892.45,892.45,892.45,7.406
2026-05-13T22:17:27.190152+00:00,gpu0_correctness,0,nocp_s2048_e2048,benchmark,65536,2048,2048,0,0,True,17708.01,1980.81,1980.81,1980.81,8.848
2026-05-13T22:17:36.038132+00:00,gpu0_correctness,0,nocp_s4096_e2048,correctness,2048,4096,2048,0,0,True,,,,,6.758
2026-05-13T22:17:42.796343+00:00,gpu0_correctness,0,nocp_s4096_e2048,correctness,8192,4096,2048,0,0,True,,,,,6.841
2026-05-13T22:17:49.637450+00:00,gpu0_correctness,0,nocp_s4096_e2048,benchmark,8192,4096,2048,0,0,True,4527.66,209.37,209.37,209.37,7.151
2026-05-13T22:17:49.637450+00:00,gpu0_correctness,0,nocp_s4096_e2048,benchmark,32768,4096,2048,0,0,True,9473.26,894.23,894.23,894.23,7.151
2026-05-13T22:17:56.789108+00:00,gpu0_correctness,0,nocp_s4096_e2048,benchmark,65536,4096,2048,0,0,True,17708.01,1935.62,1935.62,1935.62,8.209
2026-05-13T22:18:04.998337+00:00,gpu0_correctness,0,nocp_s4096_e4096,correctness,2048,4096,4096,0,0,True,,,,,6.334
2026-05-13T22:18:11.332445+00:00,gpu0_correctness,0,nocp_s4096_e4096,correctness,8192,4096,4096,0,0,True,,,,,6.748
2026-05-13T22:18:18.080968+00:00,gpu0_correctness,0,nocp_s4096_e4096,benchmark,8192,4096,4096,0,0,True,4428.77,119.18,119.18,119.18,6.566
2026-05-13T22:18:18.080968+00:00,gpu0_correctness,0,nocp_s4096_e4096,benchmark,32768,4096,4096,0,0,True,9328.38,515.97,515.97,515.97,6.566
2026-05-13T22:18:24.647630+00:00,gpu0_correctness,0,nocp_s4096_e4096,benchmark,65536,4096,4096,0,0,True,17416.01,1122.94,1122.94,1122.94,6.938
2026-05-13T22:18:31.586423+00:00,gpu0_correctness,0,nocp_s8192_e4096,correctness,2048,8192,4096,0,0,True,,,,,6.647
2026-05-13T22:18:38.233921+00:00,gpu0_correctness,0,nocp_s8192_e4096,correctness,8192,8192,4096,0,0,True,,,,,6.476
2026-05-13T22:18:44.709849+00:00,gpu0_correctness,0,nocp_s8192_e4096,benchmark,8192,8192,4096,0,0,True,4428.77,118.96,118.96,118.96,6.086
2026-05-13T22:18:44.709849+00:00,gpu0_correctness,0,nocp_s8192_e4096,benchmark,32768,8192,4096,0,0,True,9328.38,512.33,512.33,512.33,6.086
2026-05-13T22:18:50.796289+00:00,gpu0_correctness,0,nocp_s8192_e4096,benchmark,65536,8192,4096,0,0,True,17416.01,1108.54,1108.54,1108.54,6.382
2026-05-13T22:18:57.178432+00:00,gpu0_correctness,0,nocp_s8192_e8192,correctness,2048,8192,8192,0,0,True,,,,,6.445
2026-05-13T22:19:03.624212+00:00,gpu0_correctness,0,nocp_s8192_e8192,correctness,8192,8192,8192,0,0,True,,,,,6.832
2026-05-13T22:19:10.456250+00:00,gpu0_correctness,0,nocp_s8192_e8192,benchmark,8192,8192,8192,0,0,True,4300.63,76.88,76.88,76.88,5.904
2026-05-13T22:19:10.456250+00:00,gpu0_correctness,0,nocp_s8192_e8192,benchmark,32768,8192,8192,0,0,True,9328.38,326.76,326.76,326.76,5.904
2026-05-13T22:19:16.360434+00:00,gpu0_correctness,0,nocp_s8192_e8192,benchmark,65536,8192,8192,0,0,True,17416.01,701.24,701.24,701.24,6.060
2026-05-13T22:19:22.420563+00:00,gpu0_correctness,0,ckpt_s1024_e1024,correctness,2048,1024,1024,1,0,True,,,,,7.291
2026-05-13T22:19:29.712362+00:00,gpu0_correctness,0,ckpt_s1024_e1024,correctness,8192,1024,1024,1,0,True,,,,,7.781
2026-05-13T22:19:37.494078+00:00,gpu0_correctness,0,ckpt_s1024_e1024,benchmark,8192,1024,1024,1,0,True,4152.79,422.06,422.06,422.06,10.343
2026-05-13T22:19:37.494078+00:00,gpu0_correctness,0,ckpt_s1024_e1024,benchmark,32768,1024,1024,1,0,True,6954.88,1766.26,1766.26,1766.26,10.343
2026-05-13T22:19:47.837205+00:00,gpu0_correctness,0,ckpt_s1024_e1024,benchmark,65536,1024,1024,1,0,True,11272.01,3845.26,3845.26,3845.26,12.624
2026-05-13T22:20:00.462188+00:00,gpu0_correctness,0,ckpt_s2048_e1024,correctness,2048,2048,1024,1,0,True,,,,,7.155
2026-05-13T22:20:07.617567+00:00,gpu0_correctness,0,ckpt_s2048_e1024,correctness,8192,2048,1024,1,0,True,,,,,7.611
2026-05-13T22:20:15.229185+00:00,gpu0_correctness,0,ckpt_s2048_e1024,benchmark,8192,2048,1024,1,0,True,4153.66,403.09,403.09,403.09,10.223
2026-05-13T22:20:15.229185+00:00,gpu0_correctness,0,ckpt_s2048_e1024,benchmark,32768,2048,1024,1,0,True,6955.75,1752.49,1752.49,1752.49,10.223
2026-05-13T22:20:25.452467+00:00,gpu0_correctness,0,ckpt_s2048_e1024,benchmark,65536,2048,1024,1,0,True,11272.51,3785.46,3785.46,3785.46,12.652
2026-05-13T22:20:38.104669+00:00,gpu0_correctness,0,ckpt_s4096_e1024,correctness,2048,4096,1024,1,0,True,,,,,7.894
2026-05-13T22:20:45.998854+00:00,gpu0_correctness,0,ckpt_s4096_e1024,correctness,8192,4096,1024,1,0,True,,,,,7.430
2026-05-13T22:20:53.428933+00:00,gpu0_correctness,0,ckpt_s4096_e1024,benchmark,8192,4096,1024,1,0,True,4153.16,404.33,404.33,404.33,10.279
2026-05-13T22:20:53.428933+00:00,gpu0_correctness,0,ckpt_s4096_e1024,benchmark,32768,4096,1024,1,0,True,6955.25,1755.84,1755.84,1755.84,10.279
2026-05-13T22:21:03.707894+00:00,gpu0_correctness,0,ckpt_s4096_e1024,benchmark,65536,4096,1024,1,0,True,11272.51,3750.44,3750.44,3750.44,12.755
2026-05-13T22:21:16.463014+00:00,gpu0_correctness,0,ckpt_s2048_e2048,correctness,2048,2048,2048,1,0,True,,,,,7.609
2026-05-13T22:21:24.072435+00:00,gpu0_correctness,0,ckpt_s2048_e2048,correctness,8192,2048,2048,1,0,True,,,,,7.614
2026-05-13T22:21:31.686629+00:00,gpu0_correctness,0,ckpt_s2048_e2048,benchmark,8192,2048,2048,1,0,True,4133.78,222.41,222.41,222.41,8.681
2026-05-13T22:21:31.686629+00:00,gpu0_correctness,0,ckpt_s2048_e2048,benchmark,32768,2048,2048,1,0,True,6934.88,966.74,966.74,966.74,8.681
2026-05-13T22:21:40.368372+00:00,gpu0_correctness,0,ckpt_s2048_e2048,benchmark,65536,2048,2048,1,0,True,11272.01,2077.26,2077.26,2077.26,9.244
2026-05-13T22:21:49.612938+00:00,gpu0_correctness,0,ckpt_s4096_e2048,correctness,2048,4096,2048,1,0,True,,,,,7.495
2026-05-13T22:21:57.108097+00:00,gpu0_correctness,0,ckpt_s4096_e2048,correctness,8192,4096,2048,1,0,True,,,,,7.542
2026-05-13T22:22:04.650087+00:00,gpu0_correctness,0,ckpt_s4096_e2048,benchmark,8192,4096,2048,1,0,True,4132.78,216.27,216.27,216.27,8.815
2026-05-13T22:22:04.650087+00:00,gpu0_correctness,0,ckpt_s4096_e2048,benchmark,32768,4096,2048,1,0,True,6934.88,931.21,931.21,931.21,8.815
2026-05-13T22:22:13.465261+00:00,gpu0_correctness,0,ckpt_s4096_e2048,benchmark,65536,4096,2048,1,0,True,11272.01,2037.65,2037.65,2037.65,9.756
2026-05-13T22:22:23.222251+00:00,gpu0_correctness,0,ckpt_s8192_e2048,correctness,2048,8192,2048,1,0,True,,,,,7.766
2026-05-13T22:22:30.988467+00:00,gpu0_correctness,0,ckpt_s8192_e2048,correctness,8192,8192,2048,1,0,True,,,,,7.500
2026-05-13T22:22:38.488528+00:00,gpu0_correctness,0,ckpt_s8192_e2048,benchmark,8192,8192,2048,1,0,True,4132.78,215.98,215.98,215.98,8.874
2026-05-13T22:22:38.488528+00:00,gpu0_correctness,0,ckpt_s8192_e2048,benchmark,32768,8192,2048,1,0,True,6934.88,957.1,957.1,957.1,8.874
2026-05-13T22:22:47.363071+00:00,gpu0_correctness,0,ckpt_s8192_e2048,benchmark,65536,8192,2048,1,0,True,11272.01,2006.25,2006.25,2006.25,9.411
2026-05-13T22:22:56.774656+00:00,gpu0_correctness,0,ckpt_s4096_e4096,correctness,2048,4096,4096,1,0,True,,,,,7.816
2026-05-13T22:23:04.590837+00:00,gpu0_correctness,0,ckpt_s4096_e4096,correctness,8192,4096,4096,1,0,True,,,,,8.221
2026-05-13T22:23:12.812129+00:00,gpu0_correctness,0,ckpt_s4096_e4096,benchmark,8192,4096,4096,1,0,True,4092.77,126.62,126.62,126.62,7.570
2026-05-13T22:23:12.812129+00:00,gpu0_correctness,0,ckpt_s4096_e4096,benchmark,32768,4096,4096,1,0,True,6894.87,540.37,540.37,540.37,7.570
2026-05-13T22:23:20.382070+00:00,gpu0_correctness,0,ckpt_s4096_e4096,benchmark,65536,4096,4096,1,0,True,11272.01,1173.79,1173.79,1173.79,7.840
2026-05-13T22:23:28.223043+00:00,gpu0_correctness,0,ckpt_s8192_e4096,correctness,2048,8192,4096,1,0,True,,,,,7.575
2026-05-13T22:23:35.798070+00:00,gpu0_correctness,0,ckpt_s8192_e4096,correctness,8192,8192,4096,1,0,True,,,,,7.090
2026-05-13T22:23:42.888026+00:00,gpu0_correctness,0,ckpt_s8192_e4096,benchmark,8192,8192,4096,1,0,True,4092.77,247.12,247.12,247.12,7.172
2026-05-13T22:23:42.888026+00:00,gpu0_correctness,0,ckpt_s8192_e4096,benchmark,32768,8192,4096,1,0,True,6894.87,549.51,549.51,549.51,7.172
2026-05-13T22:23:50.060605+00:00,gpu0_correctness,0,ckpt_s8192_e4096,benchmark,65536,8192,4096,1,0,True,11272.01,1174.42,1174.42,1174.42,7.795
2026-05-13T22:23:57.855724+00:00,gpu0_correctness,0,ckpt_s16384_e4096,correctness,2048,16384,4096,1,0,True,,,,,7.603
2026-05-13T22:24:05.459158+00:00,gpu0_correctness,0,ckpt_s16384_e4096,correctness,8192,16384,4096,1,0,True,,,,,7.366
2026-05-13T22:24:12.825696+00:00,gpu0_correctness,0,ckpt_s16384_e4096,benchmark,8192,16384,4096,1,0,True,4092.77,221.77,221.77,221.77,6.839
2026-05-13T22:24:12.825696+00:00,gpu0_correctness,0,ckpt_s16384_e4096,benchmark,32768,16384,4096,1,0,True,6894.87,549.72,549.72,549.72,6.839
2026-05-13T22:24:19.664964+00:00,gpu0_correctness,0,ckpt_s16384_e4096,benchmark,65536,16384,4096,1,0,True,11272.01,1146.91,1146.91,1146.91,7.766
2026-05-13T22:24:27.431170+00:00,gpu0_correctness,0,ckpt_s8192_e8192,correctness,2048,8192,8192,1,0,True,,,,,7.238
2026-05-13T22:24:34.669199+00:00,gpu0_correctness,0,ckpt_s8192_e8192,correctness,8192,8192,8192,1,0,True,,,,,7.575
2026-05-13T22:24:42.244410+00:00,gpu0_correctness,0,ckpt_s8192_e8192,benchmark,8192,8192,8192,1,0,True,4012.63,82.72,82.72,82.72,6.635
2026-05-13T22:24:42.244410+00:00,gpu0_correctness,0,ckpt_s8192_e8192,benchmark,32768,8192,8192,1,0,True,6814.85,353.37,353.37,353.37,6.635
2026-05-13T22:24:48.879624+00:00,gpu0_correctness,0,ckpt_s8192_e8192,benchmark,65536,8192,8192,1,0,True,11272.01,748.74,748.74,748.74,6.847
2026-05-13T22:24:55.726995+00:00,gpu0_correctness,0,nocp_s2048_e2048,correctness,2048,2048,2048,0,0,True,,,,,6.217
2026-05-13T22:25:01.944524+00:00,gpu0_correctness,0,nocp_s2048_e2048,correctness,8192,2048,2048,0,0,True,,,,,7.112
2026-05-13T22:25:09.056653+00:00,gpu0_correctness,0,nocp_s2048_e2048,benchmark,8192,2048,2048,0,0,True,4526.78,202.99,202.99,202.99,7.387
2026-05-13T22:25:09.056653+00:00,gpu0_correctness,0,nocp_s2048_e2048,benchmark,32768,2048,2048,0,0,True,9474.38,892.68,892.68,892.68,7.387
2026-05-13T22:25:16.444517+00:00,gpu0_correctness,0,nocp_s2048_e2048,benchmark,65536,2048,2048,0,0,True,17708.01,1964.16,1964.16,1964.16,8.153
2026-05-13T22:25:24.598479+00:00,gpu0_correctness,0,nocp_s4096_e2048,correctness,2048,4096,2048,0,0,True,,,,,6.710
2026-05-13T22:25:31.309116+00:00,gpu0_correctness,0,nocp_s4096_e2048,correctness,8192,4096,2048,0,0,True,,,,,6.818
2026-05-13T22:25:38.126956+00:00,gpu0_correctness,0,nocp_s4096_e2048,benchmark,8192,4096,2048,0,0,True,4527.66,202.51,202.51,202.51,7.374
2026-05-13T22:25:38.126956+00:00,gpu0_correctness,0,nocp_s4096_e2048,benchmark,32768,4096,2048,0,0,True,9473.26,885.59,885.59,885.59,7.374
2026-05-13T22:25:45.501562+00:00,gpu0_correctness,0,nocp_s4096_e2048,benchmark,65536,4096,2048,0,0,True,17708.01,1945.3,1945.3,1945.3,8.723
2026-05-13T22:25:54.224995+00:00,gpu0_correctness,0,nocp_s4096_e4096,correctness,2048,4096,4096,0,0,True,,,,,6.533
2026-05-13T22:26:00.758055+00:00,gpu0_correctness,0,nocp_s4096_e4096,correctness,8192,4096,4096,0,0,True,,,,,6.685
2026-05-13T22:26:07.443162+00:00,gpu0_correctness,0,nocp_s4096_e4096,benchmark,8192,4096,4096,0,0,True,4428.77,119.3,119.3,119.3,7.054
2026-05-13T22:26:07.443162+00:00,gpu0_correctness,0,nocp_s4096_e4096,benchmark,32768,4096,4096,0,0,True,9328.38,516.18,516.18,516.18,7.054
2026-05-13T22:26:14.497697+00:00,gpu0_correctness,0,nocp_s4096_e4096,benchmark,65536,4096,4096,0,0,True,17416.01,1122.35,1122.35,1122.35,6.906
2026-05-13T22:26:21.404304+00:00,gpu0_correctness,0,nocp_s8192_e4096,correctness,2048,8192,4096,0,0,True,,,,,6.363
2026-05-13T22:26:27.767782+00:00,gpu0_correctness,0,nocp_s8192_e4096,correctness,8192,8192,4096,0,0,True,,,,,6.674
2026-05-13T22:26:34.442214+00:00,gpu0_correctness,0,nocp_s8192_e4096,benchmark,8192,8192,4096,0,0,True,4428.77,117.25,117.25,117.25,6.173
2026-05-13T22:26:34.442214+00:00,gpu0_correctness,0,nocp_s8192_e4096,benchmark,32768,8192,4096,0,0,True,9328.38,512.08,512.08,512.08,6.173
2026-05-13T22:26:40.615506+00:00,gpu0_correctness,0,nocp_s8192_e4096,benchmark,65536,8192,4096,0,0,True,17416.01,1108.21,1108.21,1108.21,6.762
2026-05-13T22:26:47.377663+00:00,gpu0_correctness,0,nocp_s8192_e8192,correctness,2048,8192,8192,0,0,True,,,,,6.551
2026-05-13T22:26:53.929062+00:00,gpu0_correctness,0,nocp_s8192_e8192,correctness,8192,8192,8192,0,0,True,,,,,6.534
2026-05-13T22:27:00.463347+00:00,gpu0_correctness,0,nocp_s8192_e8192,benchmark,8192,8192,8192,0,0,True,4300.63,76.27,76.27,76.27,5.715
2026-05-13T22:27:00.463347+00:00,gpu0_correctness,0,nocp_s8192_e8192,benchmark,32768,8192,8192,0,0,True,9328.38,327.09,327.09,327.09,5.715
2026-05-13T22:27:06.178925+00:00,gpu0_correctness,0,nocp_s8192_e8192,benchmark,65536,8192,8192,0,0,True,17416.01,700.52,700.52,700.52,5.901
2026-05-13T22:27:12.080445+00:00,gpu0_correctness,0,ckpt_s1024_e1024,correctness,2048,1024,1024,1,0,True,,,,,7.509
2026-05-13T22:27:19.589503+00:00,gpu0_correctness,0,ckpt_s1024_e1024,correctness,8192,1024,1024,1,0,True,,,,,7.442
2026-05-13T22:27:27.031515+00:00,gpu0_correctness,0,ckpt_s1024_e1024,benchmark,8192,1024,1024,1,0,True,4152.79,403.8,403.8,403.8,10.072
2026-05-13T22:27:27.031515+00:00,gpu0_correctness,0,ckpt_s1024_e1024,benchmark,32768,1024,1024,1,0,True,6954.88,1775.84,1775.84,1775.84,10.072
2026-05-13T22:27:37.103957+00:00,gpu0_correctness,0,ckpt_s1024_e1024,benchmark,65536,1024,1024,1,0,True,11272.01,3885.83,3885.83,3885.83,12.878
2026-05-13T22:27:49.982645+00:00,gpu0_correctness,0,ckpt_s2048_e1024,correctness,2048,2048,1024,1,0,True,,,,,7.453
2026-05-13T22:27:57.436080+00:00,gpu0_correctness,0,ckpt_s2048_e1024,correctness,8192,2048,1024,1,0,True,,,,,7.131
2026-05-13T22:28:04.567080+00:00,gpu0_correctness,0,ckpt_s2048_e1024,benchmark,8192,2048,1024,1,0,True,4153.66,407.73,407.73,407.73,10.927
2026-05-13T22:28:04.567080+00:00,gpu0_correctness,0,ckpt_s2048_e1024,benchmark,32768,2048,1024,1,0,True,6955.75,1768.75,1768.75,1768.75,10.927
2026-05-13T22:28:15.494950+00:00,gpu0_correctness,0,ckpt_s2048_e1024,benchmark,65536,2048,1024,1,0,True,11272.51,3799.15,3799.15,3799.15,12.796
2026-05-13T22:28:28.291011+00:00,gpu0_correctness,0,ckpt_s4096_e1024,correctness,2048,4096,1024,1,0,True,,,,,7.626
2026-05-13T22:28:35.917316+00:00,gpu0_correctness,0,ckpt_s4096_e1024,correctness,8192,4096,1024,1,0,True,,,,,7.423
2026-05-13T22:28:43.340200+00:00,gpu0_correctness,0,ckpt_s4096_e1024,benchmark,8192,4096,1024,1,0,True,4153.16,396.28,396.28,396.28,10.584
2026-05-13T22:28:43.340200+00:00,gpu0_correctness,0,ckpt_s4096_e1024,benchmark,32768,4096,1024,1,0,True,6955.25,1726.78,1726.78,1726.78,10.584
2026-05-13T22:28:53.924988+00:00,gpu0_correctness,0,ckpt_s4096_e1024,benchmark,65536,4096,1024,1,0,True,11272.51,3808.78,3808.78,3808.78,12.562
2026-05-13T22:29:06.487777+00:00,gpu0_correctness,0,ckpt_s2048_e2048,correctness,2048,2048,2048,1,0,True,,,,,7.241
2026-05-13T22:29:13.729175+00:00,gpu0_correctness,0,ckpt_s2048_e2048,correctness,8192,2048,2048,1,0,True,,,,,7.800
2026-05-13T22:29:21.529685+00:00,gpu0_correctness,0,ckpt_s2048_e2048,benchmark,8192,2048,2048,1,0,True,4133.78,217.5,217.5,217.5,8.028
2026-05-13T22:29:21.529685+00:00,gpu0_correctness,0,ckpt_s2048_e2048,benchmark,32768,2048,2048,1,0,True,6934.88,946.34,946.34,946.34,8.028
2026-05-13T22:29:29.558109+00:00,gpu0_correctness,0,ckpt_s2048_e2048,benchmark,65536,2048,2048,1,0,True,11272.01,2045.64,2045.64,2045.64,9.336
2026-05-13T22:29:38.894122+00:00,gpu0_correctness,0,ckpt_s4096_e2048,correctness,2048,4096,2048,1,0,True,,,,,7.365
2026-05-13T22:29:46.258991+00:00,gpu0_correctness,0,ckpt_s4096_e2048,correctness,8192,4096,2048,1,0,True,,,,,7.620
2026-05-13T22:29:53.879588+00:00,gpu0_correctness,0,ckpt_s4096_e2048,benchmark,8192,4096,2048,1,0,True,4132.78,216.19,216.19,216.19,8.373
2026-05-13T22:29:53.879588+00:00,gpu0_correctness,0,ckpt_s4096_e2048,benchmark,32768,4096,2048,1,0,True,6934.88,928.09,928.09,928.09,8.373
2026-05-13T22:30:02.253070+00:00,gpu0_correctness,0,ckpt_s4096_e2048,benchmark,65536,4096,2048,1,0,True,11272.01,2045.94,2045.94,2045.94,9.093
2026-05-13T22:30:11.346495+00:00,gpu0_correctness,0,ckpt_s8192_e2048,correctness,2048,8192,2048,1,0,True,,,,,7.279
2026-05-13T22:30:18.625691+00:00,gpu0_correctness,0,ckpt_s8192_e2048,correctness,8192,8192,2048,1,0,True,,,,,7.120
2026-05-13T22:30:25.745955+00:00,gpu0_correctness,0,ckpt_s8192_e2048,benchmark,8192,8192,2048,1,0,True,4132.78,220.15,220.15,220.15,8.013
2026-05-13T22:30:25.745955+00:00,gpu0_correctness,0,ckpt_s8192_e2048,benchmark,32768,8192,2048,1,0,True,6934.88,923.74,923.74,923.74,8.013
2026-05-13T22:30:33.759287+00:00,gpu0_correctness,0,ckpt_s8192_e2048,benchmark,65536,8192,2048,1,0,True,11272.01,2013.21,2013.21,2013.21,9.593
2026-05-13T22:30:43.352515+00:00,gpu0_correctness,0,ckpt_s4096_e4096,correctness,2048,4096,4096,1,0,True,,,,,7.394
2026-05-13T22:30:50.746913+00:00,gpu0_correctness,0,ckpt_s4096_e4096,correctness,8192,4096,4096,1,0,True,,,,,7.551
2026-05-13T22:30:58.298625+00:00,gpu0_correctness,0,ckpt_s4096_e4096,benchmark,8192,4096,4096,1,0,True,4092.77,126.97,126.97,126.97,7.073
2026-05-13T22:30:58.298625+00:00,gpu0_correctness,0,ckpt_s4096_e4096,benchmark,32768,4096,4096,1,0,True,6894.87,541.16,541.16,541.16,7.073
2026-05-13T22:31:05.372379+00:00,gpu0_correctness,0,ckpt_s4096_e4096,benchmark,65536,4096,4096,1,0,True,11272.01,1176.94,1176.94,1176.94,7.607
2026-05-13T22:31:12.980007+00:00,gpu0_correctness,0,ckpt_s8192_e4096,correctness,2048,8192,4096,1,0,True,,,,,7.628
2026-05-13T22:31:20.608514+00:00,gpu0_correctness,0,ckpt_s8192_e4096,correctness,8192,8192,4096,1,0,True,,,,,7.509
2026-05-13T22:31:28.118274+00:00,gpu0_correctness,0,ckpt_s8192_e4096,benchmark,8192,8192,4096,1,0,True,4092.77,245.71,245.71,245.71,7.594
2026-05-13T22:31:28.118274+00:00,gpu0_correctness,0,ckpt_s8192_e4096,benchmark,32768,8192,4096,1,0,True,6894.87,556.3,556.3,556.3,7.594
2026-05-13T22:31:35.712350+00:00,gpu0_correctness,0,ckpt_s8192_e4096,benchmark,65536,8192,4096,1,0,True,11272.01,1155.59,1155.59,1155.59,7.506
2026-05-13T22:31:43.219112+00:00,gpu0_correctness,0,ckpt_s16384_e4096,correctness,2048,16384,4096,1,0,True,,,,,6.991
2026-05-13T22:31:50.210609+00:00,gpu0_correctness,0,ckpt_s16384_e4096,correctness,8192,16384,4096,1,0,True,,,,,7.404
2026-05-13T22:31:57.615352+00:00,gpu0_correctness,0,ckpt_s16384_e4096,benchmark,8192,16384,4096,1,0,True,4092.77,276.89,276.89,276.89,7.218
2026-05-13T22:31:57.615352+00:00,gpu0_correctness,0,ckpt_s16384_e4096,benchmark,32768,16384,4096,1,0,True,6894.87,534.94,534.94,534.94,7.218
2026-05-13T22:32:04.833726+00:00,gpu0_correctness,0,ckpt_s16384_e4096,benchmark,65536,16384,4096,1,0,True,11272.01,1155.43,1155.43,1155.43,8.094
2026-05-13T22:32:12.928116+00:00,gpu0_correctness,0,ckpt_s8192_e8192,correctness,2048,8192,8192,1,0,True,,,,,7.499
2026-05-13T22:32:20.427350+00:00,gpu0_correctness,0,ckpt_s8192_e8192,correctness,8192,8192,8192,1,0,True,,,,,7.681
2026-05-13T22:32:28.108382+00:00,gpu0_correctness,0,ckpt_s8192_e8192,benchmark,8192,8192,8192,1,0,True,4012.63,83.05,83.05,83.05,6.476
2026-05-13T22:32:28.108382+00:00,gpu0_correctness,0,ckpt_s8192_e8192,benchmark,32768,8192,8192,1,0,True,6814.85,381.04,381.04,381.04,6.476
2026-05-13T22:32:34.585193+00:00,gpu0_correctness,0,ckpt_s8192_e8192,benchmark,65536,8192,8192,1,0,True,11272.01,749.23,749.23,749.23,6.931
2026-05-13T22:32:41.516880+00:00,gpu0_correctness,0,nocp_s2048_e2048,correctness,2048,2048,2048,0,0,True,,,,,6.699
2026-05-13T22:32:48.216490+00:00,gpu0_correctness,0,nocp_s2048_e2048,correctness,8192,2048,2048,0,0,True,,,,,7.051
2026-05-13T22:32:55.267867+00:00,gpu0_correctness,0,nocp_s2048_e2048,benchmark,8192,2048,2048,0,0,True,4526.78,203.14,203.14,203.14,7.539
2026-05-13T22:32:55.267867+00:00,gpu0_correctness,0,nocp_s2048_e2048,benchmark,32768,2048,2048,0,0,True,9474.38,892.77,892.77,892.77,7.539
2026-05-13T22:33:02.806946+00:00,gpu0_correctness,0,nocp_s2048_e2048,benchmark,65536,2048,2048,0,0,True,17708.01,1963.61,1963.61,1963.61,8.561
2026-05-13T22:33:11.368480+00:00,gpu0_correctness,0,nocp_s4096_e2048,correctness,2048,4096,2048,0,0,True,,,,,6.430
2026-05-13T22:33:17.798502+00:00,gpu0_correctness,0,nocp_s4096_e2048,correctness,8192,4096,2048,0,0,True,,,,,6.701
2026-05-13T22:33:24.499467+00:00,gpu0_correctness,0,nocp_s4096_e2048,benchmark,8192,4096,2048,0,0,True,4527.66,204.48,204.48,204.48,7.537
2026-05-13T22:33:24.499467+00:00,gpu0_correctness,0,nocp_s4096_e2048,benchmark,32768,4096,2048,0,0,True,9473.26,886.18,886.18,886.18,7.537
2026-05-13T22:33:32.036497+00:00,gpu0_correctness,0,nocp_s4096_e2048,benchmark,65536,4096,2048,0,0,True,17708.01,1935.72,1935.72,1935.72,8.825
2026-05-13T22:33:40.861800+00:00,gpu0_correctness,0,nocp_s4096_e4096,correctness,2048,4096,4096,0,0,True,,,,,6.413
2026-05-13T22:33:47.274879+00:00,gpu0_correctness,0,nocp_s4096_e4096,correctness,8192,4096,4096,0,0,True,,,,,6.696
2026-05-13T22:33:53.971101+00:00,gpu0_correctness,0,nocp_s4096_e4096,benchmark,8192,4096,4096,0,0,True,4428.77,119.03,119.03,119.03,6.586
2026-05-13T22:33:53.971101+00:00,gpu0_correctness,0,nocp_s4096_e4096,benchmark,32768,4096,4096,0,0,True,9328.38,516.07,516.07,516.07,6.586
2026-05-13T22:34:00.557514+00:00,gpu0_correctness,0,nocp_s4096_e4096,benchmark,65536,4096,4096,0,0,True,17416.01,1144.41,1144.41,1144.41,6.819
2026-05-13T22:34:07.377277+00:00,gpu0_correctness,0,nocp_s8192_e4096,correctness,2048,8192,4096,0,0,True,,,,,6.848
2026-05-13T22:34:14.225979+00:00,gpu0_correctness,0,nocp_s8192_e4096,correctness,8192,8192,4096,0,0,True,,,,,6.782
2026-05-13T22:34:21.008511+00:00,gpu0_correctness,0,nocp_s8192_e4096,benchmark,8192,8192,4096,0,0,True,4428.77,118.34,118.34,118.34,6.658
2026-05-13T22:34:21.008511+00:00,gpu0_correctness,0,nocp_s8192_e4096,benchmark,32768,8192,4096,0,0,True,9328.38,512.3,512.3,512.3,6.658
2026-05-13T22:34:27.667169+00:00,gpu0_correctness,0,nocp_s8192_e4096,benchmark,65536,8192,4096,0,0,True,17416.01,1109.78,1109.78,1109.78,7.213
2026-05-13T22:34:34.880676+00:00,gpu0_correctness,0,nocp_s8192_e8192,correctness,2048,8192,8192,0,0,True,,,,,6.779
2026-05-13T22:34:41.660289+00:00,gpu0_correctness,0,nocp_s8192_e8192,correctness,8192,8192,8192,0,0,True,,,,,6.535
2026-05-13T22:34:48.195342+00:00,gpu0_correctness,0,nocp_s8192_e8192,benchmark,8192,8192,8192,0,0,True,4300.63,76.48,76.48,76.48,6.047
2026-05-13T22:34:48.195342+00:00,gpu0_correctness,0,nocp_s8192_e8192,benchmark,32768,8192,8192,0,0,True,9328.38,327.71,327.71,327.71,6.047
2026-05-13T22:34:54.243032+00:00,gpu0_correctness,0,nocp_s8192_e8192,benchmark,65536,8192,8192,0,0,True,17416.01,700.92,700.92,700.92,5.732
2026-05-13T22:34:59.975492+00:00,gpu0_correctness,0,ckpt_s1024_e1024,correctness,2048,1024,1024,1,0,True,,,,,7.437
2026-05-13T22:35:07.412806+00:00,gpu0_correctness,0,ckpt_s1024_e1024,correctness,8192,1024,1024,1,0,True,,,,,7.884
2026-05-13T22:35:15.296633+00:00,gpu0_correctness,0,ckpt_s1024_e1024,benchmark,8192,1024,1024,1,0,True,4152.79,403.89,403.89,403.89,10.293
2026-05-13T22:35:15.296633+00:00,gpu0_correctness,0,ckpt_s1024_e1024,benchmark,32768,1024,1024,1,0,True,6954.88,1777.96,1777.96,1777.96,10.293
2026-05-13T22:35:25.589671+00:00,gpu0_correctness,0,ckpt_s1024_e1024,benchmark,65536,1024,1024,1,0,True,11272.01,3881.44,3881.44,3881.44,12.964
2026-05-13T22:35:38.554263+00:00,gpu0_correctness,0,ckpt_s2048_e1024,correctness,2048,2048,1024,1,0,True,,,,,7.594
2026-05-13T22:35:46.148161+00:00,gpu0_correctness,0,ckpt_s2048_e1024,correctness,8192,2048,1024,1,0,True,,,,,6.970
2026-05-13T22:35:53.118790+00:00,gpu0_correctness,0,ckpt_s2048_e1024,benchmark,8192,2048,1024,1,0,True,4153.66,402.99,402.99,402.99,10.178
2026-05-13T22:35:53.118790+00:00,gpu0_correctness,0,ckpt_s2048_e1024,benchmark,32768,2048,1024,1,0,True,6955.75,1723.68,1723.68,1723.68,10.178
2026-05-13T22:36:03.297068+00:00,gpu0_correctness,0,ckpt_s2048_e1024,benchmark,65536,2048,1024,1,0,True,11272.51,3866.36,3866.36,3866.36,13.225
2026-05-13T22:36:16.522587+00:00,gpu0_correctness,0,ckpt_s4096_e1024,correctness,2048,4096,1024,1,0,True,,,,,7.901
2026-05-13T22:36:24.423965+00:00,gpu0_correctness,0,ckpt_s4096_e1024,correctness,8192,4096,1024,1,0,True,,,,,7.551
2026-05-13T22:36:31.975334+00:00,gpu0_correctness,0,ckpt_s4096_e1024,benchmark,8192,4096,1024,1,0,True,4153.16,402.17,402.17,402.17,10.313
2026-05-13T22:36:31.975334+00:00,gpu0_correctness,0,ckpt_s4096_e1024,benchmark,32768,4096,1024,1,0,True,6955.25,1746.37,1746.37,1746.37,10.313
2026-05-13T22:36:42.288884+00:00,gpu0_correctness,0,ckpt_s4096_e1024,benchmark,65536,4096,1024,1,0,True,11272.51,3871.22,3871.22,3871.22,12.737
2026-05-13T22:36:55.026559+00:00,gpu0_correctness,0,ckpt_s2048_e2048,correctness,2048,2048,2048,1,0,True,,,,,7.832
2026-05-13T22:37:02.858774+00:00,gpu0_correctness,0,ckpt_s2048_e2048,correctness,8192,2048,2048,1,0,True,,,,,7.084
2026-05-13T22:37:09.942596+00:00,gpu0_correctness,0,ckpt_s2048_e2048,benchmark,8192,2048,2048,1,0,True,4133.78,213.56,213.56,213.56,8.484
2026-05-13T22:37:09.942596+00:00,gpu0_correctness,0,ckpt_s2048_e2048,benchmark,32768,2048,2048,1,0,True,6934.88,955.01,955.01,955.01,8.484
2026-05-13T22:37:18.427254+00:00,gpu0_correctness,0,ckpt_s2048_e2048,benchmark,65536,2048,2048,1,0,True,11272.01,2073.52,2073.52,2073.52,8.511
2026-05-13T22:37:26.938492+00:00,gpu0_correctness,0,ckpt_s4096_e2048,correctness,2048,4096,2048,1,0,True,,,,,6.402
2026-05-13T22:37:33.341217+00:00,gpu0_correctness,0,ckpt_s4096_e2048,correctness,8192,4096,2048,1,0,True,,,,,7.868
2026-05-13T22:37:41.209349+00:00,gpu0_correctness,0,ckpt_s4096_e2048,benchmark,8192,4096,2048,1,0,True,4132.78,221.51,221.51,221.51,8.537
2026-05-13T22:37:41.209349+00:00,gpu0_correctness,0,ckpt_s4096_e2048,benchmark,32768,4096,2048,1,0,True,6934.88,936.34,936.34,936.34,8.537
2026-05-13T22:37:49.746807+00:00,gpu0_correctness,0,ckpt_s4096_e2048,benchmark,65536,4096,2048,1,0,True,11272.01,2066.09,2066.09,2066.09,9.484
2026-05-13T22:37:59.231655+00:00,gpu0_correctness,0,ckpt_s8192_e2048,correctness,2048,8192,2048,1,0,True,,,,,7.497
2026-05-13T22:38:06.729283+00:00,gpu0_correctness,0,ckpt_s8192_e2048,correctness,8192,8192,2048,1,0,True,,,,,7.403
2026-05-13T22:38:14.132492+00:00,gpu0_correctness,0,ckpt_s8192_e2048,benchmark,8192,8192,2048,1,0,True,4132.78,212.35,212.35,212.35,7.886
2026-05-13T22:38:14.132492+00:00,gpu0_correctness,0,ckpt_s8192_e2048,benchmark,32768,8192,2048,1,0,True,6934.88,939.12,939.12,939.12,7.886
2026-05-13T22:38:22.018753+00:00,gpu0_correctness,0,ckpt_s8192_e2048,benchmark,65536,8192,2048,1,0,True,11272.01,2032.2,2032.2,2032.2,9.076
2026-05-13T22:38:31.095345+00:00,gpu0_correctness,0,ckpt_s4096_e4096,correctness,2048,4096,4096,1,0,True,,,,,7.242
2026-05-13T22:38:38.337242+00:00,gpu0_correctness,0,ckpt_s4096_e4096,correctness,8192,4096,4096,1,0,True,,,,,6.869
2026-05-13T22:38:45.206788+00:00,gpu0_correctness,0,ckpt_s4096_e4096,benchmark,8192,4096,4096,1,0,True,4092.77,126.63,126.63,126.63,6.992
2026-05-13T22:38:45.206788+00:00,gpu0_correctness,0,ckpt_s4096_e4096,benchmark,32768,4096,4096,1,0,True,6894.87,541.51,541.51,541.51,6.992
2026-05-13T22:38:52.199025+00:00,gpu0_correctness,0,ckpt_s4096_e4096,benchmark,65536,4096,4096,1,0,True,11272.01,1188.07,1188.07,1188.07,7.745
2026-05-13T22:38:59.944177+00:00,gpu0_correctness,0,ckpt_s8192_e4096,correctness,2048,8192,4096,1,0,True,,,,,7.404
2026-05-13T22:39:07.347958+00:00,gpu0_correctness,0,ckpt_s8192_e4096,correctness,8192,8192,4096,1,0,True,,,,,7.558
2026-05-13T22:39:14.906524+00:00,gpu0_correctness,0,ckpt_s8192_e4096,benchmark,8192,8192,4096,1,0,True,4092.77,278.05,278.05,278.05,6.730
2026-05-13T22:39:14.906524+00:00,gpu0_correctness,0,ckpt_s8192_e4096,benchmark,32768,8192,4096,1,0,True,6894.87,536.37,536.37,536.37,6.730
2026-05-13T22:39:21.636945+00:00,gpu0_correctness,0,ckpt_s8192_e4096,benchmark,65536,8192,4096,1,0,True,11272.01,1163.54,1163.54,1163.54,8.086
2026-05-13T22:39:29.723476+00:00,gpu0_correctness,0,ckpt_s16384_e4096,correctness,2048,16384,4096,1,0,True,,,,,7.775
2026-05-13T22:39:37.498689+00:00,gpu0_correctness,0,ckpt_s16384_e4096,correctness,8192,16384,4096,1,0,True,,,,,7.458
2026-05-13T22:39:44.957185+00:00,gpu0_correctness,0,ckpt_s16384_e4096,benchmark,8192,16384,4096,1,0,True,4092.77,299.12,299.12,299.12,7.496
2026-05-13T22:39:44.957185+00:00,gpu0_correctness,0,ckpt_s16384_e4096,benchmark,32768,16384,4096,1,0,True,6894.87,534.66,534.66,534.66,7.496
2026-05-13T22:39:52.453326+00:00,gpu0_correctness,0,ckpt_s16384_e4096,benchmark,65536,16384,4096,1,0,True,11272.01,1156.88,1156.88,1156.88,7.866
2026-05-13T22:40:00.319518+00:00,gpu0_correctness,0,ckpt_s8192_e8192,correctness,2048,8192,8192,1,0,True,,,,,8.218
2026-05-13T22:40:08.538305+00:00,gpu0_correctness,0,ckpt_s8192_e8192,correctness,8192,8192,8192,1,0,True,,,,,7.346
2026-05-13T22:40:15.884745+00:00,gpu0_correctness,0,ckpt_s8192_e8192,benchmark,8192,8192,8192,1,0,True,4012.63,82.93,82.93,82.93,6.262
2026-05-13T22:40:15.884745+00:00,gpu0_correctness,0,ckpt_s8192_e8192,benchmark,32768,8192,8192,1,0,True,6814.85,350.73,350.73,350.73,6.262
2026-05-13T22:40:22.146809+00:00,gpu0_correctness,0,ckpt_s8192_e8192,benchmark,65536,8192,8192,1,0,True,11272.01,748.21,748.21,748.21,6.268
2026-05-13T22:40:28.415238+00:00,gpu0_correctness,0,nocp_s2048_e2048,correctness,2048,2048,2048,0,0,True,,,,,5.935
2026-05-13T22:40:34.350209+00:00,gpu0_correctness,0,nocp_s2048_e2048,correctness,8192,2048,2048,0,0,True,,,,,6.199
2026-05-13T22:40:40.549847+00:00,gpu0_correctness,0,nocp_s2048_e2048,benchmark,8192,2048,2048,0,0,True,4526.78,204.35,204.35,204.35,6.970
2026-05-13T22:40:40.549847+00:00,gpu0_correctness,0,nocp_s2048_e2048,benchmark,32768,2048,2048,0,0,True,9474.38,892.23,892.23,892.23,6.970
2026-05-13T22:40:47.519816+00:00,gpu0_correctness,0,nocp_s2048_e2048,benchmark,65536,2048,2048,0,0,True,17708.01,1964.44,1964.44,1964.44,8.315
2026-05-13T22:40:55.835487+00:00,gpu0_correctness,0,nocp_s4096_e2048,correctness,2048,4096,2048,0,0,True,,,,,6.364
2026-05-13T22:41:02.199911+00:00,gpu0_correctness,0,nocp_s4096_e2048,correctness,8192,4096,2048,0,0,True,,,,,6.299
2026-05-13T22:41:08.499580+00:00,gpu0_correctness,0,nocp_s4096_e2048,benchmark,8192,4096,2048,0,0,True,4527.66,202.33,202.33,202.33,7.294
2026-05-13T22:41:08.499580+00:00,gpu0_correctness,0,nocp_s4096_e2048,benchmark,32768,4096,2048,0,0,True,9473.26,899.34,899.34,899.34,7.294
2026-05-13T22:41:15.793816+00:00,gpu0_correctness,0,nocp_s4096_e2048,benchmark,65536,4096,2048,0,0,True,17708.01,1935.44,1935.44,1935.44,8.171
2026-05-13T22:41:23.965129+00:00,gpu0_correctness,0,nocp_s4096_e4096,correctness,2048,4096,4096,0,0,True,,,,,5.856
2026-05-13T22:41:29.821748+00:00,gpu0_correctness,0,nocp_s4096_e4096,correctness,8192,4096,4096,0,0,True,,,,,6.450
2026-05-13T22:41:36.271707+00:00,gpu0_correctness,0,nocp_s4096_e4096,benchmark,8192,4096,4096,0,0,True,4428.77,118.41,118.41,118.41,6.138
2026-05-13T22:41:36.271707+00:00,gpu0_correctness,0,nocp_s4096_e4096,benchmark,32768,4096,4096,0,0,True,9328.38,515.72,515.72,515.72,6.138
2026-05-13T22:41:42.410355+00:00,gpu0_correctness,0,nocp_s4096_e4096,benchmark,65536,4096,4096,0,0,True,17416.01,1122.83,1122.83,1122.83,6.797
2026-05-13T22:41:49.207742+00:00,gpu0_correctness,0,nocp_s8192_e4096,correctness,2048,8192,4096,0,0,True,,,,,5.889
2026-05-13T22:41:55.097326+00:00,gpu0_correctness,0,nocp_s8192_e4096,correctness,8192,8192,4096,0,0,True,,,,,6.160
2026-05-13T22:42:01.257858+00:00,gpu0_correctness,0,nocp_s8192_e4096,benchmark,8192,8192,4096,0,0,True,4428.77,118.36,118.36,118.36,6.123
2026-05-13T22:42:01.257858+00:00,gpu0_correctness,0,nocp_s8192_e4096,benchmark,32768,8192,4096,0,0,True,9328.38,512.3,512.3,512.3,6.123
2026-05-13T22:42:07.381586+00:00,gpu0_correctness,0,nocp_s8192_e4096,benchmark,65536,8192,4096,0,0,True,17416.01,1109.65,1109.65,1109.65,6.081
2026-05-13T22:42:13.463089+00:00,gpu0_correctness,0,nocp_s8192_e8192,correctness,2048,8192,8192,0,0,True,,,,,6.374
2026-05-13T22:42:19.837148+00:00,gpu0_correctness,0,nocp_s8192_e8192,correctness,8192,8192,8192,0,0,True,,,,,6.060
2026-05-13T22:42:25.897750+00:00,gpu0_correctness,0,nocp_s8192_e8192,benchmark,8192,8192,8192,0,0,True,4300.63,76.07,76.07,76.07,5.102
2026-05-13T22:42:25.897750+00:00,gpu0_correctness,0,nocp_s8192_e8192,benchmark,32768,8192,8192,0,0,True,9328.38,327.11,327.11,327.11,5.102
2026-05-13T22:42:30.999807+00:00,gpu0_correctness,0,nocp_s8192_e8192,benchmark,65536,8192,8192,0,0,True,17416.01,700.76,700.76,700.76,5.403
2026-05-13T22:42:36.403360+00:00,gpu0_correctness,0,ckpt_s1024_e1024,correctness,2048,1024,1024,1,0,True,,,,,6.933
2026-05-13T22:42:43.336840+00:00,gpu0_correctness,0,ckpt_s1024_e1024,correctness,8192,1024,1024,1,0,True,,,,,7.110
2026-05-13T22:42:50.446970+00:00,gpu0_correctness,0,ckpt_s1024_e1024,benchmark,8192,1024,1024,1,0,True,4152.79,398.64,398.64,398.64,9.516
2026-05-13T22:42:50.446970+00:00,gpu0_correctness,0,ckpt_s1024_e1024,benchmark,32768,1024,1024,1,0,True,6954.88,1766.63,1766.63,1766.63,9.516
2026-05-13T22:42:59.963063+00:00,gpu0_correctness,0,ckpt_s1024_e1024,benchmark,65536,1024,1024,1,0,True,11272.01,3928.9,3928.9,3928.9,12.494
2026-05-13T22:43:12.457289+00:00,gpu0_correctness,0,ckpt_s2048_e1024,correctness,2048,2048,1024,1,0,True,,,,,7.509
2026-05-13T22:43:19.966529+00:00,gpu0_correctness,0,ckpt_s2048_e1024,correctness,8192,2048,1024,1,0,True,,,,,6.948
2026-05-13T22:43:26.915041+00:00,gpu0_correctness,0,ckpt_s2048_e1024,benchmark,8192,2048,1024,1,0,True,4153.66,396.8,396.8,396.8,9.792
2026-05-13T22:43:26.915041+00:00,gpu0_correctness,0,ckpt_s2048_e1024,benchmark,32768,2048,1024,1,0,True,6955.75,1724.71,1724.71,1724.71,9.792
2026-05-13T22:43:36.707306+00:00,gpu0_correctness,0,ckpt_s2048_e1024,benchmark,65536,2048,1024,1,0,True,11272.51,3777.85,3777.85,3777.85,12.257
2026-05-13T22:43:48.964459+00:00,gpu0_correctness,0,ckpt_s4096_e1024,correctness,2048,4096,1024,1,0,True,,,,,6.737
2026-05-13T22:43:55.702145+00:00,gpu0_correctness,0,ckpt_s4096_e1024,correctness,8192,4096,1024,1,0,True,,,,,7.112
2026-05-13T22:44:02.814136+00:00,gpu0_correctness,0,ckpt_s4096_e1024,benchmark,8192,4096,1024,1,0,True,4153.16,407.55,407.55,407.55,9.764
2026-05-13T22:44:02.814136+00:00,gpu0_correctness,0,ckpt_s4096_e1024,benchmark,32768,4096,1024,1,0,True,6955.25,1772.48,1772.48,1772.48,9.764
2026-05-13T22:44:12.578839+00:00,gpu0_correctness,0,ckpt_s4096_e1024,benchmark,65536,4096,1024,1,0,True,11272.51,3760.33,3760.33,3760.33,12.664
2026-05-13T22:44:25.243846+00:00,gpu0_correctness,0,ckpt_s2048_e2048,correctness,2048,2048,2048,1,0,True,,,,,7.019
2026-05-13T22:44:32.262930+00:00,gpu0_correctness,0,ckpt_s2048_e2048,correctness,8192,2048,2048,1,0,True,,,,,6.948
2026-05-13T22:44:39.211544+00:00,gpu0_correctness,0,ckpt_s2048_e2048,benchmark,8192,2048,2048,1,0,True,4133.78,217.9,217.9,217.9,7.642
2026-05-13T22:44:39.211544+00:00,gpu0_correctness,0,ckpt_s2048_e2048,benchmark,32768,2048,2048,1,0,True,6934.88,940.12,940.12,940.12,7.642
2026-05-13T22:44:46.853942+00:00,gpu0_correctness,0,ckpt_s2048_e2048,benchmark,65536,2048,2048,1,0,True,11272.01,2051.58,2051.58,2051.58,9.057
2026-05-13T22:44:55.911392+00:00,gpu0_correctness,0,ckpt_s4096_e2048,correctness,2048,4096,2048,1,0,True,,,,,6.979
2026-05-13T22:45:02.890408+00:00,gpu0_correctness,0,ckpt_s4096_e2048,correctness,8192,4096,2048,1,0,True,,,,,6.931
2026-05-13T22:45:09.821658+00:00,gpu0_correctness,0,ckpt_s4096_e2048,benchmark,8192,4096,2048,1,0,True,4132.78,217.36,217.36,217.36,8.066
2026-05-13T22:45:09.821658+00:00,gpu0_correctness,0,ckpt_s4096_e2048,benchmark,32768,4096,2048,1,0,True,6934.88,937.02,937.02,937.02,8.066
2026-05-13T22:45:17.887656+00:00,gpu0_correctness,0,ckpt_s4096_e2048,benchmark,65536,4096,2048,1,0,True,11272.01,2029.12,2029.12,2029.12,8.642
2026-05-13T22:45:26.530706+00:00,gpu0_correctness,0,ckpt_s8192_e2048,correctness,2048,8192,2048,1,0,True,,,,,6.635
2026-05-13T22:45:33.166016+00:00,gpu0_correctness,0,ckpt_s8192_e2048,correctness,8192,8192,2048,1,0,True,,,,,6.525
2026-05-13T22:45:39.691756+00:00,gpu0_correctness,0,ckpt_s8192_e2048,benchmark,8192,8192,2048,1,0,True,4132.78,212.79,212.79,212.79,7.058
2026-05-13T22:45:39.691756+00:00,gpu0_correctness,0,ckpt_s8192_e2048,benchmark,32768,8192,2048,1,0,True,6934.88,926.17,926.17,926.17,7.058
2026-05-13T22:45:46.749610+00:00,gpu0_correctness,0,ckpt_s8192_e2048,benchmark,65536,8192,2048,1,0,True,11272.01,2005.66,2005.66,2005.66,8.501
2026-05-13T22:45:55.251185+00:00,gpu0_correctness,0,ckpt_s4096_e4096,correctness,2048,4096,4096,1,0,True,,,,,6.622
2026-05-13T22:46:01.873006+00:00,gpu0_correctness,0,ckpt_s4096_e4096,correctness,8192,4096,4096,1,0,True,,,,,6.819
2026-05-13T22:46:08.692434+00:00,gpu0_correctness,0,ckpt_s4096_e4096,benchmark,8192,4096,4096,1,0,True,4092.77,126.92,126.92,126.92,6.963
2026-05-13T22:46:08.692434+00:00,gpu0_correctness,0,ckpt_s4096_e4096,benchmark,32768,4096,4096,1,0,True,6894.87,547.99,547.99,547.99,6.963
2026-05-13T22:46:15.655844+00:00,gpu0_correctness,0,ckpt_s4096_e4096,benchmark,65536,4096,4096,1,0,True,11272.01,1169.0,1169.0,1169.0,7.144
2026-05-13T22:46:22.800223+00:00,gpu0_correctness,0,ckpt_s8192_e4096,correctness,2048,8192,4096,1,0,True,,,,,6.824
2026-05-13T22:46:29.624966+00:00,gpu0_correctness,0,ckpt_s8192_e4096,correctness,8192,8192,4096,1,0,True,,,,,7.032
2026-05-13T22:46:36.657153+00:00,gpu0_correctness,0,ckpt_s8192_e4096,benchmark,8192,8192,4096,1,0,True,4092.77,212.71,212.71,212.71,6.015
2026-05-13T22:46:36.657153+00:00,gpu0_correctness,0,ckpt_s8192_e4096,benchmark,32768,8192,4096,1,0,True,6894.87,536.05,536.05,536.05,6.015
2026-05-13T22:46:42.672908+00:00,gpu0_correctness,0,ckpt_s8192_e4096,benchmark,65536,8192,4096,1,0,True,11272.01,1155.48,1155.48,1155.48,6.646
2026-05-13T22:46:49.319479+00:00,gpu0_correctness,0,ckpt_s16384_e4096,correctness,2048,16384,4096,1,0,True,,,,,6.791
2026-05-13T22:46:56.111158+00:00,gpu0_correctness,0,ckpt_s16384_e4096,correctness,8192,16384,4096,1,0,True,,,,,7.015
2026-05-13T22:47:03.126355+00:00,gpu0_correctness,0,ckpt_s16384_e4096,benchmark,8192,16384,4096,1,0,True,4092.77,266.14,266.14,266.14,6.796
2026-05-13T22:47:03.126355+00:00,gpu0_correctness,0,ckpt_s16384_e4096,benchmark,32768,16384,4096,1,0,True,6894.87,532.75,532.75,532.75,6.796
2026-05-13T22:47:09.923153+00:00,gpu0_correctness,0,ckpt_s16384_e4096,benchmark,65536,16384,4096,1,0,True,11272.01,1145.33,1145.33,1145.33,6.754
2026-05-13T22:47:16.677336+00:00,gpu0_correctness,0,ckpt_s8192_e8192,correctness,2048,8192,8192,1,0,True,,,,,6.692
2026-05-13T22:47:23.369993+00:00,gpu0_correctness,0,ckpt_s8192_e8192,correctness,8192,8192,8192,1,0,True,,,,,7.021
2026-05-13T22:47:30.391376+00:00,gpu0_correctness,0,ckpt_s8192_e8192,benchmark,8192,8192,8192,1,0,True,4012.63,84.26,84.26,84.26,6.059
2026-05-13T22:47:30.391376+00:00,gpu0_correctness,0,ckpt_s8192_e8192,benchmark,32768,8192,8192,1,0,True,6814.85,351.09,351.09,351.09,6.059
2026-05-13T22:47:36.450963+00:00,gpu0_correctness,0,ckpt_s8192_e8192,benchmark,65536,8192,8192,1,0,True,11272.01,748.27,748.27,748.27,5.947
2026-05-13T22:47:42.398391+00:00,gpu0_correctness,0,nocp_s2048_e2048,correctness,2048,2048,2048,0,0,True,,,,,6.153
2026-05-13T22:47:48.552242+00:00,gpu0_correctness,0,nocp_s2048_e2048,correctness,8192,2048,2048,0,0,True,,,,,6.254
2026-05-13T22:47:54.806762+00:00,gpu0_correctness,0,nocp_s2048_e2048,benchmark,8192,2048,2048,0,0,True,4526.78,208.45,208.45,208.45,6.695
2026-05-13T22:47:54.806762+00:00,gpu0_correctness,0,nocp_s2048_e2048,benchmark,32768,2048,2048,0,0,True,9474.38,892.38,892.38,892.38,6.695
2026-05-13T22:48:01.502465+00:00,gpu0_correctness,0,nocp_s2048_e2048,benchmark,65536,2048,2048,0,0,True,17708.01,1966.9,1966.9,1966.9,8.104
2026-05-13T22:48:09.606604+00:00,gpu0_correctness,0,nocp_s4096_e2048,correctness,2048,4096,2048,0,0,True,,,,,6.322
2026-05-13T22:48:15.929121+00:00,gpu0_correctness,0,nocp_s4096_e2048,correctness,8192,4096,2048,0,0,True,,,,,6.321
2026-05-13T22:48:22.250037+00:00,gpu0_correctness,0,nocp_s4096_e2048,benchmark,8192,4096,2048,0,0,True,4527.66,202.34,202.34,202.34,6.679
2026-05-13T22:48:22.250037+00:00,gpu0_correctness,0,nocp_s4096_e2048,benchmark,32768,4096,2048,0,0,True,9473.26,885.01,885.01,885.01,6.679
2026-05-13T22:48:28.929536+00:00,gpu0_correctness,0,nocp_s4096_e2048,benchmark,65536,4096,2048,0,0,True,17708.01,1934.51,1934.51,1934.51,8.181
2026-05-13T22:48:37.110664+00:00,gpu0_correctness,0,nocp_s4096_e4096,correctness,2048,4096,4096,0,0,True,,,,,6.469
2026-05-13T22:48:43.580065+00:00,gpu0_correctness,0,nocp_s4096_e4096,correctness,8192,4096,4096,0,0,True,,,,,6.136
2026-05-13T22:48:49.716067+00:00,gpu0_correctness,0,nocp_s4096_e4096,benchmark,8192,4096,4096,0,0,True,4428.77,119.22,119.22,119.22,6.114
2026-05-13T22:48:49.716067+00:00,gpu0_correctness,0,nocp_s4096_e4096,benchmark,32768,4096,4096,0,0,True,9328.38,515.88,515.88,515.88,6.114
2026-05-13T22:48:55.830398+00:00,gpu0_correctness,0,nocp_s4096_e4096,benchmark,65536,4096,4096,0,0,True,17416.01,1124.39,1124.39,1124.39,6.360
2026-05-13T22:49:02.191280+00:00,gpu0_correctness,0,nocp_s8192_e4096,correctness,2048,8192,4096,0,0,True,,,,,6.321
2026-05-13T22:49:08.512681+00:00,gpu0_correctness,0,nocp_s8192_e4096,correctness,8192,8192,4096,0,0,True,,,,,6.510
2026-05-13T22:49:15.022776+00:00,gpu0_correctness,0,nocp_s8192_e4096,benchmark,8192,8192,4096,0,0,True,4428.77,118.79,118.79,118.79,5.907
2026-05-13T22:49:15.022776+00:00,gpu0_correctness,0,nocp_s8192_e4096,benchmark,32768,8192,4096,0,0,True,9328.38,512.28,512.28,512.28,5.907
2026-05-13T22:49:20.929874+00:00,gpu0_correctness,0,nocp_s8192_e4096,benchmark,65536,8192,4096,0,0,True,17416.01,1108.91,1108.91,1108.91,6.756
2026-05-13T22:49:27.686443+00:00,gpu0_correctness,0,nocp_s8192_e8192,correctness,2048,8192,8192,0,0,True,,,,,6.853
2026-05-13T22:49:34.539391+00:00,gpu0_correctness,0,nocp_s8192_e8192,correctness,8192,8192,8192,0,0,True,,,,,6.149
2026-05-13T22:49:40.688905+00:00,gpu0_correctness,0,nocp_s8192_e8192,benchmark,8192,8192,8192,0,0,True,4300.63,77.08,77.08,77.08,5.427
2026-05-13T22:49:40.688905+00:00,gpu0_correctness,0,nocp_s8192_e8192,benchmark,32768,8192,8192,0,0,True,9328.38,327.68,327.68,327.68,5.427
2026-05-13T22:49:46.116754+00:00,gpu0_correctness,0,nocp_s8192_e8192,benchmark,65536,8192,8192,0,0,True,17416.01,700.6,700.6,700.6,5.712
2026-05-13T22:49:51.828877+00:00,gpu0_correctness,0,ckpt_s1024_e1024,correctness,2048,1024,1024,1,0,True,,,,,7.360
2026-05-13T22:49:59.188888+00:00,gpu0_correctness,0,ckpt_s1024_e1024,correctness,8192,1024,1024,1,0,True,,,,,7.383
2026-05-13T22:50:06.571679+00:00,gpu0_correctness,0,ckpt_s1024_e1024,benchmark,8192,1024,1024,1,0,True,4152.79,398.31,398.31,398.31,9.927
2026-05-13T22:50:06.571679+00:00,gpu0_correctness,0,ckpt_s1024_e1024,benchmark,32768,1024,1024,1,0,True,6954.88,1758.95,1758.95,1758.95,9.927
2026-05-13T22:50:16.499361+00:00,gpu0_correctness,0,ckpt_s1024_e1024,benchmark,65536,1024,1024,1,0,True,11272.01,3892.96,3892.96,3892.96,12.406
2026-05-13T22:50:28.905603+00:00,gpu0_correctness,0,ckpt_s2048_e1024,correctness,2048,2048,1024,1,0,True,,,,,6.913
2026-05-13T22:50:35.819085+00:00,gpu0_correctness,0,ckpt_s2048_e1024,correctness,8192,2048,1024,1,0,True,,,,,6.726
2026-05-13T22:50:42.545142+00:00,gpu0_correctness,0,ckpt_s2048_e1024,benchmark,8192,2048,1024,1,0,True,4153.66,402.3,402.3,402.3,9.639
2026-05-13T22:50:42.545142+00:00,gpu0_correctness,0,ckpt_s2048_e1024,benchmark,32768,2048,1024,1,0,True,6955.75,1765.71,1765.71,1765.71,9.639
2026-05-13T22:50:52.184621+00:00,gpu0_correctness,0,ckpt_s2048_e1024,benchmark,65536,2048,1024,1,0,True,11272.51,3811.45,3811.45,3811.45,12.849
2026-05-13T22:51:05.034097+00:00,gpu0_correctness,0,ckpt_s4096_e1024,correctness,2048,4096,1024,1,0,True,,,,,6.823
2026-05-13T22:51:11.857197+00:00,gpu0_correctness,0,ckpt_s4096_e1024,correctness,8192,4096,1024,1,0,True,,,,,7.141
2026-05-13T22:51:18.998192+00:00,gpu0_correctness,0,ckpt_s4096_e1024,benchmark,8192,4096,1024,1,0,True,4153.16,395.83,395.83,395.83,9.755
2026-05-13T22:51:18.998192+00:00,gpu0_correctness,0,ckpt_s4096_e1024,benchmark,32768,4096,1024,1,0,True,6955.25,1718.32,1718.32,1718.32,9.755
2026-05-13T22:51:28.753245+00:00,gpu0_correctness,0,ckpt_s4096_e1024,benchmark,65536,4096,1024,1,0,True,11272.51,3751.55,3751.55,3751.55,12.471
2026-05-13T22:51:41.225266+00:00,gpu0_correctness,0,ckpt_s2048_e2048,correctness,2048,2048,2048,1,0,True,,,,,6.904
2026-05-13T22:51:48.129488+00:00,gpu0_correctness,0,ckpt_s2048_e2048,correctness,8192,2048,2048,1,0,True,,,,,6.797
2026-05-13T22:51:54.927115+00:00,gpu0_correctness,0,ckpt_s2048_e2048,benchmark,8192,2048,2048,1,0,True,4133.78,216.98,216.98,216.98,7.750
2026-05-13T22:51:54.927115+00:00,gpu0_correctness,0,ckpt_s2048_e2048,benchmark,32768,2048,2048,1,0,True,6934.88,944.4,944.4,944.4,7.750
2026-05-13T22:52:02.677434+00:00,gpu0_correctness,0,ckpt_s2048_e2048,benchmark,65536,2048,2048,1,0,True,11272.01,2072.34,2072.34,2072.34,9.014
2026-05-13T22:52:11.691867+00:00,gpu0_correctness,0,ckpt_s4096_e2048,correctness,2048,4096,2048,1,0,True,,,,,7.020
2026-05-13T22:52:18.712348+00:00,gpu0_correctness,0,ckpt_s4096_e2048,correctness,8192,4096,2048,1,0,True,,,,,7.298
2026-05-13T22:52:26.010720+00:00,gpu0_correctness,0,ckpt_s4096_e2048,benchmark,8192,4096,2048,1,0,True,4132.78,216.41,216.41,216.41,8.296
2026-05-13T22:52:26.010720+00:00,gpu0_correctness,0,ckpt_s4096_e2048,benchmark,32768,4096,2048,1,0,True,6934.88,932.77,932.77,932.77,8.296
2026-05-13T22:52:34.307093+00:00,gpu0_correctness,0,ckpt_s4096_e2048,benchmark,65536,4096,2048,1,0,True,11272.01,2052.69,2052.69,2052.69,9.131
2026-05-13T22:52:43.439023+00:00,gpu0_correctness,0,ckpt_s8192_e2048,correctness,2048,8192,2048,1,0,True,,,,,7.049
2026-05-13T22:52:50.488215+00:00,gpu0_correctness,0,ckpt_s8192_e2048,correctness,8192,8192,2048,1,0,True,,,,,7.044
2026-05-13T22:52:57.532781+00:00,gpu0_correctness,0,ckpt_s8192_e2048,benchmark,8192,8192,2048,1,0,True,4132.78,212.97,212.97,212.97,7.361
2026-05-13T22:52:57.532781+00:00,gpu0_correctness,0,ckpt_s8192_e2048,benchmark,32768,8192,2048,1,0,True,6934.88,933.85,933.85,933.85,7.361
2026-05-13T22:53:04.894425+00:00,gpu0_correctness,0,ckpt_s8192_e2048,benchmark,65536,8192,2048,1,0,True,11272.01,2007.95,2007.95,2007.95,8.645
2026-05-13T22:53:13.539927+00:00,gpu0_correctness,0,ckpt_s4096_e4096,correctness,2048,4096,4096,1,0,True,,,,,7.193
2026-05-13T22:53:20.733205+00:00,gpu0_correctness,0,ckpt_s4096_e4096,correctness,8192,4096,4096,1,0,True,,,,,7.236
2026-05-13T22:53:27.970020+00:00,gpu0_correctness,0,ckpt_s4096_e4096,benchmark,8192,4096,4096,1,0,True,4092.77,124.32,124.32,124.32,6.727
2026-05-13T22:53:27.970020+00:00,gpu0_correctness,0,ckpt_s4096_e4096,benchmark,32768,4096,4096,1,0,True,6894.87,539.79,539.79,539.79,6.727
2026-05-13T22:53:34.697231+00:00,gpu0_correctness,0,ckpt_s4096_e4096,benchmark,65536,4096,4096,1,0,True,11272.01,1175.7,1175.7,1175.7,7.647
2026-05-13T22:53:42.344614+00:00,gpu0_correctness,0,ckpt_s8192_e4096,correctness,2048,8192,4096,1,0,True,,,,,7.235
2026-05-13T22:53:49.579741+00:00,gpu0_correctness,0,ckpt_s8192_e4096,correctness,8192,8192,4096,1,0,True,,,,,6.519
2026-05-13T22:53:56.099120+00:00,gpu0_correctness,0,ckpt_s8192_e4096,benchmark,8192,8192,4096,1,0,True,4092.77,253.15,253.15,253.15,6.357
2026-05-13T22:53:56.099120+00:00,gpu0_correctness,0,ckpt_s8192_e4096,benchmark,32768,8192,4096,1,0,True,6894.87,536.01,536.01,536.01,6.357
2026-05-13T22:54:02.456696+00:00,gpu0_correctness,0,ckpt_s8192_e4096,benchmark,65536,8192,4096,1,0,True,11272.01,1155.37,1155.37,1155.37,6.731
2026-05-13T22:54:09.187765+00:00,gpu0_correctness,0,ckpt_s16384_e4096,correctness,2048,16384,4096,1,0,True,,,,,7.436
2026-05-13T22:54:16.624441+00:00,gpu0_correctness,0,ckpt_s16384_e4096,correctness,8192,16384,4096,1,0,True,,,,,6.955
2026-05-13T22:54:23.579909+00:00,gpu0_correctness,0,ckpt_s16384_e4096,benchmark,8192,16384,4096,1,0,True,4092.77,254.89,254.89,254.89,6.604
2026-05-13T22:54:23.579909+00:00,gpu0_correctness,0,ckpt_s16384_e4096,benchmark,32768,16384,4096,1,0,True,6894.87,533.07,533.07,533.07,6.604
2026-05-13T22:54:30.184039+00:00,gpu0_correctness,0,ckpt_s16384_e4096,benchmark,65536,16384,4096,1,0,True,11272.01,1149.29,1149.29,1149.29,6.753
2026-05-13T22:54:36.937717+00:00,gpu0_correctness,0,ckpt_s8192_e8192,correctness,2048,8192,8192,1,0,True,,,,,6.875
2026-05-13T22:54:43.812767+00:00,gpu0_correctness,0,ckpt_s8192_e8192,correctness,8192,8192,8192,1,0,True,,,,,7.017
2026-05-13T22:54:50.830350+00:00,gpu0_correctness,0,ckpt_s8192_e8192,benchmark,8192,8192,8192,1,0,True,4012.63,83.96,83.96,83.96,6.092
2026-05-13T22:54:50.830350+00:00,gpu0_correctness,0,ckpt_s8192_e8192,benchmark,32768,8192,8192,1,0,True,6814.85,350.9,350.9,350.9,6.092
2026-05-13T22:54:56.923190+00:00,gpu0_correctness,0,ckpt_s8192_e8192,benchmark,65536,8192,8192,1,0,True,11272.01,748.57,748.57,748.57,6.337
2026-05-13T22:55:03.261202+00:00,gpu0_correctness,0,nocp_s2048_e2048,correctness,2048,2048,2048,0,0,True,,,,,6.201
2026-05-13T22:55:09.462881+00:00,gpu0_correctness,0,nocp_s2048_e2048,correctness,8192,2048,2048,0,0,True,,,,,6.541
2026-05-13T22:55:16.004241+00:00,gpu0_correctness,0,nocp_s2048_e2048,benchmark,8192,2048,2048,0,0,True,4526.78,202.98,202.98,202.98,6.872
2026-05-13T22:55:16.004241+00:00,gpu0_correctness,0,nocp_s2048_e2048,benchmark,32768,2048,2048,0,0,True,9474.38,892.38,892.38,892.38,6.872
2026-05-13T22:55:22.876183+00:00,gpu0_correctness,0,nocp_s2048_e2048,benchmark,65536,2048,2048,0,0,True,17708.01,1963.65,1963.65,1963.65,7.873
2026-05-13T22:55:30.749739+00:00,gpu0_correctness,0,nocp_s4096_e2048,correctness,2048,4096,2048,0,0,True,,,,,6.260
2026-05-13T22:55:37.009975+00:00,gpu0_correctness,0,nocp_s4096_e2048,correctness,8192,4096,2048,0,0,True,,,,,5.710
2026-05-13T22:55:42.720495+00:00,gpu0_correctness,0,nocp_s4096_e2048,benchmark,8192,4096,2048,0,0,True,4527.66,202.33,202.33,202.33,6.360
2026-05-13T22:55:42.720495+00:00,gpu0_correctness,0,nocp_s4096_e2048,benchmark,32768,4096,2048,0,0,True,9473.26,886.68,886.68,886.68,6.360
2026-05-13T22:55:49.081127+00:00,gpu0_correctness,0,nocp_s4096_e2048,benchmark,65536,4096,2048,0,0,True,17708.01,1934.48,1934.48,1934.48,7.730
2026-05-13T22:55:56.812094+00:00,gpu0_correctness,0,nocp_s4096_e4096,correctness,2048,4096,4096,0,0,True,,,,,6.114
2026-05-13T22:56:02.926225+00:00,gpu0_correctness,0,nocp_s4096_e4096,correctness,8192,4096,4096,0,0,True,,,,,6.139
2026-05-13T22:56:09.065507+00:00,gpu0_correctness,0,nocp_s4096_e4096,benchmark,8192,4096,4096,0,0,True,4428.77,119.16,119.16,119.16,5.707
2026-05-13T22:56:09.065507+00:00,gpu0_correctness,0,nocp_s4096_e4096,benchmark,32768,4096,4096,0,0,True,9328.38,515.53,515.53,515.53,5.707
2026-05-13T22:56:14.772683+00:00,gpu0_correctness,0,nocp_s4096_e4096,benchmark,65536,4096,4096,0,0,True,17416.01,1122.65,1122.65,1122.65,6.527
2026-05-13T22:56:21.299894+00:00,gpu0_correctness,0,nocp_s8192_e4096,correctness,2048,8192,4096,0,0,True,,,,,6.285
2026-05-13T22:56:27.585390+00:00,gpu0_correctness,0,nocp_s8192_e4096,correctness,8192,8192,4096,0,0,True,,,,,6.069
2026-05-13T22:56:33.654841+00:00,gpu0_correctness,0,nocp_s8192_e4096,benchmark,8192,8192,4096,0,0,True,4428.77,122.37,122.37,122.37,5.843
2026-05-13T22:56:33.654841+00:00,gpu0_correctness,0,nocp_s8192_e4096,benchmark,32768,8192,4096,0,0,True,9328.38,512.63,512.63,512.63,5.843
2026-05-13T22:56:39.497753+00:00,gpu0_correctness,0,nocp_s8192_e4096,benchmark,65536,8192,4096,0,0,True,17416.01,1108.94,1108.94,1108.94,6.522
2026-05-13T22:56:46.020271+00:00,gpu0_correctness,0,nocp_s8192_e8192,correctness,2048,8192,8192,0,0,True,,,,,6.322
2026-05-13T22:56:52.342631+00:00,gpu0_correctness,0,nocp_s8192_e8192,correctness,8192,8192,8192,0,0,True,,,,,6.218
2026-05-13T22:56:58.560933+00:00,gpu0_correctness,0,nocp_s8192_e8192,benchmark,8192,8192,8192,0,0,True,4300.63,76.39,76.39,76.39,5.447
2026-05-13T22:56:58.560933+00:00,gpu0_correctness,0,nocp_s8192_e8192,benchmark,32768,8192,8192,0,0,True,9328.38,326.7,326.7,326.7,5.447
2026-05-13T22:57:04.007988+00:00,gpu0_correctness,0,nocp_s8192_e8192,benchmark,65536,8192,8192,0,0,True,17416.01,701.47,701.47,701.47,5.898
2026-05-13T22:57:09.906907+00:00,gpu0_correctness,0,ckpt_s1024_e1024,correctness,2048,1024,1024,1,0,True,,,,,7.382
2026-05-13T22:57:17.288965+00:00,gpu0_correctness,0,ckpt_s1024_e1024,correctness,8192,1024,1024,1,0,True,,,,,6.977
2026-05-13T22:57:24.265772+00:00,gpu0_correctness,0,ckpt_s1024_e1024,benchmark,8192,1024,1024,1,0,True,4152.79,402.07,402.07,402.07,9.749
2026-05-13T22:57:24.265772+00:00,gpu0_correctness,0,ckpt_s1024_e1024,benchmark,32768,1024,1024,1,0,True,6954.88,1776.8,1776.8,1776.8,9.749
2026-05-13T22:57:34.015039+00:00,gpu0_correctness,0,ckpt_s1024_e1024,benchmark,65536,1024,1024,1,0,True,11272.01,3878.7,3878.7,3878.7,12.454
2026-05-13T22:57:46.469119+00:00,gpu0_correctness,0,ckpt_s2048_e1024,correctness,2048,2048,1024,1,0,True,,,,,6.902
2026-05-13T22:57:53.371762+00:00,gpu0_correctness,0,ckpt_s2048_e1024,correctness,8192,2048,1024,1,0,True,,,,,6.733
2026-05-13T22:58:00.105090+00:00,gpu0_correctness,0,ckpt_s2048_e1024,benchmark,8192,2048,1024,1,0,True,4153.66,396.05,396.05,396.05,9.983
2026-05-13T22:58:00.105090+00:00,gpu0_correctness,0,ckpt_s2048_e1024,benchmark,32768,2048,1024,1,0,True,6955.75,1744.03,1744.03,1744.03,9.983
2026-05-13T22:58:10.088415+00:00,gpu0_correctness,0,ckpt_s2048_e1024,benchmark,65536,2048,1024,1,0,True,11272.51,3784.16,3784.16,3784.16,12.739
2026-05-13T22:58:22.827912+00:00,gpu0_correctness,0,ckpt_s4096_e1024,correctness,2048,4096,1024,1,0,True,,,,,6.970
2026-05-13T22:58:29.798130+00:00,gpu0_correctness,0,ckpt_s4096_e1024,correctness,8192,4096,1024,1,0,True,,,,,7.569
2026-05-13T22:58:37.367834+00:00,gpu0_correctness,0,ckpt_s4096_e1024,benchmark,8192,4096,1024,1,0,True,4153.16,401.46,401.46,401.46,9.440
2026-05-13T22:58:37.367834+00:00,gpu0_correctness,0,ckpt_s4096_e1024,benchmark,32768,4096,1024,1,0,True,6955.25,1719.33,1719.33,1719.33,9.440
2026-05-13T22:58:46.808175+00:00,gpu0_correctness,0,ckpt_s4096_e1024,benchmark,65536,4096,1024,1,0,True,11272.51,3788.75,3788.75,3788.75,12.974
2026-05-13T22:58:59.782573+00:00,gpu0_correctness,0,ckpt_s2048_e2048,correctness,2048,2048,2048,1,0,True,,,,,7.388
2026-05-13T22:59:07.171184+00:00,gpu0_correctness,0,ckpt_s2048_e2048,correctness,8192,2048,2048,1,0,True,,,,,7.034
2026-05-13T22:59:14.205022+00:00,gpu0_correctness,0,ckpt_s2048_e2048,benchmark,8192,2048,2048,1,0,True,4133.78,216.15,216.15,216.15,7.621
2026-05-13T22:59:14.205022+00:00,gpu0_correctness,0,ckpt_s2048_e2048,benchmark,32768,2048,2048,1,0,True,6934.88,939.15,939.15,939.15,7.621
2026-05-13T22:59:21.826854+00:00,gpu0_correctness,0,ckpt_s2048_e2048,benchmark,65536,2048,2048,1,0,True,11272.01,2053.09,2053.09,2053.09,8.766
2026-05-13T22:59:30.593677+00:00,gpu0_correctness,0,ckpt_s4096_e2048,correctness,2048,4096,2048,1,0,True,,,,,7.226
2026-05-13T22:59:37.819729+00:00,gpu0_correctness,0,ckpt_s4096_e2048,correctness,8192,4096,2048,1,0,True,,,,,7.142
2026-05-13T22:59:44.962485+00:00,gpu0_correctness,0,ckpt_s4096_e2048,benchmark,8192,4096,2048,1,0,True,4132.78,214.43,214.43,214.43,7.619
2026-05-13T22:59:44.962485+00:00,gpu0_correctness,0,ckpt_s4096_e2048,benchmark,32768,4096,2048,1,0,True,6934.88,927.55,927.55,927.55,7.619
2026-05-13T22:59:52.581798+00:00,gpu0_correctness,0,ckpt_s4096_e2048,benchmark,65536,4096,2048,1,0,True,11272.01,2033.76,2033.76,2033.76,8.987
2026-05-13T23:00:01.569436+00:00,gpu0_correctness,0,ckpt_s8192_e2048,correctness,2048,8192,2048,1,0,True,,,,,7.196
2026-05-13T23:00:08.766110+00:00,gpu0_correctness,0,ckpt_s8192_e2048,correctness,8192,8192,2048,1,0,True,,,,,6.859
2026-05-13T23:00:15.625013+00:00,gpu0_correctness,0,ckpt_s8192_e2048,benchmark,8192,8192,2048,1,0,True,4132.78,220.92,220.92,220.92,8.152
2026-05-13T23:00:15.625013+00:00,gpu0_correctness,0,ckpt_s8192_e2048,benchmark,32768,8192,2048,1,0,True,6934.88,929.91,929.91,929.91,8.152
2026-05-13T23:00:23.776919+00:00,gpu0_correctness,0,ckpt_s8192_e2048,benchmark,65536,8192,2048,1,0,True,11272.01,2066.26,2066.26,2066.26,9.389
2026-05-13T23:00:33.166143+00:00,gpu0_correctness,0,ckpt_s4096_e4096,correctness,2048,4096,4096,1,0,True,,,,,6.938
2026-05-13T23:00:40.104200+00:00,gpu0_correctness,0,ckpt_s4096_e4096,correctness,8192,4096,4096,1,0,True,,,,,6.817
2026-05-13T23:00:46.921683+00:00,gpu0_correctness,0,ckpt_s4096_e4096,benchmark,8192,4096,4096,1,0,True,4092.77,126.15,126.15,126.15,6.436
2026-05-13T23:00:46.921683+00:00,gpu0_correctness,0,ckpt_s4096_e4096,benchmark,32768,4096,4096,1,0,True,6894.87,540.26,540.26,540.26,6.436
2026-05-13T23:00:53.358464+00:00,gpu0_correctness,0,ckpt_s4096_e4096,benchmark,65536,4096,4096,1,0,True,11272.01,1173.59,1173.59,1173.59,7.440
2026-05-13T23:01:00.799086+00:00,gpu0_correctness,0,ckpt_s8192_e4096,correctness,2048,8192,4096,1,0,True,,,,,7.098
2026-05-13T23:01:07.897401+00:00,gpu0_correctness,0,ckpt_s8192_e4096,correctness,8192,8192,4096,1,0,True,,,,,7.161
2026-05-13T23:01:15.058996+00:00,gpu0_correctness,0,ckpt_s8192_e4096,benchmark,8192,8192,4096,1,0,True,4092.77,229.06,229.06,229.06,6.760
2026-05-13T23:01:15.058996+00:00,gpu0_correctness,0,ckpt_s8192_e4096,benchmark,32768,8192,4096,1,0,True,6894.87,538.51,538.51,538.51,6.760
2026-05-13T23:01:21.819158+00:00,gpu0_correctness,0,ckpt_s8192_e4096,benchmark,65536,8192,4096,1,0,True,11272.01,1157.28,1157.28,1157.28,6.817
2026-05-13T23:01:28.636433+00:00,gpu0_correctness,0,ckpt_s16384_e4096,correctness,2048,16384,4096,1,0,True,,,,,6.908
2026-05-13T23:01:35.544845+00:00,gpu0_correctness,0,ckpt_s16384_e4096,correctness,8192,16384,4096,1,0,True,,,,,7.465
2026-05-13T23:01:43.010142+00:00,gpu0_correctness,0,ckpt_s16384_e4096,benchmark,8192,16384,4096,1,0,True,4092.77,257.45,257.45,257.45,6.783
2026-05-13T23:01:43.010142+00:00,gpu0_correctness,0,ckpt_s16384_e4096,benchmark,32768,16384,4096,1,0,True,6894.87,532.68,532.68,532.68,6.783
2026-05-13T23:01:49.793131+00:00,gpu0_correctness,0,ckpt_s16384_e4096,benchmark,65536,16384,4096,1,0,True,11272.01,1156.53,1156.53,1156.53,6.953
2026-05-13T23:01:56.746810+00:00,gpu0_correctness,0,ckpt_s8192_e8192,correctness,2048,8192,8192,1,0,True,,,,,7.015
2026-05-13T23:02:03.762364+00:00,gpu0_correctness,0,ckpt_s8192_e8192,correctness,8192,8192,8192,1,0,True,,,,,6.832
2026-05-13T23:02:10.594449+00:00,gpu0_correctness,0,ckpt_s8192_e8192,benchmark,8192,8192,8192,1,0,True,4012.63,83.22,83.22,83.22,6.116
2026-05-13T23:02:10.594449+00:00,gpu0_correctness,0,ckpt_s8192_e8192,benchmark,32768,8192,8192,1,0,True,6814.85,350.71,350.71,350.71,6.116
2026-05-13T23:02:16.711341+00:00,gpu0_correctness,0,ckpt_s8192_e8192,benchmark,65536,8192,8192,1,0,True,11272.01,748.39,748.39,748.39,6.415
2026-05-13T23:02:23.126691+00:00,gpu0_correctness,0,nocp_s2048_e2048,correctness,2048,2048,2048,0,0,True,,,,,6.389
2026-05-13T23:02:29.516296+00:00,gpu0_correctness,0,nocp_s2048_e2048,correctness,8192,2048,2048,0,0,True,,,,,6.484
2026-05-13T23:02:36.000152+00:00,gpu0_correctness,0,nocp_s2048_e2048,benchmark,8192,2048,2048,0,0,True,4526.78,205.01,205.01,205.01,7.031
2026-05-13T23:02:36.000152+00:00,gpu0_correctness,0,nocp_s2048_e2048,benchmark,32768,2048,2048,0,0,True,9474.38,892.75,892.75,892.75,7.031
2026-05-13T23:02:43.031614+00:00,gpu0_correctness,0,nocp_s2048_e2048,benchmark,65536,2048,2048,0,0,True,17708.01,1963.65,1963.65,1963.65,7.838
2026-05-13T23:02:50.869950+00:00,gpu0_correctness,0,nocp_s4096_e2048,correctness,2048,4096,2048,0,0,True,,,,,6.238
2026-05-13T23:02:57.107945+00:00,gpu0_correctness,0,nocp_s4096_e2048,correctness,8192,4096,2048,0,0,True,,,,,6.187
2026-05-13T23:03:03.295652+00:00,gpu0_correctness,0,nocp_s4096_e2048,benchmark,8192,4096,2048,0,0,True,4527.66,202.18,202.18,202.18,6.953
2026-05-13T23:03:03.295652+00:00,gpu0_correctness,0,nocp_s4096_e2048,benchmark,32768,4096,2048,0,0,True,9473.26,885.38,885.38,885.38,6.953
2026-05-13T23:03:10.249227+00:00,gpu0_correctness,0,nocp_s4096_e2048,benchmark,65536,4096,2048,0,0,True,17708.01,1948.05,1948.05,1948.05,8.051
2026-05-13T23:03:18.300706+00:00,gpu0_correctness,0,nocp_s4096_e4096,correctness,2048,4096,4096,0,0,True,,,,,6.321
2026-05-13T23:03:24.621865+00:00,gpu0_correctness,0,nocp_s4096_e4096,correctness,8192,4096,4096,0,0,True,,,,,6.432
2026-05-13T23:03:31.053937+00:00,gpu0_correctness,0,nocp_s4096_e4096,benchmark,8192,4096,4096,0,0,True,4428.77,117.04,117.04,117.04,6.168
2026-05-13T23:03:31.053937+00:00,gpu0_correctness,0,nocp_s4096_e4096,benchmark,32768,4096,4096,0,0,True,9328.38,515.7,515.7,515.7,6.168
2026-05-13T23:03:37.222674+00:00,gpu0_correctness,0,nocp_s4096_e4096,benchmark,65536,4096,4096,0,0,True,17416.01,1122.53,1122.53,1122.53,6.114
2026-05-13T23:03:43.336769+00:00,gpu0_correctness,0,nocp_s8192_e4096,correctness,2048,8192,4096,0,0,True,,,,,6.210
2026-05-13T23:03:49.547356+00:00,gpu0_correctness,0,nocp_s8192_e4096,correctness,8192,8192,4096,0,0,True,,,,,6.003
2026-05-13T23:03:55.550295+00:00,gpu0_correctness,0,nocp_s8192_e4096,benchmark,8192,8192,4096,0,0,True,4428.77,119.14,119.14,119.14,5.985
2026-05-13T23:03:55.550295+00:00,gpu0_correctness,0,nocp_s8192_e4096,benchmark,32768,8192,4096,0,0,True,9328.38,512.34,512.34,512.34,5.985
2026-05-13T23:04:01.535259+00:00,gpu0_correctness,0,nocp_s8192_e4096,benchmark,65536,8192,4096,0,0,True,17416.01,1109.01,1109.01,1109.01,6.494
2026-05-13T23:04:08.029353+00:00,gpu0_correctness,0,nocp_s8192_e8192,correctness,2048,8192,8192,0,0,True,,,,,6.070
2026-05-13T23:04:14.099257+00:00,gpu0_correctness,0,nocp_s8192_e8192,correctness,8192,8192,8192,0,0,True,,,,,6.823
2026-05-13T23:04:20.922801+00:00,gpu0_correctness,0,nocp_s8192_e8192,benchmark,8192,8192,8192,0,0,True,4300.63,76.8,76.8,76.8,5.882
2026-05-13T23:04:20.922801+00:00,gpu0_correctness,0,nocp_s8192_e8192,benchmark,32768,8192,8192,0,0,True,9328.38,327.18,327.18,327.18,5.882
2026-05-13T23:04:26.804984+00:00,gpu0_correctness,0,nocp_s8192_e8192,benchmark,65536,8192,8192,0,0,True,17416.01,700.95,700.95,700.95,5.277
2026-05-13T23:04:32.082302+00:00,gpu0_correctness,0,ckpt_s1024_e1024,correctness,2048,1024,1024,1,0,True,,,,,7.254
2026-05-13T23:04:39.336504+00:00,gpu0_correctness,0,ckpt_s1024_e1024,correctness,8192,1024,1024,1,0,True,,,,,6.847
2026-05-13T23:04:46.184054+00:00,gpu0_correctness,0,ckpt_s1024_e1024,benchmark,8192,1024,1024,1,0,True,4152.79,406.72,406.72,406.72,9.859
2026-05-13T23:04:46.184054+00:00,gpu0_correctness,0,ckpt_s1024_e1024,benchmark,32768,1024,1024,1,0,True,6954.88,1797.61,1797.61,1797.61,9.859
2026-05-13T23:04:56.043525+00:00,gpu0_correctness,0,ckpt_s1024_e1024,benchmark,65536,1024,1024,1,0,True,11272.01,3958.1,3958.1,3958.1,12.817
2026-05-13T23:05:08.861095+00:00,gpu0_correctness,0,ckpt_s2048_e1024,correctness,2048,2048,1024,1,0,True,,,,,6.665
2026-05-13T23:05:15.526715+00:00,gpu0_correctness,0,ckpt_s2048_e1024,correctness,8192,2048,1024,1,0,True,,,,,6.840
2026-05-13T23:05:22.367385+00:00,gpu0_correctness,0,ckpt_s2048_e1024,benchmark,8192,2048,1024,1,0,True,4153.66,408.27,408.27,408.27,9.755
2026-05-13T23:05:22.367385+00:00,gpu0_correctness,0,ckpt_s2048_e1024,benchmark,32768,2048,1024,1,0,True,6955.75,1728.47,1728.47,1728.47,9.755
2026-05-13T23:05:32.122896+00:00,gpu0_correctness,0,ckpt_s2048_e1024,benchmark,65536,2048,1024,1,0,True,11272.51,3828.32,3828.32,3828.32,12.295
2026-05-13T23:05:44.418488+00:00,gpu0_correctness,0,ckpt_s4096_e1024,correctness,2048,4096,1024,1,0,True,,,,,6.622
2026-05-13T23:05:51.041037+00:00,gpu0_correctness,0,ckpt_s4096_e1024,correctness,8192,4096,1024,1,0,True,,,,,7.365
2026-05-13T23:05:58.406611+00:00,gpu0_correctness,0,ckpt_s4096_e1024,benchmark,8192,4096,1024,1,0,True,4153.16,396.71,396.71,396.71,9.363
2026-05-13T23:05:58.406611+00:00,gpu0_correctness,0,ckpt_s4096_e1024,benchmark,32768,4096,1024,1,0,True,6955.25,1741.82,1741.82,1741.82,9.363
2026-05-13T23:06:07.770014+00:00,gpu0_correctness,0,ckpt_s4096_e1024,benchmark,65536,4096,1024,1,0,True,11272.51,3770.73,3770.73,3770.73,12.636
2026-05-13T23:06:20.406387+00:00,gpu0_correctness,0,ckpt_s2048_e2048,correctness,2048,2048,2048,1,0,True,,,,,6.632
2026-05-13T23:06:27.038379+00:00,gpu0_correctness,0,ckpt_s2048_e2048,correctness,8192,2048,2048,1,0,True,,,,,7.017
2026-05-13T23:06:34.056108+00:00,gpu0_correctness,0,ckpt_s2048_e2048,benchmark,8192,2048,2048,1,0,True,4133.78,213.65,213.65,213.65,7.521
2026-05-13T23:06:34.056108+00:00,gpu0_correctness,0,ckpt_s2048_e2048,benchmark,32768,2048,2048,1,0,True,6934.88,947.75,947.75,947.75,7.521
2026-05-13T23:06:41.577660+00:00,gpu0_correctness,0,ckpt_s2048_e2048,benchmark,65536,2048,2048,1,0,True,11272.01,2063.3,2063.3,2063.3,8.625
2026-05-13T23:06:50.203159+00:00,gpu0_correctness,0,ckpt_s4096_e2048,correctness,2048,4096,2048,1,0,True,,,,,6.661
2026-05-13T23:06:56.864021+00:00,gpu0_correctness,0,ckpt_s4096_e2048,correctness,8192,4096,2048,1,0,True,,,,,7.753
2026-05-13T23:07:04.617315+00:00,gpu0_correctness,0,ckpt_s4096_e2048,benchmark,8192,4096,2048,1,0,True,4132.78,216.95,216.95,216.95,7.366
2026-05-13T23:07:04.617315+00:00,gpu0_correctness,0,ckpt_s4096_e2048,benchmark,32768,4096,2048,1,0,True,6934.88,965.12,965.12,965.12,7.366
2026-05-13T23:07:11.983222+00:00,gpu0_correctness,0,ckpt_s4096_e2048,benchmark,65536,4096,2048,1,0,True,11272.01,2041.58,2041.58,2041.58,8.937
2026-05-13T23:07:20.920241+00:00,gpu0_correctness,0,ckpt_s8192_e2048,correctness,2048,8192,2048,1,0,True,,,,,6.900
2026-05-13T23:07:27.820193+00:00,gpu0_correctness,0,ckpt_s8192_e2048,correctness,8192,8192,2048,1,0,True,,,,,7.191
2026-05-13T23:07:35.011599+00:00,gpu0_correctness,0,ckpt_s8192_e2048,benchmark,8192,8192,2048,1,0,True,4132.78,212.83,212.83,212.83,7.437
2026-05-13T23:07:35.011599+00:00,gpu0_correctness,0,ckpt_s8192_e2048,benchmark,32768,8192,2048,1,0,True,6934.88,926.88,926.88,926.88,7.437
2026-05-13T23:07:42.449447+00:00,gpu0_correctness,0,ckpt_s8192_e2048,benchmark,65536,8192,2048,1,0,True,11272.01,2004.59,2004.59,2004.59,9.222
2026-05-13T23:07:51.672351+00:00,gpu0_correctness,0,ckpt_s4096_e4096,correctness,2048,4096,4096,1,0,True,,,,,6.720
2026-05-13T23:07:58.393038+00:00,gpu0_correctness,0,ckpt_s4096_e4096,correctness,8192,4096,4096,1,0,True,,,,,7.096
2026-05-13T23:08:05.489395+00:00,gpu0_correctness,0,ckpt_s4096_e4096,benchmark,8192,4096,4096,1,0,True,4092.77,130.08,130.08,130.08,6.841
2026-05-13T23:08:05.489395+00:00,gpu0_correctness,0,ckpt_s4096_e4096,benchmark,32768,4096,4096,1,0,True,6894.87,547.53,547.53,547.53,6.841
2026-05-13T23:08:12.330846+00:00,gpu0_correctness,0,ckpt_s4096_e4096,benchmark,65536,4096,4096,1,0,True,11272.01,1168.78,1168.78,1168.78,7.270
2026-05-13T23:08:19.601158+00:00,gpu0_correctness,0,ckpt_s8192_e4096,correctness,2048,8192,4096,1,0,True,,,,,7.355
2026-05-13T23:08:26.956893+00:00,gpu0_correctness,0,ckpt_s8192_e4096,correctness,8192,8192,4096,1,0,True,,,,,6.807
2026-05-13T23:08:33.764141+00:00,gpu0_correctness,0,ckpt_s8192_e4096,benchmark,8192,8192,4096,1,0,True,4092.77,270.7,270.7,270.7,6.759
2026-05-13T23:08:33.764141+00:00,gpu0_correctness,0,ckpt_s8192_e4096,benchmark,32768,8192,4096,1,0,True,6894.87,535.84,535.84,535.84,6.759
2026-05-13T23:08:40.523459+00:00,gpu0_correctness,0,ckpt_s8192_e4096,benchmark,65536,8192,4096,1,0,True,11272.01,1155.16,1155.16,1155.16,7.101
2026-05-13T23:08:47.625236+00:00,gpu0_correctness,0,ckpt_s16384_e4096,correctness,2048,16384,4096,1,0,True,,,,,6.868
2026-05-13T23:08:54.493215+00:00,gpu0_correctness,0,ckpt_s16384_e4096,correctness,8192,16384,4096,1,0,True,,,,,6.972
2026-05-13T23:09:01.465226+00:00,gpu0_correctness,0,ckpt_s16384_e4096,benchmark,8192,16384,4096,1,0,True,4092.77,290.18,290.18,290.18,6.443
2026-05-13T23:09:01.465226+00:00,gpu0_correctness,0,ckpt_s16384_e4096,benchmark,32768,16384,4096,1,0,True,6894.87,532.8,532.8,532.8,6.443
2026-05-13T23:09:07.908460+00:00,gpu0_correctness,0,ckpt_s16384_e4096,benchmark,65536,16384,4096,1,0,True,11272.01,1146.71,1146.71,1146.71,7.120
2026-05-13T23:09:15.029168+00:00,gpu0_correctness,0,ckpt_s8192_e8192,correctness,2048,8192,8192,1,0,True,,,,,6.741
2026-05-13T23:09:21.770927+00:00,gpu0_correctness,0,ckpt_s8192_e8192,correctness,8192,8192,8192,1,0,True,,,,,7.042
2026-05-13T23:09:28.813321+00:00,gpu0_correctness,0,ckpt_s8192_e8192,benchmark,8192,8192,8192,1,0,True,4012.63,82.51,82.51,82.51,6.030
2026-05-13T23:09:28.813321+00:00,gpu0_correctness,0,ckpt_s8192_e8192,benchmark,32768,8192,8192,1,0,True,6814.85,351.13,351.13,351.13,6.030
2026-05-13T23:09:34.843407+00:00,gpu0_correctness,0,ckpt_s8192_e8192,benchmark,65536,8192,8192,1,0,True,11272.01,747.92,747.92,747.92,5.992
2026-05-13T23:09:40.835910+00:00,gpu0_correctness,0,nocp_s2048_e2048,correctness,2048,2048,2048,0,0,True,,,,,6.325
2026-05-13T23:09:47.160993+00:00,gpu0_correctness,0,nocp_s2048_e2048,correctness,8192,2048,2048,0,0,True,,,,,6.155
2026-05-13T23:09:53.315869+00:00,gpu0_correctness,0,nocp_s2048_e2048,benchmark,8192,2048,2048,0,0,True,4526.78,206.16,206.16,206.16,6.561
2026-05-13T23:09:53.315869+00:00,gpu0_correctness,0,nocp_s2048_e2048,benchmark,32768,2048,2048,0,0,True,9474.38,910.59,910.59,910.59,6.561
2026-05-13T23:09:59.877591+00:00,gpu0_correctness,0,nocp_s2048_e2048,benchmark,65536,2048,2048,0,0,True,17708.01,1964.83,1964.83,1964.83,8.159
2026-05-13T23:10:08.036801+00:00,gpu0_correctness,0,nocp_s4096_e2048,correctness,2048,4096,2048,0,0,True,,,,,6.115
2026-05-13T23:10:14.151723+00:00,gpu0_correctness,0,nocp_s4096_e2048,correctness,8192,4096,2048,0,0,True,,,,,6.057
2026-05-13T23:10:20.208987+00:00,gpu0_correctness,0,nocp_s4096_e2048,benchmark,8192,4096,2048,0,0,True,4527.66,203.76,203.76,203.76,6.728
2026-05-13T23:10:20.208987+00:00,gpu0_correctness,0,nocp_s4096_e2048,benchmark,32768,4096,2048,0,0,True,9473.26,885.07,885.07,885.07,6.728
2026-05-13T23:10:26.937475+00:00,gpu0_correctness,0,nocp_s4096_e2048,benchmark,65536,4096,2048,0,0,True,17708.01,1934.64,1934.64,1934.64,7.662
2026-05-13T23:10:34.599721+00:00,gpu0_correctness,0,nocp_s4096_e4096,correctness,2048,4096,4096,0,0,True,,,,,6.773
2026-05-13T23:10:41.373457+00:00,gpu0_correctness,0,nocp_s4096_e4096,correctness,8192,4096,4096,0,0,True,,,,,6.657
2026-05-13T23:10:48.030555+00:00,gpu0_correctness,0,nocp_s4096_e4096,benchmark,8192,4096,4096,0,0,True,4428.77,120.07,120.07,120.07,5.972
2026-05-13T23:10:48.030555+00:00,gpu0_correctness,0,nocp_s4096_e4096,benchmark,32768,4096,4096,0,0,True,9328.38,518.18,518.18,518.18,5.972
2026-05-13T23:10:54.003034+00:00,gpu0_correctness,0,nocp_s4096_e4096,benchmark,65536,4096,4096,0,0,True,17416.01,1123.91,1123.91,1123.91,6.421
2026-05-13T23:11:00.424369+00:00,gpu0_correctness,0,nocp_s8192_e4096,correctness,2048,8192,4096,0,0,True,,,,,5.841
2026-05-13T23:11:06.265646+00:00,gpu0_correctness,0,nocp_s8192_e4096,correctness,8192,8192,4096,0,0,True,,,,,6.573
2026-05-13T23:11:12.839032+00:00,gpu0_correctness,0,nocp_s8192_e4096,benchmark,8192,8192,4096,0,0,True,4428.77,118.2,118.2,118.2,5.681
2026-05-13T23:11:12.839032+00:00,gpu0_correctness,0,nocp_s8192_e4096,benchmark,32768,8192,4096,0,0,True,9328.38,511.85,511.85,511.85,5.681
2026-05-13T23:11:18.520554+00:00,gpu0_correctness,0,nocp_s8192_e4096,benchmark,65536,8192,4096,0,0,True,17416.01,1108.75,1108.75,1108.75,6.354
2026-05-13T23:11:24.875470+00:00,gpu0_correctness,0,nocp_s8192_e8192,correctness,2048,8192,8192,0,0,True,,,,,6.328
2026-05-13T23:11:31.203762+00:00,gpu0_correctness,0,nocp_s8192_e8192,correctness,8192,8192,8192,0,0,True,,,,,5.796
2026-05-13T23:11:37.000163+00:00,gpu0_correctness,0,nocp_s8192_e8192,benchmark,8192,8192,8192,0,0,True,4300.63,77.03,77.03,77.03,5.554
2026-05-13T23:11:37.000163+00:00,gpu0_correctness,0,nocp_s8192_e8192,benchmark,32768,8192,8192,0,0,True,9328.38,330.48,330.48,330.48,5.554
2026-05-13T23:11:42.554185+00:00,gpu0_correctness,0,nocp_s8192_e8192,benchmark,65536,8192,8192,0,0,True,17416.01,715.0,715.0,715.0,5.346
2026-05-13T23:11:47.900496+00:00,gpu0_correctness,0,ckpt_s1024_e1024,correctness,2048,1024,1024,1,0,True,,,,,6.638
2026-05-13T23:11:54.538469+00:00,gpu0_correctness,0,ckpt_s1024_e1024,correctness,8192,1024,1024,1,0,True,,,,,6.981
2026-05-13T23:12:01.519695+00:00,gpu0_correctness,0,ckpt_s1024_e1024,benchmark,8192,1024,1024,1,0,True,4152.79,398.14,398.14,398.14,9.591
2026-05-13T23:12:01.519695+00:00,gpu0_correctness,0,ckpt_s1024_e1024,benchmark,32768,1024,1024,1,0,True,6954.88,1811.86,1811.86,1811.86,9.591
2026-05-13T23:12:11.110937+00:00,gpu0_correctness,0,ckpt_s1024_e1024,benchmark,65536,1024,1024,1,0,True,11272.01,3847.12,3847.12,3847.12,12.562
2026-05-13T23:12:23.672957+00:00,gpu0_correctness,0,ckpt_s2048_e1024,correctness,2048,2048,1024,1,0,True,,,,,6.788
2026-05-13T23:12:30.461020+00:00,gpu0_correctness,0,ckpt_s2048_e1024,correctness,8192,2048,1024,1,0,True,,,,,7.398
2026-05-13T23:12:37.859657+00:00,gpu0_correctness,0,ckpt_s2048_e1024,benchmark,8192,2048,1024,1,0,True,4153.66,396.34,396.34,396.34,9.504
2026-05-13T23:12:37.859657+00:00,gpu0_correctness,0,ckpt_s2048_e1024,benchmark,32768,2048,1024,1,0,True,6955.75,1745.56,1745.56,1745.56,9.504
2026-05-13T23:12:47.364178+00:00,gpu0_correctness,0,ckpt_s2048_e1024,benchmark,65536,2048,1024,1,0,True,11272.51,3794.95,3794.95,3794.95,12.147
2026-05-13T23:12:59.511848+00:00,gpu0_correctness,0,ckpt_s4096_e1024,correctness,2048,4096,1024,1,0,True,,,,,7.199
2026-05-13T23:13:06.710767+00:00,gpu0_correctness,0,ckpt_s4096_e1024,correctness,8192,4096,1024,1,0,True,,,,,6.974
2026-05-13T23:13:13.684604+00:00,gpu0_correctness,0,ckpt_s4096_e1024,benchmark,8192,4096,1024,1,0,True,4153.16,400.96,400.96,400.96,9.864
2026-05-13T23:13:13.684604+00:00,gpu0_correctness,0,ckpt_s4096_e1024,benchmark,32768,4096,1024,1,0,True,6955.25,1724.24,1724.24,1724.24,9.864
2026-05-13T23:13:23.548915+00:00,gpu0_correctness,0,ckpt_s4096_e1024,benchmark,65536,4096,1024,1,0,True,11272.51,3903.46,3903.46,3903.46,12.799
2026-05-13T23:13:36.348651+00:00,gpu0_correctness,0,ckpt_s2048_e2048,correctness,2048,2048,2048,1,0,True,,,,,7.009
2026-05-13T23:13:43.358245+00:00,gpu0_correctness,0,ckpt_s2048_e2048,correctness,8192,2048,2048,1,0,True,,,,,7.085
2026-05-13T23:13:50.443910+00:00,gpu0_correctness,0,ckpt_s2048_e2048,benchmark,8192,2048,2048,1,0,True,4133.78,213.68,213.68,213.68,7.874
2026-05-13T23:13:50.443910+00:00,gpu0_correctness,0,ckpt_s2048_e2048,benchmark,32768,2048,2048,1,0,True,6934.88,934.83,934.83,934.83,7.874
2026-05-13T23:13:58.317938+00:00,gpu0_correctness,0,ckpt_s2048_e2048,benchmark,65536,2048,2048,1,0,True,11272.01,2073.02,2073.02,2073.02,8.439
2026-05-13T23:14:06.757337+00:00,gpu0_correctness,0,ckpt_s4096_e2048,correctness,2048,4096,2048,1,0,True,,,,,6.882
2026-05-13T23:14:13.639532+00:00,gpu0_correctness,0,ckpt_s4096_e2048,correctness,8192,4096,2048,1,0,True,,,,,6.333
2026-05-13T23:14:19.972376+00:00,gpu0_correctness,0,ckpt_s4096_e2048,benchmark,8192,4096,2048,1,0,True,4132.78,215.97,215.97,215.97,7.551
2026-05-13T23:14:19.972376+00:00,gpu0_correctness,0,ckpt_s4096_e2048,benchmark,32768,4096,2048,1,0,True,6934.88,939.21,939.21,939.21,7.551
2026-05-13T23:14:27.523352+00:00,gpu0_correctness,0,ckpt_s4096_e2048,benchmark,65536,4096,2048,1,0,True,11272.01,2038.74,2038.74,2038.74,8.735
2026-05-13T23:14:36.258747+00:00,gpu0_correctness,0,ckpt_s8192_e2048,correctness,2048,8192,2048,1,0,True,,,,,6.906
2026-05-13T23:14:43.164893+00:00,gpu0_correctness,0,ckpt_s8192_e2048,correctness,8192,8192,2048,1,0,True,,,,,6.575
2026-05-13T23:14:49.740677+00:00,gpu0_correctness,0,ckpt_s8192_e2048,benchmark,8192,8192,2048,1,0,True,4132.78,213.13,213.13,213.13,7.578
2026-05-13T23:14:49.740677+00:00,gpu0_correctness,0,ckpt_s8192_e2048,benchmark,32768,8192,2048,1,0,True,6934.88,924.83,924.83,924.83,7.578
2026-05-13T23:14:57.318790+00:00,gpu0_correctness,0,ckpt_s8192_e2048,benchmark,65536,8192,2048,1,0,True,11272.01,2034.78,2034.78,2034.78,9.256
2026-05-13T23:15:06.574849+00:00,gpu0_correctness,0,ckpt_s4096_e4096,correctness,2048,4096,4096,1,0,True,,,,,6.857
2026-05-13T23:15:13.432224+00:00,gpu0_correctness,0,ckpt_s4096_e4096,correctness,8192,4096,4096,1,0,True,,,,,7.070
2026-05-13T23:15:20.502143+00:00,gpu0_correctness,0,ckpt_s4096_e4096,benchmark,8192,4096,4096,1,0,True,4092.77,126.33,126.33,126.33,7.123
2026-05-13T23:15:20.502143+00:00,gpu0_correctness,0,ckpt_s4096_e4096,benchmark,32768,4096,4096,1,0,True,6894.87,540.79,540.79,540.79,7.123
2026-05-13T23:15:27.625513+00:00,gpu0_correctness,0,ckpt_s4096_e4096,benchmark,65536,4096,4096,1,0,True,11272.01,1170.11,1170.11,1170.11,7.128
2026-05-13T23:15:34.754297+00:00,gpu0_correctness,0,ckpt_s8192_e4096,correctness,2048,8192,4096,1,0,True,,,,,6.670
2026-05-13T23:15:41.425042+00:00,gpu0_correctness,0,ckpt_s8192_e4096,correctness,8192,8192,4096,1,0,True,,,,,6.600
2026-05-13T23:15:48.025456+00:00,gpu0_correctness,0,ckpt_s8192_e4096,benchmark,8192,8192,4096,1,0,True,4092.77,283.65,283.65,283.65,6.839
2026-05-13T23:15:48.025456+00:00,gpu0_correctness,0,ckpt_s8192_e4096,benchmark,32768,8192,4096,1,0,True,6894.87,536.97,536.97,536.97,6.839
2026-05-13T23:15:54.864378+00:00,gpu0_correctness,0,ckpt_s8192_e4096,benchmark,65536,8192,4096,1,0,True,11272.01,1155.89,1155.89,1155.89,7.029
2026-05-13T23:16:01.894305+00:00,gpu0_correctness,0,ckpt_s16384_e4096,correctness,2048,16384,4096,1,0,True,,,,,7.484
2026-05-13T23:16:09.378918+00:00,gpu0_correctness,0,ckpt_s16384_e4096,correctness,8192,16384,4096,1,0,True,,,,,6.896
2026-05-13T23:16:16.275677+00:00,gpu0_correctness,0,ckpt_s16384_e4096,benchmark,8192,16384,4096,1,0,True,4092.77,233.55,233.55,233.55,6.978
2026-05-13T23:16:16.275677+00:00,gpu0_correctness,0,ckpt_s16384_e4096,benchmark,32768,16384,4096,1,0,True,6894.87,539.19,539.19,539.19,6.978
2026-05-13T23:16:23.254464+00:00,gpu0_correctness,0,ckpt_s16384_e4096,benchmark,65536,16384,4096,1,0,True,11272.01,1145.81,1145.81,1145.81,7.345
2026-05-13T23:16:30.600178+00:00,gpu0_correctness,0,ckpt_s8192_e8192,correctness,2048,8192,8192,1,0,True,,,,,6.969
2026-05-13T23:16:37.569142+00:00,gpu0_correctness,0,ckpt_s8192_e8192,correctness,8192,8192,8192,1,0,True,,,,,6.708
2026-05-13T23:16:44.277160+00:00,gpu0_correctness,0,ckpt_s8192_e8192,benchmark,8192,8192,8192,1,0,True,4012.63,83.92,83.92,83.92,5.996
2026-05-13T23:16:44.277160+00:00,gpu0_correctness,0,ckpt_s8192_e8192,benchmark,32768,8192,8192,1,0,True,6814.85,350.7,350.7,350.7,5.996
2026-05-13T23:16:50.273517+00:00,gpu0_correctness,0,ckpt_s8192_e8192,benchmark,65536,8192,8192,1,0,True,11272.01,750.1,750.1,750.1,6.617
2026-05-13T23:16:56.891407+00:00,gpu0_correctness,0,nocp_s2048_e2048,correctness,2048,2048,2048,0,0,True,,,,,5.951
2026-05-13T23:17:02.842290+00:00,gpu0_correctness,0,nocp_s2048_e2048,correctness,8192,2048,2048,0,0,True,,,,,6.637
2026-05-13T23:17:09.479273+00:00,gpu0_correctness,0,nocp_s2048_e2048,benchmark,8192,2048,2048,0,0,True,4526.78,204.42,204.42,204.42,6.715
2026-05-13T23:17:09.479273+00:00,gpu0_correctness,0,nocp_s2048_e2048,benchmark,32768,2048,2048,0,0,True,9474.38,893.4,893.4,893.4,6.715
2026-05-13T23:17:16.194464+00:00,gpu0_correctness,0,nocp_s2048_e2048,benchmark,65536,2048,2048,0,0,True,17708.01,1964.85,1964.85,1964.85,8.242
2026-05-13T23:17:24.437185+00:00,gpu0_correctness,0,nocp_s4096_e2048,correctness,2048,4096,2048,0,0,True,,,,,6.207
2026-05-13T23:17:30.644710+00:00,gpu0_correctness,0,nocp_s4096_e2048,correctness,8192,4096,2048,0,0,True,,,,,6.654
2026-05-13T23:17:37.299304+00:00,gpu0_correctness,0,nocp_s4096_e2048,benchmark,8192,4096,2048,0,0,True,4527.66,204.17,204.17,204.17,6.953
2026-05-13T23:17:37.299304+00:00,gpu0_correctness,0,nocp_s4096_e2048,benchmark,32768,4096,2048,0,0,True,9473.26,885.54,885.54,885.54,6.953
2026-05-13T23:17:44.252271+00:00,gpu0_correctness,0,nocp_s4096_e2048,benchmark,65536,4096,2048,0,0,True,17708.01,1934.78,1934.78,1934.78,8.151
2026-05-13T23:17:52.403425+00:00,gpu0_correctness,0,nocp_s4096_e4096,correctness,2048,4096,4096,0,0,True,,,,,6.254
2026-05-13T23:17:58.657609+00:00,gpu0_correctness,0,nocp_s4096_e4096,correctness,8192,4096,4096,0,0,True,,,,,6.438
2026-05-13T23:18:05.095816+00:00,gpu0_correctness,0,nocp_s4096_e4096,benchmark,8192,4096,4096,0,0,True,4428.77,118.52,118.52,118.52,5.919
2026-05-13T23:18:05.095816+00:00,gpu0_correctness,0,nocp_s4096_e4096,benchmark,32768,4096,4096,0,0,True,9328.38,516.71,516.71,516.71,5.919
2026-05-13T23:18:11.014775+00:00,gpu0_correctness,0,nocp_s4096_e4096,benchmark,65536,4096,4096,0,0,True,17416.01,1123.14,1123.14,1123.14,6.415
2026-05-13T23:18:17.430073+00:00,gpu0_correctness,0,nocp_s8192_e4096,correctness,2048,8192,4096,0,0,True,,,,,6.049
2026-05-13T23:18:23.479683+00:00,gpu0_correctness,0,nocp_s8192_e4096,correctness,8192,8192,4096,0,0,True,,,,,6.251
2026-05-13T23:18:29.731374+00:00,gpu0_correctness,0,nocp_s8192_e4096,benchmark,8192,8192,4096,0,0,True,4428.77,119.47,119.47,119.47,5.870
2026-05-13T23:18:29.731374+00:00,gpu0_correctness,0,nocp_s8192_e4096,benchmark,32768,8192,4096,0,0,True,9328.38,512.03,512.03,512.03,5.870
2026-05-13T23:18:35.601626+00:00,gpu0_correctness,0,nocp_s8192_e4096,benchmark,65536,8192,4096,0,0,True,17416.01,1108.9,1108.9,1108.9,5.863
2026-05-13T23:18:41.465021+00:00,gpu0_correctness,0,nocp_s8192_e8192,correctness,2048,8192,8192,0,0,True,,,,,5.936
2026-05-13T23:18:47.401426+00:00,gpu0_correctness,0,nocp_s8192_e8192,correctness,8192,8192,8192,0,0,True,,,,,6.092
2026-05-13T23:18:53.493908+00:00,gpu0_correctness,0,nocp_s8192_e8192,benchmark,8192,8192,8192,0,0,True,4300.63,76.39,76.39,76.39,5.707
2026-05-13T23:18:53.493908+00:00,gpu0_correctness,0,nocp_s8192_e8192,benchmark,32768,8192,8192,0,0,True,9328.38,327.89,327.89,327.89,5.707
2026-05-13T23:18:59.201686+00:00,gpu0_correctness,0,nocp_s8192_e8192,benchmark,65536,8192,8192,0,0,True,17416.01,700.51,700.51,700.51,5.732
2026-05-13T23:19:04.934154+00:00,gpu0_correctness,0,ckpt_s1024_e1024,correctness,2048,1024,1024,1,0,True,,,,,6.990
2026-05-13T23:19:11.924379+00:00,gpu0_correctness,0,ckpt_s1024_e1024,correctness,8192,1024,1024,1,0,True,,,,,6.566
2026-05-13T23:19:18.490161+00:00,gpu0_correctness,0,ckpt_s1024_e1024,benchmark,8192,1024,1024,1,0,True,4152.79,397.75,397.75,397.75,9.579
2026-05-13T23:19:18.490161+00:00,gpu0_correctness,0,ckpt_s1024_e1024,benchmark,32768,1024,1024,1,0,True,6954.88,1768.82,1768.82,1768.82,9.579
2026-05-13T23:19:28.069829+00:00,gpu0_correctness,0,ckpt_s1024_e1024,benchmark,65536,1024,1024,1,0,True,11272.01,3855.04,3855.04,3855.04,12.305
2026-05-13T23:19:40.375447+00:00,gpu0_correctness,0,ckpt_s2048_e1024,correctness,2048,2048,1024,1,0,True,,,,,7.242
2026-05-13T23:19:47.618112+00:00,gpu0_correctness,0,ckpt_s2048_e1024,correctness,8192,2048,1024,1,0,True,,,,,7.275
2026-05-13T23:19:54.893253+00:00,gpu0_correctness,0,ckpt_s2048_e1024,benchmark,8192,2048,1024,1,0,True,4153.66,412.09,412.09,412.09,9.373
2026-05-13T23:19:54.893253+00:00,gpu0_correctness,0,ckpt_s2048_e1024,benchmark,32768,2048,1024,1,0,True,6955.75,1757.71,1757.71,1757.71,9.373
2026-05-13T23:20:04.266991+00:00,gpu0_correctness,0,ckpt_s2048_e1024,benchmark,65536,2048,1024,1,0,True,11272.51,3812.02,3812.02,3812.02,12.076
2026-05-13T23:20:16.343571+00:00,gpu0_correctness,0,ckpt_s4096_e1024,correctness,2048,4096,1024,1,0,True,,,,,7.029
2026-05-13T23:20:23.372428+00:00,gpu0_correctness,0,ckpt_s4096_e1024,correctness,8192,4096,1024,1,0,True,,,,,6.877
2026-05-13T23:20:30.250096+00:00,gpu0_correctness,0,ckpt_s4096_e1024,benchmark,8192,4096,1024,1,0,True,4153.16,401.8,401.8,401.8,9.428
2026-05-13T23:20:30.250096+00:00,gpu0_correctness,0,ckpt_s4096_e1024,benchmark,32768,4096,1024,1,0,True,6955.25,1731.16,1731.16,1731.16,9.428
2026-05-13T23:20:39.678870+00:00,gpu0_correctness,0,ckpt_s4096_e1024,benchmark,65536,4096,1024,1,0,True,11272.51,3786.75,3786.75,3786.75,12.752
2026-05-13T23:20:52.431000+00:00,gpu0_correctness,0,ckpt_s2048_e2048,correctness,2048,2048,2048,1,0,True,,,,,6.729
2026-05-13T23:20:59.160756+00:00,gpu0_correctness,0,ckpt_s2048_e2048,correctness,8192,2048,2048,1,0,True,,,,,6.893
2026-05-13T23:21:06.054189+00:00,gpu0_correctness,0,ckpt_s2048_e2048,benchmark,8192,2048,2048,1,0,True,4133.78,221.87,221.87,221.87,7.483
2026-05-13T23:21:06.054189+00:00,gpu0_correctness,0,ckpt_s2048_e2048,benchmark,32768,2048,2048,1,0,True,6934.88,934.81,934.81,934.81,7.483
2026-05-13T23:21:13.537748+00:00,gpu0_correctness,0,ckpt_s2048_e2048,benchmark,65536,2048,2048,1,0,True,11272.01,2067.31,2067.31,2067.31,9.238
2026-05-13T23:21:22.776101+00:00,gpu0_correctness,0,ckpt_s4096_e2048,correctness,2048,4096,2048,1,0,True,,,,,7.011
2026-05-13T23:21:29.787715+00:00,gpu0_correctness,0,ckpt_s4096_e2048,correctness,8192,4096,2048,1,0,True,,,,,7.154
2026-05-13T23:21:36.942134+00:00,gpu0_correctness,0,ckpt_s4096_e2048,benchmark,8192,4096,2048,1,0,True,4132.78,217.93,217.93,217.93,7.680
2026-05-13T23:21:36.942134+00:00,gpu0_correctness,0,ckpt_s4096_e2048,benchmark,32768,4096,2048,1,0,True,6934.88,947.14,947.14,947.14,7.680
2026-05-13T23:21:44.621998+00:00,gpu0_correctness,0,ckpt_s4096_e2048,benchmark,65536,4096,2048,1,0,True,11272.01,2043.94,2043.94,2043.94,8.890
2026-05-13T23:21:53.512645+00:00,gpu0_correctness,0,ckpt_s8192_e2048,correctness,2048,8192,2048,1,0,True,,,,,6.511
2026-05-13T23:22:00.024120+00:00,gpu0_correctness,0,ckpt_s8192_e2048,correctness,8192,8192,2048,1,0,True,,,,,6.929
2026-05-13T23:22:06.953804+00:00,gpu0_correctness,0,ckpt_s8192_e2048,benchmark,8192,8192,2048,1,0,True,4132.78,212.81,212.81,212.81,7.786
2026-05-13T23:22:06.953804+00:00,gpu0_correctness,0,ckpt_s8192_e2048,benchmark,32768,8192,2048,1,0,True,6934.88,933.06,933.06,933.06,7.786
2026-05-13T23:22:14.740395+00:00,gpu0_correctness,0,ckpt_s8192_e2048,benchmark,65536,8192,2048,1,0,True,11272.01,2011.62,2011.62,2011.62,9.049
2026-05-13T23:22:23.789816+00:00,gpu0_correctness,0,ckpt_s4096_e4096,correctness,2048,4096,4096,1,0,True,,,,,6.593
2026-05-13T23:22:30.383315+00:00,gpu0_correctness,0,ckpt_s4096_e4096,correctness,8192,4096,4096,1,0,True,,,,,6.957
2026-05-13T23:22:37.340251+00:00,gpu0_correctness,0,ckpt_s4096_e4096,benchmark,8192,4096,4096,1,0,True,4092.77,124.34,124.34,124.34,6.790
2026-05-13T23:22:37.340251+00:00,gpu0_correctness,0,ckpt_s4096_e4096,benchmark,32768,4096,4096,1,0,True,6894.87,539.66,539.66,539.66,6.790
2026-05-13T23:22:44.131036+00:00,gpu0_correctness,0,ckpt_s4096_e4096,benchmark,65536,4096,4096,1,0,True,11272.01,1168.69,1168.69,1168.69,6.947
2026-05-13T23:22:51.078427+00:00,gpu0_correctness,0,ckpt_s8192_e4096,correctness,2048,8192,4096,1,0,True,,,,,6.479
2026-05-13T23:22:57.557694+00:00,gpu0_correctness,0,ckpt_s8192_e4096,correctness,8192,8192,4096,1,0,True,,,,,6.910
2026-05-13T23:23:04.468128+00:00,gpu0_correctness,0,ckpt_s8192_e4096,benchmark,8192,8192,4096,1,0,True,4092.77,256.28,256.28,256.28,6.644
2026-05-13T23:23:04.468128+00:00,gpu0_correctness,0,ckpt_s8192_e4096,benchmark,32768,8192,4096,1,0,True,6894.87,540.61,540.61,540.61,6.644
2026-05-13T23:23:11.112564+00:00,gpu0_correctness,0,ckpt_s8192_e4096,benchmark,65536,8192,4096,1,0,True,11272.01,1155.53,1155.53,1155.53,7.138
2026-05-13T23:23:18.251152+00:00,gpu0_correctness,0,ckpt_s16384_e4096,correctness,2048,16384,4096,1,0,True,,,,,6.797
2026-05-13T23:23:25.048444+00:00,gpu0_correctness,0,ckpt_s16384_e4096,correctness,8192,16384,4096,1,0,True,,,,,7.083
2026-05-13T23:23:32.131861+00:00,gpu0_correctness,0,ckpt_s16384_e4096,benchmark,8192,16384,4096,1,0,True,4092.77,319.65,319.65,319.65,6.855
2026-05-13T23:23:32.131861+00:00,gpu0_correctness,0,ckpt_s16384_e4096,benchmark,32768,16384,4096,1,0,True,6894.87,533.48,533.48,533.48,6.855
2026-05-13T23:23:38.986792+00:00,gpu0_correctness,0,ckpt_s16384_e4096,benchmark,65536,16384,4096,1,0,True,11272.01,1151.71,1151.71,1151.71,7.159
2026-05-13T23:23:46.146598+00:00,gpu0_correctness,0,ckpt_s8192_e8192,correctness,2048,8192,8192,1,0,True,,,,,6.698
2026-05-13T23:23:52.845184+00:00,gpu0_correctness,0,ckpt_s8192_e8192,correctness,8192,8192,8192,1,0,True,,,,,6.891
2026-05-13T23:23:59.736922+00:00,gpu0_correctness,0,ckpt_s8192_e8192,benchmark,8192,8192,8192,1,0,True,4012.63,84.03,84.03,84.03,6.202
2026-05-13T23:23:59.736922+00:00,gpu0_correctness,0,ckpt_s8192_e8192,benchmark,32768,8192,8192,1,0,True,6814.85,350.71,350.71,350.71,6.202
2026-05-13T23:24:05.939259+00:00,gpu0_correctness,0,ckpt_s8192_e8192,benchmark,65536,8192,8192,1,0,True,11272.01,747.72,747.72,747.72,6.366
2026-05-13T23:24:12.305586+00:00,gpu0_correctness,0,nocp_s2048_e2048,correctness,2048,2048,2048,0,0,True,,,,,6.176
2026-05-13T23:24:18.482392+00:00,gpu0_correctness,0,nocp_s2048_e2048,correctness,8192,2048,2048,0,0,True,,,,,5.940
2026-05-13T23:24:24.422772+00:00,gpu0_correctness,0,nocp_s2048_e2048,benchmark,8192,2048,2048,0,0,True,4526.78,202.63,202.63,202.63,6.657
2026-05-13T23:24:24.422772+00:00,gpu0_correctness,0,nocp_s2048_e2048,benchmark,32768,2048,2048,0,0,True,9474.38,892.41,892.41,892.41,6.657
2026-05-13T23:24:31.080260+00:00,gpu0_correctness,0,nocp_s2048_e2048,benchmark,65536,2048,2048,0,0,True,17708.01,1964.86,1964.86,1964.86,8.045
2026-05-13T23:24:39.125534+00:00,gpu0_correctness,0,nocp_s4096_e2048,correctness,2048,4096,2048,0,0,True,,,,,6.038
2026-05-13T23:24:45.163429+00:00,gpu0_correctness,0,nocp_s4096_e2048,correctness,8192,4096,2048,0,0,True,,,,,6.524
2026-05-13T23:24:51.687804+00:00,gpu0_correctness,0,nocp_s4096_e2048,benchmark,8192,4096,2048,0,0,True,4527.66,202.64,202.64,202.64,6.547
2026-05-13T23:24:51.687804+00:00,gpu0_correctness,0,nocp_s4096_e2048,benchmark,32768,4096,2048,0,0,True,9473.26,884.7,884.7,884.7,6.547
2026-05-13T23:24:58.235121+00:00,gpu0_correctness,0,nocp_s4096_e2048,benchmark,65536,4096,2048,0,0,True,17708.01,1935.15,1935.15,1935.15,7.849
2026-05-13T23:25:06.084515+00:00,gpu0_correctness,0,nocp_s4096_e4096,correctness,2048,4096,4096,0,0,True,,,,,5.994
2026-05-13T23:25:12.078948+00:00,gpu0_correctness,0,nocp_s4096_e4096,correctness,8192,4096,4096,0,0,True,,,,,6.285
2026-05-13T23:25:18.364423+00:00,gpu0_correctness,0,nocp_s4096_e4096,benchmark,8192,4096,4096,0,0,True,4428.77,117.77,117.77,117.77,6.255
2026-05-13T23:25:18.364423+00:00,gpu0_correctness,0,nocp_s4096_e4096,benchmark,32768,4096,4096,0,0,True,9328.38,516.25,516.25,516.25,6.255
2026-05-13T23:25:24.619327+00:00,gpu0_correctness,0,nocp_s4096_e4096,benchmark,65536,4096,4096,0,0,True,17416.01,1122.23,1122.23,1122.23,6.500
2026-05-13T23:25:31.120191+00:00,gpu0_correctness,0,nocp_s8192_e4096,correctness,2048,8192,4096,0,0,True,,,,,6.215
2026-05-13T23:25:37.335685+00:00,gpu0_correctness,0,nocp_s8192_e4096,correctness,8192,8192,4096,0,0,True,,,,,6.519
2026-05-13T23:25:43.855336+00:00,gpu0_correctness,0,nocp_s8192_e4096,benchmark,8192,8192,4096,0,0,True,4428.77,118.93,118.93,118.93,5.811
2026-05-13T23:25:43.855336+00:00,gpu0_correctness,0,nocp_s8192_e4096,benchmark,32768,8192,4096,0,0,True,9328.38,512.04,512.04,512.04,5.811
2026-05-13T23:25:49.666640+00:00,gpu0_correctness,0,nocp_s8192_e4096,benchmark,65536,8192,4096,0,0,True,17416.01,1108.57,1108.57,1108.57,6.588
2026-05-13T23:25:56.255364+00:00,gpu0_correctness,0,nocp_s8192_e8192,correctness,2048,8192,8192,0,0,True,,,,,6.414
2026-05-13T23:26:02.669731+00:00,gpu0_correctness,0,nocp_s8192_e8192,correctness,8192,8192,8192,0,0,True,,,,,6.154
2026-05-13T23:26:08.824100+00:00,gpu0_correctness,0,nocp_s8192_e8192,benchmark,8192,8192,8192,0,0,True,4300.63,76.1,76.1,76.1,5.544
2026-05-13T23:26:08.824100+00:00,gpu0_correctness,0,nocp_s8192_e8192,benchmark,32768,8192,8192,0,0,True,9328.38,326.88,326.88,326.88,5.544
2026-05-13T23:26:14.368593+00:00,gpu0_correctness,0,nocp_s8192_e8192,benchmark,65536,8192,8192,0,0,True,17416.01,700.35,700.35,700.35,6.045
2026-05-13T23:26:20.414561+00:00,gpu0_correctness,0,ckpt_s1024_e1024,correctness,2048,1024,1024,1,0,True,,,,,7.330
2026-05-13T23:26:27.744561+00:00,gpu0_correctness,0,ckpt_s1024_e1024,correctness,8192,1024,1024,1,0,True,,,,,7.184
2026-05-13T23:26:34.929118+00:00,gpu0_correctness,0,ckpt_s1024_e1024,benchmark,8192,1024,1024,1,0,True,4152.79,397.74,397.74,397.74,9.805
2026-05-13T23:26:34.929118+00:00,gpu0_correctness,0,ckpt_s1024_e1024,benchmark,32768,1024,1024,1,0,True,6954.88,1744.33,1744.33,1744.33,9.805
2026-05-13T23:26:44.734247+00:00,gpu0_correctness,0,ckpt_s1024_e1024,benchmark,65536,1024,1024,1,0,True,11272.01,3905.49,3905.49,3905.49,12.286
2026-05-13T23:26:57.020544+00:00,gpu0_correctness,0,ckpt_s2048_e1024,correctness,2048,2048,1024,1,0,True,,,,,6.876
2026-05-13T23:27:03.897082+00:00,gpu0_correctness,0,ckpt_s2048_e1024,correctness,8192,2048,1024,1,0,True,,,,,6.872
2026-05-13T23:27:10.769724+00:00,gpu0_correctness,0,ckpt_s2048_e1024,benchmark,8192,2048,1024,1,0,True,4153.66,402.58,402.58,402.58,10.056
2026-05-13T23:27:10.769724+00:00,gpu0_correctness,0,ckpt_s2048_e1024,benchmark,32768,2048,1024,1,0,True,6955.75,1785.5,1785.5,1785.5,10.056
2026-05-13T23:27:20.825881+00:00,gpu0_correctness,0,ckpt_s2048_e1024,benchmark,65536,2048,1024,1,0,True,11272.51,3795.1,3795.1,3795.1,12.754
2026-05-13T23:27:33.580384+00:00,gpu0_correctness,0,ckpt_s4096_e1024,correctness,2048,4096,1024,1,0,True,,,,,7.461
2026-05-13T23:27:41.041282+00:00,gpu0_correctness,0,ckpt_s4096_e1024,correctness,8192,4096,1024,1,0,True,,,,,7.342
2026-05-13T23:27:48.383698+00:00,gpu0_correctness,0,ckpt_s4096_e1024,benchmark,8192,4096,1024,1,0,True,4153.16,396.98,396.98,396.98,9.826
2026-05-13T23:27:48.383698+00:00,gpu0_correctness,0,ckpt_s4096_e1024,benchmark,32768,4096,1024,1,0,True,6955.25,1765.66,1765.66,1765.66,9.826
2026-05-13T23:27:58.210146+00:00,gpu0_correctness,0,ckpt_s4096_e1024,benchmark,65536,4096,1024,1,0,True,11272.51,3801.85,3801.85,3801.85,12.558
2026-05-13T23:28:10.769171+00:00,gpu0_correctness,0,ckpt_s2048_e2048,correctness,2048,2048,2048,1,0,True,,,,,6.796
2026-05-13T23:28:17.565044+00:00,gpu0_correctness,0,ckpt_s2048_e2048,correctness,8192,2048,2048,1,0,True,,,,,6.750
2026-05-13T23:28:24.315080+00:00,gpu0_correctness,0,ckpt_s2048_e2048,benchmark,8192,2048,2048,1,0,True,4133.78,214.43,214.43,214.43,7.634
2026-05-13T23:28:24.315080+00:00,gpu0_correctness,0,ckpt_s2048_e2048,benchmark,32768,2048,2048,1,0,True,6934.88,947.63,947.63,947.63,7.634
2026-05-13T23:28:31.949465+00:00,gpu0_correctness,0,ckpt_s2048_e2048,benchmark,65536,2048,2048,1,0,True,11272.01,2046.01,2046.01,2046.01,9.061
2026-05-13T23:28:41.011137+00:00,gpu0_correctness,0,ckpt_s4096_e2048,correctness,2048,4096,2048,1,0,True,,,,,7.018
2026-05-13T23:28:48.029757+00:00,gpu0_correctness,0,ckpt_s4096_e2048,correctness,8192,4096,2048,1,0,True,,,,,7.013
2026-05-13T23:28:55.043301+00:00,gpu0_correctness,0,ckpt_s4096_e2048,benchmark,8192,4096,2048,1,0,True,4132.78,227.32,227.32,227.32,8.038
2026-05-13T23:28:55.043301+00:00,gpu0_correctness,0,ckpt_s4096_e2048,benchmark,32768,4096,2048,1,0,True,6934.88,945.83,945.83,945.83,8.038
2026-05-13T23:29:03.082051+00:00,gpu0_correctness,0,ckpt_s4096_e2048,benchmark,65536,4096,2048,1,0,True,11272.01,2022.82,2022.82,2022.82,8.702
2026-05-13T23:29:11.784409+00:00,gpu0_correctness,0,ckpt_s8192_e2048,correctness,2048,8192,2048,1,0,True,,,,,6.935
2026-05-13T23:29:18.719270+00:00,gpu0_correctness,0,ckpt_s8192_e2048,correctness,8192,8192,2048,1,0,True,,,,,6.912
2026-05-13T23:29:25.631429+00:00,gpu0_correctness,0,ckpt_s8192_e2048,benchmark,8192,8192,2048,1,0,True,4132.78,212.65,212.65,212.65,7.449
2026-05-13T23:29:25.631429+00:00,gpu0_correctness,0,ckpt_s8192_e2048,benchmark,32768,8192,2048,1,0,True,6934.88,945.5,945.5,945.5,7.449
2026-05-13T23:29:33.081007+00:00,gpu0_correctness,0,ckpt_s8192_e2048,benchmark,65536,8192,2048,1,0,True,11272.01,2019.11,2019.11,2019.11,9.030
2026-05-13T23:29:42.111652+00:00,gpu0_correctness,0,ckpt_s4096_e4096,correctness,2048,4096,4096,1,0,True,,,,,7.096
2026-05-13T23:29:49.208116+00:00,gpu0_correctness,0,ckpt_s4096_e4096,correctness,8192,4096,4096,1,0,True,,,,,7.414
2026-05-13T23:29:56.622368+00:00,gpu0_correctness,0,ckpt_s4096_e4096,benchmark,8192,4096,4096,1,0,True,4092.77,127.02,127.02,127.02,6.681
2026-05-13T23:29:56.622368+00:00,gpu0_correctness,0,ckpt_s4096_e4096,benchmark,32768,4096,4096,1,0,True,6894.87,539.6,539.6,539.6,6.681
2026-05-13T23:30:03.303860+00:00,gpu0_correctness,0,ckpt_s4096_e4096,benchmark,65536,4096,4096,1,0,True,11272.01,1171.16,1171.16,1171.16,7.587
2026-05-13T23:30:10.891630+00:00,gpu0_correctness,0,ckpt_s8192_e4096,correctness,2048,8192,4096,1,0,True,,,,,6.689
2026-05-13T23:30:17.581255+00:00,gpu0_correctness,0,ckpt_s8192_e4096,correctness,8192,8192,4096,1,0,True,,,,,6.715
2026-05-13T23:30:24.296231+00:00,gpu0_correctness,0,ckpt_s8192_e4096,benchmark,8192,8192,4096,1,0,True,4092.77,223.12,223.12,223.12,6.621
2026-05-13T23:30:24.296231+00:00,gpu0_correctness,0,ckpt_s8192_e4096,benchmark,32768,8192,4096,1,0,True,6894.87,535.92,535.92,535.92,6.621
2026-05-13T23:30:30.917791+00:00,gpu0_correctness,0,ckpt_s8192_e4096,benchmark,65536,8192,4096,1,0,True,11272.01,1162.57,1162.57,1162.57,7.231
2026-05-13T23:30:38.149378+00:00,gpu0_correctness,0,ckpt_s16384_e4096,correctness,2048,16384,4096,1,0,True,,,,,6.532
2026-05-13T23:30:44.681420+00:00,gpu0_correctness,0,ckpt_s16384_e4096,correctness,8192,16384,4096,1,0,True,,,,,6.816
2026-05-13T23:30:51.497712+00:00,gpu0_correctness,0,ckpt_s16384_e4096,benchmark,8192,16384,4096,1,0,True,4092.77,271.51,271.51,271.51,7.590
2026-05-13T23:30:51.497712+00:00,gpu0_correctness,0,ckpt_s16384_e4096,benchmark,32768,16384,4096,1,0,True,6894.87,532.76,532.76,532.76,7.590
2026-05-13T23:30:59.088233+00:00,gpu0_correctness,0,ckpt_s16384_e4096,benchmark,65536,16384,4096,1,0,True,11272.01,1146.14,1146.14,1146.14,7.692
2026-05-13T23:31:06.780389+00:00,gpu0_correctness,0,ckpt_s8192_e8192,correctness,2048,8192,8192,1,0,True,,,,,6.814
2026-05-13T23:31:13.594977+00:00,gpu0_correctness,0,ckpt_s8192_e8192,correctness,8192,8192,8192,1,0,True,,,,,7.305
2026-05-13T23:31:20.900293+00:00,gpu0_correctness,0,ckpt_s8192_e8192,benchmark,8192,8192,8192,1,0,True,4012.63,83.26,83.26,83.26,6.580
2026-05-13T23:31:20.900293+00:00,gpu0_correctness,0,ckpt_s8192_e8192,benchmark,32768,8192,8192,1,0,True,6814.85,350.6,350.6,350.6,6.580
2026-05-13T23:31:27.480312+00:00,gpu0_correctness,0,ckpt_s8192_e8192,benchmark,65536,8192,8192,1,0,True,11272.01,748.63,748.63,748.63,6.496
2026-05-13T23:31:33.977285+00:00,gpu0_correctness,0,nocp_s2048_e2048,correctness,2048,2048,2048,0,0,True,,,,,6.629
2026-05-13T23:31:40.606923+00:00,gpu0_correctness,0,nocp_s2048_e2048,correctness,8192,2048,2048,0,0,True,,,,,6.502
2026-05-13T23:31:47.109022+00:00,gpu0_correctness,0,nocp_s2048_e2048,benchmark,8192,2048,2048,0,0,True,4526.78,202.91,202.91,202.91,7.035
2026-05-13T23:31:47.109022+00:00,gpu0_correctness,0,nocp_s2048_e2048,benchmark,32768,2048,2048,0,0,True,9474.38,892.81,892.81,892.81,7.035
2026-05-13T23:31:54.143983+00:00,gpu0_correctness,0,nocp_s2048_e2048,benchmark,65536,2048,2048,0,0,True,17708.01,1964.42,1964.42,1964.42,7.798
2026-05-13T23:32:01.943203+00:00,gpu0_correctness,0,nocp_s4096_e2048,correctness,2048,4096,2048,0,0,True,,,,,6.611
2026-05-13T23:32:08.554249+00:00,gpu0_correctness,0,nocp_s4096_e2048,correctness,8192,4096,2048,0,0,True,,,,,5.985
2026-05-13T23:32:14.539526+00:00,gpu0_correctness,0,nocp_s4096_e2048,benchmark,8192,4096,2048,0,0,True,4527.66,202.57,202.57,202.57,6.891
2026-05-13T23:32:14.539526+00:00,gpu0_correctness,0,nocp_s4096_e2048,benchmark,32768,4096,2048,0,0,True,9473.26,884.77,884.77,884.77,6.891
2026-05-13T23:32:21.430624+00:00,gpu0_correctness,0,nocp_s4096_e2048,benchmark,65536,4096,2048,0,0,True,17708.01,1933.9,1933.9,1933.9,8.206
2026-05-13T23:32:29.637098+00:00,gpu0_correctness,0,nocp_s4096_e4096,correctness,2048,4096,4096,0,0,True,,,,,6.459
2026-05-13T23:32:36.096839+00:00,gpu0_correctness,0,nocp_s4096_e4096,correctness,8192,4096,4096,0,0,True,,,,,6.025
2026-05-13T23:32:42.121747+00:00,gpu0_correctness,0,nocp_s4096_e4096,benchmark,8192,4096,4096,0,0,True,4428.77,118.45,118.45,118.45,5.923
2026-05-13T23:32:42.121747+00:00,gpu0_correctness,0,nocp_s4096_e4096,benchmark,32768,4096,4096,0,0,True,9328.38,515.54,515.54,515.54,5.923
2026-05-13T23:32:48.045462+00:00,gpu0_correctness,0,nocp_s4096_e4096,benchmark,65536,4096,4096,0,0,True,17416.01,1123.51,1123.51,1123.51,6.185
2026-05-13T23:32:54.230816+00:00,gpu0_correctness,0,nocp_s8192_e4096,correctness,2048,8192,4096,0,0,True,,,,,6.130
2026-05-13T23:33:00.360914+00:00,gpu0_correctness,0,nocp_s8192_e4096,correctness,8192,8192,4096,0,0,True,,,,,6.296
2026-05-13T23:33:06.657407+00:00,gpu0_correctness,0,nocp_s8192_e4096,benchmark,8192,8192,4096,0,0,True,4428.77,118.36,118.36,118.36,6.076
2026-05-13T23:33:06.657407+00:00,gpu0_correctness,0,nocp_s8192_e4096,benchmark,32768,8192,4096,0,0,True,9328.38,512.24,512.24,512.24,6.076
2026-05-13T23:33:12.733208+00:00,gpu0_correctness,0,nocp_s8192_e4096,benchmark,65536,8192,4096,0,0,True,17416.01,1108.34,1108.34,1108.34,6.159
2026-05-13T23:33:18.892487+00:00,gpu0_correctness,0,nocp_s8192_e8192,correctness,2048,8192,8192,0,0,True,,,,,6.141
2026-05-13T23:33:25.034028+00:00,gpu0_correctness,0,nocp_s8192_e8192,correctness,8192,8192,8192,0,0,True,,,,,6.405
2026-05-13T23:33:31.439574+00:00,gpu0_correctness,0,nocp_s8192_e8192,benchmark,8192,8192,8192,0,0,True,4300.63,76.44,76.44,76.44,5.665
2026-05-13T23:33:31.439574+00:00,gpu0_correctness,0,nocp_s8192_e8192,benchmark,32768,8192,8192,0,0,True,9328.38,326.74,326.74,326.74,5.665
2026-05-13T23:33:37.104554+00:00,gpu0_correctness,0,nocp_s8192_e8192,benchmark,65536,8192,8192,0,0,True,17416.01,700.27,700.27,700.27,5.838
2026-05-13T23:33:42.942862+00:00,gpu0_correctness,0,ckpt_s1024_e1024,correctness,2048,1024,1024,1,0,True,,,,,6.971
2026-05-13T23:33:49.914342+00:00,gpu0_correctness,0,ckpt_s1024_e1024,correctness,8192,1024,1024,1,0,True,,,,,7.128
2026-05-13T23:33:57.043079+00:00,gpu0_correctness,0,ckpt_s1024_e1024,benchmark,8192,1024,1024,1,0,True,4152.79,403.85,403.85,403.85,10.305
2026-05-13T23:33:57.043079+00:00,gpu0_correctness,0,ckpt_s1024_e1024,benchmark,32768,1024,1024,1,0,True,6954.88,1745.97,1745.97,1745.97,10.305
2026-05-13T23:34:07.348261+00:00,gpu0_correctness,0,ckpt_s1024_e1024,benchmark,65536,1024,1024,1,0,True,11272.01,3835.75,3835.75,3835.75,12.762
2026-05-13T23:34:20.111013+00:00,gpu0_correctness,0,ckpt_s2048_e1024,correctness,2048,2048,1024,1,0,True,,,,,6.860
2026-05-13T23:34:26.970925+00:00,gpu0_correctness,0,ckpt_s2048_e1024,correctness,8192,2048,1024,1,0,True,,,,,7.282
2026-05-13T23:34:34.253076+00:00,gpu0_correctness,0,ckpt_s2048_e1024,benchmark,8192,2048,1024,1,0,True,4153.66,396.39,396.39,396.39,10.159
2026-05-13T23:34:34.253076+00:00,gpu0_correctness,0,ckpt_s2048_e1024,benchmark,32768,2048,1024,1,0,True,6955.75,1726.75,1726.75,1726.75,10.159
2026-05-13T23:34:44.412113+00:00,gpu0_correctness,0,ckpt_s2048_e1024,benchmark,65536,2048,1024,1,0,True,11272.51,3824.76,3824.76,3824.76,12.367
2026-05-13T23:34:56.779192+00:00,gpu0_correctness,0,ckpt_s4096_e1024,correctness,2048,4096,1024,1,0,True,,,,,7.342
2026-05-13T23:35:04.121616+00:00,gpu0_correctness,0,ckpt_s4096_e1024,correctness,8192,4096,1024,1,0,True,,,,,7.550
2026-05-13T23:35:11.671729+00:00,gpu0_correctness,0,ckpt_s4096_e1024,benchmark,8192,4096,1024,1,0,True,4153.16,394.87,394.87,394.87,9.844
2026-05-13T23:35:11.671729+00:00,gpu0_correctness,0,ckpt_s4096_e1024,benchmark,32768,4096,1024,1,0,True,6955.25,1718.18,1718.18,1718.18,9.844
2026-05-13T23:35:21.516183+00:00,gpu0_correctness,0,ckpt_s4096_e1024,benchmark,65536,4096,1024,1,0,True,11272.51,3877.19,3877.19,3877.19,12.208
2026-05-13T23:35:33.724378+00:00,gpu0_correctness,0,ckpt_s2048_e2048,correctness,2048,2048,2048,1,0,True,,,,,6.701
2026-05-13T23:35:40.425554+00:00,gpu0_correctness,0,ckpt_s2048_e2048,correctness,8192,2048,2048,1,0,True,,,,,6.724
2026-05-13T23:35:47.149653+00:00,gpu0_correctness,0,ckpt_s2048_e2048,benchmark,8192,2048,2048,1,0,True,4133.78,216.68,216.68,216.68,7.761
2026-05-13T23:35:47.149653+00:00,gpu0_correctness,0,ckpt_s2048_e2048,benchmark,32768,2048,2048,1,0,True,6934.88,934.83,934.83,934.83,7.761
2026-05-13T23:35:54.911414+00:00,gpu0_correctness,0,ckpt_s2048_e2048,benchmark,65536,2048,2048,1,0,True,11272.01,2051.59,2051.59,2051.59,8.555
2026-05-13T23:36:03.466482+00:00,gpu0_correctness,0,ckpt_s4096_e2048,correctness,2048,4096,2048,1,0,True,,,,,6.529
2026-05-13T23:36:09.995461+00:00,gpu0_correctness,0,ckpt_s4096_e2048,correctness,8192,4096,2048,1,0,True,,,,,6.830
2026-05-13T23:36:16.825900+00:00,gpu0_correctness,0,ckpt_s4096_e2048,benchmark,8192,4096,2048,1,0,True,4132.78,216.54,216.54,216.54,7.917
2026-05-13T23:36:16.825900+00:00,gpu0_correctness,0,ckpt_s4096_e2048,benchmark,32768,4096,2048,1,0,True,6934.88,957.88,957.88,957.88,7.917
2026-05-13T23:36:24.743528+00:00,gpu0_correctness,0,ckpt_s4096_e2048,benchmark,65536,4096,2048,1,0,True,11272.01,2046.79,2046.79,2046.79,8.737
2026-05-13T23:36:33.481124+00:00,gpu0_correctness,0,ckpt_s8192_e2048,correctness,2048,8192,2048,1,0,True,,,,,6.875
2026-05-13T23:36:40.356630+00:00,gpu0_correctness,0,ckpt_s8192_e2048,correctness,8192,8192,2048,1,0,True,,,,,7.195
2026-05-13T23:36:47.552042+00:00,gpu0_correctness,0,ckpt_s8192_e2048,benchmark,8192,8192,2048,1,0,True,4132.78,217.54,217.54,217.54,8.212
2026-05-13T23:36:47.552042+00:00,gpu0_correctness,0,ckpt_s8192_e2048,benchmark,32768,8192,2048,1,0,True,6934.88,938.69,938.69,938.69,8.212
2026-05-13T23:36:55.764141+00:00,gpu0_correctness,0,ckpt_s8192_e2048,benchmark,65536,8192,2048,1,0,True,11272.01,2002.49,2002.49,2002.49,8.664
2026-05-13T23:37:04.428424+00:00,gpu0_correctness,0,ckpt_s4096_e4096,correctness,2048,4096,4096,1,0,True,,,,,6.892
2026-05-13T23:37:11.320532+00:00,gpu0_correctness,0,ckpt_s4096_e4096,correctness,8192,4096,4096,1,0,True,,,,,7.107
2026-05-13T23:37:18.427373+00:00,gpu0_correctness,0,ckpt_s4096_e4096,benchmark,8192,4096,4096,1,0,True,4092.77,126.43,126.43,126.43,6.977
2026-05-13T23:37:18.427373+00:00,gpu0_correctness,0,ckpt_s4096_e4096,benchmark,32768,4096,4096,1,0,True,6894.87,539.88,539.88,539.88,6.977
2026-05-13T23:37:25.404314+00:00,gpu0_correctness,0,ckpt_s4096_e4096,benchmark,65536,4096,4096,1,0,True,11272.01,1182.05,1182.05,1182.05,7.731
2026-05-13T23:37:33.135498+00:00,gpu0_correctness,0,ckpt_s8192_e4096,correctness,2048,8192,4096,1,0,True,,,,,7.344
2026-05-13T23:37:40.479828+00:00,gpu0_correctness,0,ckpt_s8192_e4096,correctness,8192,8192,4096,1,0,True,,,,,7.067
2026-05-13T23:37:47.547428+00:00,gpu0_correctness,0,ckpt_s8192_e4096,benchmark,8192,8192,4096,1,0,True,4092.77,212.94,212.94,212.94,6.425
2026-05-13T23:37:47.547428+00:00,gpu0_correctness,0,ckpt_s8192_e4096,benchmark,32768,8192,4096,1,0,True,6894.87,535.84,535.84,535.84,6.425
2026-05-13T23:37:53.973078+00:00,gpu0_correctness,0,ckpt_s8192_e4096,benchmark,65536,8192,4096,1,0,True,11272.01,1155.54,1155.54,1155.54,7.263
2026-05-13T23:38:01.236414+00:00,gpu0_correctness,0,ckpt_s16384_e4096,correctness,2048,16384,4096,1,0,True,,,,,7.383
2026-05-13T23:38:08.619578+00:00,gpu0_correctness,0,ckpt_s16384_e4096,correctness,8192,16384,4096,1,0,True,,,,,6.461
2026-05-13T23:38:15.080587+00:00,gpu0_correctness,0,ckpt_s16384_e4096,benchmark,8192,16384,4096,1,0,True,4092.77,275.28,275.28,275.28,6.815
2026-05-13T23:38:15.080587+00:00,gpu0_correctness,0,ckpt_s16384_e4096,benchmark,32768,16384,4096,1,0,True,6894.87,532.7,532.7,532.7,6.815
2026-05-13T23:38:21.895990+00:00,gpu0_correctness,0,ckpt_s16384_e4096,benchmark,65536,16384,4096,1,0,True,11272.01,1145.45,1145.45,1145.45,7.266
2026-05-13T23:38:29.162122+00:00,gpu0_correctness,0,ckpt_s8192_e8192,correctness,2048,8192,8192,1,0,True,,,,,6.923
2026-05-13T23:38:36.085363+00:00,gpu0_correctness,0,ckpt_s8192_e8192,correctness,8192,8192,8192,1,0,True,,,,,6.851
2026-05-13T23:38:42.937191+00:00,gpu0_correctness,0,ckpt_s8192_e8192,benchmark,8192,8192,8192,1,0,True,4012.63,88.08,88.08,88.08,6.432
2026-05-13T23:38:42.937191+00:00,gpu0_correctness,0,ckpt_s8192_e8192,benchmark,32768,8192,8192,1,0,True,6814.85,350.71,350.71,350.71,6.432
2026-05-13T23:38:49.369216+00:00,gpu0_correctness,0,ckpt_s8192_e8192,benchmark,65536,8192,8192,1,0,True,11272.01,748.49,748.49,748.49,6.148
2026-05-13T23:38:55.517637+00:00,gpu0_correctness,0,nocp_s2048_e2048,correctness,2048,2048,2048,0,0,True,,,,,6.132
2026-05-13T23:39:01.649518+00:00,gpu0_correctness,0,nocp_s2048_e2048,correctness,8192,2048,2048,0,0,True,,,,,6.229
2026-05-13T23:39:07.878503+00:00,gpu0_correctness,0,nocp_s2048_e2048,benchmark,8192,2048,2048,0,0,True,4526.78,202.75,202.75,202.75,6.867
2026-05-13T23:39:07.878503+00:00,gpu0_correctness,0,nocp_s2048_e2048,benchmark,32768,2048,2048,0,0,True,9474.38,892.86,892.86,892.86,6.867
2026-05-13T23:39:14.745348+00:00,gpu0_correctness,0,nocp_s2048_e2048,benchmark,65536,2048,2048,0,0,True,17708.01,1964.51,1964.51,1964.51,8.503
2026-05-13T23:39:23.249051+00:00,gpu0_correctness,0,nocp_s4096_e2048,correctness,2048,4096,2048,0,0,True,,,,,6.519
2026-05-13T23:39:29.768593+00:00,gpu0_correctness,0,nocp_s4096_e2048,correctness,8192,4096,2048,0,0,True,,,,,6.039
2026-05-13T23:39:35.808075+00:00,gpu0_correctness,0,nocp_s4096_e2048,benchmark,8192,4096,2048,0,0,True,4527.66,206.55,206.55,206.55,7.151
2026-05-13T23:39:35.808075+00:00,gpu0_correctness,0,nocp_s4096_e2048,benchmark,32768,4096,2048,0,0,True,9473.26,885.79,885.79,885.79,7.151
2026-05-13T23:39:42.959020+00:00,gpu0_correctness,0,nocp_s4096_e2048,benchmark,65536,4096,2048,0,0,True,17708.01,1949.51,1949.51,1949.51,8.392
2026-05-13T23:39:51.351537+00:00,gpu0_correctness,0,nocp_s4096_e4096,correctness,2048,4096,4096,0,0,True,,,,,6.359
2026-05-13T23:39:57.711110+00:00,gpu0_correctness,0,nocp_s4096_e4096,correctness,8192,4096,4096,0,0,True,,,,,6.470
2026-05-13T23:40:04.181227+00:00,gpu0_correctness,0,nocp_s4096_e4096,benchmark,8192,4096,4096,0,0,True,4428.77,118.92,118.92,118.92,5.773
2026-05-13T23:40:04.181227+00:00,gpu0_correctness,0,nocp_s4096_e4096,benchmark,32768,4096,4096,0,0,True,9328.38,516.17,516.17,516.17,5.773
2026-05-13T23:40:09.954502+00:00,gpu0_correctness,0,nocp_s4096_e4096,benchmark,65536,4096,4096,0,0,True,17416.01,1123.39,1123.39,1123.39,6.456
2026-05-13T23:40:16.410696+00:00,gpu0_correctness,0,nocp_s8192_e4096,correctness,2048,8192,4096,0,0,True,,,,,6.282
2026-05-13T23:40:22.693202+00:00,gpu0_correctness,0,nocp_s8192_e4096,correctness,8192,8192,4096,0,0,True,,,,,6.680
2026-05-13T23:40:29.373753+00:00,gpu0_correctness,0,nocp_s8192_e4096,benchmark,8192,8192,4096,0,0,True,4428.77,118.69,118.69,118.69,5.877
2026-05-13T23:40:29.373753+00:00,gpu0_correctness,0,nocp_s8192_e4096,benchmark,32768,8192,4096,0,0,True,9328.38,512.18,512.18,512.18,5.877
2026-05-13T23:40:35.251234+00:00,gpu0_correctness,0,nocp_s8192_e4096,benchmark,65536,8192,4096,0,0,True,17416.01,1109.07,1109.07,1109.07,6.241
2026-05-13T23:40:41.493045+00:00,gpu0_correctness,0,nocp_s8192_e8192,correctness,2048,8192,8192,0,0,True,,,,,6.561
2026-05-13T23:40:48.054396+00:00,gpu0_correctness,0,nocp_s8192_e8192,correctness,8192,8192,8192,0,0,True,,,,,6.537
2026-05-13T23:40:54.591202+00:00,gpu0_correctness,0,nocp_s8192_e8192,benchmark,8192,8192,8192,0,0,True,4300.63,77.14,77.14,77.14,5.506
2026-05-13T23:40:54.591202+00:00,gpu0_correctness,0,nocp_s8192_e8192,benchmark,32768,8192,8192,0,0,True,9328.38,326.8,326.8,326.8,5.506
2026-05-13T23:41:00.097239+00:00,gpu0_correctness,0,nocp_s8192_e8192,benchmark,65536,8192,8192,0,0,True,17416.01,703.11,703.11,703.11,5.264
2026-05-13T23:41:05.361906+00:00,gpu0_correctness,0,ckpt_s1024_e1024,correctness,2048,1024,1024,1,0,True,,,,,6.866
2026-05-13T23:41:12.227733+00:00,gpu0_correctness,0,ckpt_s1024_e1024,correctness,8192,1024,1024,1,0,True,,,,,6.596
2026-05-13T23:41:18.824385+00:00,gpu0_correctness,0,ckpt_s1024_e1024,benchmark,8192,1024,1024,1,0,True,4152.79,404.85,404.85,404.85,10.023
2026-05-13T23:41:18.824385+00:00,gpu0_correctness,0,ckpt_s1024_e1024,benchmark,32768,1024,1024,1,0,True,6954.88,1744.73,1744.73,1744.73,10.023
2026-05-13T23:41:28.847916+00:00,gpu0_correctness,0,ckpt_s1024_e1024,benchmark,65536,1024,1024,1,0,True,11272.01,3845.48,3845.48,3845.48,12.914
2026-05-13T23:41:41.762729+00:00,gpu0_correctness,0,ckpt_s2048_e1024,correctness,2048,2048,1024,1,0,True,,,,,7.036
2026-05-13T23:41:48.798641+00:00,gpu0_correctness,0,ckpt_s2048_e1024,correctness,8192,2048,1024,1,0,True,,,,,7.247
2026-05-13T23:41:56.045696+00:00,gpu0_correctness,0,ckpt_s2048_e1024,benchmark,8192,2048,1024,1,0,True,4153.66,403.33,403.33,403.33,10.278
2026-05-13T23:41:56.045696+00:00,gpu0_correctness,0,ckpt_s2048_e1024,benchmark,32768,2048,1024,1,0,True,6955.75,1725.6,1725.6,1725.6,10.278
2026-05-13T23:42:06.323964+00:00,gpu0_correctness,0,ckpt_s2048_e1024,benchmark,65536,2048,1024,1,0,True,11272.51,3809.81,3809.81,3809.81,12.745
2026-05-13T23:42:19.069885+00:00,gpu0_correctness,0,ckpt_s4096_e1024,correctness,2048,4096,1024,1,0,True,,,,,7.265
2026-05-13T23:42:26.334705+00:00,gpu0_correctness,0,ckpt_s4096_e1024,correctness,8192,4096,1024,1,0,True,,,,,7.330
2026-05-13T23:42:33.665266+00:00,gpu0_correctness,0,ckpt_s4096_e1024,benchmark,8192,4096,1024,1,0,True,4153.16,395.53,395.53,395.53,9.525
2026-05-13T23:42:33.665266+00:00,gpu0_correctness,0,ckpt_s4096_e1024,benchmark,32768,4096,1024,1,0,True,6955.25,1747.75,1747.75,1747.75,9.525
2026-05-13T23:42:43.190251+00:00,gpu0_correctness,0,ckpt_s4096_e1024,benchmark,65536,4096,1024,1,0,True,11272.51,3931.41,3931.41,3931.41,12.863
2026-05-13T23:42:56.054023+00:00,gpu0_correctness,0,ckpt_s2048_e2048,correctness,2048,2048,2048,1,0,True,,,,,7.310
2026-05-13T23:43:03.364143+00:00,gpu0_correctness,0,ckpt_s2048_e2048,correctness,8192,2048,2048,1,0,True,,,,,7.160
2026-05-13T23:43:10.524208+00:00,gpu0_correctness,0,ckpt_s2048_e2048,benchmark,8192,2048,2048,1,0,True,4133.78,223.27,223.27,223.27,7.920
2026-05-13T23:43:10.524208+00:00,gpu0_correctness,0,ckpt_s2048_e2048,benchmark,32768,2048,2048,1,0,True,6934.88,956.29,956.29,956.29,7.920
2026-05-13T23:43:18.444339+00:00,gpu0_correctness,0,ckpt_s2048_e2048,benchmark,65536,2048,2048,1,0,True,11272.01,2049.73,2049.73,2049.73,8.936
2026-05-13T23:43:27.380624+00:00,gpu0_correctness,0,ckpt_s4096_e2048,correctness,2048,4096,2048,1,0,True,,,,,7.458
2026-05-13T23:43:34.839219+00:00,gpu0_correctness,0,ckpt_s4096_e2048,correctness,8192,4096,2048,1,0,True,,,,,7.054
2026-05-13T23:43:41.893661+00:00,gpu0_correctness,0,ckpt_s4096_e2048,benchmark,8192,4096,2048,1,0,True,4132.78,222.57,222.57,222.57,8.006
2026-05-13T23:43:41.893661+00:00,gpu0_correctness,0,ckpt_s4096_e2048,benchmark,32768,4096,2048,1,0,True,6934.88,927.62,927.62,927.62,8.006
2026-05-13T23:43:49.900488+00:00,gpu0_correctness,0,ckpt_s4096_e2048,benchmark,65536,4096,2048,1,0,True,11272.01,2021.76,2021.76,2021.76,9.017
2026-05-13T23:43:58.917545+00:00,gpu0_correctness,0,ckpt_s8192_e2048,correctness,2048,8192,2048,1,0,True,,,,,7.159
2026-05-13T23:44:06.076656+00:00,gpu0_correctness,0,ckpt_s8192_e2048,correctness,8192,8192,2048,1,0,True,,,,,7.017
2026-05-13T23:44:13.093612+00:00,gpu0_correctness,0,ckpt_s8192_e2048,benchmark,8192,8192,2048,1,0,True,4132.78,215.82,215.82,215.82,7.671
2026-05-13T23:44:13.093612+00:00,gpu0_correctness,0,ckpt_s8192_e2048,benchmark,32768,8192,2048,1,0,True,6934.88,932.67,932.67,932.67,7.671
2026-05-13T23:44:20.765405+00:00,gpu0_correctness,0,ckpt_s8192_e2048,benchmark,65536,8192,2048,1,0,True,11272.01,2026.53,2026.53,2026.53,8.563
2026-05-13T23:44:29.328476+00:00,gpu0_correctness,0,ckpt_s4096_e4096,correctness,2048,4096,4096,1,0,True,,,,,6.878
2026-05-13T23:44:36.206398+00:00,gpu0_correctness,0,ckpt_s4096_e4096,correctness,8192,4096,4096,1,0,True,,,,,7.301
2026-05-13T23:44:43.507218+00:00,gpu0_correctness,0,ckpt_s4096_e4096,benchmark,8192,4096,4096,1,0,True,4092.77,127.58,127.58,127.58,7.150
2026-05-13T23:44:43.507218+00:00,gpu0_correctness,0,ckpt_s4096_e4096,benchmark,32768,4096,4096,1,0,True,6894.87,539.67,539.67,539.67,7.150
2026-05-13T23:44:50.657513+00:00,gpu0_correctness,0,ckpt_s4096_e4096,benchmark,65536,4096,4096,1,0,True,11272.01,1170.0,1170.0,1170.0,7.298
2026-05-13T23:44:57.956334+00:00,gpu0_correctness,0,ckpt_s8192_e4096,correctness,2048,8192,4096,1,0,True,,,,,7.245
2026-05-13T23:45:05.201602+00:00,gpu0_correctness,0,ckpt_s8192_e4096,correctness,8192,8192,4096,1,0,True,,,,,7.332
2026-05-13T23:45:12.533857+00:00,gpu0_correctness,0,ckpt_s8192_e4096,benchmark,8192,8192,4096,1,0,True,4092.77,255.26,255.26,255.26,6.733
2026-05-13T23:45:12.533857+00:00,gpu0_correctness,0,ckpt_s8192_e4096,benchmark,32768,8192,4096,1,0,True,6894.87,538.23,538.23,538.23,6.733
2026-05-13T23:45:19.267039+00:00,gpu0_correctness,0,ckpt_s8192_e4096,benchmark,65536,8192,4096,1,0,True,11272.01,1161.05,1161.05,1161.05,7.202
2026-05-13T23:45:26.469198+00:00,gpu0_correctness,0,ckpt_s16384_e4096,correctness,2048,16384,4096,1,0,True,,,,,7.156
2026-05-13T23:45:33.625509+00:00,gpu0_correctness,0,ckpt_s16384_e4096,correctness,8192,16384,4096,1,0,True,,,,,7.362
2026-05-13T23:45:40.987950+00:00,gpu0_correctness,0,ckpt_s16384_e4096,benchmark,8192,16384,4096,1,0,True,4092.77,265.81,265.81,265.81,6.769
2026-05-13T23:45:40.987950+00:00,gpu0_correctness,0,ckpt_s16384_e4096,benchmark,32768,16384,4096,1,0,True,6894.87,533.46,533.46,533.46,6.769
2026-05-13T23:45:47.757002+00:00,gpu0_correctness,0,ckpt_s16384_e4096,benchmark,65536,16384,4096,1,0,True,11272.01,1156.17,1156.17,1156.17,7.507
2026-05-13T23:45:55.264572+00:00,gpu0_correctness,0,ckpt_s8192_e8192,correctness,2048,8192,8192,1,0,True,,,,,7.456
2026-05-13T23:46:02.721352+00:00,gpu0_correctness,0,ckpt_s8192_e8192,correctness,8192,8192,8192,1,0,True,,,,,7.245
2026-05-13T23:46:09.966904+00:00,gpu0_correctness,0,ckpt_s8192_e8192,benchmark,8192,8192,8192,1,0,True,4012.63,83.29,83.29,83.29,6.326
2026-05-13T23:46:09.966904+00:00,gpu0_correctness,0,ckpt_s8192_e8192,benchmark,32768,8192,8192,1,0,True,6814.85,350.78,350.78,350.78,6.326
2026-05-13T23:46:16.293343+00:00,gpu0_correctness,0,ckpt_s8192_e8192,benchmark,65536,8192,8192,1,0,True,11272.01,747.97,747.97,747.97,6.389
2026-05-13T23:46:22.682877+00:00,gpu0_correctness,0,nocp_s2048_e2048,correctness,2048,2048,2048,0,0,True,,,,,6.523
2026-05-13T23:46:29.206333+00:00,gpu0_correctness,0,nocp_s2048_e2048,correctness,8192,2048,2048,0,0,True,,,,,6.576
2026-05-13T23:46:35.782910+00:00,gpu0_correctness,0,nocp_s2048_e2048,benchmark,8192,2048,2048,0,0,True,4526.78,204.46,204.46,204.46,6.950
2026-05-13T23:46:35.782910+00:00,gpu0_correctness,0,nocp_s2048_e2048,benchmark,32768,2048,2048,0,0,True,9474.38,892.82,892.82,892.82,6.950
2026-05-13T23:46:42.733743+00:00,gpu0_correctness,0,nocp_s2048_e2048,benchmark,65536,2048,2048,0,0,True,17708.01,1964.01,1964.01,1964.01,8.175
2026-05-13T23:46:50.908876+00:00,gpu0_correctness,0,nocp_s4096_e2048,correctness,2048,4096,2048,0,0,True,,,,,6.132
2026-05-13T23:46:57.040704+00:00,gpu0_correctness,0,nocp_s4096_e2048,correctness,8192,4096,2048,0,0,True,,,,,6.175
2026-05-13T23:47:03.216346+00:00,gpu0_correctness,0,nocp_s4096_e2048,benchmark,8192,4096,2048,0,0,True,4527.66,203.55,203.55,203.55,6.854
2026-05-13T23:47:03.216346+00:00,gpu0_correctness,0,nocp_s4096_e2048,benchmark,32768,4096,2048,0,0,True,9473.26,885.0,885.0,885.0,6.854
2026-05-13T23:47:10.070345+00:00,gpu0_correctness,0,nocp_s4096_e2048,benchmark,65536,4096,2048,0,0,True,17708.01,1950.16,1950.16,1950.16,8.260
2026-05-13T23:47:18.330405+00:00,gpu0_correctness,0,nocp_s4096_e4096,correctness,2048,4096,4096,0,0,True,,,,,6.113
2026-05-13T23:47:24.443353+00:00,gpu0_correctness,0,nocp_s4096_e4096,correctness,8192,4096,4096,0,0,True,,,,,6.396
2026-05-13T23:47:30.840023+00:00,gpu0_correctness,0,nocp_s4096_e4096,benchmark,8192,4096,4096,0,0,True,4428.77,117.79,117.79,117.79,6.097
2026-05-13T23:47:30.840023+00:00,gpu0_correctness,0,nocp_s4096_e4096,benchmark,32768,4096,4096,0,0,True,9328.38,516.26,516.26,516.26,6.097
2026-05-13T23:47:36.937491+00:00,gpu0_correctness,0,nocp_s4096_e4096,benchmark,65536,4096,4096,0,0,True,17416.01,1122.93,1122.93,1122.93,6.673
2026-05-13T23:47:43.610619+00:00,gpu0_correctness,0,nocp_s8192_e4096,correctness,2048,8192,4096,0,0,True,,,,,5.977
2026-05-13T23:47:49.587531+00:00,gpu0_correctness,0,nocp_s8192_e4096,correctness,8192,8192,4096,0,0,True,,,,,6.028
2026-05-13T23:47:55.616298+00:00,gpu0_correctness,0,nocp_s8192_e4096,benchmark,8192,8192,4096,0,0,True,4428.77,118.73,118.73,118.73,6.216
2026-05-13T23:47:55.616298+00:00,gpu0_correctness,0,nocp_s8192_e4096,benchmark,32768,8192,4096,0,0,True,9328.38,513.36,513.36,513.36,6.216
2026-05-13T23:48:01.832467+00:00,gpu0_correctness,0,nocp_s8192_e4096,benchmark,65536,8192,4096,0,0,True,17416.01,1108.58,1108.58,1108.58,6.298
2026-05-13T23:48:08.130810+00:00,gpu0_correctness,0,nocp_s8192_e8192,correctness,2048,8192,8192,0,0,True,,,,,6.649
2026-05-13T23:48:14.780202+00:00,gpu0_correctness,0,nocp_s8192_e8192,correctness,8192,8192,8192,0,0,True,,,,,6.122
2026-05-13T23:48:20.903016+00:00,gpu0_correctness,0,nocp_s8192_e8192,benchmark,8192,8192,8192,0,0,True,4300.63,76.23,76.23,76.23,5.226
2026-05-13T23:48:20.903016+00:00,gpu0_correctness,0,nocp_s8192_e8192,benchmark,32768,8192,8192,0,0,True,9328.38,326.54,326.54,326.54,5.226
2026-05-13T23:48:26.129294+00:00,gpu0_correctness,0,nocp_s8192_e8192,benchmark,65536,8192,8192,0,0,True,17416.01,701.66,701.66,701.66,5.416
2026-05-13T23:48:31.545559+00:00,gpu0_correctness,0,ckpt_s1024_e1024,correctness,2048,1024,1024,1,0,True,,,,,6.930
2026-05-13T23:48:38.475428+00:00,gpu0_correctness,0,ckpt_s1024_e1024,correctness,8192,1024,1024,1,0,True,,,,,7.249
2026-05-13T23:48:45.724919+00:00,gpu0_correctness,0,ckpt_s1024_e1024,benchmark,8192,1024,1024,1,0,True,4152.79,404.0,404.0,404.0,9.453
2026-05-13T23:48:45.724919+00:00,gpu0_correctness,0,ckpt_s1024_e1024,benchmark,32768,1024,1024,1,0,True,6954.88,1743.34,1743.34,1743.34,9.453
2026-05-13T23:48:55.178259+00:00,gpu0_correctness,0,ckpt_s1024_e1024,benchmark,65536,1024,1024,1,0,True,11272.01,3938.02,3938.02,3938.02,12.949
2026-05-13T23:49:08.128100+00:00,gpu0_correctness,0,ckpt_s2048_e1024,correctness,2048,2048,1024,1,0,True,,,,,7.011
2026-05-13T23:49:15.139404+00:00,gpu0_correctness,0,ckpt_s2048_e1024,correctness,8192,2048,1024,1,0,True,,,,,6.868
2026-05-13T23:49:22.007792+00:00,gpu0_correctness,0,ckpt_s2048_e1024,benchmark,8192,2048,1024,1,0,True,4153.66,402.15,402.15,402.15,9.927
2026-05-13T23:49:22.007792+00:00,gpu0_correctness,0,ckpt_s2048_e1024,benchmark,32768,2048,1024,1,0,True,6955.75,1742.22,1742.22,1742.22,9.927
2026-05-13T23:49:31.934776+00:00,gpu0_correctness,0,ckpt_s2048_e1024,benchmark,65536,2048,1024,1,0,True,11272.51,3800.15,3800.15,3800.15,12.366
2026-05-13T23:49:44.300845+00:00,gpu0_correctness,0,ckpt_s4096_e1024,correctness,2048,4096,1024,1,0,True,,,,,7.021
2026-05-13T23:49:51.321888+00:00,gpu0_correctness,0,ckpt_s4096_e1024,correctness,8192,4096,1024,1,0,True,,,,,7.064
2026-05-13T23:49:58.385807+00:00,gpu0_correctness,0,ckpt_s4096_e1024,benchmark,8192,4096,1024,1,0,True,4153.16,395.64,395.64,395.64,9.650
2026-05-13T23:49:58.385807+00:00,gpu0_correctness,0,ckpt_s4096_e1024,benchmark,32768,4096,1024,1,0,True,6955.25,1719.79,1719.79,1719.79,9.650
2026-05-13T23:50:08.035861+00:00,gpu0_correctness,0,ckpt_s4096_e1024,benchmark,65536,4096,1024,1,0,True,11272.51,3777.29,3777.29,3777.29,12.673
2026-05-13T23:50:20.709408+00:00,gpu0_correctness,0,ckpt_s2048_e2048,correctness,2048,2048,2048,1,0,True,,,,,6.985
2026-05-13T23:50:27.694787+00:00,gpu0_correctness,0,ckpt_s2048_e2048,correctness,8192,2048,2048,1,0,True,,,,,6.824
2026-05-13T23:50:34.519158+00:00,gpu0_correctness,0,ckpt_s2048_e2048,benchmark,8192,2048,2048,1,0,True,4133.78,213.28,213.28,213.28,7.849
2026-05-13T23:50:34.519158+00:00,gpu0_correctness,0,ckpt_s2048_e2048,benchmark,32768,2048,2048,1,0,True,6934.88,953.09,953.09,953.09,7.849
2026-05-13T23:50:42.368445+00:00,gpu0_correctness,0,ckpt_s2048_e2048,benchmark,65536,2048,2048,1,0,True,11272.01,2076.02,2076.02,2076.02,8.980
2026-05-13T23:50:51.349477+00:00,gpu0_correctness,0,ckpt_s4096_e2048,correctness,2048,4096,2048,1,0,True,,,,,7.032
2026-05-13T23:50:58.382199+00:00,gpu0_correctness,0,ckpt_s4096_e2048,correctness,8192,4096,2048,1,0,True,,,,,6.938
2026-05-13T23:51:05.320104+00:00,gpu0_correctness,0,ckpt_s4096_e2048,benchmark,8192,4096,2048,1,0,True,4132.78,217.12,217.12,217.12,8.017
2026-05-13T23:51:05.320104+00:00,gpu0_correctness,0,ckpt_s4096_e2048,benchmark,32768,4096,2048,1,0,True,6934.88,931.54,931.54,931.54,8.017
2026-05-13T23:51:13.337335+00:00,gpu0_correctness,0,ckpt_s4096_e2048,benchmark,65536,4096,2048,1,0,True,11272.01,2020.95,2020.95,2020.95,9.223
2026-05-13T23:51:22.561063+00:00,gpu0_correctness,0,ckpt_s8192_e2048,correctness,2048,8192,2048,1,0,True,,,,,7.104
2026-05-13T23:51:29.665205+00:00,gpu0_correctness,0,ckpt_s8192_e2048,correctness,8192,8192,2048,1,0,True,,,,,7.304
2026-05-13T23:51:36.969139+00:00,gpu0_correctness,0,ckpt_s8192_e2048,benchmark,8192,8192,2048,1,0,True,4132.78,219.99,219.99,219.99,7.638
2026-05-13T23:51:36.969139+00:00,gpu0_correctness,0,ckpt_s8192_e2048,benchmark,32768,8192,2048,1,0,True,6934.88,923.94,923.94,923.94,7.638
2026-05-13T23:51:44.607034+00:00,gpu0_correctness,0,ckpt_s8192_e2048,benchmark,65536,8192,2048,1,0,True,11272.01,2004.72,2004.72,2004.72,9.148
2026-05-13T23:51:53.755230+00:00,gpu0_correctness,0,ckpt_s4096_e4096,correctness,2048,4096,4096,1,0,True,,,,,6.638
2026-05-13T23:52:00.393137+00:00,gpu0_correctness,0,ckpt_s4096_e4096,correctness,8192,4096,4096,1,0,True,,,,,7.159
2026-05-13T23:52:07.552077+00:00,gpu0_correctness,0,ckpt_s4096_e4096,benchmark,8192,4096,4096,1,0,True,4092.77,127.34,127.34,127.34,7.121
2026-05-13T23:52:07.552077+00:00,gpu0_correctness,0,ckpt_s4096_e4096,benchmark,32768,4096,4096,1,0,True,6894.87,539.83,539.83,539.83,7.121
2026-05-13T23:52:14.673305+00:00,gpu0_correctness,0,ckpt_s4096_e4096,benchmark,65536,4096,4096,1,0,True,11272.01,1174.66,1174.66,1174.66,7.099
2026-05-13T23:52:21.773236+00:00,gpu0_correctness,0,ckpt_s8192_e4096,correctness,2048,8192,4096,1,0,True,,,,,6.928
2026-05-13T23:52:28.701169+00:00,gpu0_correctness,0,ckpt_s8192_e4096,correctness,8192,8192,4096,1,0,True,,,,,6.784
2026-05-13T23:52:35.485494+00:00,gpu0_correctness,0,ckpt_s8192_e4096,benchmark,8192,8192,4096,1,0,True,4092.77,252.56,252.56,252.56,6.517
2026-05-13T23:52:35.485494+00:00,gpu0_correctness,0,ckpt_s8192_e4096,benchmark,32768,8192,4096,1,0,True,6894.87,535.63,535.63,535.63,6.517
2026-05-13T23:52:42.002523+00:00,gpu0_correctness,0,ckpt_s8192_e4096,benchmark,65536,8192,4096,1,0,True,11272.01,1155.7,1155.7,1155.7,6.732
2026-05-13T23:52:48.735304+00:00,gpu0_correctness,0,ckpt_s16384_e4096,correctness,2048,16384,4096,1,0,True,,,,,6.786
2026-05-13T23:52:55.521301+00:00,gpu0_correctness,0,ckpt_s16384_e4096,correctness,8192,16384,4096,1,0,True,,,,,7.189
2026-05-13T23:53:02.710243+00:00,gpu0_correctness,0,ckpt_s16384_e4096,benchmark,8192,16384,4096,1,0,True,4092.77,232.88,232.88,232.88,6.818
2026-05-13T23:53:02.710243+00:00,gpu0_correctness,0,ckpt_s16384_e4096,benchmark,32768,16384,4096,1,0,True,6894.87,532.61,532.61,532.61,6.818
2026-05-13T23:53:09.528385+00:00,gpu0_correctness,0,ckpt_s16384_e4096,benchmark,65536,16384,4096,1,0,True,11272.01,1146.75,1146.75,1146.75,6.811
2026-05-13T23:53:16.339913+00:00,gpu0_correctness,0,ckpt_s8192_e8192,correctness,2048,8192,8192,1,0,True,,,,,7.197
2026-05-13T23:53:23.537400+00:00,gpu0_correctness,0,ckpt_s8192_e8192,correctness,8192,8192,8192,1,0,True,,,,,7.139
2026-05-13T23:53:30.677056+00:00,gpu0_correctness,0,ckpt_s8192_e8192,benchmark,8192,8192,8192,1,0,True,4012.63,81.82,81.82,81.82,6.453
2026-05-13T23:53:30.677056+00:00,gpu0_correctness,0,ckpt_s8192_e8192,benchmark,32768,8192,8192,1,0,True,6814.85,350.6,350.6,350.6,6.453
2026-05-13T23:53:37.130058+00:00,gpu0_correctness,0,ckpt_s8192_e8192,benchmark,65536,8192,8192,1,0,True,11272.01,748.82,748.82,748.82,6.048
2026-05-13T23:53:43.178518+00:00,gpu0_correctness,0,nocp_s2048_e2048,correctness,2048,2048,2048,0,0,True,,,,,6.183
2026-05-13T23:53:49.362082+00:00,gpu0_correctness,0,nocp_s2048_e2048,correctness,8192,2048,2048,0,0,True,,,,,6.807
2026-05-13T23:53:56.169254+00:00,gpu0_correctness,0,nocp_s2048_e2048,benchmark,8192,2048,2048,0,0,True,4526.78,203.01,203.01,203.01,7.320
2026-05-13T23:53:56.169254+00:00,gpu0_correctness,0,nocp_s2048_e2048,benchmark,32768,2048,2048,0,0,True,9474.38,892.24,892.24,892.24,7.320
2026-05-13T23:54:03.489292+00:00,gpu0_correctness,0,nocp_s2048_e2048,benchmark,65536,2048,2048,0,0,True,17708.01,1985.51,1985.51,1985.51,8.414
2026-05-13T23:54:11.903685+00:00,gpu0_correctness,0,nocp_s4096_e2048,correctness,2048,4096,2048,0,0,True,,,,,6.408
2026-05-13T23:54:18.311917+00:00,gpu0_correctness,0,nocp_s4096_e2048,correctness,8192,4096,2048,0,0,True,,,,,6.434
2026-05-13T23:54:24.746634+00:00,gpu0_correctness,0,nocp_s4096_e2048,benchmark,8192,4096,2048,0,0,True,4527.66,203.62,203.62,203.62,6.760
2026-05-13T23:54:24.746634+00:00,gpu0_correctness,0,nocp_s4096_e2048,benchmark,32768,4096,2048,0,0,True,9473.26,884.77,884.77,884.77,6.760
2026-05-13T23:54:31.506605+00:00,gpu0_correctness,0,nocp_s4096_e2048,benchmark,65536,4096,2048,0,0,True,17708.01,1938.79,1938.79,1938.79,7.641
2026-05-13T23:54:39.148309+00:00,gpu0_correctness,0,nocp_s4096_e4096,correctness,2048,4096,4096,0,0,True,,,,,5.932
2026-05-13T23:54:45.080550+00:00,gpu0_correctness,0,nocp_s4096_e4096,correctness,8192,4096,4096,0,0,True,,,,,6.274
2026-05-13T23:54:51.354628+00:00,gpu0_correctness,0,nocp_s4096_e4096,benchmark,8192,4096,4096,0,0,True,4428.77,118.91,118.91,118.91,6.061
2026-05-13T23:54:51.354628+00:00,gpu0_correctness,0,nocp_s4096_e4096,benchmark,32768,4096,4096,0,0,True,9328.38,516.08,516.08,516.08,6.061
2026-05-13T23:54:57.416361+00:00,gpu0_correctness,0,nocp_s4096_e4096,benchmark,65536,4096,4096,0,0,True,17416.01,1122.35,1122.35,1122.35,6.629
2026-05-13T23:55:04.045297+00:00,gpu0_correctness,0,nocp_s8192_e4096,correctness,2048,8192,4096,0,0,True,,,,,6.416
2026-05-13T23:55:10.461747+00:00,gpu0_correctness,0,nocp_s8192_e4096,correctness,8192,8192,4096,0,0,True,,,,,6.043
2026-05-13T23:55:16.504844+00:00,gpu0_correctness,0,nocp_s8192_e4096,benchmark,8192,8192,4096,0,0,True,4428.77,119.18,119.18,119.18,5.913
2026-05-13T23:55:16.504844+00:00,gpu0_correctness,0,nocp_s8192_e4096,benchmark,32768,8192,4096,0,0,True,9328.38,511.94,511.94,511.94,5.913
2026-05-13T23:55:22.418439+00:00,gpu0_correctness,0,nocp_s8192_e4096,benchmark,65536,8192,4096,0,0,True,17416.01,1134.92,1134.92,1134.92,6.695
2026-05-13T23:55:29.113602+00:00,gpu0_correctness,0,nocp_s8192_e8192,correctness,2048,8192,8192,0,0,True,,,,,5.934
2026-05-13T23:55:35.047989+00:00,gpu0_correctness,0,nocp_s8192_e8192,correctness,8192,8192,8192,0,0,True,,,,,6.404
2026-05-13T23:55:41.452702+00:00,gpu0_correctness,0,nocp_s8192_e8192,benchmark,8192,8192,8192,0,0,True,4300.63,75.73,75.73,75.73,5.594
2026-05-13T23:55:41.452702+00:00,gpu0_correctness,0,nocp_s8192_e8192,benchmark,32768,8192,8192,0,0,True,9328.38,327.21,327.21,327.21,5.594
2026-05-13T23:55:47.046835+00:00,gpu0_correctness,0,nocp_s8192_e8192,benchmark,65536,8192,8192,0,0,True,17416.01,700.73,700.73,700.73,5.410
2026-05-13T23:55:52.456913+00:00,gpu0_correctness,0,ckpt_s1024_e1024,correctness,2048,1024,1024,1,0,True,,,,,7.503
2026-05-13T23:55:59.960452+00:00,gpu0_correctness,0,ckpt_s1024_e1024,correctness,8192,1024,1024,1,0,True,,,,,7.002
2026-05-13T23:56:06.962795+00:00,gpu0_correctness,0,ckpt_s1024_e1024,benchmark,8192,1024,1024,1,0,True,4152.79,397.78,397.78,397.78,9.613
2026-05-13T23:56:06.962795+00:00,gpu0_correctness,0,ckpt_s1024_e1024,benchmark,32768,1024,1024,1,0,True,6954.88,1749.84,1749.84,1749.84,9.613
2026-05-13T23:56:16.576071+00:00,gpu0_correctness,0,ckpt_s1024_e1024,benchmark,65536,1024,1024,1,0,True,11272.01,3837.72,3837.72,3837.72,12.520
2026-05-13T23:56:29.096070+00:00,gpu0_correctness,0,ckpt_s2048_e1024,correctness,2048,2048,1024,1,0,True,,,,,7.062
2026-05-13T23:56:36.158475+00:00,gpu0_correctness,0,ckpt_s2048_e1024,correctness,8192,2048,1024,1,0,True,,,,,6.963
2026-05-13T23:56:43.122200+00:00,gpu0_correctness,0,ckpt_s2048_e1024,benchmark,8192,2048,1024,1,0,True,4153.66,396.59,396.59,396.59,9.538
2026-05-13T23:56:43.122200+00:00,gpu0_correctness,0,ckpt_s2048_e1024,benchmark,32768,2048,1024,1,0,True,6955.75,1767.94,1767.94,1767.94,9.538
2026-05-13T23:56:52.660918+00:00,gpu0_correctness,0,ckpt_s2048_e1024,benchmark,65536,2048,1024,1,0,True,11272.51,3827.13,3827.13,3827.13,12.592
2026-05-13T23:57:05.253948+00:00,gpu0_correctness,0,ckpt_s4096_e1024,correctness,2048,4096,1024,1,0,True,,,,,6.820
2026-05-13T23:57:12.073874+00:00,gpu0_correctness,0,ckpt_s4096_e1024,correctness,8192,4096,1024,1,0,True,,,,,7.186
2026-05-13T23:57:19.260172+00:00,gpu0_correctness,0,ckpt_s4096_e1024,benchmark,8192,4096,1024,1,0,True,4153.16,405.62,405.62,405.62,9.679
2026-05-13T23:57:19.260172+00:00,gpu0_correctness,0,ckpt_s4096_e1024,benchmark,32768,4096,1024,1,0,True,6955.25,1719.54,1719.54,1719.54,9.679
2026-05-13T23:57:28.939407+00:00,gpu0_correctness,0,ckpt_s4096_e1024,benchmark,65536,4096,1024,1,0,True,11272.51,3875.28,3875.28,3875.28,12.992
2026-05-13T23:57:41.931619+00:00,gpu0_correctness,0,ckpt_s2048_e2048,correctness,2048,2048,2048,1,0,True,,,,,6.546
2026-05-13T23:57:48.478148+00:00,gpu0_correctness,0,ckpt_s2048_e2048,correctness,8192,2048,2048,1,0,True,,,,,7.362
2026-05-13T23:57:55.840070+00:00,gpu0_correctness,0,ckpt_s2048_e2048,benchmark,8192,2048,2048,1,0,True,4133.78,213.72,213.72,213.72,7.611
2026-05-13T23:57:55.840070+00:00,gpu0_correctness,0,ckpt_s2048_e2048,benchmark,32768,2048,2048,1,0,True,6934.88,934.54,934.54,934.54,7.611
2026-05-13T23:58:03.451798+00:00,gpu0_correctness,0,ckpt_s2048_e2048,benchmark,65536,2048,2048,1,0,True,11272.01,2054.73,2054.73,2054.73,9.432
2026-05-13T23:58:12.884743+00:00,gpu0_correctness,0,ckpt_s4096_e2048,correctness,2048,4096,2048,1,0,True,,,,,6.734
2026-05-13T23:58:19.619424+00:00,gpu0_correctness,0,ckpt_s4096_e2048,correctness,8192,4096,2048,1,0,True,,,,,7.204
2026-05-13T23:58:26.823691+00:00,gpu0_correctness,0,ckpt_s4096_e2048,benchmark,8192,4096,2048,1,0,True,4132.78,213.48,213.48,213.48,8.142
2026-05-13T23:58:26.823691+00:00,gpu0_correctness,0,ckpt_s4096_e2048,benchmark,32768,4096,2048,1,0,True,6934.88,963.2,963.2,963.2,8.142
2026-05-13T23:58:34.966214+00:00,gpu0_correctness,0,ckpt_s4096_e2048,benchmark,65536,4096,2048,1,0,True,11272.01,2023.7,2023.7,2023.7,9.193
2026-05-13T23:58:44.160239+00:00,gpu0_correctness,0,ckpt_s8192_e2048,correctness,2048,8192,2048,1,0,True,,,,,7.212
2026-05-13T23:58:51.372336+00:00,gpu0_correctness,0,ckpt_s8192_e2048,correctness,8192,8192,2048,1,0,True,,,,,7.269
2026-05-13T23:58:58.641157+00:00,gpu0_correctness,0,ckpt_s8192_e2048,benchmark,8192,8192,2048,1,0,True,4132.78,213.32,213.32,213.32,7.473
2026-05-13T23:58:58.641157+00:00,gpu0_correctness,0,ckpt_s8192_e2048,benchmark,32768,8192,2048,1,0,True,6934.88,932.03,932.03,932.03,7.473
2026-05-13T23:59:06.114951+00:00,gpu0_correctness,0,ckpt_s8192_e2048,benchmark,65536,8192,2048,1,0,True,11272.01,2029.41,2029.41,2029.41,9.354
2026-05-13T23:59:15.469534+00:00,gpu0_correctness,0,ckpt_s4096_e4096,correctness,2048,4096,4096,1,0,True,,,,,7.124
2026-05-13T23:59:22.593715+00:00,gpu0_correctness,0,ckpt_s4096_e4096,correctness,8192,4096,4096,1,0,True,,,,,7.081
2026-05-13T23:59:29.674871+00:00,gpu0_correctness,0,ckpt_s4096_e4096,benchmark,8192,4096,4096,1,0,True,4092.77,126.57,126.57,126.57,6.382
2026-05-13T23:59:29.674871+00:00,gpu0_correctness,0,ckpt_s4096_e4096,benchmark,32768,4096,4096,1,0,True,6894.87,539.97,539.97,539.97,6.382
2026-05-13T23:59:36.056958+00:00,gpu0_correctness,0,ckpt_s4096_e4096,benchmark,65536,4096,4096,1,0,True,11272.01,1177.24,1177.24,1177.24,7.641
2026-05-13T23:59:43.698556+00:00,gpu0_correctness,0,ckpt_s8192_e4096,correctness,2048,8192,4096,1,0,True,,,,,6.681
2026-05-13T23:59:50.379618+00:00,gpu0_correctness,0,ckpt_s8192_e4096,correctness,8192,8192,4096,1,0,True,,,,,6.752
2026-05-13T23:59:57.131479+00:00,gpu0_correctness,0,ckpt_s8192_e4096,benchmark,8192,8192,4096,1,0,True,4092.77,275.19,275.19,275.19,7.059
2026-05-13T23:59:57.131479+00:00,gpu0_correctness,0,ckpt_s8192_e4096,benchmark,32768,8192,4096,1,0,True,6894.87,539.16,539.16,539.16,7.059
2026-05-14T00:00:04.191089+00:00,gpu0_correctness,0,ckpt_s8192_e4096,benchmark,65536,8192,4096,1,0,True,11272.01,1163.8,1163.8,1163.8,6.888
2026-05-14T00:00:11.079753+00:00,gpu0_correctness,0,ckpt_s16384_e4096,correctness,2048,16384,4096,1,0,True,,,,,6.892
2026-05-14T00:00:17.972203+00:00,gpu0_correctness,0,ckpt_s16384_e4096,correctness,8192,16384,4096,1,0,True,,,,,7.639
2026-05-14T00:00:25.611367+00:00,gpu0_correctness,0,ckpt_s16384_e4096,benchmark,8192,16384,4096,1,0,True,4092.77,288.77,288.77,288.77,7.008
2026-05-14T00:00:25.611367+00:00,gpu0_correctness,0,ckpt_s16384_e4096,benchmark,32768,16384,4096,1,0,True,6894.87,536.99,536.99,536.99,7.008
2026-05-14T00:00:32.620113+00:00,gpu0_correctness,0,ckpt_s16384_e4096,benchmark,65536,16384,4096,1,0,True,11272.01,1146.72,1146.72,1146.72,7.174
2026-05-14T00:00:39.795015+00:00,gpu0_correctness,0,ckpt_s8192_e8192,correctness,2048,8192,8192,1,0,True,,,,,6.876
2026-05-14T00:00:46.671516+00:00,gpu0_correctness,0,ckpt_s8192_e8192,correctness,8192,8192,8192,1,0,True,,,,,7.093
2026-05-14T00:00:53.764463+00:00,gpu0_correctness,0,ckpt_s8192_e8192,benchmark,8192,8192,8192,1,0,True,4012.63,83.12,83.12,83.12,6.372
2026-05-14T00:00:53.764463+00:00,gpu0_correctness,0,ckpt_s8192_e8192,benchmark,32768,8192,8192,1,0,True,6814.85,352.68,352.68,352.68,6.372
2026-05-14T00:01:00.136605+00:00,gpu0_correctness,0,ckpt_s8192_e8192,benchmark,65536,8192,8192,1,0,True,11272.01,753.89,753.89,753.89,6.137
2026-05-14T00:01:06.274326+00:00,gpu0_correctness,0,nocp_s2048_e2048,correctness,2048,2048,2048,0,0,True,,,,,5.639
2026-05-14T00:01:11.913619+00:00,gpu0_correctness,0,nocp_s2048_e2048,correctness,8192,2048,2048,0,0,True,,,,,6.174
2026-05-14T00:01:18.087643+00:00,gpu0_correctness,0,nocp_s2048_e2048,benchmark,8192,2048,2048,0,0,True,4526.78,213.54,213.54,213.54,7.080
2026-05-14T00:01:18.087643+00:00,gpu0_correctness,0,nocp_s2048_e2048,benchmark,32768,2048,2048,0,0,True,9474.38,895.51,895.51,895.51,7.080
2026-05-14T00:01:25.168032+00:00,gpu0_correctness,0,nocp_s2048_e2048,benchmark,65536,2048,2048,0,0,True,17708.01,1963.3,1963.3,1963.3,8.322
2026-05-14T00:01:33.490287+00:00,gpu0_correctness,0,nocp_s4096_e2048,correctness,2048,4096,2048,0,0,True,,,,,6.073
2026-05-14T00:01:39.563278+00:00,gpu0_correctness,0,nocp_s4096_e2048,correctness,8192,4096,2048,0,0,True,,,,,6.402
2026-05-14T00:01:45.965446+00:00,gpu0_correctness,0,nocp_s4096_e2048,benchmark,8192,4096,2048,0,0,True,4527.66,202.33,202.33,202.33,6.467
2026-05-14T00:01:45.965446+00:00,gpu0_correctness,0,nocp_s4096_e2048,benchmark,32768,4096,2048,0,0,True,9473.26,886.25,886.25,886.25,6.467
2026-05-14T00:01:52.432604+00:00,gpu0_correctness,0,nocp_s4096_e2048,benchmark,65536,4096,2048,0,0,True,17708.01,1953.26,1953.26,1953.26,8.121
2026-05-14T00:02:00.553897+00:00,gpu0_correctness,0,nocp_s4096_e4096,correctness,2048,4096,4096,0,0,True,,,,,5.620
2026-05-14T00:02:06.174182+00:00,gpu0_correctness,0,nocp_s4096_e4096,correctness,8192,4096,4096,0,0,True,,,,,6.578
2026-05-14T00:02:12.752387+00:00,gpu0_correctness,0,nocp_s4096_e4096,benchmark,8192,4096,4096,0,0,True,4428.77,119.65,119.65,119.65,6.071
2026-05-14T00:02:12.752387+00:00,gpu0_correctness,0,nocp_s4096_e4096,benchmark,32768,4096,4096,0,0,True,9328.38,515.77,515.77,515.77,6.071
2026-05-14T00:02:18.823566+00:00,gpu0_correctness,0,nocp_s4096_e4096,benchmark,65536,4096,4096,0,0,True,17416.01,1122.68,1122.68,1122.68,6.527
2026-05-14T00:02:25.351127+00:00,gpu0_correctness,0,nocp_s8192_e4096,correctness,2048,8192,4096,0,0,True,,,,,5.893
2026-05-14T00:02:31.244400+00:00,gpu0_correctness,0,nocp_s8192_e4096,correctness,8192,8192,4096,0,0,True,,,,,6.651
2026-05-14T00:02:37.896099+00:00,gpu0_correctness,0,nocp_s8192_e4096,benchmark,8192,8192,4096,0,0,True,4428.77,118.43,118.43,118.43,6.173
2026-05-14T00:02:37.896099+00:00,gpu0_correctness,0,nocp_s8192_e4096,benchmark,32768,8192,4096,0,0,True,9328.38,511.95,511.95,511.95,6.173
2026-05-14T00:02:44.069560+00:00,gpu0_correctness,0,nocp_s8192_e4096,benchmark,65536,8192,4096,0,0,True,17416.01,1108.23,1108.23,1108.23,6.528
2026-05-14T00:02:50.598455+00:00,gpu0_correctness,0,nocp_s8192_e8192,correctness,2048,8192,8192,0,0,True,,,,,6.330
2026-05-14T00:02:56.928953+00:00,gpu0_correctness,0,nocp_s8192_e8192,correctness,8192,8192,8192,0,0,True,,,,,6.378
2026-05-14T00:03:03.307243+00:00,gpu0_correctness,0,nocp_s8192_e8192,benchmark,8192,8192,8192,0,0,True,4300.63,76.87,76.87,76.87,5.723
2026-05-14T00:03:03.307243+00:00,gpu0_correctness,0,nocp_s8192_e8192,benchmark,32768,8192,8192,0,0,True,9328.38,326.6,326.6,326.6,5.723
2026-05-14T00:03:09.030656+00:00,gpu0_correctness,0,nocp_s8192_e8192,benchmark,65536,8192,8192,0,0,True,17416.01,701.34,701.34,701.34,5.681
2026-05-14T00:03:14.712385+00:00,gpu0_correctness,0,ckpt_s1024_e1024,correctness,2048,1024,1024,1,0,True,,,,,7.093
2026-05-14T00:03:21.805403+00:00,gpu0_correctness,0,ckpt_s1024_e1024,correctness,8192,1024,1024,1,0,True,,,,,6.906
2026-05-14T00:03:28.712268+00:00,gpu0_correctness,0,ckpt_s1024_e1024,benchmark,8192,1024,1024,1,0,True,4152.79,407.58,407.58,407.58,9.869
2026-05-14T00:03:28.712268+00:00,gpu0_correctness,0,ckpt_s1024_e1024,benchmark,32768,1024,1024,1,0,True,6954.88,1750.1,1750.1,1750.1,9.869
2026-05-14T00:03:38.581945+00:00,gpu0_correctness,0,ckpt_s1024_e1024,benchmark,65536,1024,1024,1,0,True,11272.01,3946.64,3946.64,3946.64,12.702
2026-05-14T00:03:51.284259+00:00,gpu0_correctness,0,ckpt_s2048_e1024,correctness,2048,2048,1024,1,0,True,,,,,7.262
2026-05-14T00:03:58.547028+00:00,gpu0_correctness,0,ckpt_s2048_e1024,correctness,8192,2048,1024,1,0,True,,,,,6.917
2026-05-14T00:04:05.464638+00:00,gpu0_correctness,0,ckpt_s2048_e1024,benchmark,8192,2048,1024,1,0,True,4153.66,402.99,402.99,402.99,9.410
2026-05-14T00:04:05.464638+00:00,gpu0_correctness,0,ckpt_s2048_e1024,benchmark,32768,2048,1024,1,0,True,6955.75,1751.87,1751.87,1751.87,9.410
2026-05-14T00:04:14.875375+00:00,gpu0_correctness,0,ckpt_s2048_e1024,benchmark,65536,2048,1024,1,0,True,11272.51,3791.34,3791.34,3791.34,12.424
2026-05-14T00:04:27.299726+00:00,gpu0_correctness,0,ckpt_s4096_e1024,correctness,2048,4096,1024,1,0,True,,,,,6.525
2026-05-14T00:04:33.825077+00:00,gpu0_correctness,0,ckpt_s4096_e1024,correctness,8192,4096,1024,1,0,True,,,,,7.728
2026-05-14T00:04:41.552981+00:00,gpu0_correctness,0,ckpt_s4096_e1024,benchmark,8192,4096,1024,1,0,True,4153.16,395.44,395.44,395.44,9.788
2026-05-14T00:04:41.552981+00:00,gpu0_correctness,0,ckpt_s4096_e1024,benchmark,32768,4096,1024,1,0,True,6955.25,1787.02,1787.02,1787.02,9.788
2026-05-14T00:04:51.341815+00:00,gpu0_correctness,0,ckpt_s4096_e1024,benchmark,65536,4096,1024,1,0,True,11272.51,3811.88,3811.88,3811.88,11.874
2026-05-14T00:05:03.216149+00:00,gpu0_correctness,0,ckpt_s2048_e2048,correctness,2048,2048,2048,1,0,True,,,,,7.202
2026-05-14T00:05:10.418039+00:00,gpu0_correctness,0,ckpt_s2048_e2048,correctness,8192,2048,2048,1,0,True,,,,,7.015
2026-05-14T00:05:17.433070+00:00,gpu0_correctness,0,ckpt_s2048_e2048,benchmark,8192,2048,2048,1,0,True,4133.78,216.09,216.09,216.09,7.504
2026-05-14T00:05:17.433070+00:00,gpu0_correctness,0,ckpt_s2048_e2048,benchmark,32768,2048,2048,1,0,True,6934.88,933.3,933.3,933.3,7.504
2026-05-14T00:05:24.937916+00:00,gpu0_correctness,0,ckpt_s2048_e2048,benchmark,65536,2048,2048,1,0,True,11272.01,2087.74,2087.74,2087.74,9.197
2026-05-14T00:05:34.135078+00:00,gpu0_correctness,0,ckpt_s4096_e2048,correctness,2048,4096,2048,1,0,True,,,,,7.303
2026-05-14T00:05:41.437994+00:00,gpu0_correctness,0,ckpt_s4096_e2048,correctness,8192,4096,2048,1,0,True,,,,,7.925
2026-05-14T00:05:49.363397+00:00,gpu0_correctness,0,ckpt_s4096_e2048,benchmark,8192,4096,2048,1,0,True,4132.78,218.16,218.16,218.16,7.955
2026-05-14T00:05:49.363397+00:00,gpu0_correctness,0,ckpt_s4096_e2048,benchmark,32768,4096,2048,1,0,True,6934.88,941.01,941.01,941.01,7.955
2026-05-14T00:05:57.319120+00:00,gpu0_correctness,0,ckpt_s4096_e2048,benchmark,65536,4096,2048,1,0,True,11272.01,2029.49,2029.49,2029.49,9.300
2026-05-14T00:06:06.619415+00:00,gpu0_correctness,0,ckpt_s8192_e2048,correctness,2048,8192,2048,1,0,True,,,,,6.978
2026-05-14T00:06:13.597958+00:00,gpu0_correctness,0,ckpt_s8192_e2048,correctness,8192,8192,2048,1,0,True,,,,,6.990
2026-05-14T00:06:20.588055+00:00,gpu0_correctness,0,ckpt_s8192_e2048,benchmark,8192,8192,2048,1,0,True,4132.78,223.16,223.16,223.16,7.780
2026-05-14T00:06:20.588055+00:00,gpu0_correctness,0,ckpt_s8192_e2048,benchmark,32768,8192,2048,1,0,True,6934.88,925.28,925.28,925.28,7.780
2026-05-14T00:06:28.368692+00:00,gpu0_correctness,0,ckpt_s8192_e2048,benchmark,65536,8192,2048,1,0,True,11272.01,2020.34,2020.34,2020.34,8.860
2026-05-14T00:06:37.228948+00:00,gpu0_correctness,0,ckpt_s4096_e4096,correctness,2048,4096,4096,1,0,True,,,,,6.864
2026-05-14T00:06:44.093139+00:00,gpu0_correctness,0,ckpt_s4096_e4096,correctness,8192,4096,4096,1,0,True,,,,,7.279
2026-05-14T00:06:51.372442+00:00,gpu0_correctness,0,ckpt_s4096_e4096,benchmark,8192,4096,4096,1,0,True,4092.77,126.43,126.43,126.43,6.977
2026-05-14T00:06:51.372442+00:00,gpu0_correctness,0,ckpt_s4096_e4096,benchmark,32768,4096,4096,1,0,True,6894.87,539.51,539.51,539.51,6.977
2026-05-14T00:06:58.349994+00:00,gpu0_correctness,0,ckpt_s4096_e4096,benchmark,65536,4096,4096,1,0,True,11272.01,1168.55,1168.55,1168.55,6.964
2026-05-14T00:07:05.314751+00:00,gpu0_correctness,0,ckpt_s8192_e4096,correctness,2048,8192,4096,1,0,True,,,,,6.799
2026-05-14T00:07:12.113984+00:00,gpu0_correctness,0,ckpt_s8192_e4096,correctness,8192,8192,4096,1,0,True,,,,,6.828
2026-05-14T00:07:18.941879+00:00,gpu0_correctness,0,ckpt_s8192_e4096,benchmark,8192,8192,4096,1,0,True,4092.77,281.12,281.12,281.12,6.849
2026-05-14T00:07:18.941879+00:00,gpu0_correctness,0,ckpt_s8192_e4096,benchmark,32768,8192,4096,1,0,True,6894.87,537.63,537.63,537.63,6.849
2026-05-14T00:07:25.791321+00:00,gpu0_correctness,0,ckpt_s8192_e4096,benchmark,65536,8192,4096,1,0,True,11272.01,1160.52,1160.52,1160.52,7.189
2026-05-14T00:07:32.980455+00:00,gpu0_correctness,0,ckpt_s16384_e4096,correctness,2048,16384,4096,1,0,True,,,,,6.850
2026-05-14T00:07:39.830780+00:00,gpu0_correctness,0,ckpt_s16384_e4096,correctness,8192,16384,4096,1,0,True,,,,,7.524
2026-05-14T00:07:47.354958+00:00,gpu0_correctness,0,ckpt_s16384_e4096,benchmark,8192,16384,4096,1,0,True,4092.77,261.63,261.63,261.63,7.662
2026-05-14T00:07:47.354958+00:00,gpu0_correctness,0,ckpt_s16384_e4096,benchmark,32768,16384,4096,1,0,True,6894.87,534.37,534.37,534.37,7.662
2026-05-14T00:07:55.016991+00:00,gpu0_correctness,0,ckpt_s16384_e4096,benchmark,65536,16384,4096,1,0,True,11272.01,1174.05,1174.05,1174.05,7.096
2026-05-14T00:08:02.113819+00:00,gpu0_correctness,0,ckpt_s8192_e8192,correctness,2048,8192,8192,1,0,True,,,,,6.771
2026-05-14T00:08:08.885559+00:00,gpu0_correctness,0,ckpt_s8192_e8192,correctness,8192,8192,8192,1,0,True,,,,,7.245
2026-05-14T00:08:16.130640+00:00,gpu0_correctness,0,ckpt_s8192_e8192,benchmark,8192,8192,8192,1,0,True,4012.63,83.49,83.49,83.49,6.428
2026-05-14T00:08:16.130640+00:00,gpu0_correctness,0,ckpt_s8192_e8192,benchmark,32768,8192,8192,1,0,True,6814.85,351.66,351.66,351.66,6.428
2026-05-14T00:08:22.559347+00:00,gpu0_correctness,0,ckpt_s8192_e8192,benchmark,65536,8192,8192,1,0,True,11272.01,747.89,747.89,747.89,6.073
2026-05-14T00:08:28.632737+00:00,gpu0_correctness,0,nocp_s2048_e2048,correctness,2048,2048,2048,0,0,True,,,,,5.785
2026-05-14T00:08:34.417834+00:00,gpu0_correctness,0,nocp_s2048_e2048,correctness,8192,2048,2048,0,0,True,,,,,6.280
2026-05-14T00:08:40.698637+00:00,gpu0_correctness,0,nocp_s2048_e2048,benchmark,8192,2048,2048,0,0,True,4526.78,206.11,206.11,206.11,6.893
2026-05-14T00:08:40.698637+00:00,gpu0_correctness,0,nocp_s2048_e2048,benchmark,32768,2048,2048,0,0,True,9474.38,909.2,909.2,909.2,6.893
2026-05-14T00:08:47.592395+00:00,gpu0_correctness,0,nocp_s2048_e2048,benchmark,65536,2048,2048,0,0,True,17708.01,1963.95,1963.95,1963.95,8.432
2026-05-14T00:08:56.024373+00:00,gpu0_correctness,0,nocp_s4096_e2048,correctness,2048,4096,2048,0,0,True,,,,,6.422
2026-05-14T00:09:02.446558+00:00,gpu0_correctness,0,nocp_s4096_e2048,correctness,8192,4096,2048,0,0,True,,,,,6.329
2026-05-14T00:09:08.775629+00:00,gpu0_correctness,0,nocp_s4096_e2048,benchmark,8192,4096,2048,0,0,True,4527.66,204.71,204.71,204.71,7.466
2026-05-14T00:09:08.775629+00:00,gpu0_correctness,0,nocp_s4096_e2048,benchmark,32768,4096,2048,0,0,True,9473.26,885.55,885.55,885.55,7.466
2026-05-14T00:09:16.241843+00:00,gpu0_correctness,0,nocp_s4096_e2048,benchmark,65536,4096,2048,0,0,True,17708.01,1954.34,1954.34,1954.34,8.354
2026-05-14T00:09:24.596388+00:00,gpu0_correctness,0,nocp_s4096_e4096,correctness,2048,4096,4096,0,0,True,,,,,6.004
2026-05-14T00:09:30.600407+00:00,gpu0_correctness,0,nocp_s4096_e4096,correctness,8192,4096,4096,0,0,True,,,,,6.617
2026-05-14T00:09:37.217374+00:00,gpu0_correctness,0,nocp_s4096_e4096,benchmark,8192,4096,4096,0,0,True,4428.77,124.19,124.19,124.19,6.358
2026-05-14T00:09:37.217374+00:00,gpu0_correctness,0,nocp_s4096_e4096,benchmark,32768,4096,4096,0,0,True,9328.38,516.58,516.58,516.58,6.358
2026-05-14T00:09:43.576114+00:00,gpu0_correctness,0,nocp_s4096_e4096,benchmark,65536,4096,4096,0,0,True,17416.01,1122.74,1122.74,1122.74,6.326
2026-05-14T00:09:49.902625+00:00,gpu0_correctness,0,nocp_s8192_e4096,correctness,2048,8192,4096,0,0,True,,,,,6.350
2026-05-14T00:09:56.253084+00:00,gpu0_correctness,0,nocp_s8192_e4096,correctness,8192,8192,4096,0,0,True,,,,,6.397
2026-05-14T00:10:02.650818+00:00,gpu0_correctness,0,nocp_s8192_e4096,benchmark,8192,8192,4096,0,0,True,4428.77,118.01,118.01,118.01,5.862
2026-05-14T00:10:02.650818+00:00,gpu0_correctness,0,nocp_s8192_e4096,benchmark,32768,8192,4096,0,0,True,9328.38,512.66,512.66,512.66,5.862
2026-05-14T00:10:08.513383+00:00,gpu0_correctness,0,nocp_s8192_e4096,benchmark,65536,8192,4096,0,0,True,17416.01,1111.95,1111.95,1111.95,6.431
2026-05-14T00:10:14.945406+00:00,gpu0_correctness,0,nocp_s8192_e8192,correctness,2048,8192,8192,0,0,True,,,,,6.235
2026-05-14T00:10:21.180679+00:00,gpu0_correctness,0,nocp_s8192_e8192,correctness,8192,8192,8192,0,0,True,,,,,6.709
2026-05-14T00:10:27.889762+00:00,gpu0_correctness,0,nocp_s8192_e8192,benchmark,8192,8192,8192,0,0,True,4300.63,75.45,75.45,75.45,5.638
2026-05-14T00:10:27.889762+00:00,gpu0_correctness,0,nocp_s8192_e8192,benchmark,32768,8192,8192,0,0,True,9328.38,326.95,326.95,326.95,5.638
2026-05-14T00:10:33.528538+00:00,gpu0_correctness,0,nocp_s8192_e8192,benchmark,65536,8192,8192,0,0,True,17416.01,701.76,701.76,701.76,5.474
2026-05-14T00:10:39.003053+00:00,gpu0_correctness,0,ckpt_s1024_e1024,correctness,2048,1024,1024,1,0,True,,,,,6.716
2026-05-14T00:10:45.718817+00:00,gpu0_correctness,0,ckpt_s1024_e1024,correctness,8192,1024,1024,1,0,True,,,,,6.829
2026-05-14T00:10:52.548006+00:00,gpu0_correctness,0,ckpt_s1024_e1024,benchmark,8192,1024,1024,1,0,True,4152.79,406.59,406.59,406.59,10.351
2026-05-14T00:10:52.548006+00:00,gpu0_correctness,0,ckpt_s1024_e1024,benchmark,32768,1024,1024,1,0,True,6954.88,1765.99,1765.99,1765.99,10.351
2026-05-14T00:11:02.899588+00:00,gpu0_correctness,0,ckpt_s1024_e1024,benchmark,65536,1024,1024,1,0,True,11272.01,3890.23,3890.23,3890.23,12.843
2026-05-14T00:11:15.743111+00:00,gpu0_correctness,0,ckpt_s2048_e1024,correctness,2048,2048,1024,1,0,True,,,,,6.962
2026-05-14T00:11:22.705444+00:00,gpu0_correctness,0,ckpt_s2048_e1024,correctness,8192,2048,1024,1,0,True,,,,,6.713
2026-05-14T00:11:29.418535+00:00,gpu0_correctness,0,ckpt_s2048_e1024,benchmark,8192,2048,1024,1,0,True,4153.66,396.08,396.08,396.08,9.471
2026-05-14T00:11:29.418535+00:00,gpu0_correctness,0,ckpt_s2048_e1024,benchmark,32768,2048,1024,1,0,True,6955.75,1727.64,1727.64,1727.64,9.471
2026-05-14T00:11:38.889384+00:00,gpu0_correctness,0,ckpt_s2048_e1024,benchmark,65536,2048,1024,1,0,True,11272.51,3838.57,3838.57,3838.57,12.698
2026-05-14T00:11:51.587774+00:00,gpu0_correctness,0,ckpt_s4096_e1024,correctness,2048,4096,1024,1,0,True,,,,,6.913
2026-05-14T00:11:58.500676+00:00,gpu0_correctness,0,ckpt_s4096_e1024,correctness,8192,4096,1024,1,0,True,,,,,7.200
2026-05-14T00:12:05.701137+00:00,gpu0_correctness,0,ckpt_s4096_e1024,benchmark,8192,4096,1024,1,0,True,4153.16,400.64,400.64,400.64,9.851
2026-05-14T00:12:05.701137+00:00,gpu0_correctness,0,ckpt_s4096_e1024,benchmark,32768,4096,1024,1,0,True,6955.25,1721.56,1721.56,1721.56,9.851
2026-05-14T00:12:15.552486+00:00,gpu0_correctness,0,ckpt_s4096_e1024,benchmark,65536,4096,1024,1,0,True,11272.51,3770.47,3770.47,3770.47,12.132
2026-05-14T00:12:27.684584+00:00,gpu0_correctness,0,ckpt_s2048_e2048,correctness,2048,2048,2048,1,0,True,,,,,7.007
2026-05-14T00:12:34.691893+00:00,gpu0_correctness,0,ckpt_s2048_e2048,correctness,8192,2048,2048,1,0,True,,,,,7.226
2026-05-14T00:12:41.917918+00:00,gpu0_correctness,0,ckpt_s2048_e2048,benchmark,8192,2048,2048,1,0,True,4133.78,218.22,218.22,218.22,7.907
2026-05-14T00:12:41.917918+00:00,gpu0_correctness,0,ckpt_s2048_e2048,benchmark,32768,2048,2048,1,0,True,6934.88,943.53,943.53,943.53,7.907
2026-05-14T00:12:49.825519+00:00,gpu0_correctness,0,ckpt_s2048_e2048,benchmark,65536,2048,2048,1,0,True,11272.01,2050.31,2050.31,2050.31,9.114
2026-05-14T00:12:58.939939+00:00,gpu0_correctness,0,ckpt_s4096_e2048,correctness,2048,4096,2048,1,0,True,,,,,6.872
2026-05-14T00:13:05.812415+00:00,gpu0_correctness,0,ckpt_s4096_e2048,correctness,8192,4096,2048,1,0,True,,,,,7.268
2026-05-14T00:13:13.080276+00:00,gpu0_correctness,0,ckpt_s4096_e2048,benchmark,8192,4096,2048,1,0,True,4132.78,216.66,216.66,216.66,7.752
2026-05-14T00:13:13.080276+00:00,gpu0_correctness,0,ckpt_s4096_e2048,benchmark,32768,4096,2048,1,0,True,6934.88,935.49,935.49,935.49,7.752
2026-05-14T00:13:20.832526+00:00,gpu0_correctness,0,ckpt_s4096_e2048,benchmark,65536,4096,2048,1,0,True,11272.01,2085.18,2085.18,2085.18,9.118
2026-05-14T00:13:29.951357+00:00,gpu0_correctness,0,ckpt_s8192_e2048,correctness,2048,8192,2048,1,0,True,,,,,6.775
2026-05-14T00:13:36.726405+00:00,gpu0_correctness,0,ckpt_s8192_e2048,correctness,8192,8192,2048,1,0,True,,,,,7.124
2026-05-14T00:13:43.851147+00:00,gpu0_correctness,0,ckpt_s8192_e2048,benchmark,8192,8192,2048,1,0,True,4132.78,214.56,214.56,214.56,7.786
2026-05-14T00:13:43.851147+00:00,gpu0_correctness,0,ckpt_s8192_e2048,benchmark,32768,8192,2048,1,0,True,6934.88,924.49,924.49,924.49,7.786
2026-05-14T00:13:51.637312+00:00,gpu0_correctness,0,ckpt_s8192_e2048,benchmark,65536,8192,2048,1,0,True,11272.01,2033.99,2033.99,2033.99,8.713
2026-05-14T00:14:00.350537+00:00,gpu0_correctness,0,ckpt_s4096_e4096,correctness,2048,4096,4096,1,0,True,,,,,7.395
2026-05-14T00:14:07.745557+00:00,gpu0_correctness,0,ckpt_s4096_e4096,correctness,8192,4096,4096,1,0,True,,,,,7.076
2026-05-14T00:14:14.821541+00:00,gpu0_correctness,0,ckpt_s4096_e4096,benchmark,8192,4096,4096,1,0,True,4092.77,125.53,125.53,125.53,6.774
2026-05-14T00:14:14.821541+00:00,gpu0_correctness,0,ckpt_s4096_e4096,benchmark,32768,4096,4096,1,0,True,6894.87,541.9,541.9,541.9,6.774
2026-05-14T00:14:21.595885+00:00,gpu0_correctness,0,ckpt_s4096_e4096,benchmark,65536,4096,4096,1,0,True,11272.01,1176.37,1176.37,1176.37,7.711
2026-05-14T00:14:29.306962+00:00,gpu0_correctness,0,ckpt_s8192_e4096,correctness,2048,8192,4096,1,0,True,,,,,7.053
2026-05-14T00:14:36.360386+00:00,gpu0_correctness,0,ckpt_s8192_e4096,correctness,8192,8192,4096,1,0,True,,,,,7.092
2026-05-14T00:14:43.452732+00:00,gpu0_correctness,0,ckpt_s8192_e4096,benchmark,8192,8192,4096,1,0,True,4092.77,235.16,235.16,235.16,6.678
2026-05-14T00:14:43.452732+00:00,gpu0_correctness,0,ckpt_s8192_e4096,benchmark,32768,8192,4096,1,0,True,6894.87,536.24,536.24,536.24,6.678
2026-05-14T00:14:50.130647+00:00,gpu0_correctness,0,ckpt_s8192_e4096,benchmark,65536,8192,4096,1,0,True,11272.01,1155.39,1155.39,1155.39,7.070
2026-05-14T00:14:57.201625+00:00,gpu0_correctness,0,ckpt_s16384_e4096,correctness,2048,16384,4096,1,0,True,,,,,7.443
2026-05-14T00:15:04.645064+00:00,gpu0_correctness,0,ckpt_s16384_e4096,correctness,8192,16384,4096,1,0,True,,,,,7.380
2026-05-14T00:15:12.025097+00:00,gpu0_correctness,0,ckpt_s16384_e4096,benchmark,8192,16384,4096,1,0,True,4092.77,280.44,280.44,280.44,6.929
2026-05-14T00:15:12.025097+00:00,gpu0_correctness,0,ckpt_s16384_e4096,benchmark,32768,16384,4096,1,0,True,6894.87,534.38,534.38,534.38,6.929
2026-05-14T00:15:18.954327+00:00,gpu0_correctness,0,ckpt_s16384_e4096,benchmark,65536,16384,4096,1,0,True,11272.01,1145.07,1145.07,1145.07,7.456
2026-05-14T00:15:26.410585+00:00,gpu0_correctness,0,ckpt_s8192_e8192,correctness,2048,8192,8192,1,0,True,,,,,6.820
2026-05-14T00:15:33.231295+00:00,gpu0_correctness,0,ckpt_s8192_e8192,correctness,8192,8192,8192,1,0,True,,,,,7.573
2026-05-14T00:15:40.804923+00:00,gpu0_correctness,0,ckpt_s8192_e8192,benchmark,8192,8192,8192,1,0,True,4012.63,83.9,83.9,83.9,6.973
2026-05-14T00:15:40.804923+00:00,gpu0_correctness,0,ckpt_s8192_e8192,benchmark,32768,8192,8192,1,0,True,6814.85,352.75,352.75,352.75,6.973
2026-05-14T00:15:47.778028+00:00,gpu0_correctness,0,ckpt_s8192_e8192,benchmark,65536,8192,8192,1,0,True,11272.01,749.19,749.19,749.19,6.554
2026-05-14T00:15:54.332022+00:00,gpu0_correctness,0,nocp_s2048_e2048,correctness,2048,2048,2048,0,0,True,,,,,6.560
2026-05-14T00:16:00.892774+00:00,gpu0_correctness,0,nocp_s2048_e2048,correctness,8192,2048,2048,0,0,True,,,,,6.471
2026-05-14T00:16:07.363803+00:00,gpu0_correctness,0,nocp_s2048_e2048,benchmark,8192,2048,2048,0,0,True,4526.78,204.13,204.13,204.13,7.022
2026-05-14T00:16:07.363803+00:00,gpu0_correctness,0,nocp_s2048_e2048,benchmark,32768,2048,2048,0,0,True,9474.38,914.48,914.48,914.48,7.022
2026-05-14T00:16:14.385755+00:00,gpu0_correctness,0,nocp_s2048_e2048,benchmark,65536,2048,2048,0,0,True,17708.01,1963.54,1963.54,1963.54,8.301
2026-05-14T00:16:22.687385+00:00,gpu0_correctness,0,nocp_s4096_e2048,correctness,2048,4096,2048,0,0,True,,,,,6.092
2026-05-14T00:16:28.779691+00:00,gpu0_correctness,0,nocp_s4096_e2048,correctness,8192,4096,2048,0,0,True,,,,,6.498
2026-05-14T00:16:35.277609+00:00,gpu0_correctness,0,nocp_s4096_e2048,benchmark,8192,4096,2048,0,0,True,4527.66,203.2,203.2,203.2,6.952
2026-05-14T00:16:35.277609+00:00,gpu0_correctness,0,nocp_s4096_e2048,benchmark,32768,4096,2048,0,0,True,9473.26,884.96,884.96,884.96,6.952
2026-05-14T00:16:42.230274+00:00,gpu0_correctness,0,nocp_s4096_e2048,benchmark,65536,4096,2048,0,0,True,17708.01,1934.55,1934.55,1934.55,8.395
2026-05-14T00:16:50.625624+00:00,gpu0_correctness,0,nocp_s4096_e4096,correctness,2048,4096,4096,0,0,True,,,,,6.544
2026-05-14T00:16:57.169616+00:00,gpu0_correctness,0,nocp_s4096_e4096,correctness,8192,4096,4096,0,0,True,,,,,6.635
2026-05-14T00:17:03.805362+00:00,gpu0_correctness,0,nocp_s4096_e4096,benchmark,8192,4096,4096,0,0,True,4428.77,117.42,117.42,117.42,6.610
2026-05-14T00:17:03.805362+00:00,gpu0_correctness,0,nocp_s4096_e4096,benchmark,32768,4096,4096,0,0,True,9328.38,516.47,516.47,516.47,6.610
2026-05-14T00:17:10.415712+00:00,gpu0_correctness,0,nocp_s4096_e4096,benchmark,65536,4096,4096,0,0,True,17416.01,1123.17,1123.17,1123.17,6.392
2026-05-14T00:17:16.807784+00:00,gpu0_correctness,0,nocp_s8192_e4096,correctness,2048,8192,4096,0,0,True,,,,,6.077
2026-05-14T00:17:22.885044+00:00,gpu0_correctness,0,nocp_s8192_e4096,correctness,8192,8192,4096,0,0,True,,,,,6.298
2026-05-14T00:17:29.183817+00:00,gpu0_correctness,0,nocp_s8192_e4096,benchmark,8192,8192,4096,0,0,True,4428.77,119.3,119.3,119.3,6.418
2026-05-14T00:17:29.183817+00:00,gpu0_correctness,0,nocp_s8192_e4096,benchmark,32768,8192,4096,0,0,True,9328.38,512.4,512.4,512.4,6.418
2026-05-14T00:17:35.602483+00:00,gpu0_correctness,0,nocp_s8192_e4096,benchmark,65536,8192,4096,0,0,True,17416.01,1108.67,1108.67,1108.67,6.419
2026-05-14T00:17:42.021752+00:00,gpu0_correctness,0,nocp_s8192_e8192,correctness,2048,8192,8192,0,0,True,,,,,6.456
2026-05-14T00:17:48.478002+00:00,gpu0_correctness,0,nocp_s8192_e8192,correctness,8192,8192,8192,0,0,True,,,,,6.204
2026-05-14T00:17:54.682356+00:00,gpu0_correctness,0,nocp_s8192_e8192,benchmark,8192,8192,8192,0,0,True,4300.63,75.87,75.87,75.87,5.712
2026-05-14T00:17:54.682356+00:00,gpu0_correctness,0,nocp_s8192_e8192,benchmark,32768,8192,8192,0,0,True,9328.38,326.56,326.56,326.56,5.712
2026-05-14T00:18:00.394870+00:00,gpu0_correctness,0,nocp_s8192_e8192,benchmark,65536,8192,8192,0,0,True,17416.01,701.55,701.55,701.55,5.512
2026-05-14T00:18:05.906810+00:00,gpu0_correctness,0,ckpt_s1024_e1024,correctness,2048,1024,1024,1,0,True,,,,,7.432
2026-05-14T00:18:13.339496+00:00,gpu0_correctness,0,ckpt_s1024_e1024,correctness,8192,1024,1024,1,0,True,,,,,7.215
2026-05-14T00:18:20.555121+00:00,gpu0_correctness,0,ckpt_s1024_e1024,benchmark,8192,1024,1024,1,0,True,4152.79,403.81,403.81,403.81,9.775
2026-05-14T00:18:20.555121+00:00,gpu0_correctness,0,ckpt_s1024_e1024,benchmark,32768,1024,1024,1,0,True,6954.88,1780.05,1780.05,1780.05,9.775
2026-05-14T00:18:30.330979+00:00,gpu0_correctness,0,ckpt_s1024_e1024,benchmark,65536,1024,1024,1,0,True,11272.01,3905.06,3905.06,3905.06,12.548
2026-05-14T00:18:42.879926+00:00,gpu0_correctness,0,ckpt_s2048_e1024,correctness,2048,2048,1024,1,0,True,,,,,7.647
2026-05-14T00:18:50.527027+00:00,gpu0_correctness,0,ckpt_s2048_e1024,correctness,8192,2048,1024,1,0,True,,,,,6.828
2026-05-14T00:18:57.355238+00:00,gpu0_correctness,0,ckpt_s2048_e1024,benchmark,8192,2048,1024,1,0,True,4153.66,401.23,401.23,401.23,9.628
2026-05-14T00:18:57.355238+00:00,gpu0_correctness,0,ckpt_s2048_e1024,benchmark,32768,2048,1024,1,0,True,6955.75,1730.54,1730.54,1730.54,9.628
2026-05-14T00:19:06.983635+00:00,gpu0_correctness,0,ckpt_s2048_e1024,benchmark,65536,2048,1024,1,0,True,11272.51,3882.14,3882.14,3882.14,12.424
2026-05-14T00:19:19.407905+00:00,gpu0_correctness,0,ckpt_s4096_e1024,correctness,2048,4096,1024,1,0,True,,,,,7.077
2026-05-14T00:19:26.485192+00:00,gpu0_correctness,0,ckpt_s4096_e1024,correctness,8192,4096,1024,1,0,True,,,,,7.383
2026-05-14T00:19:33.868142+00:00,gpu0_correctness,0,ckpt_s4096_e1024,benchmark,8192,4096,1024,1,0,True,4153.16,411.44,411.44,411.44,9.833
2026-05-14T00:19:33.868142+00:00,gpu0_correctness,0,ckpt_s4096_e1024,benchmark,32768,4096,1024,1,0,True,6955.25,1723.17,1723.17,1723.17,9.833
2026-05-14T00:19:43.701099+00:00,gpu0_correctness,0,ckpt_s4096_e1024,benchmark,65536,4096,1024,1,0,True,11272.51,3755.65,3755.65,3755.65,12.482
2026-05-14T00:19:56.183196+00:00,gpu0_correctness,0,ckpt_s2048_e2048,correctness,2048,2048,2048,1,0,True,,,,,6.633
2026-05-14T00:20:02.816488+00:00,gpu0_correctness,0,ckpt_s2048_e2048,correctness,8192,2048,2048,1,0,True,,,,,6.995
2026-05-14T00:20:09.811480+00:00,gpu0_correctness,0,ckpt_s2048_e2048,benchmark,8192,2048,2048,1,0,True,4133.78,217.53,217.53,217.53,7.969
2026-05-14T00:20:09.811480+00:00,gpu0_correctness,0,ckpt_s2048_e2048,benchmark,32768,2048,2048,1,0,True,6934.88,958.56,958.56,958.56,7.969
2026-05-14T00:20:17.780411+00:00,gpu0_correctness,0,ckpt_s2048_e2048,benchmark,65536,2048,2048,1,0,True,11272.01,2075.07,2075.07,2075.07,9.160
2026-05-14T00:20:26.941276+00:00,gpu0_correctness,0,ckpt_s4096_e2048,correctness,2048,4096,2048,1,0,True,,,,,7.110
2026-05-14T00:20:34.051287+00:00,gpu0_correctness,0,ckpt_s4096_e2048,correctness,8192,4096,2048,1,0,True,,,,,7.240
2026-05-14T00:20:41.291066+00:00,gpu0_correctness,0,ckpt_s4096_e2048,benchmark,8192,4096,2048,1,0,True,4132.78,219.64,219.64,219.64,8.234
2026-05-14T00:20:41.291066+00:00,gpu0_correctness,0,ckpt_s4096_e2048,benchmark,32768,4096,2048,1,0,True,6934.88,945.46,945.46,945.46,8.234
2026-05-14T00:20:49.525917+00:00,gpu0_correctness,0,ckpt_s4096_e2048,benchmark,65536,4096,2048,1,0,True,11272.01,2059.17,2059.17,2059.17,8.732
2026-05-14T00:20:58.258450+00:00,gpu0_correctness,0,ckpt_s8192_e2048,correctness,2048,8192,2048,1,0,True,,,,,6.620
2026-05-14T00:21:04.878924+00:00,gpu0_correctness,0,ckpt_s8192_e2048,correctness,8192,8192,2048,1,0,True,,,,,6.835
2026-05-14T00:21:11.713988+00:00,gpu0_correctness,0,ckpt_s8192_e2048,benchmark,8192,8192,2048,1,0,True,4132.78,224.73,224.73,224.73,7.948
2026-05-14T00:21:11.713988+00:00,gpu0_correctness,0,ckpt_s8192_e2048,benchmark,32768,8192,2048,1,0,True,6934.88,939.61,939.61,939.61,7.948
2026-05-14T00:21:19.662072+00:00,gpu0_correctness,0,ckpt_s8192_e2048,benchmark,65536,8192,2048,1,0,True,11272.01,2109.94,2109.94,2109.94,8.807
2026-05-14T00:21:28.469943+00:00,gpu0_correctness,0,ckpt_s4096_e4096,correctness,2048,4096,4096,1,0,True,,,,,6.957
2026-05-14T00:21:35.426945+00:00,gpu0_correctness,0,ckpt_s4096_e4096,correctness,8192,4096,4096,1,0,True,,,,,6.767
2026-05-14T00:21:42.194601+00:00,gpu0_correctness,0,ckpt_s4096_e4096,benchmark,8192,4096,4096,1,0,True,4092.77,126.19,126.19,126.19,6.304
2026-05-14T00:21:42.194601+00:00,gpu0_correctness,0,ckpt_s4096_e4096,benchmark,32768,4096,4096,1,0,True,6894.87,540.43,540.43,540.43,6.304
2026-05-14T00:21:48.498567+00:00,gpu0_correctness,0,ckpt_s4096_e4096,benchmark,65536,4096,4096,1,0,True,11272.01,1168.5,1168.5,1168.5,7.463
2026-05-14T00:21:55.961785+00:00,gpu0_correctness,0,ckpt_s8192_e4096,correctness,2048,8192,4096,1,0,True,,,,,7.219
2026-05-14T00:22:03.180547+00:00,gpu0_correctness,0,ckpt_s8192_e4096,correctness,8192,8192,4096,1,0,True,,,,,6.937
2026-05-14T00:22:10.117596+00:00,gpu0_correctness,0,ckpt_s8192_e4096,benchmark,8192,8192,4096,1,0,True,4092.77,291.49,291.49,291.49,7.280
2026-05-14T00:22:10.117596+00:00,gpu0_correctness,0,ckpt_s8192_e4096,benchmark,32768,8192,4096,1,0,True,6894.87,538.06,538.06,538.06,7.280
2026-05-14T00:22:17.398211+00:00,gpu0_correctness,0,ckpt_s8192_e4096,benchmark,65536,8192,4096,1,0,True,11272.01,1156.22,1156.22,1156.22,7.014
2026-05-14T00:22:24.412478+00:00,gpu0_correctness,0,ckpt_s16384_e4096,correctness,2048,16384,4096,1,0,True,,,,,6.891
2026-05-14T00:22:31.303299+00:00,gpu0_correctness,0,ckpt_s16384_e4096,correctness,8192,16384,4096,1,0,True,,,,,6.681
2026-05-14T00:22:37.984863+00:00,gpu0_correctness,0,ckpt_s16384_e4096,benchmark,8192,16384,4096,1,0,True,4092.77,211.64,211.64,211.64,6.788
2026-05-14T00:22:37.984863+00:00,gpu0_correctness,0,ckpt_s16384_e4096,benchmark,32768,16384,4096,1,0,True,6894.87,533.2,533.2,533.2,6.788
2026-05-14T00:22:44.773538+00:00,gpu0_correctness,0,ckpt_s16384_e4096,benchmark,65536,16384,4096,1,0,True,11272.01,1145.62,1145.62,1145.62,7.299
2026-05-14T00:22:52.073241+00:00,gpu0_correctness,0,ckpt_s8192_e8192,correctness,2048,8192,8192,1,0,True,,,,,7.075
2026-05-14T00:22:59.148944+00:00,gpu0_correctness,0,ckpt_s8192_e8192,correctness,8192,8192,8192,1,0,True,,,,,7.547
2026-05-14T00:23:06.696494+00:00,gpu0_correctness,0,ckpt_s8192_e8192,benchmark,8192,8192,8192,1,0,True,4012.63,83.81,83.81,83.81,6.393
2026-05-14T00:23:06.696494+00:00,gpu0_correctness,0,ckpt_s8192_e8192,benchmark,32768,8192,8192,1,0,True,6814.85,350.73,350.73,350.73,6.393
2026-05-14T00:23:13.089544+00:00,gpu0_correctness,0,ckpt_s8192_e8192,benchmark,65536,8192,8192,1,0,True,11272.01,747.71,747.71,747.71,5.919
2026-05-14T00:23:19.009084+00:00,gpu0_correctness,0,nocp_s2048_e2048,correctness,2048,2048,2048,0,0,True,,,,,6.146
2026-05-14T00:23:25.155825+00:00,gpu0_correctness,0,nocp_s2048_e2048,correctness,8192,2048,2048,0,0,True,,,,,6.354
2026-05-14T00:23:31.509646+00:00,gpu0_correctness,0,nocp_s2048_e2048,benchmark,8192,2048,2048,0,0,True,4526.78,205.76,205.76,205.76,7.426
2026-05-14T00:23:31.509646+00:00,gpu0_correctness,0,nocp_s2048_e2048,benchmark,32768,2048,2048,0,0,True,9474.38,894.75,894.75,894.75,7.426
2026-05-14T00:23:38.936650+00:00,gpu0_correctness,0,nocp_s2048_e2048,benchmark,65536,2048,2048,0,0,True,17708.01,1962.85,1962.85,1962.85,8.303
2026-05-14T00:23:47.240194+00:00,gpu0_correctness,0,nocp_s4096_e2048,correctness,2048,4096,2048,0,0,True,,,,,6.263
2026-05-14T00:23:53.503551+00:00,gpu0_correctness,0,nocp_s4096_e2048,correctness,8192,4096,2048,0,0,True,,,,,6.054
2026-05-14T00:23:59.558292+00:00,gpu0_correctness,0,nocp_s4096_e2048,benchmark,8192,4096,2048,0,0,True,4527.66,206.47,206.47,206.47,7.048
2026-05-14T00:23:59.558292+00:00,gpu0_correctness,0,nocp_s4096_e2048,benchmark,32768,4096,2048,0,0,True,9473.26,884.93,884.93,884.93,7.048
2026-05-14T00:24:06.606423+00:00,gpu0_correctness,0,nocp_s4096_e2048,benchmark,65536,4096,2048,0,0,True,17708.01,1934.3,1934.3,1934.3,8.107
2026-05-14T00:24:14.713815+00:00,gpu0_correctness,0,nocp_s4096_e4096,correctness,2048,4096,4096,0,0,True,,,,,6.198
2026-05-14T00:24:20.912014+00:00,gpu0_correctness,0,nocp_s4096_e4096,correctness,8192,4096,4096,0,0,True,,,,,6.543
2026-05-14T00:24:27.454999+00:00,gpu0_correctness,0,nocp_s4096_e4096,benchmark,8192,4096,4096,0,0,True,4428.77,119.81,119.81,119.81,6.114
2026-05-14T00:24:27.454999+00:00,gpu0_correctness,0,nocp_s4096_e4096,benchmark,32768,4096,4096,0,0,True,9328.38,515.87,515.87,515.87,6.114
2026-05-14T00:24:33.569384+00:00,gpu0_correctness,0,nocp_s4096_e4096,benchmark,65536,4096,4096,0,0,True,17416.01,1122.54,1122.54,1122.54,6.747
2026-05-14T00:24:40.316560+00:00,gpu0_correctness,0,nocp_s8192_e4096,correctness,2048,8192,4096,0,0,True,,,,,5.977
2026-05-14T00:24:46.293974+00:00,gpu0_correctness,0,nocp_s8192_e4096,correctness,8192,8192,4096,0,0,True,,,,,6.486
2026-05-14T00:24:52.780538+00:00,gpu0_correctness,0,nocp_s8192_e4096,benchmark,8192,8192,4096,0,0,True,4428.77,118.49,118.49,118.49,6.018
2026-05-14T00:24:52.780538+00:00,gpu0_correctness,0,nocp_s8192_e4096,benchmark,32768,8192,4096,0,0,True,9328.38,512.69,512.69,512.69,6.018
2026-05-14T00:24:58.798814+00:00,gpu0_correctness,0,nocp_s8192_e4096,benchmark,65536,8192,4096,0,0,True,17416.01,1109.35,1109.35,1109.35,6.463
2026-05-14T00:25:05.261950+00:00,gpu0_correctness,0,nocp_s8192_e8192,correctness,2048,8192,8192,0,0,True,,,,,6.564
2026-05-14T00:25:11.826115+00:00,gpu0_correctness,0,nocp_s8192_e8192,correctness,8192,8192,8192,0,0,True,,,,,6.375
2026-05-14T00:25:18.201721+00:00,gpu0_correctness,0,nocp_s8192_e8192,benchmark,8192,8192,8192,0,0,True,4300.63,75.98,75.98,75.98,5.404
2026-05-14T00:25:18.201721+00:00,gpu0_correctness,0,nocp_s8192_e8192,benchmark,32768,8192,8192,0,0,True,9328.38,326.61,326.61,326.61,5.404
2026-05-14T00:25:23.606514+00:00,gpu0_correctness,0,nocp_s8192_e8192,benchmark,65536,8192,8192,0,0,True,17416.01,700.34,700.34,700.34,5.913
2026-05-14T00:25:29.519741+00:00,gpu0_correctness,0,ckpt_s1024_e1024,correctness,2048,1024,1024,1,0,True,,,,,6.615
2026-05-14T00:25:36.135348+00:00,gpu0_correctness,0,ckpt_s1024_e1024,correctness,8192,1024,1024,1,0,True,,,,,7.478
2026-05-14T00:25:43.613347+00:00,gpu0_correctness,0,ckpt_s1024_e1024,benchmark,8192,1024,1024,1,0,True,4152.79,415.71,415.71,415.71,9.703
2026-05-14T00:25:43.613347+00:00,gpu0_correctness,0,ckpt_s1024_e1024,benchmark,32768,1024,1024,1,0,True,6954.88,1742.47,1742.47,1742.47,9.703
2026-05-14T00:25:53.316224+00:00,gpu0_correctness,0,ckpt_s1024_e1024,benchmark,65536,1024,1024,1,0,True,11272.01,3964.73,3964.73,3964.73,12.416
2026-05-14T00:26:05.732602+00:00,gpu0_correctness,0,ckpt_s2048_e1024,correctness,2048,2048,1024,1,0,True,,,,,6.620
2026-05-14T00:26:12.352940+00:00,gpu0_correctness,0,ckpt_s2048_e1024,correctness,8192,2048,1024,1,0,True,,,,,6.943
2026-05-14T00:26:19.296227+00:00,gpu0_correctness,0,ckpt_s2048_e1024,benchmark,8192,2048,1024,1,0,True,4153.66,395.5,395.5,395.5,9.697
2026-05-14T00:26:19.296227+00:00,gpu0_correctness,0,ckpt_s2048_e1024,benchmark,32768,2048,1024,1,0,True,6955.75,1723.54,1723.54,1723.54,9.697
2026-05-14T00:26:28.994115+00:00,gpu0_correctness,0,ckpt_s2048_e1024,benchmark,65536,2048,1024,1,0,True,11272.51,3779.55,3779.55,3779.55,11.777
2026-05-14T00:26:40.771473+00:00,gpu0_correctness,0,ckpt_s4096_e1024,correctness,2048,4096,1024,1,0,True,,,,,6.906
2026-05-14T00:26:47.677489+00:00,gpu0_correctness,0,ckpt_s4096_e1024,correctness,8192,4096,1024,1,0,True,,,,,6.966
2026-05-14T00:26:54.643340+00:00,gpu0_correctness,0,ckpt_s4096_e1024,benchmark,8192,4096,1024,1,0,True,4153.16,406.26,406.26,406.26,10.294
2026-05-14T00:26:54.643340+00:00,gpu0_correctness,0,ckpt_s4096_e1024,benchmark,32768,4096,1024,1,0,True,6955.25,1731.92,1731.92,1731.92,10.294
2026-05-14T00:27:04.937258+00:00,gpu0_correctness,0,ckpt_s4096_e1024,benchmark,65536,4096,1024,1,0,True,11272.51,3758.81,3758.81,3758.81,12.498
2026-05-14T00:27:17.436010+00:00,gpu0_correctness,0,ckpt_s2048_e2048,correctness,2048,2048,2048,1,0,True,,,,,7.187
2026-05-14T00:27:24.623022+00:00,gpu0_correctness,0,ckpt_s2048_e2048,correctness,8192,2048,2048,1,0,True,,,,,7.004
2026-05-14T00:27:31.627513+00:00,gpu0_correctness,0,ckpt_s2048_e2048,benchmark,8192,2048,2048,1,0,True,4133.78,222.74,222.74,222.74,7.897
2026-05-14T00:27:31.627513+00:00,gpu0_correctness,0,ckpt_s2048_e2048,benchmark,32768,2048,2048,1,0,True,6934.88,958.8,958.8,958.8,7.897
2026-05-14T00:27:39.524580+00:00,gpu0_correctness,0,ckpt_s2048_e2048,benchmark,65536,2048,2048,1,0,True,11272.01,2052.13,2052.13,2052.13,9.035
2026-05-14T00:27:48.560089+00:00,gpu0_correctness,0,ckpt_s4096_e2048,correctness,2048,4096,2048,1,0,True,,,,,7.069
2026-05-14T00:27:55.629409+00:00,gpu0_correctness,0,ckpt_s4096_e2048,correctness,8192,4096,2048,1,0,True,,,,,7.132
2026-05-14T00:28:02.761463+00:00,gpu0_correctness,0,ckpt_s4096_e2048,benchmark,8192,4096,2048,1,0,True,4132.78,217.92,217.92,217.92,7.643
2026-05-14T00:28:02.761463+00:00,gpu0_correctness,0,ckpt_s4096_e2048,benchmark,32768,4096,2048,1,0,True,6934.88,926.91,926.91,926.91,7.643
2026-05-14T00:28:10.404601+00:00,gpu0_correctness,0,ckpt_s4096_e2048,benchmark,65536,4096,2048,1,0,True,11272.01,2018.3,2018.3,2018.3,8.551
2026-05-14T00:28:18.955764+00:00,gpu0_correctness,0,ckpt_s8192_e2048,correctness,2048,8192,2048,1,0,True,,,,,7.088
2026-05-14T00:28:26.043738+00:00,gpu0_correctness,0,ckpt_s8192_e2048,correctness,8192,8192,2048,1,0,True,,,,,7.271
2026-05-14T00:28:33.315252+00:00,gpu0_correctness,0,ckpt_s8192_e2048,benchmark,8192,8192,2048,1,0,True,4132.78,213.74,213.74,213.74,7.971
2026-05-14T00:28:33.315252+00:00,gpu0_correctness,0,ckpt_s8192_e2048,benchmark,32768,8192,2048,1,0,True,6934.88,923.63,923.63,923.63,7.971
2026-05-14T00:28:41.287126+00:00,gpu0_correctness,0,ckpt_s8192_e2048,benchmark,65536,8192,2048,1,0,True,11272.01,2035.49,2035.49,2035.49,8.420
2026-05-14T00:28:49.707516+00:00,gpu0_correctness,0,ckpt_s4096_e4096,correctness,2048,4096,4096,1,0,True,,,,,6.900
2026-05-14T00:28:56.608189+00:00,gpu0_correctness,0,ckpt_s4096_e4096,correctness,8192,4096,4096,1,0,True,,,,,6.747
2026-05-14T00:29:03.355972+00:00,gpu0_correctness,0,ckpt_s4096_e4096,benchmark,8192,4096,4096,1,0,True,4092.77,124.71,124.71,124.71,6.856
2026-05-14T00:29:03.355972+00:00,gpu0_correctness,0,ckpt_s4096_e4096,benchmark,32768,4096,4096,1,0,True,6894.87,539.71,539.71,539.71,6.856
2026-05-14T00:29:10.212658+00:00,gpu0_correctness,0,ckpt_s4096_e4096,benchmark,65536,4096,4096,1,0,True,11272.01,1177.19,1177.19,1177.19,7.180
2026-05-14T00:29:17.393545+00:00,gpu0_correctness,0,ckpt_s8192_e4096,correctness,2048,8192,4096,1,0,True,,,,,6.879
2026-05-14T00:29:24.273159+00:00,gpu0_correctness,0,ckpt_s8192_e4096,correctness,8192,8192,4096,1,0,True,,,,,7.218
2026-05-14T00:29:31.491773+00:00,gpu0_correctness,0,ckpt_s8192_e4096,benchmark,8192,8192,4096,1,0,True,4092.77,246.53,246.53,246.53,6.815
2026-05-14T00:29:31.491773+00:00,gpu0_correctness,0,ckpt_s8192_e4096,benchmark,32768,8192,4096,1,0,True,6894.87,538.2,538.2,538.2,6.815
2026-05-14T00:29:38.307427+00:00,gpu0_correctness,0,ckpt_s8192_e4096,benchmark,65536,8192,4096,1,0,True,11272.01,1158.97,1158.97,1158.97,7.083
2026-05-14T00:29:45.390625+00:00,gpu0_correctness,0,ckpt_s16384_e4096,correctness,2048,16384,4096,1,0,True,,,,,6.942
2026-05-14T00:29:52.332705+00:00,gpu0_correctness,0,ckpt_s16384_e4096,correctness,8192,16384,4096,1,0,True,,,,,7.098
2026-05-14T00:29:59.430847+00:00,gpu0_correctness,0,ckpt_s16384_e4096,benchmark,8192,16384,4096,1,0,True,4092.77,262.06,262.06,262.06,6.821
2026-05-14T00:29:59.430847+00:00,gpu0_correctness,0,ckpt_s16384_e4096,benchmark,32768,16384,4096,1,0,True,6894.87,539.06,539.06,539.06,6.821
2026-05-14T00:30:06.252100+00:00,gpu0_correctness,0,ckpt_s16384_e4096,benchmark,65536,16384,4096,1,0,True,11272.01,1162.87,1162.87,1162.87,7.625
2026-05-14T00:30:13.877349+00:00,gpu0_correctness,0,ckpt_s8192_e8192,correctness,2048,8192,8192,1,0,True,,,,,7.665
2026-05-14T00:30:21.542204+00:00,gpu0_correctness,0,ckpt_s8192_e8192,correctness,8192,8192,8192,1,0,True,,,,,7.110
2026-05-14T00:30:28.653014+00:00,gpu0_correctness,0,ckpt_s8192_e8192,benchmark,8192,8192,8192,1,0,True,4012.63,83.85,83.85,83.85,6.525
2026-05-14T00:30:28.653014+00:00,gpu0_correctness,0,ckpt_s8192_e8192,benchmark,32768,8192,8192,1,0,True,6814.85,350.56,350.56,350.56,6.525
2026-05-14T00:30:35.178077+00:00,gpu0_correctness,0,ckpt_s8192_e8192,benchmark,65536,8192,8192,1,0,True,11272.01,748.12,748.12,748.12,5.954
2026-05-14T00:30:41.132040+00:00,gpu0_correctness,0,nocp_s2048_e2048,correctness,2048,2048,2048,0,0,True,,,,,6.215
2026-05-14T00:30:47.347584+00:00,gpu0_correctness,0,nocp_s2048_e2048,correctness,8192,2048,2048,0,0,True,,,,,6.405
2026-05-14T00:30:53.752670+00:00,gpu0_correctness,0,nocp_s2048_e2048,benchmark,8192,2048,2048,0,0,True,4526.78,203.11,203.11,203.11,7.071
2026-05-14T00:30:53.752670+00:00,gpu0_correctness,0,nocp_s2048_e2048,benchmark,32768,2048,2048,0,0,True,9474.38,892.35,892.35,892.35,7.071
2026-05-14T00:31:00.823454+00:00,gpu0_correctness,0,nocp_s2048_e2048,benchmark,65536,2048,2048,0,0,True,17708.01,1963.58,1963.58,1963.58,8.058
2026-05-14T00:31:08.882063+00:00,gpu0_correctness,0,nocp_s4096_e2048,correctness,2048,4096,2048,0,0,True,,,,,6.077
2026-05-14T00:31:14.959881+00:00,gpu0_correctness,0,nocp_s4096_e2048,correctness,8192,4096,2048,0,0,True,,,,,5.968
2026-05-14T00:31:20.928300+00:00,gpu0_correctness,0,nocp_s4096_e2048,benchmark,8192,4096,2048,0,0,True,4527.66,204.12,204.12,204.12,6.725
2026-05-14T00:31:20.928300+00:00,gpu0_correctness,0,nocp_s4096_e2048,benchmark,32768,4096,2048,0,0,True,9473.26,885.22,885.22,885.22,6.725
2026-05-14T00:31:27.653419+00:00,gpu0_correctness,0,nocp_s4096_e2048,benchmark,65536,4096,2048,0,0,True,17708.01,1935.29,1935.29,1935.29,7.921
2026-05-14T00:31:35.574513+00:00,gpu0_correctness,0,nocp_s4096_e4096,correctness,2048,4096,4096,0,0,True,,,,,6.162
2026-05-14T00:31:41.737226+00:00,gpu0_correctness,0,nocp_s4096_e4096,correctness,8192,4096,4096,0,0,True,,,,,6.120
2026-05-14T00:31:47.857981+00:00,gpu0_correctness,0,nocp_s4096_e4096,benchmark,8192,4096,4096,0,0,True,4428.77,117.39,117.39,117.39,6.112
2026-05-14T00:31:47.857981+00:00,gpu0_correctness,0,nocp_s4096_e4096,benchmark,32768,4096,4096,0,0,True,9328.38,515.9,515.9,515.9,6.112
2026-05-14T00:31:53.970081+00:00,gpu0_correctness,0,nocp_s4096_e4096,benchmark,65536,4096,4096,0,0,True,17416.01,1123.61,1123.61,1123.61,6.199
2026-05-14T00:32:00.169077+00:00,gpu0_correctness,0,nocp_s8192_e4096,correctness,2048,8192,4096,0,0,True,,,,,6.516
2026-05-14T00:32:06.685353+00:00,gpu0_correctness,0,nocp_s8192_e4096,correctness,8192,8192,4096,0,0,True,,,,,6.317
2026-05-14T00:32:13.002489+00:00,gpu0_correctness,0,nocp_s8192_e4096,benchmark,8192,8192,4096,0,0,True,4428.77,118.29,118.29,118.29,6.377
2026-05-14T00:32:13.002489+00:00,gpu0_correctness,0,nocp_s8192_e4096,benchmark,32768,8192,4096,0,0,True,9328.38,511.73,511.73,511.73,6.377
2026-05-14T00:32:19.379259+00:00,gpu0_correctness,0,nocp_s8192_e4096,benchmark,65536,8192,4096,0,0,True,17416.01,1108.7,1108.7,1108.7,6.438
2026-05-14T00:32:25.818013+00:00,gpu0_correctness,0,nocp_s8192_e8192,correctness,2048,8192,8192,0,0,True,,,,,6.117
2026-05-14T00:32:31.935775+00:00,gpu0_correctness,0,nocp_s8192_e8192,correctness,8192,8192,8192,0,0,True,,,,,5.932
2026-05-14T00:32:37.868172+00:00,gpu0_correctness,0,nocp_s8192_e8192,benchmark,8192,8192,8192,0,0,True,4300.63,75.85,75.85,75.85,5.435
2026-05-14T00:32:37.868172+00:00,gpu0_correctness,0,nocp_s8192_e8192,benchmark,32768,8192,8192,0,0,True,9328.38,327.41,327.41,327.41,5.435
2026-05-14T00:32:43.303414+00:00,gpu0_correctness,0,nocp_s8192_e8192,benchmark,65536,8192,8192,0,0,True,17416.01,700.72,700.72,700.72,5.611
2026-05-14T00:32:48.914939+00:00,gpu0_correctness,0,ckpt_s1024_e1024,correctness,2048,1024,1024,1,0,True,,,,,7.263
2026-05-14T00:32:56.178195+00:00,gpu0_correctness,0,ckpt_s1024_e1024,correctness,8192,1024,1024,1,0,True,,,,,7.084
2026-05-14T00:33:03.262752+00:00,gpu0_correctness,0,ckpt_s1024_e1024,benchmark,8192,1024,1024,1,0,True,4152.79,398.55,398.55,398.55,9.901
2026-05-14T00:33:03.262752+00:00,gpu0_correctness,0,ckpt_s1024_e1024,benchmark,32768,1024,1024,1,0,True,6954.88,1748.26,1748.26,1748.26,9.901
2026-05-14T00:33:13.164137+00:00,gpu0_correctness,0,ckpt_s1024_e1024,benchmark,65536,1024,1024,1,0,True,11272.01,3845.12,3845.12,3845.12,12.592
2026-05-14T00:33:25.756309+00:00,gpu0_correctness,0,ckpt_s2048_e1024,correctness,2048,2048,1024,1,0,True,,,,,6.778
2026-05-14T00:33:32.534936+00:00,gpu0_correctness,0,ckpt_s2048_e1024,correctness,8192,2048,1024,1,0,True,,,,,7.000
2026-05-14T00:33:39.535006+00:00,gpu0_correctness,0,ckpt_s2048_e1024,benchmark,8192,2048,1024,1,0,True,4153.66,403.22,403.22,403.22,9.550
2026-05-14T00:33:39.535006+00:00,gpu0_correctness,0,ckpt_s2048_e1024,benchmark,32768,2048,1024,1,0,True,6955.75,1788.81,1788.81,1788.81,9.550
2026-05-14T00:33:49.085406+00:00,gpu0_correctness,0,ckpt_s2048_e1024,benchmark,65536,2048,1024,1,0,True,11272.51,3777.87,3777.87,3777.87,12.220
2026-05-14T00:34:01.306247+00:00,gpu0_correctness,0,ckpt_s4096_e1024,correctness,2048,4096,1024,1,0,True,,,,,6.523
2026-05-14T00:34:07.829975+00:00,gpu0_correctness,0,ckpt_s4096_e1024,correctness,8192,4096,1024,1,0,True,,,,,6.816
2026-05-14T00:34:14.646756+00:00,gpu0_correctness,0,ckpt_s4096_e1024,benchmark,8192,4096,1024,1,0,True,4153.16,404.75,404.75,404.75,9.644
2026-05-14T00:34:14.646756+00:00,gpu0_correctness,0,ckpt_s4096_e1024,benchmark,32768,4096,1024,1,0,True,6955.25,1717.89,1717.89,1717.89,9.644
2026-05-14T00:34:24.291241+00:00,gpu0_correctness,0,ckpt_s4096_e1024,benchmark,65536,4096,1024,1,0,True,11272.51,3755.2,3755.2,3755.2,12.860
2026-05-14T00:34:37.152295+00:00,gpu0_correctness,0,ckpt_s2048_e2048,correctness,2048,2048,2048,1,0,True,,,,,7.372
2026-05-14T00:34:44.524962+00:00,gpu0_correctness,0,ckpt_s2048_e2048,correctness,8192,2048,2048,1,0,True,,,,,6.944
2026-05-14T00:34:51.469264+00:00,gpu0_correctness,0,ckpt_s2048_e2048,benchmark,8192,2048,2048,1,0,True,4133.78,214.58,214.58,214.58,7.447
2026-05-14T00:34:51.469264+00:00,gpu0_correctness,0,ckpt_s2048_e2048,benchmark,32768,2048,2048,1,0,True,6934.88,942.82,942.82,942.82,7.447
2026-05-14T00:34:58.916970+00:00,gpu0_correctness,0,ckpt_s2048_e2048,benchmark,65536,2048,2048,1,0,True,11272.01,2055.34,2055.34,2055.34,8.928
2026-05-14T00:35:07.845697+00:00,gpu0_correctness,0,ckpt_s4096_e2048,correctness,2048,4096,2048,1,0,True,,,,,7.423
2026-05-14T00:35:15.269107+00:00,gpu0_correctness,0,ckpt_s4096_e2048,correctness,8192,4096,2048,1,0,True,,,,,7.154
2026-05-14T00:35:22.423492+00:00,gpu0_correctness,0,ckpt_s4096_e2048,benchmark,8192,4096,2048,1,0,True,4132.78,213.67,213.67,213.67,8.045
2026-05-14T00:35:22.423492+00:00,gpu0_correctness,0,ckpt_s4096_e2048,benchmark,32768,4096,2048,1,0,True,6934.88,960.26,960.26,960.26,8.045
2026-05-14T00:35:30.469254+00:00,gpu0_correctness,0,ckpt_s4096_e2048,benchmark,65536,4096,2048,1,0,True,11272.01,2029.69,2029.69,2029.69,9.284
2026-05-14T00:35:39.753605+00:00,gpu0_correctness,0,ckpt_s8192_e2048,correctness,2048,8192,2048,1,0,True,,,,,7.262
2026-05-14T00:35:47.015604+00:00,gpu0_correctness,0,ckpt_s8192_e2048,correctness,8192,8192,2048,1,0,True,,,,,6.527
2026-05-14T00:35:53.542576+00:00,gpu0_correctness,0,ckpt_s8192_e2048,benchmark,8192,8192,2048,1,0,True,4132.78,218.77,218.77,218.77,7.595
2026-05-14T00:35:53.542576+00:00,gpu0_correctness,0,ckpt_s8192_e2048,benchmark,32768,8192,2048,1,0,True,6934.88,921.78,921.78,921.78,7.595
2026-05-14T00:36:01.138164+00:00,gpu0_correctness,0,ckpt_s8192_e2048,benchmark,65536,8192,2048,1,0,True,11272.01,2031.35,2031.35,2031.35,9.297
2026-05-14T00:36:10.435964+00:00,gpu0_correctness,0,ckpt_s4096_e4096,correctness,2048,4096,4096,1,0,True,,,,,7.688
2026-05-14T00:36:18.124078+00:00,gpu0_correctness,0,ckpt_s4096_e4096,correctness,8192,4096,4096,1,0,True,,,,,6.769
2026-05-14T00:36:24.893332+00:00,gpu0_correctness,0,ckpt_s4096_e4096,benchmark,8192,4096,4096,1,0,True,4092.77,124.07,124.07,124.07,6.872
2026-05-14T00:36:24.893332+00:00,gpu0_correctness,0,ckpt_s4096_e4096,benchmark,32768,4096,4096,1,0,True,6894.87,539.92,539.92,539.92,6.872
2026-05-14T00:36:31.765829+00:00,gpu0_correctness,0,ckpt_s4096_e4096,benchmark,65536,4096,4096,1,0,True,11272.01,1169.29,1169.29,1169.29,7.414
2026-05-14T00:36:39.180247+00:00,gpu0_correctness,0,ckpt_s8192_e4096,correctness,2048,8192,4096,1,0,True,,,,,6.724
2026-05-14T00:36:45.904635+00:00,gpu0_correctness,0,ckpt_s8192_e4096,correctness,8192,8192,4096,1,0,True,,,,,6.643
2026-05-14T00:36:52.547689+00:00,gpu0_correctness,0,ckpt_s8192_e4096,benchmark,8192,8192,4096,1,0,True,4092.77,237.55,237.55,237.55,7.164
2026-05-14T00:36:52.547689+00:00,gpu0_correctness,0,ckpt_s8192_e4096,benchmark,32768,8192,4096,1,0,True,6894.87,539.71,539.71,539.71,7.164
2026-05-14T00:36:59.712055+00:00,gpu0_correctness,0,ckpt_s8192_e4096,benchmark,65536,8192,4096,1,0,True,11272.01,1155.41,1155.41,1155.41,7.189
2026-05-14T00:37:06.901478+00:00,gpu0_correctness,0,ckpt_s16384_e4096,correctness,2048,16384,4096,1,0,True,,,,,6.331
2026-05-14T00:37:13.232764+00:00,gpu0_correctness,0,ckpt_s16384_e4096,correctness,8192,16384,4096,1,0,True,,,,,6.582
2026-05-14T00:37:19.814604+00:00,gpu0_correctness,0,ckpt_s16384_e4096,benchmark,8192,16384,4096,1,0,True,4092.77,238.8,238.8,238.8,6.939
2026-05-14T00:37:19.814604+00:00,gpu0_correctness,0,ckpt_s16384_e4096,benchmark,32768,16384,4096,1,0,True,6894.87,534.51,534.51,534.51,6.939
2026-05-14T00:37:26.753672+00:00,gpu0_correctness,0,ckpt_s16384_e4096,benchmark,65536,16384,4096,1,0,True,11272.01,1146.41,1146.41,1146.41,7.465
2026-05-14T00:37:34.219455+00:00,gpu0_correctness,0,ckpt_s8192_e8192,correctness,2048,8192,8192,1,0,True,,,,,7.246
2026-05-14T00:37:41.465493+00:00,gpu0_correctness,0,ckpt_s8192_e8192,correctness,8192,8192,8192,1,0,True,,,,,6.734
2026-05-14T00:37:48.199525+00:00,gpu0_correctness,0,ckpt_s8192_e8192,benchmark,8192,8192,8192,1,0,True,4012.63,80.89,80.89,80.89,6.365
2026-05-14T00:37:48.199525+00:00,gpu0_correctness,0,ckpt_s8192_e8192,benchmark,32768,8192,8192,1,0,True,6814.85,351.01,351.01,351.01,6.365
2026-05-14T00:37:54.564782+00:00,gpu0_correctness,0,ckpt_s8192_e8192,benchmark,65536,8192,8192,1,0,True,11272.01,748.34,748.34,748.34,6.422
2026-05-14T00:38:00.986932+00:00,gpu0_correctness,0,nocp_s2048_e2048,correctness,2048,2048,2048,0,0,True,,,,,6.593
2026-05-14T00:38:07.580650+00:00,gpu0_correctness,0,nocp_s2048_e2048,correctness,8192,2048,2048,0,0,True,,,,,6.312
