timestamp,worker,gpu,variant,task,seq_len,shared_chunk,expert_chunk,checkpoint,returncode,passed,peak_mb,avg_ms,min_ms,max_ms,elapsed_s
2026-05-13T12:43:10.901694+00:00,gpu3_benchmark,3,ckpt_s4096_e1024,correctness,2048,4096,1024,1,0,True,,,,,9.167
2026-05-13T12:43:20.069424+00:00,gpu3_benchmark,3,ckpt_s4096_e1024,benchmark,2048,4096,1024,1,0,True,3453.26,284.81,284.81,284.81,13.398
2026-05-13T12:43:20.069424+00:00,gpu3_benchmark,3,ckpt_s4096_e1024,benchmark,8192,4096,1024,1,0,True,4153.79,466.68,466.68,466.68,13.398
2026-05-13T12:43:20.069424+00:00,gpu3_benchmark,3,ckpt_s4096_e1024,benchmark,32768,4096,1024,1,0,True,6955.88,1946.97,1946.97,1946.97,13.398
2026-05-13T12:43:33.468097+00:00,gpu3_benchmark,3,ckpt_s4096_e1024,benchmark,65536,4096,1024,1,0,True,11272.51,4277.88,4277.88,4277.88,14.453
2026-05-13T12:43:47.921364+00:00,gpu3_benchmark,3,ckpt_s4096_e1024,benchmark,131072,4096,1024,1,0,True,21314.76,10030.11,10030.11,10030.11,26.169
2026-05-13T12:44:14.090922+00:00,gpu3_benchmark,3,ckpt_s2048_e1024,correctness,2048,2048,1024,1,0,True,,,,,8.407
2026-05-13T12:44:22.497917+00:00,gpu3_benchmark,3,ckpt_s2048_e1024,benchmark,2048,2048,1024,1,0,True,3453.26,274.13,274.13,274.13,13.200
2026-05-13T12:44:22.497917+00:00,gpu3_benchmark,3,ckpt_s2048_e1024,benchmark,8192,2048,1024,1,0,True,4153.79,450.62,450.62,450.62,13.200
2026-05-13T12:44:22.497917+00:00,gpu3_benchmark,3,ckpt_s2048_e1024,benchmark,32768,2048,1024,1,0,True,6955.88,1955.78,1955.78,1955.78,13.200
2026-05-13T12:44:35.698574+00:00,gpu3_benchmark,3,ckpt_s2048_e1024,benchmark,65536,2048,1024,1,0,True,11272.51,4257.75,4257.75,4257.75,14.753
2026-05-13T12:44:50.452283+00:00,gpu3_benchmark,3,ckpt_s2048_e1024,benchmark,131072,2048,1024,1,0,False,,,,,17.262
2026-05-13T12:45:07.714477+00:00,gpu3_benchmark,3,ckpt_s1024_e1024,correctness,2048,1024,1024,1,0,True,,,,,8.327
2026-05-13T12:45:16.042133+00:00,gpu3_benchmark,3,ckpt_s1024_e1024,benchmark,2048,1024,1024,1,0,True,3452.26,114.01,114.01,114.01,12.657
2026-05-13T12:45:16.042133+00:00,gpu3_benchmark,3,ckpt_s1024_e1024,benchmark,8192,1024,1024,1,0,True,4152.79,444.57,444.57,444.57,12.657
2026-05-13T12:45:16.042133+00:00,gpu3_benchmark,3,ckpt_s1024_e1024,benchmark,32768,1024,1024,1,0,True,6954.88,2044.47,2044.47,2044.47,12.657
2026-05-13T12:45:28.699691+00:00,gpu3_benchmark,3,ckpt_s1024_e1024,benchmark,65536,1024,1024,1,0,True,11272.01,4327.72,4327.72,4327.72,14.472
2026-05-13T12:45:43.171745+00:00,gpu3_benchmark,3,ckpt_s1024_e1024,benchmark,131072,1024,1024,1,0,False,,,,,17.776
2026-05-13T12:46:00.948318+00:00,gpu3_benchmark,3,nocp_s8192_e8192,correctness,2048,8192,8192,0,0,True,,,,,8.145
2026-05-13T12:46:09.093226+00:00,gpu3_benchmark,3,nocp_s8192_e8192,benchmark,2048,8192,8192,0,0,True,3510.1,57.51,57.51,57.51,8.386
2026-05-13T12:46:09.093226+00:00,gpu3_benchmark,3,nocp_s8192_e8192,benchmark,8192,8192,8192,0,0,True,4300.63,92.66,92.66,92.66,8.386
2026-05-13T12:46:09.093226+00:00,gpu3_benchmark,3,nocp_s8192_e8192,benchmark,32768,8192,8192,0,0,True,9328.38,364.35,364.35,364.35,8.386
2026-05-13T12:46:17.480148+00:00,gpu3_benchmark,3,nocp_s8192_e8192,benchmark,65536,8192,8192,0,0,True,17416.01,793.51,793.51,793.51,6.594
2026-05-13T12:46:24.074432+00:00,gpu3_benchmark,3,nocp_s8192_e8192,benchmark,131072,8192,8192,0,0,False,,,,,5.223
2026-05-13T12:46:29.298207+00:00,gpu3_benchmark,3,nocp_s8192_e4096,correctness,2048,8192,4096,0,0,True,,,,,7.937
2026-05-13T12:46:37.235172+00:00,gpu3_benchmark,3,nocp_s8192_e4096,benchmark,2048,8192,4096,0,0,True,3510.1,47.79,47.79,47.79,8.011
2026-05-13T12:46:37.235172+00:00,gpu3_benchmark,3,nocp_s8192_e4096,benchmark,8192,8192,4096,0,0,True,4428.77,116.72,116.72,116.72,8.011
2026-05-13T12:46:37.235172+00:00,gpu3_benchmark,3,nocp_s8192_e4096,benchmark,32768,8192,4096,0,0,True,9328.38,510.9,510.9,510.9,8.011
2026-05-13T12:46:45.246186+00:00,gpu3_benchmark,3,nocp_s8192_e4096,benchmark,65536,8192,4096,0,0,True,17416.01,1229.12,1229.12,1229.12,7.748
2026-05-13T12:46:52.994158+00:00,gpu3_benchmark,3,nocp_s8192_e4096,benchmark,131072,8192,4096,0,0,False,,,,,5.507
2026-05-13T12:46:58.502130+00:00,gpu3_benchmark,3,nocp_s4096_e4096,correctness,2048,4096,4096,0,0,True,,,,,8.192
2026-05-13T12:47:06.694298+00:00,gpu3_benchmark,3,nocp_s4096_e4096,benchmark,2048,4096,4096,0,0,True,3510.1,49.2,49.2,49.2,8.788
2026-05-13T12:47:06.694298+00:00,gpu3_benchmark,3,nocp_s4096_e4096,benchmark,8192,4096,4096,0,0,True,4428.77,123.75,123.75,123.75,8.788
2026-05-13T12:47:06.694298+00:00,gpu3_benchmark,3,nocp_s4096_e4096,benchmark,32768,4096,4096,0,0,True,9328.38,566.39,566.39,566.39,8.788
2026-05-13T12:47:15.482477+00:00,gpu3_benchmark,3,nocp_s4096_e4096,benchmark,65536,4096,4096,0,0,True,17416.01,1251.13,1251.13,1251.13,8.015
2026-05-13T12:47:23.498299+00:00,gpu3_benchmark,3,nocp_s4096_e4096,benchmark,131072,4096,4096,0,0,False,,,,,5.830
2026-05-13T12:47:29.328394+00:00,gpu3_benchmark,3,nocp_s4096_e2048,correctness,2048,4096,2048,0,0,True,,,,,8.320
2026-05-13T12:47:37.648614+00:00,gpu3_benchmark,3,nocp_s4096_e2048,benchmark,2048,4096,2048,0,0,True,3510.1,48.26,48.26,48.26,9.196
2026-05-13T12:47:37.648614+00:00,gpu3_benchmark,3,nocp_s4096_e2048,benchmark,8192,4096,2048,0,0,True,4525.78,205.53,205.53,205.53,9.196
2026-05-13T12:47:37.648614+00:00,gpu3_benchmark,3,nocp_s4096_e2048,benchmark,32768,4096,2048,0,0,True,9474.26,885.81,885.81,885.81,9.196
2026-05-13T12:47:46.845326+00:00,gpu3_benchmark,3,nocp_s4096_e2048,benchmark,65536,4096,2048,0,0,True,17708.01,1933.22,1933.22,1933.22,9.002
2026-05-13T12:47:55.847540+00:00,gpu3_benchmark,3,nocp_s4096_e2048,benchmark,131072,4096,2048,0,0,False,,,,,5.492
2026-05-13T12:48:01.340101+00:00,gpu3_benchmark,3,nocp_s2048_e2048,correctness,2048,2048,2048,0,0,True,,,,,7.880
2026-05-13T12:48:09.220759+00:00,gpu3_benchmark,3,nocp_s2048_e2048,benchmark,2048,2048,2048,0,0,True,3510.1,54.8,54.8,54.8,9.785
2026-05-13T12:48:09.220759+00:00,gpu3_benchmark,3,nocp_s2048_e2048,benchmark,8192,2048,2048,0,0,True,4526.78,229.65,229.65,229.65,9.785
2026-05-13T12:48:09.220759+00:00,gpu3_benchmark,3,nocp_s2048_e2048,benchmark,32768,2048,2048,0,0,True,9476.26,1016.34,1016.34,1016.34,9.785
2026-05-13T12:48:19.005851+00:00,gpu3_benchmark,3,nocp_s2048_e2048,benchmark,65536,2048,2048,0,0,True,17708.01,2219.55,2219.55,2219.55,9.846
2026-05-13T12:48:28.852390+00:00,gpu3_benchmark,3,nocp_s2048_e2048,benchmark,131072,2048,2048,0,0,False,,,,,5.898
2026-05-13T12:48:34.751246+00:00,gpu3_benchmark,3,ckpt_s8192_e8192,correctness,2048,8192,8192,1,0,True,,,,,8.629
2026-05-13T12:48:43.380260+00:00,gpu3_benchmark,3,ckpt_s8192_e8192,benchmark,2048,8192,8192,1,0,True,3432.23,57.97,57.97,57.97,8.852
2026-05-13T12:48:43.380260+00:00,gpu3_benchmark,3,ckpt_s8192_e8192,benchmark,8192,8192,8192,1,0,True,4012.63,88.58,88.58,88.58,8.852
2026-05-13T12:48:43.380260+00:00,gpu3_benchmark,3,ckpt_s8192_e8192,benchmark,32768,8192,8192,1,0,True,6814.85,389.24,389.24,389.24,8.852
2026-05-13T12:48:52.233139+00:00,gpu3_benchmark,3,ckpt_s8192_e8192,benchmark,65536,8192,8192,1,0,True,11272.01,870.5,870.5,870.5,7.388
2026-05-13T12:48:59.621617+00:00,gpu3_benchmark,3,ckpt_s8192_e8192,benchmark,131072,8192,8192,1,0,True,21303.26,1880.07,1880.07,1880.07,9.331
2026-05-13T12:49:08.952661+00:00,gpu3_benchmark,3,ckpt_s16384_e4096,correctness,2048,16384,4096,1,0,True,,,,,8.906
2026-05-13T12:49:17.859333+00:00,gpu3_benchmark,3,ckpt_s16384_e4096,benchmark,2048,16384,4096,1,0,True,3432.23,63.8,63.8,63.8,9.903
2026-05-13T12:49:17.859333+00:00,gpu3_benchmark,3,ckpt_s16384_e4096,benchmark,8192,16384,4096,1,0,True,4092.77,136.83,136.83,136.83,9.903
2026-05-13T12:49:17.859333+00:00,gpu3_benchmark,3,ckpt_s16384_e4096,benchmark,32768,16384,4096,1,0,True,6894.87,598.52,598.52,598.52,9.903
2026-05-13T12:49:27.762232+00:00,gpu3_benchmark,3,ckpt_s16384_e4096,benchmark,65536,16384,4096,1,0,True,11272.01,1288.23,1288.23,1288.23,8.563
2026-05-13T12:49:36.325436+00:00,gpu3_benchmark,3,ckpt_s16384_e4096,benchmark,131072,16384,4096,1,0,False,,,,,9.673
2026-05-13T12:49:45.998546+00:00,gpu3_benchmark,3,ckpt_s8192_e4096,correctness,2048,8192,4096,1,0,True,,,,,8.532
2026-05-13T12:49:54.531408+00:00,gpu3_benchmark,3,ckpt_s8192_e4096,benchmark,2048,8192,4096,1,0,True,3432.23,60.61,60.61,60.61,9.247
2026-05-13T12:49:54.531408+00:00,gpu3_benchmark,3,ckpt_s8192_e4096,benchmark,8192,8192,4096,1,0,True,4092.77,145.21,145.21,145.21,9.247
2026-05-13T12:49:54.531408+00:00,gpu3_benchmark,3,ckpt_s8192_e4096,benchmark,32768,8192,4096,1,0,True,6894.87,600.4,600.4,600.4,9.247
2026-05-13T12:50:03.779288+00:00,gpu3_benchmark,3,ckpt_s8192_e4096,benchmark,65536,8192,4096,1,0,True,11272.01,1308.72,1308.72,1308.72,9.033
2026-05-13T12:50:12.812312+00:00,gpu3_benchmark,3,ckpt_s8192_e4096,benchmark,131072,8192,4096,1,0,False,,,,,9.745
2026-05-13T12:50:22.558156+00:00,gpu3_benchmark,3,ckpt_s4096_e4096,correctness,2048,4096,4096,1,0,True,,,,,9.151
2026-05-13T12:50:31.709899+00:00,gpu3_benchmark,3,ckpt_s4096_e4096,benchmark,2048,4096,4096,1,0,True,3432.23,61.29,61.29,61.29,9.737
2026-05-13T12:50:31.709899+00:00,gpu3_benchmark,3,ckpt_s4096_e4096,benchmark,8192,4096,4096,1,0,True,4092.77,147.59,147.59,147.59,9.737
2026-05-13T12:50:31.709899+00:00,gpu3_benchmark,3,ckpt_s4096_e4096,benchmark,32768,4096,4096,1,0,True,6894.87,601.43,601.43,601.43,9.737
2026-05-13T12:50:41.447283+00:00,gpu3_benchmark,3,ckpt_s4096_e4096,benchmark,65536,4096,4096,1,0,True,11272.01,1319.58,1319.58,1319.58,8.297
2026-05-13T12:50:49.744274+00:00,gpu3_benchmark,3,ckpt_s4096_e4096,benchmark,131072,4096,4096,1,0,False,,,,,10.121
2026-05-13T12:50:59.866117+00:00,gpu3_benchmark,3,ckpt_s8192_e2048,correctness,2048,8192,2048,1,0,True,,,,,8.848
2026-05-13T12:51:08.714751+00:00,gpu3_benchmark,3,ckpt_s8192_e2048,benchmark,2048,8192,2048,1,0,True,3432.23,59.24,59.24,59.24,10.681
2026-05-13T12:51:08.714751+00:00,gpu3_benchmark,3,ckpt_s8192_e2048,benchmark,8192,8192,2048,1,0,True,4132.78,241.67,241.67,241.67,10.681
2026-05-13T12:51:08.714751+00:00,gpu3_benchmark,3,ckpt_s8192_e2048,benchmark,32768,8192,2048,1,0,True,6934.88,1054.55,1054.55,1054.55,10.681
2026-05-13T12:51:19.396415+00:00,gpu3_benchmark,3,ckpt_s8192_e2048,benchmark,65536,8192,2048,1,0,True,11272.01,2242.42,2242.42,2242.42,9.909
2026-05-13T12:51:29.305420+00:00,gpu3_benchmark,3,ckpt_s8192_e2048,benchmark,131072,8192,2048,1,0,False,,,,,6.899
2026-05-13T12:51:36.204598+00:00,gpu3_benchmark,3,ckpt_s4096_e2048,correctness,2048,4096,2048,1,0,True,,,,,9.219
2026-05-13T12:51:45.424223+00:00,gpu3_benchmark,3,ckpt_s4096_e2048,benchmark,2048,4096,2048,1,0,True,3432.23,60.26,60.26,60.26,10.705
2026-05-13T12:51:45.424223+00:00,gpu3_benchmark,3,ckpt_s4096_e2048,benchmark,8192,4096,2048,1,0,True,4132.78,250.17,250.17,250.17,10.705
2026-05-13T12:51:45.424223+00:00,gpu3_benchmark,3,ckpt_s4096_e2048,benchmark,32768,4096,2048,1,0,True,6934.88,1062.35,1062.35,1062.35,10.705
2026-05-13T12:51:56.129559+00:00,gpu3_benchmark,3,ckpt_s4096_e2048,benchmark,65536,4096,2048,1,0,True,11272.01,2339.52,2339.52,2339.52,10.169
2026-05-13T12:52:06.298660+00:00,gpu3_benchmark,3,ckpt_s4096_e2048,benchmark,131072,4096,2048,1,0,False,,,,,6.621
2026-05-13T12:52:12.920703+00:00,gpu3_benchmark,3,ckpt_s2048_e2048,correctness,2048,2048,2048,1,0,True,,,,,8.960
2026-05-13T12:52:21.881402+00:00,gpu3_benchmark,3,ckpt_s2048_e2048,benchmark,2048,2048,2048,1,0,True,3432.23,58.44,58.44,58.44,10.748
2026-05-13T12:52:21.881402+00:00,gpu3_benchmark,3,ckpt_s2048_e2048,benchmark,8192,2048,2048,1,0,True,4132.78,243.35,243.35,243.35,10.748
2026-05-13T12:52:21.881402+00:00,gpu3_benchmark,3,ckpt_s2048_e2048,benchmark,32768,2048,2048,1,0,True,6934.88,1062.42,1062.42,1062.42,10.748
2026-05-13T12:52:32.630067+00:00,gpu3_benchmark,3,ckpt_s2048_e2048,benchmark,65536,2048,2048,1,0,True,11272.01,2324.05,2324.05,2324.05,10.750
2026-05-13T12:52:43.380298+00:00,gpu3_benchmark,3,ckpt_s2048_e2048,benchmark,131072,2048,2048,1,0,False,,,,,6.520
2026-05-13T12:52:49.900360+00:00,gpu3_benchmark,3,ckpt_s4096_e1024,correctness,2048,4096,1024,1,0,True,,,,,8.912
2026-05-13T12:52:58.813079+00:00,gpu3_benchmark,3,ckpt_s4096_e1024,benchmark,2048,4096,1024,1,0,True,3453.26,248.21,248.21,248.21,13.430
2026-05-13T12:52:58.813079+00:00,gpu3_benchmark,3,ckpt_s4096_e1024,benchmark,8192,4096,1024,1,0,True,4153.79,503.99,503.99,503.99,13.430
2026-05-13T12:52:58.813079+00:00,gpu3_benchmark,3,ckpt_s4096_e1024,benchmark,32768,4096,1024,1,0,True,6955.88,1970.94,1970.94,1970.94,13.430
2026-05-13T12:53:12.243527+00:00,gpu3_benchmark,3,ckpt_s4096_e1024,benchmark,65536,4096,1024,1,0,True,11272.51,4285.84,4285.84,4285.84,14.662
2026-05-13T12:53:26.905332+00:00,gpu3_benchmark,3,ckpt_s4096_e1024,benchmark,131072,4096,1024,1,0,True,21314.76,10049.98,10049.98,10049.98,25.995
2026-05-13T12:53:52.900655+00:00,gpu3_benchmark,3,ckpt_s2048_e1024,correctness,2048,2048,1024,1,0,True,,,,,8.869
2026-05-13T12:54:01.769818+00:00,gpu3_benchmark,3,ckpt_s2048_e1024,benchmark,2048,2048,1024,1,0,True,3453.26,259.2,259.2,259.2,12.865
2026-05-13T12:54:01.769818+00:00,gpu3_benchmark,3,ckpt_s2048_e1024,benchmark,8192,2048,1024,1,0,True,4153.79,448.31,448.31,448.31,12.865
2026-05-13T12:54:01.769818+00:00,gpu3_benchmark,3,ckpt_s2048_e1024,benchmark,32768,2048,1024,1,0,True,6955.88,1964.92,1964.92,1964.92,12.865
2026-05-13T12:54:14.634743+00:00,gpu3_benchmark,3,ckpt_s2048_e1024,benchmark,65536,2048,1024,1,0,True,11272.51,4295.4,4295.4,4295.4,14.481
2026-05-13T12:54:29.115620+00:00,gpu3_benchmark,3,ckpt_s2048_e1024,benchmark,131072,2048,1024,1,0,False,,,,,17.301
2026-05-13T12:54:46.417348+00:00,gpu3_benchmark,3,ckpt_s1024_e1024,correctness,2048,1024,1024,1,0,True,,,,,9.273
2026-05-13T12:54:55.690278+00:00,gpu3_benchmark,3,ckpt_s1024_e1024,benchmark,2048,1024,1024,1,0,True,3452.26,110.79,110.79,110.79,13.539
2026-05-13T12:54:55.690278+00:00,gpu3_benchmark,3,ckpt_s1024_e1024,benchmark,8192,1024,1024,1,0,True,4152.79,450.5,450.5,450.5,13.539
2026-05-13T12:54:55.690278+00:00,gpu3_benchmark,3,ckpt_s1024_e1024,benchmark,32768,1024,1024,1,0,True,6954.88,1992.08,1992.08,1992.08,13.539
2026-05-13T12:55:09.229377+00:00,gpu3_benchmark,3,ckpt_s1024_e1024,benchmark,65536,1024,1024,1,0,True,11272.01,4334.28,4334.28,4334.28,14.653
2026-05-13T12:55:23.882931+00:00,gpu3_benchmark,3,ckpt_s1024_e1024,benchmark,131072,1024,1024,1,0,False,,,,,17.675
2026-05-13T12:55:41.558439+00:00,gpu3_benchmark,3,nocp_s8192_e8192,correctness,2048,8192,8192,0,0,True,,,,,8.261
2026-05-13T12:55:49.820025+00:00,gpu3_benchmark,3,nocp_s8192_e8192,benchmark,2048,8192,8192,0,0,True,3510.1,54.56,54.56,54.56,8.815
2026-05-13T12:55:49.820025+00:00,gpu3_benchmark,3,nocp_s8192_e8192,benchmark,8192,8192,8192,0,0,True,4300.63,99.06,99.06,99.06,8.815
2026-05-13T12:55:49.820025+00:00,gpu3_benchmark,3,nocp_s8192_e8192,benchmark,32768,8192,8192,0,0,True,9328.38,353.18,353.18,353.18,8.815
2026-05-13T12:55:58.635884+00:00,gpu3_benchmark,3,nocp_s8192_e8192,benchmark,65536,8192,8192,0,0,True,17416.01,780.41,780.41,780.41,6.882
2026-05-13T12:56:05.518275+00:00,gpu3_benchmark,3,nocp_s8192_e8192,benchmark,131072,8192,8192,0,0,False,,,,,5.353
2026-05-13T12:56:10.871245+00:00,gpu3_benchmark,3,nocp_s8192_e4096,correctness,2048,8192,4096,0,0,True,,,,,8.312
2026-05-13T12:56:19.183392+00:00,gpu3_benchmark,3,nocp_s8192_e4096,benchmark,2048,8192,4096,0,0,True,3510.1,55.69,55.69,55.69,8.855
2026-05-13T12:56:19.183392+00:00,gpu3_benchmark,3,nocp_s8192_e4096,benchmark,8192,8192,4096,0,0,True,4428.77,133.09,133.09,133.09,8.855
2026-05-13T12:56:19.183392+00:00,gpu3_benchmark,3,nocp_s8192_e4096,benchmark,32768,8192,4096,0,0,True,9328.38,584.92,584.92,584.92,8.855
2026-05-13T12:56:28.039319+00:00,gpu3_benchmark,3,nocp_s8192_e4096,benchmark,65536,8192,4096,0,0,True,17416.01,1252.69,1252.69,1252.69,7.305
2026-05-13T12:56:35.344169+00:00,gpu3_benchmark,3,nocp_s8192_e4096,benchmark,131072,8192,4096,0,0,False,,,,,5.256
2026-05-13T12:56:40.600767+00:00,gpu3_benchmark,3,nocp_s4096_e4096,correctness,2048,4096,4096,0,0,True,,,,,8.195
2026-05-13T12:56:48.796508+00:00,gpu3_benchmark,3,nocp_s4096_e4096,benchmark,2048,4096,4096,0,0,True,3510.1,60.6,60.6,60.6,8.287
2026-05-13T12:56:48.796508+00:00,gpu3_benchmark,3,nocp_s4096_e4096,benchmark,8192,4096,4096,0,0,True,4428.77,130.99,130.99,130.99,8.287
2026-05-13T12:56:48.796508+00:00,gpu3_benchmark,3,nocp_s4096_e4096,benchmark,32768,4096,4096,0,0,True,9328.38,575.42,575.42,575.42,8.287
2026-05-13T12:56:57.083567+00:00,gpu3_benchmark,3,nocp_s4096_e4096,benchmark,65536,4096,4096,0,0,True,17416.01,1255.4,1255.4,1255.4,7.336
2026-05-13T12:57:04.420217+00:00,gpu3_benchmark,3,nocp_s4096_e4096,benchmark,131072,4096,4096,0,0,False,,,,,5.725
2026-05-13T12:57:10.146231+00:00,gpu3_benchmark,3,nocp_s4096_e2048,correctness,2048,4096,2048,0,0,True,,,,,8.094
2026-05-13T12:57:18.240243+00:00,gpu3_benchmark,3,nocp_s4096_e2048,benchmark,2048,4096,2048,0,0,True,3510.1,55.5,55.5,55.5,9.523
2026-05-13T12:57:18.240243+00:00,gpu3_benchmark,3,nocp_s4096_e2048,benchmark,8192,4096,2048,0,0,True,4525.78,227.15,227.15,227.15,9.523
2026-05-13T12:57:18.240243+00:00,gpu3_benchmark,3,nocp_s4096_e2048,benchmark,32768,4096,2048,0,0,True,9474.26,995.27,995.27,995.27,9.523
2026-05-13T12:57:27.764065+00:00,gpu3_benchmark,3,nocp_s4096_e2048,benchmark,65536,4096,2048,0,0,True,17708.01,2153.24,2153.24,2153.24,8.956
2026-05-13T12:57:36.720289+00:00,gpu3_benchmark,3,nocp_s4096_e2048,benchmark,131072,4096,2048,0,0,False,,,,,5.721
2026-05-13T12:57:42.441966+00:00,gpu3_benchmark,3,nocp_s2048_e2048,correctness,2048,2048,2048,0,0,True,,,,,7.504
2026-05-13T12:57:49.946462+00:00,gpu3_benchmark,3,nocp_s2048_e2048,benchmark,2048,2048,2048,0,0,True,3510.1,55.39,55.39,55.39,10.663
2026-05-13T12:57:49.946462+00:00,gpu3_benchmark,3,nocp_s2048_e2048,benchmark,8192,2048,2048,0,0,True,4526.78,226.55,226.55,226.55,10.663
2026-05-13T12:57:49.946462+00:00,gpu3_benchmark,3,nocp_s2048_e2048,benchmark,32768,2048,2048,0,0,True,9476.26,1000.38,1000.38,1000.38,10.663
2026-05-13T12:58:00.609831+00:00,gpu3_benchmark,3,nocp_s2048_e2048,benchmark,65536,2048,2048,0,0,True,17708.01,2188.92,2188.92,2188.92,9.351
2026-05-13T12:58:09.961479+00:00,gpu3_benchmark,3,nocp_s2048_e2048,benchmark,131072,2048,2048,0,0,False,,,,,5.489
2026-05-13T12:58:15.450732+00:00,gpu3_benchmark,3,ckpt_s8192_e8192,correctness,2048,8192,8192,1,0,True,,,,,9.064
2026-05-13T12:58:24.515003+00:00,gpu3_benchmark,3,ckpt_s8192_e8192,benchmark,2048,8192,8192,1,0,True,3432.23,53.0,53.0,53.0,8.967
2026-05-13T12:58:24.515003+00:00,gpu3_benchmark,3,ckpt_s8192_e8192,benchmark,8192,8192,8192,1,0,True,4012.63,81.36,81.36,81.36,8.967
2026-05-13T12:58:24.515003+00:00,gpu3_benchmark,3,ckpt_s8192_e8192,benchmark,32768,8192,8192,1,0,True,6814.85,350.39,350.39,350.39,8.967
2026-05-13T12:58:33.481978+00:00,gpu3_benchmark,3,ckpt_s8192_e8192,benchmark,65536,8192,8192,1,0,True,11272.01,746.89,746.89,746.89,7.174
2026-05-13T12:58:40.656715+00:00,gpu3_benchmark,3,ckpt_s8192_e8192,benchmark,131072,8192,8192,1,0,True,21303.26,1681.05,1681.05,1681.05,8.875
2026-05-13T12:58:49.531932+00:00,gpu3_benchmark,3,ckpt_s16384_e4096,correctness,2048,16384,4096,1,0,True,,,,,8.488
2026-05-13T12:58:58.020615+00:00,gpu3_benchmark,3,ckpt_s16384_e4096,benchmark,2048,16384,4096,1,0,True,3432.23,58.7,58.7,58.7,9.528
2026-05-13T12:58:58.020615+00:00,gpu3_benchmark,3,ckpt_s16384_e4096,benchmark,8192,16384,4096,1,0,True,4092.77,141.92,141.92,141.92,9.528
2026-05-13T12:58:58.020615+00:00,gpu3_benchmark,3,ckpt_s16384_e4096,benchmark,32768,16384,4096,1,0,True,6894.87,598.36,598.36,598.36,9.528
2026-05-13T12:59:07.549102+00:00,gpu3_benchmark,3,ckpt_s16384_e4096,benchmark,65536,16384,4096,1,0,True,11272.01,1292.07,1292.07,1292.07,8.688
2026-05-13T12:59:16.237384+00:00,gpu3_benchmark,3,ckpt_s16384_e4096,benchmark,131072,16384,4096,1,0,False,,,,,9.232
2026-05-13T12:59:25.469716+00:00,gpu3_benchmark,3,ckpt_s8192_e4096,correctness,2048,8192,4096,1,0,True,,,,,8.074
2026-05-13T12:59:33.543998+00:00,gpu3_benchmark,3,ckpt_s8192_e4096,benchmark,2048,8192,4096,1,0,True,3432.23,58.75,58.75,58.75,9.431
2026-05-13T12:59:33.543998+00:00,gpu3_benchmark,3,ckpt_s8192_e4096,benchmark,8192,8192,4096,1,0,True,4092.77,141.85,141.85,141.85,9.431
2026-05-13T12:59:33.543998+00:00,gpu3_benchmark,3,ckpt_s8192_e4096,benchmark,32768,8192,4096,1,0,True,6894.87,594.55,594.55,594.55,9.431
2026-05-13T12:59:42.975874+00:00,gpu3_benchmark,3,ckpt_s8192_e4096,benchmark,65536,8192,4096,1,0,True,11272.01,1303.41,1303.41,1303.41,8.307
2026-05-13T12:59:51.283437+00:00,gpu3_benchmark,3,ckpt_s8192_e4096,benchmark,131072,8192,4096,1,0,False,,,,,9.369
2026-05-13T13:00:00.652566+00:00,gpu3_benchmark,3,ckpt_s4096_e4096,correctness,2048,4096,4096,1,0,True,,,,,8.516
2026-05-13T13:00:09.169184+00:00,gpu3_benchmark,3,ckpt_s4096_e4096,benchmark,2048,4096,4096,1,0,True,3432.23,58.52,58.52,58.52,8.887
2026-05-13T13:00:09.169184+00:00,gpu3_benchmark,3,ckpt_s4096_e4096,benchmark,8192,4096,4096,1,0,True,4092.77,139.81,139.81,139.81,8.887
2026-05-13T13:00:09.169184+00:00,gpu3_benchmark,3,ckpt_s4096_e4096,benchmark,32768,4096,4096,1,0,True,6894.87,620.13,620.13,620.13,8.887
2026-05-13T13:00:18.056642+00:00,gpu3_benchmark,3,ckpt_s4096_e4096,benchmark,65536,4096,4096,1,0,True,11272.01,1321.85,1321.85,1321.85,8.163
2026-05-13T13:00:26.220177+00:00,gpu3_benchmark,3,ckpt_s4096_e4096,benchmark,131072,4096,4096,1,0,False,,,,,9.285
2026-05-13T13:00:35.505989+00:00,gpu3_benchmark,3,ckpt_s8192_e2048,correctness,2048,8192,2048,1,0,True,,,,,8.292
2026-05-13T13:00:43.798738+00:00,gpu3_benchmark,3,ckpt_s8192_e2048,benchmark,2048,8192,2048,1,0,True,3432.23,61.36,61.36,61.36,10.638
2026-05-13T13:00:43.798738+00:00,gpu3_benchmark,3,ckpt_s8192_e2048,benchmark,8192,8192,2048,1,0,True,4132.78,251.55,251.55,251.55,10.638
2026-05-13T13:00:43.798738+00:00,gpu3_benchmark,3,ckpt_s8192_e2048,benchmark,32768,8192,2048,1,0,True,6934.88,1058.19,1058.19,1058.19,10.638
2026-05-13T13:00:54.437125+00:00,gpu3_benchmark,3,ckpt_s8192_e2048,benchmark,65536,8192,2048,1,0,True,11272.01,2276.46,2276.46,2276.46,10.301
2026-05-13T13:01:04.738050+00:00,gpu3_benchmark,3,ckpt_s8192_e2048,benchmark,131072,8192,2048,1,0,False,,,,,6.240
2026-05-13T13:01:10.978928+00:00,gpu3_benchmark,3,ckpt_s4096_e2048,correctness,2048,4096,2048,1,0,True,,,,,8.584
2026-05-13T13:01:19.563231+00:00,gpu3_benchmark,3,ckpt_s4096_e2048,benchmark,2048,4096,2048,1,0,True,3432.23,56.9,56.9,56.9,11.114
2026-05-13T13:01:19.563231+00:00,gpu3_benchmark,3,ckpt_s4096_e2048,benchmark,8192,4096,2048,1,0,True,4132.78,242.38,242.38,242.38,11.114
2026-05-13T13:01:19.563231+00:00,gpu3_benchmark,3,ckpt_s4096_e2048,benchmark,32768,4096,2048,1,0,True,6934.88,1054.53,1054.53,1054.53,11.114
2026-05-13T13:01:30.677279+00:00,gpu3_benchmark,3,ckpt_s4096_e2048,benchmark,65536,4096,2048,1,0,True,11272.01,2294.65,2294.65,2294.65,10.795
2026-05-13T13:01:41.473093+00:00,gpu3_benchmark,3,ckpt_s4096_e2048,benchmark,131072,4096,2048,1,0,False,,,,,6.260
2026-05-13T13:01:47.733708+00:00,gpu3_benchmark,3,ckpt_s2048_e2048,correctness,2048,2048,2048,1,0,True,,,,,9.198
2026-05-13T13:01:56.931771+00:00,gpu3_benchmark,3,ckpt_s2048_e2048,benchmark,2048,2048,2048,1,0,True,3432.23,65.97,65.97,65.97,10.753
2026-05-13T13:01:56.931771+00:00,gpu3_benchmark,3,ckpt_s2048_e2048,benchmark,8192,2048,2048,1,0,True,4132.78,240.96,240.96,240.96,10.753
2026-05-13T13:01:56.931771+00:00,gpu3_benchmark,3,ckpt_s2048_e2048,benchmark,32768,2048,2048,1,0,True,6934.88,1052.16,1052.16,1052.16,10.753
2026-05-13T13:02:07.684779+00:00,gpu3_benchmark,3,ckpt_s2048_e2048,benchmark,65536,2048,2048,1,0,True,11272.01,2316.27,2316.27,2316.27,10.726
2026-05-13T13:02:18.411395+00:00,gpu3_benchmark,3,ckpt_s2048_e2048,benchmark,131072,2048,2048,1,0,False,,,,,6.350
2026-05-13T13:02:24.761649+00:00,gpu3_benchmark,3,ckpt_s4096_e1024,correctness,2048,4096,1024,1,0,True,,,,,7.978
2026-05-13T13:02:32.740057+00:00,gpu3_benchmark,3,ckpt_s4096_e1024,benchmark,2048,4096,1024,1,0,True,3453.26,241.87,241.87,241.87,12.403
2026-05-13T13:02:32.740057+00:00,gpu3_benchmark,3,ckpt_s4096_e1024,benchmark,8192,4096,1024,1,0,True,4153.79,439.64,439.64,439.64,12.403
2026-05-13T13:02:32.740057+00:00,gpu3_benchmark,3,ckpt_s4096_e1024,benchmark,32768,4096,1024,1,0,True,6955.88,1944.34,1944.34,1944.34,12.403
2026-05-13T13:02:45.143489+00:00,gpu3_benchmark,3,ckpt_s4096_e1024,benchmark,65536,4096,1024,1,0,True,11272.51,4294.83,4294.83,4294.83,14.376
2026-05-13T13:02:59.520207+00:00,gpu3_benchmark,3,ckpt_s4096_e1024,benchmark,131072,4096,1024,1,0,True,21314.76,10206.16,10206.16,10206.16,26.079
2026-05-13T13:03:25.599860+00:00,gpu3_benchmark,3,ckpt_s2048_e1024,correctness,2048,2048,1024,1,0,True,,,,,8.283
2026-05-13T13:03:33.883119+00:00,gpu3_benchmark,3,ckpt_s2048_e1024,benchmark,2048,2048,1024,1,0,True,3453.26,261.62,261.62,261.62,13.042
2026-05-13T13:03:33.883119+00:00,gpu3_benchmark,3,ckpt_s2048_e1024,benchmark,8192,2048,1024,1,0,True,4153.79,455.49,455.49,455.49,13.042
2026-05-13T13:03:33.883119+00:00,gpu3_benchmark,3,ckpt_s2048_e1024,benchmark,32768,2048,1024,1,0,True,6955.88,1977.99,1977.99,1977.99,13.042
2026-05-13T13:03:46.925701+00:00,gpu3_benchmark,3,ckpt_s2048_e1024,benchmark,65536,2048,1024,1,0,True,11272.51,4269.8,4269.8,4269.8,14.477
2026-05-13T13:04:01.403330+00:00,gpu3_benchmark,3,ckpt_s2048_e1024,benchmark,131072,2048,1024,1,0,False,,,,,16.543
2026-05-13T13:04:17.946714+00:00,gpu3_benchmark,3,ckpt_s1024_e1024,correctness,2048,1024,1024,1,0,True,,,,,9.116
2026-05-13T13:04:27.063385+00:00,gpu3_benchmark,3,ckpt_s1024_e1024,benchmark,2048,1024,1024,1,0,True,3452.26,117.59,117.59,117.59,13.140
2026-05-13T13:04:27.063385+00:00,gpu3_benchmark,3,ckpt_s1024_e1024,benchmark,8192,1024,1024,1,0,True,4152.79,453.76,453.76,453.76,13.140
2026-05-13T13:04:27.063385+00:00,gpu3_benchmark,3,ckpt_s1024_e1024,benchmark,32768,1024,1024,1,0,True,6954.88,1988.57,1988.57,1988.57,13.140
2026-05-13T13:04:40.203478+00:00,gpu3_benchmark,3,ckpt_s1024_e1024,benchmark,65536,1024,1024,1,0,True,11272.01,4361.31,4361.31,4361.31,14.506
2026-05-13T13:04:54.710250+00:00,gpu3_benchmark,3,ckpt_s1024_e1024,benchmark,131072,1024,1024,1,0,False,,,,,17.603
2026-05-13T13:05:12.314209+00:00,gpu3_benchmark,3,nocp_s8192_e8192,correctness,2048,8192,8192,0,0,True,,,,,7.338
2026-05-13T13:05:19.652808+00:00,gpu3_benchmark,3,nocp_s8192_e8192,benchmark,2048,8192,8192,0,0,True,3510.1,55.14,55.14,55.14,7.266
2026-05-13T13:05:19.652808+00:00,gpu3_benchmark,3,nocp_s8192_e8192,benchmark,8192,8192,8192,0,0,True,4300.63,82.29,82.29,82.29,7.266
2026-05-13T13:05:19.652808+00:00,gpu3_benchmark,3,nocp_s8192_e8192,benchmark,32768,8192,8192,0,0,True,9328.38,364.31,364.31,364.31,7.266
2026-05-13T13:05:26.919691+00:00,gpu3_benchmark,3,nocp_s8192_e8192,benchmark,65536,8192,8192,0,0,True,17416.01,797.87,797.87,797.87,6.873
2026-05-13T13:05:33.793366+00:00,gpu3_benchmark,3,nocp_s8192_e8192,benchmark,131072,8192,8192,0,0,False,,,,,5.142
2026-05-13T13:05:38.936285+00:00,gpu3_benchmark,3,nocp_s8192_e4096,correctness,2048,8192,4096,0,0,True,,,,,7.349
2026-05-13T13:05:46.285790+00:00,gpu3_benchmark,3,nocp_s8192_e4096,benchmark,2048,8192,4096,0,0,True,3510.1,56.87,56.87,56.87,8.218
2026-05-13T13:05:46.285790+00:00,gpu3_benchmark,3,nocp_s8192_e4096,benchmark,8192,8192,4096,0,0,True,4428.77,133.59,133.59,133.59,8.218
2026-05-13T13:05:46.285790+00:00,gpu3_benchmark,3,nocp_s8192_e4096,benchmark,32768,8192,4096,0,0,True,9328.38,566.92,566.92,566.92,8.218
2026-05-13T13:05:54.503771+00:00,gpu3_benchmark,3,nocp_s8192_e4096,benchmark,65536,8192,4096,0,0,True,17416.01,1263.1,1263.1,1263.1,7.414
2026-05-13T13:06:01.918565+00:00,gpu3_benchmark,3,nocp_s8192_e4096,benchmark,131072,8192,4096,0,0,False,,,,,5.201
2026-05-13T13:06:07.119770+00:00,gpu3_benchmark,3,nocp_s4096_e4096,correctness,2048,4096,4096,0,0,True,,,,,7.610
2026-05-13T13:06:14.729694+00:00,gpu3_benchmark,3,nocp_s4096_e4096,benchmark,2048,4096,4096,0,0,True,3510.1,57.54,57.54,57.54,8.801
2026-05-13T13:06:14.729694+00:00,gpu3_benchmark,3,nocp_s4096_e4096,benchmark,8192,4096,4096,0,0,True,4428.77,137.25,137.25,137.25,8.801
2026-05-13T13:06:14.729694+00:00,gpu3_benchmark,3,nocp_s4096_e4096,benchmark,32768,4096,4096,0,0,True,9328.38,583.0,583.0,583.0,8.801
2026-05-13T13:06:23.530925+00:00,gpu3_benchmark,3,nocp_s4096_e4096,benchmark,65536,4096,4096,0,0,True,17416.01,1268.46,1268.46,1268.46,8.102
2026-05-13T13:06:31.633072+00:00,gpu3_benchmark,3,nocp_s4096_e4096,benchmark,131072,4096,4096,0,0,False,,,,,5.249
2026-05-13T13:06:36.882574+00:00,gpu3_benchmark,3,nocp_s4096_e2048,correctness,2048,4096,2048,0,0,True,,,,,7.617
2026-05-13T13:06:44.499514+00:00,gpu3_benchmark,3,nocp_s4096_e2048,benchmark,2048,4096,2048,0,0,True,3510.1,54.17,54.17,54.17,9.425
2026-05-13T13:06:44.499514+00:00,gpu3_benchmark,3,nocp_s4096_e2048,benchmark,8192,4096,2048,0,0,True,4525.78,225.63,225.63,225.63,9.425
2026-05-13T13:06:44.499514+00:00,gpu3_benchmark,3,nocp_s4096_e2048,benchmark,32768,4096,2048,0,0,True,9474.26,996.93,996.93,996.93,9.425
2026-05-13T13:06:53.924700+00:00,gpu3_benchmark,3,nocp_s4096_e2048,benchmark,65536,4096,2048,0,0,True,17708.01,2164.75,2164.75,2164.75,9.735
2026-05-13T13:07:03.660153+00:00,gpu3_benchmark,3,nocp_s4096_e2048,benchmark,131072,4096,2048,0,0,False,,,,,5.089
2026-05-13T13:07:08.749612+00:00,gpu3_benchmark,3,nocp_s2048_e2048,correctness,2048,2048,2048,0,0,True,,,,,8.317
2026-05-13T13:07:17.067407+00:00,gpu3_benchmark,3,nocp_s2048_e2048,benchmark,2048,2048,2048,0,0,True,3510.1,57.6,57.6,57.6,9.102
2026-05-13T13:07:17.067407+00:00,gpu3_benchmark,3,nocp_s2048_e2048,benchmark,8192,2048,2048,0,0,True,4526.78,233.27,233.27,233.27,9.102
2026-05-13T13:07:17.067407+00:00,gpu3_benchmark,3,nocp_s2048_e2048,benchmark,32768,2048,2048,0,0,True,9476.26,1030.42,1030.42,1030.42,9.102
2026-05-13T13:07:26.170301+00:00,gpu3_benchmark,3,nocp_s2048_e2048,benchmark,65536,2048,2048,0,0,True,17708.01,2199.59,2199.59,2199.59,9.377
2026-05-13T13:07:35.547169+00:00,gpu3_benchmark,3,nocp_s2048_e2048,benchmark,131072,2048,2048,0,0,False,,,,,5.945
2026-05-13T13:07:41.492875+00:00,gpu3_benchmark,3,ckpt_s8192_e8192,correctness,2048,8192,8192,1,0,True,,,,,8.473
2026-05-13T13:07:49.966453+00:00,gpu3_benchmark,3,ckpt_s8192_e8192,benchmark,2048,8192,8192,1,0,True,3432.23,59.95,59.95,59.95,9.117
2026-05-13T13:07:49.966453+00:00,gpu3_benchmark,3,ckpt_s8192_e8192,benchmark,8192,8192,8192,1,0,True,4012.63,95.35,95.35,95.35,9.117
2026-05-13T13:07:49.966453+00:00,gpu3_benchmark,3,ckpt_s8192_e8192,benchmark,32768,8192,8192,1,0,True,6814.85,389.64,389.64,389.64,9.117
2026-05-13T13:07:59.083737+00:00,gpu3_benchmark,3,ckpt_s8192_e8192,benchmark,65536,8192,8192,1,0,True,11272.01,844.75,844.75,844.75,7.898
2026-05-13T13:08:06.982519+00:00,gpu3_benchmark,3,ckpt_s8192_e8192,benchmark,131072,8192,8192,1,0,True,21303.26,1873.52,1873.52,1873.52,9.678
2026-05-13T13:08:16.661050+00:00,gpu3_benchmark,3,ckpt_s16384_e4096,correctness,2048,16384,4096,1,0,True,,,,,8.189
2026-05-13T13:08:24.850466+00:00,gpu3_benchmark,3,ckpt_s16384_e4096,benchmark,2048,16384,4096,1,0,True,3432.23,70.45,70.45,70.45,9.569
2026-05-13T13:08:24.850466+00:00,gpu3_benchmark,3,ckpt_s16384_e4096,benchmark,8192,16384,4096,1,0,True,4092.77,137.0,137.0,137.0,9.569
2026-05-13T13:08:24.850466+00:00,gpu3_benchmark,3,ckpt_s16384_e4096,benchmark,32768,16384,4096,1,0,True,6894.87,595.27,595.27,595.27,9.569
2026-05-13T13:08:34.419900+00:00,gpu3_benchmark,3,ckpt_s16384_e4096,benchmark,65536,16384,4096,1,0,True,11272.01,1283.68,1283.68,1283.68,8.694
2026-05-13T13:08:43.114322+00:00,gpu3_benchmark,3,ckpt_s16384_e4096,benchmark,131072,16384,4096,1,0,False,,,,,9.588
2026-05-13T13:08:52.702463+00:00,gpu3_benchmark,3,ckpt_s8192_e4096,correctness,2048,8192,4096,1,0,True,,,,,9.067
2026-05-13T13:09:01.770236+00:00,gpu3_benchmark,3,ckpt_s8192_e4096,benchmark,2048,8192,4096,1,0,True,3432.23,59.15,59.15,59.15,9.916
2026-05-13T13:09:01.770236+00:00,gpu3_benchmark,3,ckpt_s8192_e4096,benchmark,8192,8192,4096,1,0,True,4092.77,137.06,137.06,137.06,9.916
2026-05-13T13:09:01.770236+00:00,gpu3_benchmark,3,ckpt_s8192_e4096,benchmark,32768,8192,4096,1,0,True,6894.87,594.82,594.82,594.82,9.916
2026-05-13T13:09:11.687169+00:00,gpu3_benchmark,3,ckpt_s8192_e4096,benchmark,65536,8192,4096,1,0,True,11272.01,1177.47,1177.47,1177.47,8.012
2026-05-13T13:09:19.699991+00:00,gpu3_benchmark,3,ckpt_s8192_e4096,benchmark,131072,8192,4096,1,0,False,,,,,8.528
2026-05-13T13:09:28.228520+00:00,gpu3_benchmark,3,ckpt_s4096_e4096,correctness,2048,4096,4096,1,0,True,,,,,8.932
2026-05-13T13:09:37.160642+00:00,gpu3_benchmark,3,ckpt_s4096_e4096,benchmark,2048,4096,4096,1,0,True,3432.23,57.31,57.31,57.31,8.817
2026-05-13T13:09:37.160642+00:00,gpu3_benchmark,3,ckpt_s4096_e4096,benchmark,8192,4096,4096,1,0,True,4092.77,138.01,138.01,138.01,8.817
2026-05-13T13:09:37.160642+00:00,gpu3_benchmark,3,ckpt_s4096_e4096,benchmark,32768,4096,4096,1,0,True,6894.87,601.48,601.48,601.48,8.817
2026-05-13T13:09:45.978075+00:00,gpu3_benchmark,3,ckpt_s4096_e4096,benchmark,65536,4096,4096,1,0,True,11272.01,1315.65,1315.65,1315.65,8.454
2026-05-13T13:09:54.432212+00:00,gpu3_benchmark,3,ckpt_s4096_e4096,benchmark,131072,4096,4096,1,0,False,,,,,9.435
2026-05-13T13:10:03.867451+00:00,gpu3_benchmark,3,ckpt_s8192_e2048,correctness,2048,8192,2048,1,0,True,,,,,8.669
2026-05-13T13:10:12.536687+00:00,gpu3_benchmark,3,ckpt_s8192_e2048,benchmark,2048,8192,2048,1,0,True,3432.23,60.26,60.26,60.26,10.305
2026-05-13T13:10:12.536687+00:00,gpu3_benchmark,3,ckpt_s8192_e2048,benchmark,8192,8192,2048,1,0,True,4132.78,240.8,240.8,240.8,10.305
2026-05-13T13:10:12.536687+00:00,gpu3_benchmark,3,ckpt_s8192_e2048,benchmark,32768,8192,2048,1,0,True,6934.88,1053.59,1053.59,1053.59,10.305
2026-05-13T13:10:22.842340+00:00,gpu3_benchmark,3,ckpt_s8192_e2048,benchmark,65536,8192,2048,1,0,True,11272.01,2328.71,2328.71,2328.71,10.369
2026-05-13T13:10:33.212069+00:00,gpu3_benchmark,3,ckpt_s8192_e2048,benchmark,131072,8192,2048,1,0,False,,,,,6.474
2026-05-13T13:10:39.686183+00:00,gpu3_benchmark,3,ckpt_s4096_e2048,correctness,2048,4096,2048,1,0,True,,,,,8.441
2026-05-13T13:10:48.127440+00:00,gpu3_benchmark,3,ckpt_s4096_e2048,benchmark,2048,4096,2048,1,0,True,3432.23,60.34,60.34,60.34,10.988
2026-05-13T13:10:48.127440+00:00,gpu3_benchmark,3,ckpt_s4096_e2048,benchmark,8192,4096,2048,1,0,True,4132.78,239.62,239.62,239.62,10.988
2026-05-13T13:10:48.127440+00:00,gpu3_benchmark,3,ckpt_s4096_e2048,benchmark,32768,4096,2048,1,0,True,6934.88,1055.77,1055.77,1055.77,10.988
2026-05-13T13:10:59.115922+00:00,gpu3_benchmark,3,ckpt_s4096_e2048,benchmark,65536,4096,2048,1,0,True,11272.01,2342.47,2342.47,2342.47,10.838
2026-05-13T13:11:09.954380+00:00,gpu3_benchmark,3,ckpt_s4096_e2048,benchmark,131072,4096,2048,1,0,False,,,,,6.362
2026-05-13T13:11:16.316947+00:00,gpu3_benchmark,3,ckpt_s2048_e2048,correctness,2048,2048,2048,1,0,True,,,,,8.793
2026-05-13T13:11:25.110349+00:00,gpu3_benchmark,3,ckpt_s2048_e2048,benchmark,2048,2048,2048,1,0,True,3432.23,62.08,62.08,62.08,10.500
2026-05-13T13:11:25.110349+00:00,gpu3_benchmark,3,ckpt_s2048_e2048,benchmark,8192,2048,2048,1,0,True,4132.78,255.47,255.47,255.47,10.500
2026-05-13T13:11:25.110349+00:00,gpu3_benchmark,3,ckpt_s2048_e2048,benchmark,32768,2048,2048,1,0,True,6934.88,1052.14,1052.14,1052.14,10.500
2026-05-13T13:11:35.610587+00:00,gpu3_benchmark,3,ckpt_s2048_e2048,benchmark,65536,2048,2048,1,0,True,11272.01,2351.87,2351.87,2351.87,10.198
2026-05-13T13:11:45.808670+00:00,gpu3_benchmark,3,ckpt_s2048_e2048,benchmark,131072,2048,2048,1,0,False,,,,,6.176
2026-05-13T13:11:51.985479+00:00,gpu3_benchmark,3,ckpt_s4096_e1024,correctness,2048,4096,1024,1,0,True,,,,,8.587
2026-05-13T13:12:00.572962+00:00,gpu3_benchmark,3,ckpt_s4096_e1024,benchmark,2048,4096,1024,1,0,True,3453.26,242.25,242.25,242.25,13.129
2026-05-13T13:12:00.572962+00:00,gpu3_benchmark,3,ckpt_s4096_e1024,benchmark,8192,4096,1024,1,0,True,4153.79,451.32,451.32,451.32,13.129
2026-05-13T13:12:00.572962+00:00,gpu3_benchmark,3,ckpt_s4096_e1024,benchmark,32768,4096,1024,1,0,True,6955.88,1957.48,1957.48,1957.48,13.129
2026-05-13T13:12:13.702452+00:00,gpu3_benchmark,3,ckpt_s4096_e1024,benchmark,65536,4096,1024,1,0,True,11272.51,4230.26,4230.26,4230.26,14.330
2026-05-13T13:12:28.032704+00:00,gpu3_benchmark,3,ckpt_s4096_e1024,benchmark,131072,4096,1024,1,0,True,21314.76,10102.28,10102.28,10102.28,26.086
2026-05-13T13:12:54.118784+00:00,gpu3_benchmark,3,ckpt_s2048_e1024,correctness,2048,2048,1024,1,0,True,,,,,8.364
2026-05-13T13:13:02.483017+00:00,gpu3_benchmark,3,ckpt_s2048_e1024,benchmark,2048,2048,1024,1,0,True,3453.26,260.2,260.2,260.2,12.755
2026-05-13T13:13:02.483017+00:00,gpu3_benchmark,3,ckpt_s2048_e1024,benchmark,8192,2048,1024,1,0,True,4153.79,444.76,444.76,444.76,12.755
2026-05-13T13:13:02.483017+00:00,gpu3_benchmark,3,ckpt_s2048_e1024,benchmark,32768,2048,1024,1,0,True,6955.88,1957.92,1957.92,1957.92,12.755
2026-05-13T13:13:15.238436+00:00,gpu3_benchmark,3,ckpt_s2048_e1024,benchmark,65536,2048,1024,1,0,True,11272.51,4286.95,4286.95,4286.95,14.485
2026-05-13T13:13:29.723379+00:00,gpu3_benchmark,3,ckpt_s2048_e1024,benchmark,131072,2048,1024,1,0,False,,,,,16.677
2026-05-13T13:13:46.400891+00:00,gpu3_benchmark,3,ckpt_s1024_e1024,correctness,2048,1024,1024,1,0,True,,,,,8.423
2026-05-13T13:13:54.824634+00:00,gpu3_benchmark,3,ckpt_s1024_e1024,benchmark,2048,1024,1024,1,0,True,3452.26,117.33,117.33,117.33,12.498
2026-05-13T13:13:54.824634+00:00,gpu3_benchmark,3,ckpt_s1024_e1024,benchmark,8192,1024,1024,1,0,True,4152.79,449.83,449.83,449.83,12.498
2026-05-13T13:13:54.824634+00:00,gpu3_benchmark,3,ckpt_s1024_e1024,benchmark,32768,1024,1024,1,0,True,6954.88,1999.22,1999.22,1999.22,12.498
2026-05-13T13:14:07.322759+00:00,gpu3_benchmark,3,ckpt_s1024_e1024,benchmark,65536,1024,1024,1,0,True,11272.01,4362.25,4362.25,4362.25,14.665
2026-05-13T13:14:21.988499+00:00,gpu3_benchmark,3,ckpt_s1024_e1024,benchmark,131072,1024,1024,1,0,False,,,,,17.628
2026-05-13T13:14:39.617341+00:00,gpu3_benchmark,3,nocp_s8192_e8192,correctness,2048,8192,8192,0,0,True,,,,,7.679
2026-05-13T13:14:47.297107+00:00,gpu3_benchmark,3,nocp_s8192_e8192,benchmark,2048,8192,8192,0,0,True,3510.1,54.19,54.19,54.19,7.647
2026-05-13T13:14:47.297107+00:00,gpu3_benchmark,3,nocp_s8192_e8192,benchmark,8192,8192,8192,0,0,True,4300.63,80.39,80.39,80.39,7.647
2026-05-13T13:14:47.297107+00:00,gpu3_benchmark,3,nocp_s8192_e8192,benchmark,32768,8192,8192,0,0,True,9328.38,364.52,364.52,364.52,7.647
2026-05-13T13:14:54.944481+00:00,gpu3_benchmark,3,nocp_s8192_e8192,benchmark,65536,8192,8192,0,0,True,17416.01,791.66,791.66,791.66,6.577
2026-05-13T13:15:01.522290+00:00,gpu3_benchmark,3,nocp_s8192_e8192,benchmark,131072,8192,8192,0,0,False,,,,,5.292
2026-05-13T13:15:06.814607+00:00,gpu3_benchmark,3,nocp_s8192_e4096,correctness,2048,8192,4096,0,0,True,,,,,7.480
2026-05-13T13:15:14.295248+00:00,gpu3_benchmark,3,nocp_s8192_e4096,benchmark,2048,8192,4096,0,0,True,3510.1,57.35,57.35,57.35,8.356
2026-05-13T13:15:14.295248+00:00,gpu3_benchmark,3,nocp_s8192_e4096,benchmark,8192,8192,4096,0,0,True,4428.77,127.44,127.44,127.44,8.356
2026-05-13T13:15:14.295248+00:00,gpu3_benchmark,3,nocp_s8192_e4096,benchmark,32768,8192,4096,0,0,True,9328.38,568.87,568.87,568.87,8.356
2026-05-13T13:15:22.651686+00:00,gpu3_benchmark,3,nocp_s8192_e4096,benchmark,65536,8192,4096,0,0,True,17416.01,1245.42,1245.42,1245.42,7.546
2026-05-13T13:15:30.197669+00:00,gpu3_benchmark,3,nocp_s8192_e4096,benchmark,131072,8192,4096,0,0,False,,,,,5.434
2026-05-13T13:15:35.632602+00:00,gpu3_benchmark,3,nocp_s4096_e4096,correctness,2048,4096,4096,0,0,True,,,,,7.387
2026-05-13T13:15:43.020389+00:00,gpu3_benchmark,3,nocp_s4096_e4096,benchmark,2048,4096,4096,0,0,True,3510.1,54.54,54.54,54.54,8.665
2026-05-13T13:15:43.020389+00:00,gpu3_benchmark,3,nocp_s4096_e4096,benchmark,8192,4096,4096,0,0,True,4428.77,146.26,146.26,146.26,8.665
2026-05-13T13:15:43.020389+00:00,gpu3_benchmark,3,nocp_s4096_e4096,benchmark,32768,4096,4096,0,0,True,9328.38,573.76,573.76,573.76,8.665
2026-05-13T13:15:51.685578+00:00,gpu3_benchmark,3,nocp_s4096_e4096,benchmark,65536,4096,4096,0,0,True,17416.01,1263.57,1263.57,1263.57,7.589
2026-05-13T13:15:59.274515+00:00,gpu3_benchmark,3,nocp_s4096_e4096,benchmark,131072,4096,4096,0,0,False,,,,,5.303
2026-05-13T13:16:04.577695+00:00,gpu3_benchmark,3,nocp_s4096_e2048,correctness,2048,4096,2048,0,0,True,,,,,7.941
2026-05-13T13:16:12.519162+00:00,gpu3_benchmark,3,nocp_s4096_e2048,benchmark,2048,4096,2048,0,0,True,3510.1,55.26,55.26,55.26,9.655
2026-05-13T13:16:12.519162+00:00,gpu3_benchmark,3,nocp_s4096_e2048,benchmark,8192,4096,2048,0,0,True,4525.78,227.8,227.8,227.8,9.655
2026-05-13T13:16:12.519162+00:00,gpu3_benchmark,3,nocp_s4096_e2048,benchmark,32768,4096,2048,0,0,True,9474.26,1014.1,1014.1,1014.1,9.655
2026-05-13T13:16:22.174952+00:00,gpu3_benchmark,3,nocp_s4096_e2048,benchmark,65536,4096,2048,0,0,True,17708.01,2184.63,2184.63,2184.63,9.302
2026-05-13T13:16:31.477650+00:00,gpu3_benchmark,3,nocp_s4096_e2048,benchmark,131072,4096,2048,0,0,False,,,,,5.608
2026-05-13T13:16:37.086130+00:00,gpu3_benchmark,3,nocp_s2048_e2048,correctness,2048,2048,2048,0,0,True,,,,,7.641
2026-05-13T13:16:44.726978+00:00,gpu3_benchmark,3,nocp_s2048_e2048,benchmark,2048,2048,2048,0,0,True,3510.1,57.78,57.78,57.78,9.713
2026-05-13T13:16:44.726978+00:00,gpu3_benchmark,3,nocp_s2048_e2048,benchmark,8192,2048,2048,0,0,True,4526.78,233.11,233.11,233.11,9.713
2026-05-13T13:16:44.726978+00:00,gpu3_benchmark,3,nocp_s2048_e2048,benchmark,32768,2048,2048,0,0,True,9476.26,1018.26,1018.26,1018.26,9.713
2026-05-13T13:16:54.440257+00:00,gpu3_benchmark,3,nocp_s2048_e2048,benchmark,65536,2048,2048,0,0,True,17708.01,2217.69,2217.69,2217.69,9.349
2026-05-13T13:17:03.789527+00:00,gpu3_benchmark,3,nocp_s2048_e2048,benchmark,131072,2048,2048,0,0,False,,,,,5.125
2026-05-13T13:17:08.914490+00:00,gpu3_benchmark,3,ckpt_s8192_e8192,correctness,2048,8192,8192,1,0,True,,,,,8.645
2026-05-13T13:17:17.559457+00:00,gpu3_benchmark,3,ckpt_s8192_e8192,benchmark,2048,8192,8192,1,0,True,3432.23,58.52,58.52,58.52,8.665
2026-05-13T13:17:17.559457+00:00,gpu3_benchmark,3,ckpt_s8192_e8192,benchmark,8192,8192,8192,1,0,True,4012.63,91.17,91.17,91.17,8.665
2026-05-13T13:17:17.559457+00:00,gpu3_benchmark,3,ckpt_s8192_e8192,benchmark,32768,8192,8192,1,0,True,6814.85,405.65,405.65,405.65,8.665
2026-05-13T13:17:26.225473+00:00,gpu3_benchmark,3,ckpt_s8192_e8192,benchmark,65536,8192,8192,1,0,True,11272.01,844.7,844.7,844.7,7.233
2026-05-13T13:17:33.459063+00:00,gpu3_benchmark,3,ckpt_s8192_e8192,benchmark,131072,8192,8192,1,0,True,21303.26,1877.01,1877.01,1877.01,10.013
2026-05-13T13:17:43.472285+00:00,gpu3_benchmark,3,ckpt_s16384_e4096,correctness,2048,16384,4096,1,0,True,,,,,8.132
2026-05-13T13:17:51.604475+00:00,gpu3_benchmark,3,ckpt_s16384_e4096,benchmark,2048,16384,4096,1,0,True,3432.23,61.83,61.83,61.83,8.894
2026-05-13T13:17:51.604475+00:00,gpu3_benchmark,3,ckpt_s16384_e4096,benchmark,8192,16384,4096,1,0,True,4092.77,143.29,143.29,143.29,8.894
2026-05-13T13:17:51.604475+00:00,gpu3_benchmark,3,ckpt_s16384_e4096,benchmark,32768,16384,4096,1,0,True,6894.87,606.94,606.94,606.94,8.894
2026-05-13T13:18:00.499075+00:00,gpu3_benchmark,3,ckpt_s16384_e4096,benchmark,65536,16384,4096,1,0,True,11272.01,1286.59,1286.59,1286.59,8.269
2026-05-13T13:18:08.768040+00:00,gpu3_benchmark,3,ckpt_s16384_e4096,benchmark,131072,16384,4096,1,0,False,,,,,9.160
2026-05-13T13:18:17.928520+00:00,gpu3_benchmark,3,ckpt_s8192_e4096,correctness,2048,8192,4096,1,0,True,,,,,8.398
2026-05-13T13:18:26.326424+00:00,gpu3_benchmark,3,ckpt_s8192_e4096,benchmark,2048,8192,4096,1,0,True,3432.23,62.69,62.69,62.69,9.410
2026-05-13T13:18:26.326424+00:00,gpu3_benchmark,3,ckpt_s8192_e4096,benchmark,8192,8192,4096,1,0,True,4092.77,140.0,140.0,140.0,9.410
2026-05-13T13:18:26.326424+00:00,gpu3_benchmark,3,ckpt_s8192_e4096,benchmark,32768,8192,4096,1,0,True,6894.87,599.72,599.72,599.72,9.410
2026-05-13T13:18:35.737229+00:00,gpu3_benchmark,3,ckpt_s8192_e4096,benchmark,65536,8192,4096,1,0,True,11272.01,1297.15,1297.15,1297.15,8.659
2026-05-13T13:18:44.396925+00:00,gpu3_benchmark,3,ckpt_s8192_e4096,benchmark,131072,8192,4096,1,0,False,,,,,9.173
2026-05-13T13:18:53.570309+00:00,gpu3_benchmark,3,ckpt_s4096_e4096,correctness,2048,4096,4096,1,0,True,,,,,8.099
2026-05-13T13:19:01.669727+00:00,gpu3_benchmark,3,ckpt_s4096_e4096,benchmark,2048,4096,4096,1,0,True,3432.23,53.95,53.95,53.95,10.096
2026-05-13T13:19:01.669727+00:00,gpu3_benchmark,3,ckpt_s4096_e4096,benchmark,8192,4096,4096,1,0,True,4092.77,124.5,124.5,124.5,10.096
2026-05-13T13:19:01.669727+00:00,gpu3_benchmark,3,ckpt_s4096_e4096,benchmark,32768,4096,4096,1,0,True,6894.87,607.34,607.34,607.34,10.096
2026-05-13T13:19:11.766221+00:00,gpu3_benchmark,3,ckpt_s4096_e4096,benchmark,65536,4096,4096,1,0,True,11272.01,1336.49,1336.49,1336.49,8.474
2026-05-13T13:19:20.240564+00:00,gpu3_benchmark,3,ckpt_s4096_e4096,benchmark,131072,4096,4096,1,0,False,,,,,9.695
2026-05-13T13:19:29.935883+00:00,gpu3_benchmark,3,ckpt_s8192_e2048,correctness,2048,8192,2048,1,0,True,,,,,9.022
2026-05-13T13:19:38.957931+00:00,gpu3_benchmark,3,ckpt_s8192_e2048,benchmark,2048,8192,2048,1,0,True,3432.23,60.0,60.0,60.0,10.455
2026-05-13T13:19:38.957931+00:00,gpu3_benchmark,3,ckpt_s8192_e2048,benchmark,8192,8192,2048,1,0,True,4132.78,241.3,241.3,241.3,10.455
2026-05-13T13:19:38.957931+00:00,gpu3_benchmark,3,ckpt_s8192_e2048,benchmark,32768,8192,2048,1,0,True,6934.88,1039.28,1039.28,1039.28,10.455
2026-05-13T13:19:49.413407+00:00,gpu3_benchmark,3,ckpt_s8192_e2048,benchmark,65536,8192,2048,1,0,True,11272.01,2364.99,2364.99,2364.99,11.107
2026-05-13T13:20:00.521128+00:00,gpu3_benchmark,3,ckpt_s8192_e2048,benchmark,131072,8192,2048,1,0,False,,,,,6.606
2026-05-13T13:20:07.127647+00:00,gpu3_benchmark,3,ckpt_s4096_e2048,correctness,2048,4096,2048,1,0,True,,,,,8.005
2026-05-13T13:20:15.133543+00:00,gpu3_benchmark,3,ckpt_s4096_e2048,benchmark,2048,4096,2048,1,0,True,3432.23,53.53,53.53,53.53,9.936
2026-05-13T13:20:15.133543+00:00,gpu3_benchmark,3,ckpt_s4096_e2048,benchmark,8192,4096,2048,1,0,True,4132.78,219.59,219.59,219.59,9.936
2026-05-13T13:20:15.133543+00:00,gpu3_benchmark,3,ckpt_s4096_e2048,benchmark,32768,4096,2048,1,0,True,6934.88,949.75,949.75,949.75,9.936
2026-05-13T13:20:25.070499+00:00,gpu3_benchmark,3,ckpt_s4096_e2048,benchmark,65536,4096,2048,1,0,True,11272.01,2331.11,2331.11,2331.11,10.347
2026-05-13T13:20:35.417524+00:00,gpu3_benchmark,3,ckpt_s4096_e2048,benchmark,131072,4096,2048,1,0,False,,,,,6.080
2026-05-13T13:20:41.497730+00:00,gpu3_benchmark,3,ckpt_s2048_e2048,correctness,2048,2048,2048,1,0,True,,,,,8.845
2026-05-13T13:20:50.342857+00:00,gpu3_benchmark,3,ckpt_s2048_e2048,benchmark,2048,2048,2048,1,0,True,3432.23,61.64,61.64,61.64,10.310
2026-05-13T13:20:50.342857+00:00,gpu3_benchmark,3,ckpt_s2048_e2048,benchmark,8192,2048,2048,1,0,True,4132.78,240.92,240.92,240.92,10.310
2026-05-13T13:20:50.342857+00:00,gpu3_benchmark,3,ckpt_s2048_e2048,benchmark,32768,2048,2048,1,0,True,6934.88,1051.84,1051.84,1051.84,10.310
2026-05-13T13:21:00.653078+00:00,gpu3_benchmark,3,ckpt_s2048_e2048,benchmark,65536,2048,2048,1,0,True,11272.01,2333.92,2333.92,2333.92,10.522
2026-05-13T13:21:11.175502+00:00,gpu3_benchmark,3,ckpt_s2048_e2048,benchmark,131072,2048,2048,1,0,False,,,,,6.551
2026-05-13T13:21:17.726489+00:00,gpu3_benchmark,3,ckpt_s4096_e1024,correctness,2048,4096,1024,1,0,True,,,,,8.472
2026-05-13T13:21:26.198700+00:00,gpu3_benchmark,3,ckpt_s4096_e1024,benchmark,2048,4096,1024,1,0,True,3453.26,282.13,282.13,282.13,12.721
2026-05-13T13:21:26.198700+00:00,gpu3_benchmark,3,ckpt_s4096_e1024,benchmark,8192,4096,1024,1,0,True,4153.79,465.7,465.7,465.7,12.721
2026-05-13T13:21:26.198700+00:00,gpu3_benchmark,3,ckpt_s4096_e1024,benchmark,32768,4096,1024,1,0,True,6955.88,1969.66,1969.66,1969.66,12.721
2026-05-13T13:21:38.920147+00:00,gpu3_benchmark,3,ckpt_s4096_e1024,benchmark,65536,4096,1024,1,0,True,11272.51,4259.52,4259.52,4259.52,14.308
2026-05-13T13:21:53.228237+00:00,gpu3_benchmark,3,ckpt_s4096_e1024,benchmark,131072,4096,1024,1,0,True,21314.76,10144.47,10144.47,10144.47,26.258
2026-05-13T13:22:19.486853+00:00,gpu3_benchmark,3,ckpt_s2048_e1024,correctness,2048,2048,1024,1,0,True,,,,,8.840
2026-05-13T13:22:28.327203+00:00,gpu3_benchmark,3,ckpt_s2048_e1024,benchmark,2048,2048,1024,1,0,True,3453.26,237.31,237.31,237.31,12.863
2026-05-13T13:22:28.327203+00:00,gpu3_benchmark,3,ckpt_s2048_e1024,benchmark,8192,2048,1024,1,0,True,4153.79,457.45,457.45,457.45,12.863
2026-05-13T13:22:28.327203+00:00,gpu3_benchmark,3,ckpt_s2048_e1024,benchmark,32768,2048,1024,1,0,True,6955.88,1967.51,1967.51,1967.51,12.863
2026-05-13T13:22:41.190900+00:00,gpu3_benchmark,3,ckpt_s2048_e1024,benchmark,65536,2048,1024,1,0,True,11272.51,4282.86,4282.86,4282.86,14.721
2026-05-13T13:22:55.912374+00:00,gpu3_benchmark,3,ckpt_s2048_e1024,benchmark,131072,2048,1024,1,0,False,,,,,17.046
2026-05-13T13:23:12.958626+00:00,gpu3_benchmark,3,ckpt_s1024_e1024,correctness,2048,1024,1024,1,0,True,,,,,8.408
2026-05-13T13:23:21.367285+00:00,gpu3_benchmark,3,ckpt_s1024_e1024,benchmark,2048,1024,1024,1,0,True,3452.26,111.58,111.58,111.58,12.887
2026-05-13T13:23:21.367285+00:00,gpu3_benchmark,3,ckpt_s1024_e1024,benchmark,8192,1024,1024,1,0,True,4152.79,447.07,447.07,447.07,12.887
2026-05-13T13:23:21.367285+00:00,gpu3_benchmark,3,ckpt_s1024_e1024,benchmark,32768,1024,1024,1,0,True,6954.88,2005.53,2005.53,2005.53,12.887
2026-05-13T13:23:34.254880+00:00,gpu3_benchmark,3,ckpt_s1024_e1024,benchmark,65536,1024,1024,1,0,True,11272.01,4466.0,4466.0,4466.0,14.863
2026-05-13T13:23:49.117958+00:00,gpu3_benchmark,3,ckpt_s1024_e1024,benchmark,131072,1024,1024,1,0,False,,,,,17.276
2026-05-13T13:24:06.394546+00:00,gpu3_benchmark,3,nocp_s8192_e8192,correctness,2048,8192,8192,0,0,True,,,,,7.667
2026-05-13T13:24:14.062231+00:00,gpu3_benchmark,3,nocp_s8192_e8192,benchmark,2048,8192,8192,0,0,True,3510.1,54.76,54.76,54.76,8.429
2026-05-13T13:24:14.062231+00:00,gpu3_benchmark,3,nocp_s8192_e8192,benchmark,8192,8192,8192,0,0,True,4300.63,95.47,95.47,95.47,8.429
2026-05-13T13:24:14.062231+00:00,gpu3_benchmark,3,nocp_s8192_e8192,benchmark,32768,8192,8192,0,0,True,9328.38,362.78,362.78,362.78,8.429
2026-05-13T13:24:22.491784+00:00,gpu3_benchmark,3,nocp_s8192_e8192,benchmark,65536,8192,8192,0,0,True,17416.01,781.42,781.42,781.42,6.555
2026-05-13T13:24:29.047530+00:00,gpu3_benchmark,3,nocp_s8192_e8192,benchmark,131072,8192,8192,0,0,False,,,,,5.312
2026-05-13T13:24:34.360078+00:00,gpu3_benchmark,3,nocp_s8192_e4096,correctness,2048,8192,4096,0,0,True,,,,,7.782
2026-05-13T13:24:42.142692+00:00,gpu3_benchmark,3,nocp_s8192_e4096,benchmark,2048,8192,4096,0,0,True,3510.1,73.25,73.25,73.25,8.744
2026-05-13T13:24:42.142692+00:00,gpu3_benchmark,3,nocp_s8192_e4096,benchmark,8192,8192,4096,0,0,True,4428.77,127.94,127.94,127.94,8.744
2026-05-13T13:24:42.142692+00:00,gpu3_benchmark,3,nocp_s8192_e4096,benchmark,32768,8192,4096,0,0,True,9328.38,570.62,570.62,570.62,8.744
2026-05-13T13:24:50.887060+00:00,gpu3_benchmark,3,nocp_s8192_e4096,benchmark,65536,8192,4096,0,0,True,17416.01,1251.8,1251.8,1251.8,7.629
2026-05-13T13:24:58.516354+00:00,gpu3_benchmark,3,nocp_s8192_e4096,benchmark,131072,8192,4096,0,0,False,,,,,5.351
2026-05-13T13:25:03.868107+00:00,gpu3_benchmark,3,nocp_s4096_e4096,correctness,2048,4096,4096,0,0,True,,,,,7.586
2026-05-13T13:25:11.454264+00:00,gpu3_benchmark,3,nocp_s4096_e4096,benchmark,2048,4096,4096,0,0,True,3510.1,55.42,55.42,55.42,8.756
2026-05-13T13:25:11.454264+00:00,gpu3_benchmark,3,nocp_s4096_e4096,benchmark,8192,4096,4096,0,0,True,4428.77,128.47,128.47,128.47,8.756
2026-05-13T13:25:11.454264+00:00,gpu3_benchmark,3,nocp_s4096_e4096,benchmark,32768,4096,4096,0,0,True,9328.38,577.22,577.22,577.22,8.756
2026-05-13T13:25:20.210165+00:00,gpu3_benchmark,3,nocp_s4096_e4096,benchmark,65536,4096,4096,0,0,True,17416.01,1278.32,1278.32,1278.32,7.392
2026-05-13T13:25:27.602275+00:00,gpu3_benchmark,3,nocp_s4096_e4096,benchmark,131072,4096,4096,0,0,False,,,,,5.807
2026-05-13T13:25:33.410249+00:00,gpu3_benchmark,3,nocp_s4096_e2048,correctness,2048,4096,2048,0,0,True,,,,,7.658
2026-05-13T13:25:41.068590+00:00,gpu3_benchmark,3,nocp_s4096_e2048,benchmark,2048,4096,2048,0,0,True,3510.1,57.42,57.42,57.42,9.147
2026-05-13T13:25:41.068590+00:00,gpu3_benchmark,3,nocp_s4096_e2048,benchmark,8192,4096,2048,0,0,True,4525.78,228.04,228.04,228.04,9.147
2026-05-13T13:25:41.068590+00:00,gpu3_benchmark,3,nocp_s4096_e2048,benchmark,32768,4096,2048,0,0,True,9474.26,1002.25,1002.25,1002.25,9.147
2026-05-13T13:25:50.215993+00:00,gpu3_benchmark,3,nocp_s4096_e2048,benchmark,65536,4096,2048,0,0,True,17708.01,2181.72,2181.72,2181.72,9.439
2026-05-13T13:25:59.655609+00:00,gpu3_benchmark,3,nocp_s4096_e2048,benchmark,131072,4096,2048,0,0,False,,,,,5.000
2026-05-13T13:26:04.656097+00:00,gpu3_benchmark,3,nocp_s2048_e2048,correctness,2048,2048,2048,0,0,True,,,,,6.991
2026-05-13T13:26:11.647377+00:00,gpu3_benchmark,3,nocp_s2048_e2048,benchmark,2048,2048,2048,0,0,True,3510.1,55.09,55.09,55.09,9.949
2026-05-13T13:26:11.647377+00:00,gpu3_benchmark,3,nocp_s2048_e2048,benchmark,8192,2048,2048,0,0,True,4526.78,226.17,226.17,226.17,9.949
2026-05-13T13:26:11.647377+00:00,gpu3_benchmark,3,nocp_s2048_e2048,benchmark,32768,2048,2048,0,0,True,9476.26,1007.69,1007.69,1007.69,9.949
2026-05-13T13:26:21.596558+00:00,gpu3_benchmark,3,nocp_s2048_e2048,benchmark,65536,2048,2048,0,0,True,17708.01,2200.16,2200.16,2200.16,9.506
2026-05-13T13:26:31.102959+00:00,gpu3_benchmark,3,nocp_s2048_e2048,benchmark,131072,2048,2048,0,0,False,,,,,5.115
2026-05-13T13:26:36.218641+00:00,gpu3_benchmark,3,ckpt_s8192_e8192,correctness,2048,8192,8192,1,0,True,,,,,8.429
2026-05-13T13:26:44.648153+00:00,gpu3_benchmark,3,ckpt_s8192_e8192,benchmark,2048,8192,8192,1,0,True,3432.23,61.9,61.9,61.9,8.385
2026-05-13T13:26:44.648153+00:00,gpu3_benchmark,3,ckpt_s8192_e8192,benchmark,8192,8192,8192,1,0,True,4012.63,89.53,89.53,89.53,8.385
2026-05-13T13:26:44.648153+00:00,gpu3_benchmark,3,ckpt_s8192_e8192,benchmark,32768,8192,8192,1,0,True,6814.85,393.39,393.39,393.39,8.385
2026-05-13T13:26:53.033410+00:00,gpu3_benchmark,3,ckpt_s8192_e8192,benchmark,65536,8192,8192,1,0,True,11272.01,839.12,839.12,839.12,7.698
2026-05-13T13:27:00.731781+00:00,gpu3_benchmark,3,ckpt_s8192_e8192,benchmark,131072,8192,8192,1,0,True,21303.26,1873.43,1873.43,1873.43,9.658
2026-05-13T13:27:10.390551+00:00,gpu3_benchmark,3,ckpt_s16384_e4096,correctness,2048,16384,4096,1,0,True,,,,,8.803
2026-05-13T13:27:19.193636+00:00,gpu3_benchmark,3,ckpt_s16384_e4096,benchmark,2048,16384,4096,1,0,True,3432.23,59.02,59.02,59.02,9.461
2026-05-13T13:27:19.193636+00:00,gpu3_benchmark,3,ckpt_s16384_e4096,benchmark,8192,16384,4096,1,0,True,4092.77,140.43,140.43,140.43,9.461
2026-05-13T13:27:19.193636+00:00,gpu3_benchmark,3,ckpt_s16384_e4096,benchmark,32768,16384,4096,1,0,True,6894.87,593.95,593.95,593.95,9.461
2026-05-13T13:27:28.655017+00:00,gpu3_benchmark,3,ckpt_s16384_e4096,benchmark,65536,16384,4096,1,0,True,11272.01,1291.09,1291.09,1291.09,7.697
2026-05-13T13:27:36.352359+00:00,gpu3_benchmark,3,ckpt_s16384_e4096,benchmark,131072,16384,4096,1,0,False,,,,,9.320
2026-05-13T13:27:45.672678+00:00,gpu3_benchmark,3,ckpt_s8192_e4096,correctness,2048,8192,4096,1,0,True,,,,,8.922
2026-05-13T13:27:54.594511+00:00,gpu3_benchmark,3,ckpt_s8192_e4096,benchmark,2048,8192,4096,1,0,True,3432.23,63.25,63.25,63.25,9.637
2026-05-13T13:27:54.594511+00:00,gpu3_benchmark,3,ckpt_s8192_e4096,benchmark,8192,8192,4096,1,0,True,4092.77,154.31,154.31,154.31,9.637
2026-05-13T13:27:54.594511+00:00,gpu3_benchmark,3,ckpt_s8192_e4096,benchmark,32768,8192,4096,1,0,True,6894.87,599.36,599.36,599.36,9.637
2026-05-13T13:28:04.231866+00:00,gpu3_benchmark,3,ckpt_s8192_e4096,benchmark,65536,8192,4096,1,0,True,11272.01,1305.89,1305.89,1305.89,8.313
2026-05-13T13:28:12.545612+00:00,gpu3_benchmark,3,ckpt_s8192_e4096,benchmark,131072,8192,4096,1,0,False,,,,,9.249
2026-05-13T13:28:21.794826+00:00,gpu3_benchmark,3,ckpt_s4096_e4096,correctness,2048,4096,4096,1,0,True,,,,,8.236
2026-05-13T13:28:30.031031+00:00,gpu3_benchmark,3,ckpt_s4096_e4096,benchmark,2048,4096,4096,1,0,True,3432.23,60.09,60.09,60.09,9.508
2026-05-13T13:28:30.031031+00:00,gpu3_benchmark,3,ckpt_s4096_e4096,benchmark,8192,4096,4096,1,0,True,4092.77,141.69,141.69,141.69,9.508
2026-05-13T13:28:30.031031+00:00,gpu3_benchmark,3,ckpt_s4096_e4096,benchmark,32768,4096,4096,1,0,True,6894.87,601.18,601.18,601.18,9.508
2026-05-13T13:28:39.539497+00:00,gpu3_benchmark,3,ckpt_s4096_e4096,benchmark,65536,4096,4096,1,0,True,11272.01,1330.12,1330.12,1330.12,8.151
2026-05-13T13:28:47.690892+00:00,gpu3_benchmark,3,ckpt_s4096_e4096,benchmark,131072,4096,4096,1,0,False,,,,,9.382
2026-05-13T13:28:57.072801+00:00,gpu3_benchmark,3,ckpt_s8192_e2048,correctness,2048,8192,2048,1,0,True,,,,,8.426
2026-05-13T13:29:05.499045+00:00,gpu3_benchmark,3,ckpt_s8192_e2048,benchmark,2048,8192,2048,1,0,True,3432.23,61.02,61.02,61.02,10.741
2026-05-13T13:29:05.499045+00:00,gpu3_benchmark,3,ckpt_s8192_e2048,benchmark,8192,8192,2048,1,0,True,4132.78,262.82,262.82,262.82,10.741
2026-05-13T13:29:05.499045+00:00,gpu3_benchmark,3,ckpt_s8192_e2048,benchmark,32768,8192,2048,1,0,True,6934.88,1037.02,1037.02,1037.02,10.741
2026-05-13T13:29:16.240524+00:00,gpu3_benchmark,3,ckpt_s8192_e2048,benchmark,65536,8192,2048,1,0,True,11272.01,2306.89,2306.89,2306.89,10.327
2026-05-13T13:29:26.567489+00:00,gpu3_benchmark,3,ckpt_s8192_e2048,benchmark,131072,8192,2048,1,0,False,,,,,6.891
2026-05-13T13:29:33.459169+00:00,gpu3_benchmark,3,ckpt_s4096_e2048,correctness,2048,4096,2048,1,0,True,,,,,8.499
2026-05-13T13:29:41.958507+00:00,gpu3_benchmark,3,ckpt_s4096_e2048,benchmark,2048,4096,2048,1,0,True,3432.23,59.64,59.64,59.64,10.369
2026-05-13T13:29:41.958507+00:00,gpu3_benchmark,3,ckpt_s4096_e2048,benchmark,8192,4096,2048,1,0,True,4132.78,238.18,238.18,238.18,10.369
2026-05-13T13:29:41.958507+00:00,gpu3_benchmark,3,ckpt_s4096_e2048,benchmark,32768,4096,2048,1,0,True,6934.88,1042.36,1042.36,1042.36,10.369
2026-05-13T13:29:52.328172+00:00,gpu3_benchmark,3,ckpt_s4096_e2048,benchmark,65536,4096,2048,1,0,True,11272.01,2295.07,2295.07,2295.07,10.506
2026-05-13T13:30:02.834569+00:00,gpu3_benchmark,3,ckpt_s4096_e2048,benchmark,131072,4096,2048,1,0,False,,,,,6.636
2026-05-13T13:30:09.470894+00:00,gpu3_benchmark,3,ckpt_s2048_e2048,correctness,2048,2048,2048,1,0,True,,,,,8.627
2026-05-13T13:30:18.098724+00:00,gpu3_benchmark,3,ckpt_s2048_e2048,benchmark,2048,2048,2048,1,0,True,3432.23,61.01,61.01,61.01,10.888
2026-05-13T13:30:18.098724+00:00,gpu3_benchmark,3,ckpt_s2048_e2048,benchmark,8192,2048,2048,1,0,True,4132.78,243.88,243.88,243.88,10.888
2026-05-13T13:30:18.098724+00:00,gpu3_benchmark,3,ckpt_s2048_e2048,benchmark,32768,2048,2048,1,0,True,6934.88,1044.27,1044.27,1044.27,10.888
2026-05-13T13:30:28.987472+00:00,gpu3_benchmark,3,ckpt_s2048_e2048,benchmark,65536,2048,2048,1,0,True,11272.01,2291.27,2291.27,2291.27,10.416
2026-05-13T13:30:39.403805+00:00,gpu3_benchmark,3,ckpt_s2048_e2048,benchmark,131072,2048,2048,1,0,False,,,,,6.797
2026-05-13T13:30:46.201595+00:00,gpu3_benchmark,3,ckpt_s4096_e1024,correctness,2048,4096,1024,1,0,True,,,,,8.668
2026-05-13T13:30:54.869911+00:00,gpu3_benchmark,3,ckpt_s4096_e1024,benchmark,2048,4096,1024,1,0,True,3453.26,276.99,276.99,276.99,12.526
2026-05-13T13:30:54.869911+00:00,gpu3_benchmark,3,ckpt_s4096_e1024,benchmark,8192,4096,1024,1,0,True,4153.79,418.58,418.58,418.58,12.526
2026-05-13T13:30:54.869911+00:00,gpu3_benchmark,3,ckpt_s4096_e1024,benchmark,32768,4096,1024,1,0,True,6955.88,1723.94,1723.94,1723.94,12.526
2026-05-13T13:31:07.396013+00:00,gpu3_benchmark,3,ckpt_s4096_e1024,benchmark,65536,4096,1024,1,0,True,11272.51,3820.43,3820.43,3820.43,13.254
2026-05-13T13:31:20.650321+00:00,gpu3_benchmark,3,ckpt_s4096_e1024,benchmark,131072,4096,1024,1,0,True,21314.76,10088.91,10088.91,10088.91,26.004
2026-05-13T13:31:46.654444+00:00,gpu3_benchmark,3,ckpt_s2048_e1024,correctness,2048,2048,1024,1,0,True,,,,,8.143
2026-05-13T13:31:54.797620+00:00,gpu3_benchmark,3,ckpt_s2048_e1024,benchmark,2048,2048,1024,1,0,True,3453.26,264.63,264.63,264.63,12.631
2026-05-13T13:31:54.797620+00:00,gpu3_benchmark,3,ckpt_s2048_e1024,benchmark,8192,2048,1024,1,0,True,4153.79,449.44,449.44,449.44,12.631
2026-05-13T13:31:54.797620+00:00,gpu3_benchmark,3,ckpt_s2048_e1024,benchmark,32768,2048,1024,1,0,True,6955.88,2031.12,2031.12,2031.12,12.631
2026-05-13T13:32:07.428910+00:00,gpu3_benchmark,3,ckpt_s2048_e1024,benchmark,65536,2048,1024,1,0,True,11272.51,4301.59,4301.59,4301.59,14.331
2026-05-13T13:32:21.760301+00:00,gpu3_benchmark,3,ckpt_s2048_e1024,benchmark,131072,2048,1024,1,0,False,,,,,17.227
2026-05-13T13:32:38.987702+00:00,gpu3_benchmark,3,ckpt_s1024_e1024,correctness,2048,1024,1024,1,0,True,,,,,8.175
2026-05-13T13:32:47.163388+00:00,gpu3_benchmark,3,ckpt_s1024_e1024,benchmark,2048,1024,1024,1,0,True,3452.26,114.15,114.15,114.15,12.402
2026-05-13T13:32:47.163388+00:00,gpu3_benchmark,3,ckpt_s1024_e1024,benchmark,8192,1024,1024,1,0,True,4152.79,455.77,455.77,455.77,12.402
2026-05-13T13:32:47.163388+00:00,gpu3_benchmark,3,ckpt_s1024_e1024,benchmark,32768,1024,1024,1,0,True,6954.88,1976.62,1976.62,1976.62,12.402
2026-05-13T13:32:59.565589+00:00,gpu3_benchmark,3,ckpt_s1024_e1024,benchmark,65536,1024,1024,1,0,True,11272.01,4360.47,4360.47,4360.47,14.769
2026-05-13T13:33:14.335052+00:00,gpu3_benchmark,3,ckpt_s1024_e1024,benchmark,131072,1024,1024,1,0,False,,,,,17.078
2026-05-13T13:33:31.413704+00:00,gpu3_benchmark,3,nocp_s8192_e8192,correctness,2048,8192,8192,0,0,True,,,,,8.012
2026-05-13T13:33:39.426221+00:00,gpu3_benchmark,3,nocp_s8192_e8192,benchmark,2048,8192,8192,0,0,True,3510.1,55.31,55.31,55.31,8.220
2026-05-13T13:33:39.426221+00:00,gpu3_benchmark,3,nocp_s8192_e8192,benchmark,8192,8192,8192,0,0,True,4300.63,91.72,91.72,91.72,8.220
2026-05-13T13:33:39.426221+00:00,gpu3_benchmark,3,nocp_s8192_e8192,benchmark,32768,8192,8192,0,0,True,9328.38,379.28,379.28,379.28,8.220
2026-05-13T13:33:47.646244+00:00,gpu3_benchmark,3,nocp_s8192_e8192,benchmark,65536,8192,8192,0,0,True,17416.01,777.65,777.65,777.65,6.649
2026-05-13T13:33:54.295347+00:00,gpu3_benchmark,3,nocp_s8192_e8192,benchmark,131072,8192,8192,0,0,False,,,,,5.322
2026-05-13T13:33:59.617550+00:00,gpu3_benchmark,3,nocp_s8192_e4096,correctness,2048,8192,4096,0,0,True,,,,,8.054
2026-05-13T13:34:07.671841+00:00,gpu3_benchmark,3,nocp_s8192_e4096,benchmark,2048,8192,4096,0,0,True,3510.1,55.65,55.65,55.65,8.476
2026-05-13T13:34:07.671841+00:00,gpu3_benchmark,3,nocp_s8192_e4096,benchmark,8192,8192,4096,0,0,True,4428.77,135.41,135.41,135.41,8.476
2026-05-13T13:34:07.671841+00:00,gpu3_benchmark,3,nocp_s8192_e4096,benchmark,32768,8192,4096,0,0,True,9328.38,572.32,572.32,572.32,8.476
2026-05-13T13:34:16.148207+00:00,gpu3_benchmark,3,nocp_s8192_e4096,benchmark,65536,8192,4096,0,0,True,17416.01,1252.43,1252.43,1252.43,7.716
2026-05-13T13:34:23.864705+00:00,gpu3_benchmark,3,nocp_s8192_e4096,benchmark,131072,8192,4096,0,0,False,,,,,5.218
2026-05-13T13:34:29.083085+00:00,gpu3_benchmark,3,nocp_s4096_e4096,correctness,2048,4096,4096,0,0,True,,,,,7.952
2026-05-13T13:34:37.035242+00:00,gpu3_benchmark,3,nocp_s4096_e4096,benchmark,2048,4096,4096,0,0,True,3510.1,58.7,58.7,58.7,8.742
2026-05-13T13:34:37.035242+00:00,gpu3_benchmark,3,nocp_s4096_e4096,benchmark,8192,4096,4096,0,0,True,4428.77,133.63,133.63,133.63,8.742
2026-05-13T13:34:37.035242+00:00,gpu3_benchmark,3,nocp_s4096_e4096,benchmark,32768,4096,4096,0,0,True,9328.38,577.49,577.49,577.49,8.742
2026-05-13T13:34:45.777541+00:00,gpu3_benchmark,3,nocp_s4096_e4096,benchmark,65536,4096,4096,0,0,True,17416.01,1265.35,1265.35,1265.35,7.565
2026-05-13T13:34:53.342982+00:00,gpu3_benchmark,3,nocp_s4096_e4096,benchmark,131072,4096,4096,0,0,False,,,,,5.265
2026-05-13T13:34:58.608433+00:00,gpu3_benchmark,3,nocp_s4096_e2048,correctness,2048,4096,2048,0,0,True,,,,,7.193
2026-05-13T13:35:05.801282+00:00,gpu3_benchmark,3,nocp_s4096_e2048,benchmark,2048,4096,2048,0,0,True,3510.1,58.1,58.1,58.1,9.774
2026-05-13T13:35:05.801282+00:00,gpu3_benchmark,3,nocp_s4096_e2048,benchmark,8192,4096,2048,0,0,True,4525.78,226.67,226.67,226.67,9.774
2026-05-13T13:35:05.801282+00:00,gpu3_benchmark,3,nocp_s4096_e2048,benchmark,32768,4096,2048,0,0,True,9474.26,1006.14,1006.14,1006.14,9.774
2026-05-13T13:35:15.575854+00:00,gpu3_benchmark,3,nocp_s4096_e2048,benchmark,65536,4096,2048,0,0,True,17708.01,2171.99,2171.99,2171.99,9.683
2026-05-13T13:35:25.258914+00:00,gpu3_benchmark,3,nocp_s4096_e2048,benchmark,131072,4096,2048,0,0,False,,,,,5.597
2026-05-13T13:35:30.856245+00:00,gpu3_benchmark,3,nocp_s2048_e2048,correctness,2048,2048,2048,0,0,True,,,,,7.880
2026-05-13T13:35:38.736628+00:00,gpu3_benchmark,3,nocp_s2048_e2048,benchmark,2048,2048,2048,0,0,True,3510.1,53.71,53.71,53.71,8.512
2026-05-13T13:35:38.736628+00:00,gpu3_benchmark,3,nocp_s2048_e2048,benchmark,8192,2048,2048,0,0,True,4526.78,225.94,225.94,225.94,8.512
2026-05-13T13:35:38.736628+00:00,gpu3_benchmark,3,nocp_s2048_e2048,benchmark,32768,2048,2048,0,0,True,9476.26,1020.11,1020.11,1020.11,8.512
2026-05-13T13:35:47.249080+00:00,gpu3_benchmark,3,nocp_s2048_e2048,benchmark,65536,2048,2048,0,0,True,17708.01,2215.25,2215.25,2215.25,9.486
2026-05-13T13:35:56.735257+00:00,gpu3_benchmark,3,nocp_s2048_e2048,benchmark,131072,2048,2048,0,0,False,,,,,5.689
2026-05-13T13:36:02.424509+00:00,gpu3_benchmark,3,ckpt_s8192_e8192,correctness,2048,8192,8192,1,0,True,,,,,8.969
2026-05-13T13:36:11.393585+00:00,gpu3_benchmark,3,ckpt_s8192_e8192,benchmark,2048,8192,8192,1,0,True,3432.23,62.19,62.19,62.19,8.672
2026-05-13T13:36:11.393585+00:00,gpu3_benchmark,3,ckpt_s8192_e8192,benchmark,8192,8192,8192,1,0,True,4012.63,94.05,94.05,94.05,8.672
2026-05-13T13:36:11.393585+00:00,gpu3_benchmark,3,ckpt_s8192_e8192,benchmark,32768,8192,8192,1,0,True,6814.85,390.7,390.7,390.7,8.672
2026-05-13T13:36:20.065558+00:00,gpu3_benchmark,3,ckpt_s8192_e8192,benchmark,65536,8192,8192,1,0,True,11272.01,846.23,846.23,846.23,7.480
2026-05-13T13:36:27.545370+00:00,gpu3_benchmark,3,ckpt_s8192_e8192,benchmark,131072,8192,8192,1,0,True,21303.26,1896.07,1896.07,1896.07,9.304
2026-05-13T13:36:36.850028+00:00,gpu3_benchmark,3,ckpt_s16384_e4096,correctness,2048,16384,4096,1,0,True,,,,,8.408
2026-05-13T13:36:45.258857+00:00,gpu3_benchmark,3,ckpt_s16384_e4096,benchmark,2048,16384,4096,1,0,True,3432.23,60.56,60.56,60.56,9.082
2026-05-13T13:36:45.258857+00:00,gpu3_benchmark,3,ckpt_s16384_e4096,benchmark,8192,16384,4096,1,0,True,4092.77,137.85,137.85,137.85,9.082
2026-05-13T13:36:45.258857+00:00,gpu3_benchmark,3,ckpt_s16384_e4096,benchmark,32768,16384,4096,1,0,True,6894.87,593.47,593.47,593.47,9.082
2026-05-13T13:36:54.341565+00:00,gpu3_benchmark,3,ckpt_s16384_e4096,benchmark,65536,16384,4096,1,0,True,11272.01,1296.73,1296.73,1296.73,8.456
2026-05-13T13:37:02.798289+00:00,gpu3_benchmark,3,ckpt_s16384_e4096,benchmark,131072,16384,4096,1,0,False,,,,,9.398
2026-05-13T13:37:12.196643+00:00,gpu3_benchmark,3,ckpt_s8192_e4096,correctness,2048,8192,4096,1,0,True,,,,,8.657
2026-05-13T13:37:20.853969+00:00,gpu3_benchmark,3,ckpt_s8192_e4096,benchmark,2048,8192,4096,1,0,True,3432.23,62.58,62.58,62.58,9.729
2026-05-13T13:37:20.853969+00:00,gpu3_benchmark,3,ckpt_s8192_e4096,benchmark,8192,8192,4096,1,0,True,4092.77,145.37,145.37,145.37,9.729
2026-05-13T13:37:20.853969+00:00,gpu3_benchmark,3,ckpt_s8192_e4096,benchmark,32768,8192,4096,1,0,True,6894.87,612.1,612.1,612.1,9.729
2026-05-13T13:37:30.583373+00:00,gpu3_benchmark,3,ckpt_s8192_e4096,benchmark,65536,8192,4096,1,0,True,11272.01,1302.37,1302.37,1302.37,8.612
2026-05-13T13:37:39.195932+00:00,gpu3_benchmark,3,ckpt_s8192_e4096,benchmark,131072,8192,4096,1,0,False,,,,,8.899
2026-05-13T13:37:48.095496+00:00,gpu3_benchmark,3,ckpt_s4096_e4096,correctness,2048,4096,4096,1,0,True,,,,,8.283
2026-05-13T13:37:56.379089+00:00,gpu3_benchmark,3,ckpt_s4096_e4096,benchmark,2048,4096,4096,1,0,True,3432.23,59.27,59.27,59.27,9.125
2026-05-13T13:37:56.379089+00:00,gpu3_benchmark,3,ckpt_s4096_e4096,benchmark,8192,4096,4096,1,0,True,4092.77,140.79,140.79,140.79,9.125
2026-05-13T13:37:56.379089+00:00,gpu3_benchmark,3,ckpt_s4096_e4096,benchmark,32768,4096,4096,1,0,True,6894.87,601.55,601.55,601.55,9.125
2026-05-13T13:38:05.504256+00:00,gpu3_benchmark,3,ckpt_s4096_e4096,benchmark,65536,4096,4096,1,0,True,11272.01,1322.08,1322.08,1322.08,8.805
2026-05-13T13:38:14.309503+00:00,gpu3_benchmark,3,ckpt_s4096_e4096,benchmark,131072,4096,4096,1,0,False,,,,,9.420
2026-05-13T13:38:23.730191+00:00,gpu3_benchmark,3,ckpt_s8192_e2048,correctness,2048,8192,2048,1,0,True,,,,,8.798
2026-05-13T13:38:32.528856+00:00,gpu3_benchmark,3,ckpt_s8192_e2048,benchmark,2048,8192,2048,1,0,True,3432.23,62.17,62.17,62.17,10.347
2026-05-13T13:38:32.528856+00:00,gpu3_benchmark,3,ckpt_s8192_e2048,benchmark,8192,8192,2048,1,0,True,4132.78,241.55,241.55,241.55,10.347
2026-05-13T13:38:32.528856+00:00,gpu3_benchmark,3,ckpt_s8192_e2048,benchmark,32768,8192,2048,1,0,True,6934.88,1056.66,1056.66,1056.66,10.347
2026-05-13T13:38:42.875864+00:00,gpu3_benchmark,3,ckpt_s8192_e2048,benchmark,65536,8192,2048,1,0,True,11272.01,2293.67,2293.67,2293.67,10.631
2026-05-13T13:38:53.506888+00:00,gpu3_benchmark,3,ckpt_s8192_e2048,benchmark,131072,8192,2048,1,0,False,,,,,6.432
2026-05-13T13:38:59.938916+00:00,gpu3_benchmark,3,ckpt_s4096_e2048,correctness,2048,4096,2048,1,0,True,,,,,9.021
2026-05-13T13:39:08.959898+00:00,gpu3_benchmark,3,ckpt_s4096_e2048,benchmark,2048,4096,2048,1,0,True,3432.23,59.42,59.42,59.42,11.093
2026-05-13T13:39:08.959898+00:00,gpu3_benchmark,3,ckpt_s4096_e2048,benchmark,8192,4096,2048,1,0,True,4132.78,242.42,242.42,242.42,11.093
2026-05-13T13:39:08.959898+00:00,gpu3_benchmark,3,ckpt_s4096_e2048,benchmark,32768,4096,2048,1,0,True,6934.88,1076.45,1076.45,1076.45,11.093
2026-05-13T13:39:20.053350+00:00,gpu3_benchmark,3,ckpt_s4096_e2048,benchmark,65536,4096,2048,1,0,True,11272.01,2288.93,2288.93,2288.93,10.514
2026-05-13T13:39:30.567740+00:00,gpu3_benchmark,3,ckpt_s4096_e2048,benchmark,131072,4096,2048,1,0,False,,,,,6.747
2026-05-13T13:39:37.315486+00:00,gpu3_benchmark,3,ckpt_s2048_e2048,correctness,2048,2048,2048,1,0,True,,,,,8.201
2026-05-13T13:39:45.516878+00:00,gpu3_benchmark,3,ckpt_s2048_e2048,benchmark,2048,2048,2048,1,0,True,3432.23,61.2,61.2,61.2,10.008
2026-05-13T13:39:45.516878+00:00,gpu3_benchmark,3,ckpt_s2048_e2048,benchmark,8192,2048,2048,1,0,True,4132.78,244.37,244.37,244.37,10.008
2026-05-13T13:39:45.516878+00:00,gpu3_benchmark,3,ckpt_s2048_e2048,benchmark,32768,2048,2048,1,0,True,6934.88,1078.61,1078.61,1078.61,10.008
2026-05-13T13:39:55.525275+00:00,gpu3_benchmark,3,ckpt_s2048_e2048,benchmark,65536,2048,2048,1,0,True,11272.01,2323.32,2323.32,2323.32,10.451
2026-05-13T13:40:05.976125+00:00,gpu3_benchmark,3,ckpt_s2048_e2048,benchmark,131072,2048,2048,1,0,False,,,,,6.589
2026-05-13T13:40:12.565536+00:00,gpu3_benchmark,3,ckpt_s4096_e1024,correctness,2048,4096,1024,1,0,True,,,,,9.063
2026-05-13T13:40:21.628417+00:00,gpu3_benchmark,3,ckpt_s4096_e1024,benchmark,2048,4096,1024,1,0,True,3453.26,235.4,235.4,235.4,12.947
2026-05-13T13:40:21.628417+00:00,gpu3_benchmark,3,ckpt_s4096_e1024,benchmark,8192,4096,1024,1,0,True,4153.79,451.03,451.03,451.03,12.947
2026-05-13T13:40:21.628417+00:00,gpu3_benchmark,3,ckpt_s4096_e1024,benchmark,32768,4096,1024,1,0,True,6955.88,1925.45,1925.45,1925.45,12.947
2026-05-13T13:40:34.575797+00:00,gpu3_benchmark,3,ckpt_s4096_e1024,benchmark,65536,4096,1024,1,0,True,11272.51,4229.0,4229.0,4229.0,14.442
2026-05-13T13:40:49.018308+00:00,gpu3_benchmark,3,ckpt_s4096_e1024,benchmark,131072,4096,1024,1,0,True,21314.76,10092.5,10092.5,10092.5,26.317
2026-05-13T13:41:15.336146+00:00,gpu3_benchmark,3,ckpt_s2048_e1024,correctness,2048,2048,1024,1,0,True,,,,,8.161
2026-05-13T13:41:23.497738+00:00,gpu3_benchmark,3,ckpt_s2048_e1024,benchmark,2048,2048,1024,1,0,True,3453.26,256.31,256.31,256.31,13.131
2026-05-13T13:41:23.497738+00:00,gpu3_benchmark,3,ckpt_s2048_e1024,benchmark,8192,2048,1024,1,0,True,4153.79,451.5,451.5,451.5,13.131
2026-05-13T13:41:23.497738+00:00,gpu3_benchmark,3,ckpt_s2048_e1024,benchmark,32768,2048,1024,1,0,True,6955.88,1939.59,1939.59,1939.59,13.131
2026-05-13T13:41:36.629635+00:00,gpu3_benchmark,3,ckpt_s2048_e1024,benchmark,65536,2048,1024,1,0,True,11272.51,4257.99,4257.99,4257.99,14.582
2026-05-13T13:41:51.212275+00:00,gpu3_benchmark,3,ckpt_s2048_e1024,benchmark,131072,2048,1024,1,0,False,,,,,16.411
2026-05-13T13:42:07.623888+00:00,gpu3_benchmark,3,ckpt_s1024_e1024,correctness,2048,1024,1024,1,0,True,,,,,8.632
2026-05-13T13:42:16.256619+00:00,gpu3_benchmark,3,ckpt_s1024_e1024,benchmark,2048,1024,1024,1,0,True,3452.26,113.79,113.79,113.79,12.844
2026-05-13T13:42:16.256619+00:00,gpu3_benchmark,3,ckpt_s1024_e1024,benchmark,8192,1024,1024,1,0,True,4152.79,448.42,448.42,448.42,12.844
2026-05-13T13:42:16.256619+00:00,gpu3_benchmark,3,ckpt_s1024_e1024,benchmark,32768,1024,1024,1,0,True,6954.88,1802.73,1802.73,1802.73,12.844
2026-05-13T13:42:29.101338+00:00,gpu3_benchmark,3,ckpt_s1024_e1024,benchmark,65536,1024,1024,1,0,True,11272.01,3889.72,3889.72,3889.72,13.101
2026-05-13T13:42:42.203181+00:00,gpu3_benchmark,3,ckpt_s1024_e1024,benchmark,131072,1024,1024,1,0,False,,,,,16.904
2026-05-13T13:42:59.107953+00:00,gpu3_benchmark,3,nocp_s8192_e8192,correctness,2048,8192,8192,0,0,True,,,,,7.579
2026-05-13T13:43:06.687634+00:00,gpu3_benchmark,3,nocp_s8192_e8192,benchmark,2048,8192,8192,0,0,True,3510.1,55.26,55.26,55.26,8.054
2026-05-13T13:43:06.687634+00:00,gpu3_benchmark,3,nocp_s8192_e8192,benchmark,8192,8192,8192,0,0,True,4300.63,82.24,82.24,82.24,8.054
2026-05-13T13:43:06.687634+00:00,gpu3_benchmark,3,nocp_s8192_e8192,benchmark,32768,8192,8192,0,0,True,9328.38,362.58,362.58,362.58,8.054
2026-05-13T13:43:14.741569+00:00,gpu3_benchmark,3,nocp_s8192_e8192,benchmark,65536,8192,8192,0,0,True,17416.01,780.92,780.92,780.92,6.457
2026-05-13T13:43:21.198458+00:00,gpu3_benchmark,3,nocp_s8192_e8192,benchmark,131072,8192,8192,0,0,False,,,,,4.579
2026-05-13T13:43:25.777398+00:00,gpu3_benchmark,3,nocp_s8192_e4096,correctness,2048,8192,4096,0,0,True,,,,,7.895
2026-05-13T13:43:33.672204+00:00,gpu3_benchmark,3,nocp_s8192_e4096,benchmark,2048,8192,4096,0,0,True,3510.1,53.66,53.66,53.66,8.186
2026-05-13T13:43:33.672204+00:00,gpu3_benchmark,3,nocp_s8192_e4096,benchmark,8192,8192,4096,0,0,True,4428.77,129.39,129.39,129.39,8.186
2026-05-13T13:43:33.672204+00:00,gpu3_benchmark,3,nocp_s8192_e4096,benchmark,32768,8192,4096,0,0,True,9328.38,571.58,571.58,571.58,8.186
2026-05-13T13:43:41.858439+00:00,gpu3_benchmark,3,nocp_s8192_e4096,benchmark,65536,8192,4096,0,0,True,17416.01,1248.28,1248.28,1248.28,7.563
2026-05-13T13:43:49.421927+00:00,gpu3_benchmark,3,nocp_s8192_e4096,benchmark,131072,8192,4096,0,0,False,,,,,5.114
2026-05-13T13:43:54.536123+00:00,gpu3_benchmark,3,nocp_s4096_e4096,correctness,2048,4096,4096,0,0,True,,,,,7.283
2026-05-13T13:44:01.819950+00:00,gpu3_benchmark,3,nocp_s4096_e4096,benchmark,2048,4096,4096,0,0,True,3510.1,54.1,54.1,54.1,8.669
2026-05-13T13:44:01.819950+00:00,gpu3_benchmark,3,nocp_s4096_e4096,benchmark,8192,4096,4096,0,0,True,4428.77,150.11,150.11,150.11,8.669
2026-05-13T13:44:01.819950+00:00,gpu3_benchmark,3,nocp_s4096_e4096,benchmark,32768,4096,4096,0,0,True,9328.38,572.48,572.48,572.48,8.669
2026-05-13T13:44:10.489034+00:00,gpu3_benchmark,3,nocp_s4096_e4096,benchmark,65536,4096,4096,0,0,True,17416.01,1264.16,1264.16,1264.16,7.448
2026-05-13T13:44:17.937576+00:00,gpu3_benchmark,3,nocp_s4096_e4096,benchmark,131072,4096,4096,0,0,False,,,,,5.261
2026-05-13T13:44:23.199172+00:00,gpu3_benchmark,3,nocp_s4096_e2048,correctness,2048,4096,2048,0,0,True,,,,,7.486
2026-05-13T13:44:30.685369+00:00,gpu3_benchmark,3,nocp_s4096_e2048,benchmark,2048,4096,2048,0,0,True,3510.1,58.0,58.0,58.0,8.891
2026-05-13T13:44:30.685369+00:00,gpu3_benchmark,3,nocp_s4096_e2048,benchmark,8192,4096,2048,0,0,True,4525.78,228.87,228.87,228.87,8.891
2026-05-13T13:44:30.685369+00:00,gpu3_benchmark,3,nocp_s4096_e2048,benchmark,32768,4096,2048,0,0,True,9474.26,1001.57,1001.57,1001.57,8.891
2026-05-13T13:44:39.576505+00:00,gpu3_benchmark,3,nocp_s4096_e2048,benchmark,65536,4096,2048,0,0,True,17708.01,2185.53,2185.53,2185.53,9.532
2026-05-13T13:44:49.108611+00:00,gpu3_benchmark,3,nocp_s4096_e2048,benchmark,131072,4096,2048,0,0,False,,,,,5.457
2026-05-13T13:44:54.565785+00:00,gpu3_benchmark,3,nocp_s2048_e2048,correctness,2048,2048,2048,0,0,True,,,,,7.776
2026-05-13T13:45:02.342238+00:00,gpu3_benchmark,3,nocp_s2048_e2048,benchmark,2048,2048,2048,0,0,True,3510.1,54.24,54.24,54.24,9.442
2026-05-13T13:45:02.342238+00:00,gpu3_benchmark,3,nocp_s2048_e2048,benchmark,8192,2048,2048,0,0,True,4526.78,229.14,229.14,229.14,9.442
2026-05-13T13:45:02.342238+00:00,gpu3_benchmark,3,nocp_s2048_e2048,benchmark,32768,2048,2048,0,0,True,9476.26,1019.1,1019.1,1019.1,9.442
2026-05-13T13:45:11.784995+00:00,gpu3_benchmark,3,nocp_s2048_e2048,benchmark,65536,2048,2048,0,0,True,17708.01,2206.95,2206.95,2206.95,9.368
2026-05-13T13:45:21.153838+00:00,gpu3_benchmark,3,nocp_s2048_e2048,benchmark,131072,2048,2048,0,0,False,,,,,4.970
2026-05-13T13:45:26.124702+00:00,gpu3_benchmark,3,ckpt_s8192_e8192,correctness,2048,8192,8192,1,0,True,,,,,8.688
2026-05-13T13:45:34.813294+00:00,gpu3_benchmark,3,ckpt_s8192_e8192,benchmark,2048,8192,8192,1,0,True,3432.23,57.85,57.85,57.85,8.710
2026-05-13T13:45:34.813294+00:00,gpu3_benchmark,3,ckpt_s8192_e8192,benchmark,8192,8192,8192,1,0,True,4012.63,90.14,90.14,90.14,8.710
2026-05-13T13:45:34.813294+00:00,gpu3_benchmark,3,ckpt_s8192_e8192,benchmark,32768,8192,8192,1,0,True,6814.85,391.53,391.53,391.53,8.710
2026-05-13T13:45:43.523725+00:00,gpu3_benchmark,3,ckpt_s8192_e8192,benchmark,65536,8192,8192,1,0,True,11272.01,849.07,849.07,849.07,7.709
2026-05-13T13:45:51.232678+00:00,gpu3_benchmark,3,ckpt_s8192_e8192,benchmark,131072,8192,8192,1,0,True,21303.26,1874.53,1874.53,1874.53,9.803
2026-05-13T13:46:01.036676+00:00,gpu3_benchmark,3,ckpt_s16384_e4096,correctness,2048,16384,4096,1,0,True,,,,,9.581
2026-05-13T13:46:10.617684+00:00,gpu3_benchmark,3,ckpt_s16384_e4096,benchmark,2048,16384,4096,1,0,True,3432.23,61.74,61.74,61.74,9.959
2026-05-13T13:46:10.617684+00:00,gpu3_benchmark,3,ckpt_s16384_e4096,benchmark,8192,16384,4096,1,0,True,4092.77,147.2,147.2,147.2,9.959
2026-05-13T13:46:10.617684+00:00,gpu3_benchmark,3,ckpt_s16384_e4096,benchmark,32768,16384,4096,1,0,True,6894.87,593.35,593.35,593.35,9.959
2026-05-13T13:46:20.577098+00:00,gpu3_benchmark,3,ckpt_s16384_e4096,benchmark,65536,16384,4096,1,0,True,11272.01,1364.72,1364.72,1364.72,8.466
2026-05-13T13:46:29.043839+00:00,gpu3_benchmark,3,ckpt_s16384_e4096,benchmark,131072,16384,4096,1,0,False,,,,,9.178
2026-05-13T13:46:38.222554+00:00,gpu3_benchmark,3,ckpt_s8192_e4096,correctness,2048,8192,4096,1,0,True,,,,,9.212
2026-05-13T13:46:47.435204+00:00,gpu3_benchmark,3,ckpt_s8192_e4096,benchmark,2048,8192,4096,1,0,True,3432.23,59.52,59.52,59.52,9.408
2026-05-13T13:46:47.435204+00:00,gpu3_benchmark,3,ckpt_s8192_e4096,benchmark,8192,8192,4096,1,0,True,4092.77,143.19,143.19,143.19,9.408
2026-05-13T13:46:47.435204+00:00,gpu3_benchmark,3,ckpt_s8192_e4096,benchmark,32768,8192,4096,1,0,True,6894.87,597.38,597.38,597.38,9.408
2026-05-13T13:46:56.843276+00:00,gpu3_benchmark,3,ckpt_s8192_e4096,benchmark,65536,8192,4096,1,0,True,11272.01,1304.6,1304.6,1304.6,8.402
2026-05-13T13:47:05.245480+00:00,gpu3_benchmark,3,ckpt_s8192_e4096,benchmark,131072,8192,4096,1,0,False,,,,,9.626
2026-05-13T13:47:14.872049+00:00,gpu3_benchmark,3,ckpt_s4096_e4096,correctness,2048,4096,4096,1,0,True,,,,,9.064
2026-05-13T13:47:23.936597+00:00,gpu3_benchmark,3,ckpt_s4096_e4096,benchmark,2048,4096,4096,1,0,True,3432.23,59.28,59.28,59.28,9.428
2026-05-13T13:47:23.936597+00:00,gpu3_benchmark,3,ckpt_s4096_e4096,benchmark,8192,4096,4096,1,0,True,4092.77,150.81,150.81,150.81,9.428
2026-05-13T13:47:23.936597+00:00,gpu3_benchmark,3,ckpt_s4096_e4096,benchmark,32768,4096,4096,1,0,True,6894.87,594.92,594.92,594.92,9.428
2026-05-13T13:47:33.365363+00:00,gpu3_benchmark,3,ckpt_s4096_e4096,benchmark,65536,4096,4096,1,0,True,11272.01,1374.31,1374.31,1374.31,8.918
2026-05-13T13:47:42.283316+00:00,gpu3_benchmark,3,ckpt_s4096_e4096,benchmark,131072,4096,4096,1,0,False,,,,,9.784
2026-05-13T13:47:52.067561+00:00,gpu3_benchmark,3,ckpt_s8192_e2048,correctness,2048,8192,2048,1,0,True,,,,,8.737
2026-05-13T13:48:00.804437+00:00,gpu3_benchmark,3,ckpt_s8192_e2048,benchmark,2048,8192,2048,1,0,True,3432.23,70.39,70.39,70.39,10.823
2026-05-13T13:48:00.804437+00:00,gpu3_benchmark,3,ckpt_s8192_e2048,benchmark,8192,8192,2048,1,0,True,4132.78,236.99,236.99,236.99,10.823
2026-05-13T13:48:00.804437+00:00,gpu3_benchmark,3,ckpt_s8192_e2048,benchmark,32768,8192,2048,1,0,True,6934.88,1049.5,1049.5,1049.5,10.823
2026-05-13T13:48:11.627922+00:00,gpu3_benchmark,3,ckpt_s8192_e2048,benchmark,65536,8192,2048,1,0,True,11272.01,2268.21,2268.21,2268.21,11.084
2026-05-13T13:48:22.712411+00:00,gpu3_benchmark,3,ckpt_s8192_e2048,benchmark,131072,8192,2048,1,0,False,,,,,6.672
2026-05-13T13:48:29.385157+00:00,gpu3_benchmark,3,ckpt_s4096_e2048,correctness,2048,4096,2048,1,0,True,,,,,9.018
2026-05-13T13:48:38.403745+00:00,gpu3_benchmark,3,ckpt_s4096_e2048,benchmark,2048,4096,2048,1,0,True,3432.23,58.52,58.52,58.52,10.736
2026-05-13T13:48:38.403745+00:00,gpu3_benchmark,3,ckpt_s4096_e2048,benchmark,8192,4096,2048,1,0,True,4132.78,237.03,237.03,237.03,10.736
2026-05-13T13:48:38.403745+00:00,gpu3_benchmark,3,ckpt_s4096_e2048,benchmark,32768,4096,2048,1,0,True,6934.88,1044.06,1044.06,1044.06,10.736
2026-05-13T13:48:49.140397+00:00,gpu3_benchmark,3,ckpt_s4096_e2048,benchmark,65536,4096,2048,1,0,True,11272.01,2281.68,2281.68,2281.68,11.115
2026-05-13T13:49:00.255302+00:00,gpu3_benchmark,3,ckpt_s4096_e2048,benchmark,131072,4096,2048,1,0,False,,,,,6.695
2026-05-13T13:49:06.951177+00:00,gpu3_benchmark,3,ckpt_s2048_e2048,correctness,2048,2048,2048,1,0,True,,,,,8.691
2026-05-13T13:49:15.642557+00:00,gpu3_benchmark,3,ckpt_s2048_e2048,benchmark,2048,2048,2048,1,0,True,3432.23,59.66,59.66,59.66,10.540
2026-05-13T13:49:15.642557+00:00,gpu3_benchmark,3,ckpt_s2048_e2048,benchmark,8192,2048,2048,1,0,True,4132.78,241.41,241.41,241.41,10.540
2026-05-13T13:49:15.642557+00:00,gpu3_benchmark,3,ckpt_s2048_e2048,benchmark,32768,2048,2048,1,0,True,6934.88,1064.5,1064.5,1064.5,10.540
2026-05-13T13:49:26.183387+00:00,gpu3_benchmark,3,ckpt_s2048_e2048,benchmark,65536,2048,2048,1,0,True,11272.01,2302.23,2302.23,2302.23,10.502
2026-05-13T13:49:36.685600+00:00,gpu3_benchmark,3,ckpt_s2048_e2048,benchmark,131072,2048,2048,1,0,False,,,,,6.193
2026-05-13T13:49:42.878839+00:00,gpu3_benchmark,3,ckpt_s4096_e1024,correctness,2048,4096,1024,1,0,True,,,,,8.224
2026-05-13T13:49:51.102768+00:00,gpu3_benchmark,3,ckpt_s4096_e1024,benchmark,2048,4096,1024,1,0,True,3453.26,260.49,260.49,260.49,12.936
2026-05-13T13:49:51.102768+00:00,gpu3_benchmark,3,ckpt_s4096_e1024,benchmark,8192,4096,1024,1,0,True,4153.79,456.39,456.39,456.39,12.936
2026-05-13T13:49:51.102768+00:00,gpu3_benchmark,3,ckpt_s4096_e1024,benchmark,32768,4096,1024,1,0,True,6955.88,1970.22,1970.22,1970.22,12.936
2026-05-13T13:50:04.039349+00:00,gpu3_benchmark,3,ckpt_s4096_e1024,benchmark,65536,4096,1024,1,0,True,11272.51,4295.57,4295.57,4295.57,14.710
2026-05-13T13:50:18.749324+00:00,gpu3_benchmark,3,ckpt_s4096_e1024,benchmark,131072,4096,1024,1,0,True,21314.76,10143.87,10143.87,10143.87,26.365
2026-05-13T13:50:45.114700+00:00,gpu3_benchmark,3,ckpt_s2048_e1024,correctness,2048,2048,1024,1,0,True,,,,,8.238
2026-05-13T13:50:53.352573+00:00,gpu3_benchmark,3,ckpt_s2048_e1024,benchmark,2048,2048,1024,1,0,True,3453.26,280.16,280.16,280.16,12.834
2026-05-13T13:50:53.352573+00:00,gpu3_benchmark,3,ckpt_s2048_e1024,benchmark,8192,2048,1024,1,0,True,4153.79,454.91,454.91,454.91,12.834
2026-05-13T13:50:53.352573+00:00,gpu3_benchmark,3,ckpt_s2048_e1024,benchmark,32768,2048,1024,1,0,True,6955.88,1978.14,1978.14,1978.14,12.834
2026-05-13T13:51:06.187200+00:00,gpu3_benchmark,3,ckpt_s2048_e1024,benchmark,65536,2048,1024,1,0,True,11272.51,4307.91,4307.91,4307.91,14.318
2026-05-13T13:51:20.505812+00:00,gpu3_benchmark,3,ckpt_s2048_e1024,benchmark,131072,2048,1024,1,0,False,,,,,17.155
2026-05-13T13:51:37.661525+00:00,gpu3_benchmark,3,ckpt_s1024_e1024,correctness,2048,1024,1024,1,0,True,,,,,8.415
2026-05-13T13:51:46.076859+00:00,gpu3_benchmark,3,ckpt_s1024_e1024,benchmark,2048,1024,1024,1,0,True,3452.26,113.24,113.24,113.24,12.972
2026-05-13T13:51:46.076859+00:00,gpu3_benchmark,3,ckpt_s1024_e1024,benchmark,8192,1024,1024,1,0,True,4152.79,470.77,470.77,470.77,12.972
2026-05-13T13:51:46.076859+00:00,gpu3_benchmark,3,ckpt_s1024_e1024,benchmark,32768,1024,1024,1,0,True,6954.88,1997.75,1997.75,1997.75,12.972
2026-05-13T13:51:59.049340+00:00,gpu3_benchmark,3,ckpt_s1024_e1024,benchmark,65536,1024,1024,1,0,True,11272.01,4408.81,4408.81,4408.81,15.135
2026-05-13T13:52:14.184172+00:00,gpu3_benchmark,3,ckpt_s1024_e1024,benchmark,131072,1024,1024,1,0,False,,,,,17.468
2026-05-13T13:52:31.653237+00:00,gpu3_benchmark,3,nocp_s8192_e8192,correctness,2048,8192,8192,0,0,True,,,,,7.240
2026-05-13T13:52:38.893337+00:00,gpu3_benchmark,3,nocp_s8192_e8192,benchmark,2048,8192,8192,0,0,True,3510.1,54.28,54.28,54.28,8.295
2026-05-13T13:52:38.893337+00:00,gpu3_benchmark,3,nocp_s8192_e8192,benchmark,8192,8192,8192,0,0,True,4300.63,78.15,78.15,78.15,8.295
2026-05-13T13:52:38.893337+00:00,gpu3_benchmark,3,nocp_s8192_e8192,benchmark,32768,8192,8192,0,0,True,9328.38,364.44,364.44,364.44,8.295
2026-05-13T13:52:47.189115+00:00,gpu3_benchmark,3,nocp_s8192_e8192,benchmark,65536,8192,8192,0,0,True,17416.01,784.88,784.88,784.88,6.675
2026-05-13T13:52:53.863925+00:00,gpu3_benchmark,3,nocp_s8192_e8192,benchmark,131072,8192,8192,0,0,False,,,,,5.768
2026-05-13T13:52:59.632221+00:00,gpu3_benchmark,3,nocp_s8192_e4096,correctness,2048,8192,4096,0,0,True,,,,,7.904
2026-05-13T13:53:07.536295+00:00,gpu3_benchmark,3,nocp_s8192_e4096,benchmark,2048,8192,4096,0,0,True,3510.1,52.28,52.28,52.28,8.754
2026-05-13T13:53:07.536295+00:00,gpu3_benchmark,3,nocp_s8192_e4096,benchmark,8192,8192,4096,0,0,True,4428.77,130.12,130.12,130.12,8.754
2026-05-13T13:53:07.536295+00:00,gpu3_benchmark,3,nocp_s8192_e4096,benchmark,32768,8192,4096,0,0,True,9328.38,570.56,570.56,570.56,8.754
2026-05-13T13:53:16.291063+00:00,gpu3_benchmark,3,nocp_s8192_e4096,benchmark,65536,8192,4096,0,0,True,17416.01,1237.66,1237.66,1237.66,7.654
2026-05-13T13:53:23.945584+00:00,gpu3_benchmark,3,nocp_s8192_e4096,benchmark,131072,8192,4096,0,0,False,,,,,5.148
2026-05-13T13:53:29.094081+00:00,gpu3_benchmark,3,nocp_s4096_e4096,correctness,2048,4096,4096,0,0,True,,,,,6.978
2026-05-13T13:53:36.071959+00:00,gpu3_benchmark,3,nocp_s4096_e4096,benchmark,2048,4096,4096,0,0,True,3510.1,48.38,48.38,48.38,8.520
2026-05-13T13:53:36.071959+00:00,gpu3_benchmark,3,nocp_s4096_e4096,benchmark,8192,4096,4096,0,0,True,4428.77,121.89,121.89,121.89,8.520
2026-05-13T13:53:36.071959+00:00,gpu3_benchmark,3,nocp_s4096_e4096,benchmark,32768,4096,4096,0,0,True,9328.38,515.1,515.1,515.1,8.520
2026-05-13T13:53:44.592304+00:00,gpu3_benchmark,3,nocp_s4096_e4096,benchmark,65536,4096,4096,0,0,True,17416.01,1134.4,1134.4,1134.4,7.238
2026-05-13T13:53:51.830543+00:00,gpu3_benchmark,3,nocp_s4096_e4096,benchmark,131072,4096,4096,0,0,False,,,,,5.528
2026-05-13T13:53:57.358748+00:00,gpu3_benchmark,3,nocp_s4096_e2048,correctness,2048,4096,2048,0,0,True,,,,,7.737
2026-05-13T13:54:05.095859+00:00,gpu3_benchmark,3,nocp_s4096_e2048,benchmark,2048,4096,2048,0,0,True,3510.1,56.66,56.66,56.66,9.757
2026-05-13T13:54:05.095859+00:00,gpu3_benchmark,3,nocp_s4096_e2048,benchmark,8192,4096,2048,0,0,True,4525.78,225.89,225.89,225.89,9.757
2026-05-13T13:54:05.095859+00:00,gpu3_benchmark,3,nocp_s4096_e2048,benchmark,32768,4096,2048,0,0,True,9474.26,991.1,991.1,991.1,9.757
2026-05-13T13:54:14.853623+00:00,gpu3_benchmark,3,nocp_s4096_e2048,benchmark,65536,4096,2048,0,0,True,17708.01,2184.25,2184.25,2184.25,9.183
2026-05-13T13:54:24.037368+00:00,gpu3_benchmark,3,nocp_s4096_e2048,benchmark,131072,4096,2048,0,0,False,,,,,5.322
2026-05-13T13:54:29.359980+00:00,gpu3_benchmark,3,nocp_s2048_e2048,correctness,2048,2048,2048,0,0,True,,,,,8.004
2026-05-13T13:54:37.364155+00:00,gpu3_benchmark,3,nocp_s2048_e2048,benchmark,2048,2048,2048,0,0,True,3510.1,55.31,55.31,55.31,9.688
2026-05-13T13:54:37.364155+00:00,gpu3_benchmark,3,nocp_s2048_e2048,benchmark,8192,2048,2048,0,0,True,4526.78,225.49,225.49,225.49,9.688
2026-05-13T13:54:37.364155+00:00,gpu3_benchmark,3,nocp_s2048_e2048,benchmark,32768,2048,2048,0,0,True,9476.26,998.53,998.53,998.53,9.688
2026-05-13T13:54:47.052421+00:00,gpu3_benchmark,3,nocp_s2048_e2048,benchmark,65536,2048,2048,0,0,True,17708.01,2210.55,2210.55,2210.55,9.756
2026-05-13T13:54:56.809240+00:00,gpu3_benchmark,3,nocp_s2048_e2048,benchmark,131072,2048,2048,0,0,False,,,,,5.760
2026-05-13T13:55:02.569918+00:00,gpu3_benchmark,3,ckpt_s8192_e8192,correctness,2048,8192,8192,1,0,True,,,,,8.796
2026-05-13T13:55:11.366070+00:00,gpu3_benchmark,3,ckpt_s8192_e8192,benchmark,2048,8192,8192,1,0,True,3432.23,62.63,62.63,62.63,8.889
2026-05-13T13:55:11.366070+00:00,gpu3_benchmark,3,ckpt_s8192_e8192,benchmark,8192,8192,8192,1,0,True,4012.63,91.73,91.73,91.73,8.889
2026-05-13T13:55:11.366070+00:00,gpu3_benchmark,3,ckpt_s8192_e8192,benchmark,32768,8192,8192,1,0,True,6814.85,405.17,405.17,405.17,8.889
2026-05-13T13:55:20.255251+00:00,gpu3_benchmark,3,ckpt_s8192_e8192,benchmark,65536,8192,8192,1,0,True,11272.01,834.22,834.22,834.22,7.776
2026-05-13T13:55:28.031545+00:00,gpu3_benchmark,3,ckpt_s8192_e8192,benchmark,131072,8192,8192,1,0,True,21303.26,1872.28,1872.28,1872.28,9.597
2026-05-13T13:55:37.629468+00:00,gpu3_benchmark,3,ckpt_s16384_e4096,correctness,2048,16384,4096,1,0,True,,,,,8.681
2026-05-13T13:55:46.311005+00:00,gpu3_benchmark,3,ckpt_s16384_e4096,benchmark,2048,16384,4096,1,0,True,3432.23,60.53,60.53,60.53,9.102
2026-05-13T13:55:46.311005+00:00,gpu3_benchmark,3,ckpt_s16384_e4096,benchmark,8192,16384,4096,1,0,True,4092.77,139.1,139.1,139.1,9.102
2026-05-13T13:55:46.311005+00:00,gpu3_benchmark,3,ckpt_s16384_e4096,benchmark,32768,16384,4096,1,0,True,6894.87,592.32,592.32,592.32,9.102
2026-05-13T13:55:55.413445+00:00,gpu3_benchmark,3,ckpt_s16384_e4096,benchmark,65536,16384,4096,1,0,True,11272.01,1291.58,1291.58,1291.58,8.396
2026-05-13T13:56:03.809900+00:00,gpu3_benchmark,3,ckpt_s16384_e4096,benchmark,131072,16384,4096,1,0,False,,,,,9.139
2026-05-13T13:56:12.949586+00:00,gpu3_benchmark,3,ckpt_s8192_e4096,correctness,2048,8192,4096,1,0,True,,,,,8.500
2026-05-13T13:56:21.450179+00:00,gpu3_benchmark,3,ckpt_s8192_e4096,benchmark,2048,8192,4096,1,0,True,3432.23,60.17,60.17,60.17,9.411
2026-05-13T13:56:21.450179+00:00,gpu3_benchmark,3,ckpt_s8192_e4096,benchmark,8192,8192,4096,1,0,True,4092.77,142.51,142.51,142.51,9.411
2026-05-13T13:56:21.450179+00:00,gpu3_benchmark,3,ckpt_s8192_e4096,benchmark,32768,8192,4096,1,0,True,6894.87,608.19,608.19,608.19,9.411
2026-05-13T13:56:30.861381+00:00,gpu3_benchmark,3,ckpt_s8192_e4096,benchmark,65536,8192,4096,1,0,True,11272.01,1302.8,1302.8,1302.8,8.470
2026-05-13T13:56:39.331502+00:00,gpu3_benchmark,3,ckpt_s8192_e4096,benchmark,131072,8192,4096,1,0,False,,,,,9.445
2026-05-13T13:56:48.777510+00:00,gpu3_benchmark,3,ckpt_s4096_e4096,correctness,2048,4096,4096,1,0,True,,,,,8.497
2026-05-13T13:56:57.274498+00:00,gpu3_benchmark,3,ckpt_s4096_e4096,benchmark,2048,4096,4096,1,0,True,3432.23,58.97,58.97,58.97,9.261
2026-05-13T13:56:57.274498+00:00,gpu3_benchmark,3,ckpt_s4096_e4096,benchmark,8192,4096,4096,1,0,True,4092.77,139.47,139.47,139.47,9.261
2026-05-13T13:56:57.274498+00:00,gpu3_benchmark,3,ckpt_s4096_e4096,benchmark,32768,4096,4096,1,0,True,6894.87,613.85,613.85,613.85,9.261
2026-05-13T13:57:06.536011+00:00,gpu3_benchmark,3,ckpt_s4096_e4096,benchmark,65536,4096,4096,1,0,True,11272.01,1308.47,1308.47,1308.47,8.424
2026-05-13T13:57:14.960281+00:00,gpu3_benchmark,3,ckpt_s4096_e4096,benchmark,131072,4096,4096,1,0,False,,,,,9.253
2026-05-13T13:57:24.213998+00:00,gpu3_benchmark,3,ckpt_s8192_e2048,correctness,2048,8192,2048,1,0,True,,,,,8.713
2026-05-13T13:57:32.927108+00:00,gpu3_benchmark,3,ckpt_s8192_e2048,benchmark,2048,8192,2048,1,0,True,3432.23,63.0,63.0,63.0,10.783
2026-05-13T13:57:32.927108+00:00,gpu3_benchmark,3,ckpt_s8192_e2048,benchmark,8192,8192,2048,1,0,True,4132.78,246.23,246.23,246.23,10.783
2026-05-13T13:57:32.927108+00:00,gpu3_benchmark,3,ckpt_s8192_e2048,benchmark,32768,8192,2048,1,0,True,6934.88,1055.66,1055.66,1055.66,10.783
2026-05-13T13:57:43.710415+00:00,gpu3_benchmark,3,ckpt_s8192_e2048,benchmark,65536,8192,2048,1,0,True,11272.01,2297.19,2297.19,2297.19,10.379
2026-05-13T13:57:54.089657+00:00,gpu3_benchmark,3,ckpt_s8192_e2048,benchmark,131072,8192,2048,1,0,False,,,,,6.821
2026-05-13T13:58:00.911700+00:00,gpu3_benchmark,3,ckpt_s4096_e2048,correctness,2048,4096,2048,1,0,True,,,,,8.385
2026-05-13T13:58:09.296646+00:00,gpu3_benchmark,3,ckpt_s4096_e2048,benchmark,2048,4096,2048,1,0,True,3432.23,54.54,54.54,54.54,10.848
2026-05-13T13:58:09.296646+00:00,gpu3_benchmark,3,ckpt_s4096_e2048,benchmark,8192,4096,2048,1,0,True,4132.78,248.33,248.33,248.33,10.848
2026-05-13T13:58:09.296646+00:00,gpu3_benchmark,3,ckpt_s4096_e2048,benchmark,32768,4096,2048,1,0,True,6934.88,1063.54,1063.54,1063.54,10.848
2026-05-13T13:58:20.145118+00:00,gpu3_benchmark,3,ckpt_s4096_e2048,benchmark,65536,4096,2048,1,0,True,11272.01,2290.76,2290.76,2290.76,10.794
2026-05-13T13:58:30.939853+00:00,gpu3_benchmark,3,ckpt_s4096_e2048,benchmark,131072,4096,2048,1,0,False,,,,,6.756
2026-05-13T13:58:37.696575+00:00,gpu3_benchmark,3,ckpt_s2048_e2048,correctness,2048,2048,2048,1,0,True,,,,,8.711
2026-05-13T13:58:46.407557+00:00,gpu3_benchmark,3,ckpt_s2048_e2048,benchmark,2048,2048,2048,1,0,True,3432.23,59.8,59.8,59.8,10.649
2026-05-13T13:58:46.407557+00:00,gpu3_benchmark,3,ckpt_s2048_e2048,benchmark,8192,2048,2048,1,0,True,4132.78,246.28,246.28,246.28,10.649
2026-05-13T13:58:46.407557+00:00,gpu3_benchmark,3,ckpt_s2048_e2048,benchmark,32768,2048,2048,1,0,True,6934.88,1067.93,1067.93,1067.93,10.649
2026-05-13T13:58:57.056742+00:00,gpu3_benchmark,3,ckpt_s2048_e2048,benchmark,65536,2048,2048,1,0,True,11272.01,2377.25,2377.25,2377.25,10.551
2026-05-13T13:59:07.607816+00:00,gpu3_benchmark,3,ckpt_s2048_e2048,benchmark,131072,2048,2048,1,0,False,,,,,6.973
2026-05-13T13:59:14.581044+00:00,gpu3_benchmark,3,ckpt_s4096_e1024,correctness,2048,4096,1024,1,0,True,,,,,8.237
2026-05-13T13:59:22.818719+00:00,gpu3_benchmark,3,ckpt_s4096_e1024,benchmark,2048,4096,1024,1,0,True,3453.26,261.96,261.96,261.96,12.698
2026-05-13T13:59:22.818719+00:00,gpu3_benchmark,3,ckpt_s4096_e1024,benchmark,8192,4096,1024,1,0,True,4153.79,455.56,455.56,455.56,12.698
2026-05-13T13:59:22.818719+00:00,gpu3_benchmark,3,ckpt_s4096_e1024,benchmark,32768,4096,1024,1,0,True,6955.88,1973.97,1973.97,1973.97,12.698
2026-05-13T13:59:35.516854+00:00,gpu3_benchmark,3,ckpt_s4096_e1024,benchmark,65536,4096,1024,1,0,True,11272.51,4219.25,4219.25,4219.25,14.557
2026-05-13T13:59:50.074427+00:00,gpu3_benchmark,3,ckpt_s4096_e1024,benchmark,131072,4096,1024,1,0,True,21314.76,10039.9,10039.9,10039.9,26.335
2026-05-13T14:00:16.409988+00:00,gpu3_benchmark,3,ckpt_s2048_e1024,correctness,2048,2048,1024,1,0,True,,,,,8.353
2026-05-13T14:00:24.763636+00:00,gpu3_benchmark,3,ckpt_s2048_e1024,benchmark,2048,2048,1024,1,0,True,3453.26,227.64,227.64,227.64,12.744
2026-05-13T14:00:24.763636+00:00,gpu3_benchmark,3,ckpt_s2048_e1024,benchmark,8192,2048,1024,1,0,True,4153.79,448.35,448.35,448.35,12.744
2026-05-13T14:00:24.763636+00:00,gpu3_benchmark,3,ckpt_s2048_e1024,benchmark,32768,2048,1024,1,0,True,6955.88,1962.42,1962.42,1962.42,12.744
2026-05-13T14:00:37.508573+00:00,gpu3_benchmark,3,ckpt_s2048_e1024,benchmark,65536,2048,1024,1,0,True,11272.51,4309.18,4309.18,4309.18,14.585
2026-05-13T14:00:52.094365+00:00,gpu3_benchmark,3,ckpt_s2048_e1024,benchmark,131072,2048,1024,1,0,False,,,,,17.232
2026-05-13T14:01:09.327027+00:00,gpu3_benchmark,3,ckpt_s1024_e1024,correctness,2048,1024,1024,1,0,True,,,,,8.870
2026-05-13T14:01:18.197292+00:00,gpu3_benchmark,3,ckpt_s1024_e1024,benchmark,2048,1024,1024,1,0,True,3452.26,109.08,109.08,109.08,12.803
2026-05-13T14:01:18.197292+00:00,gpu3_benchmark,3,ckpt_s1024_e1024,benchmark,8192,1024,1024,1,0,True,4152.79,453.22,453.22,453.22,12.803
2026-05-13T14:01:18.197292+00:00,gpu3_benchmark,3,ckpt_s1024_e1024,benchmark,32768,1024,1024,1,0,True,6954.88,1953.89,1953.89,1953.89,12.803
2026-05-13T14:01:31.000591+00:00,gpu3_benchmark,3,ckpt_s1024_e1024,benchmark,65536,1024,1024,1,0,True,11272.01,4351.3,4351.3,4351.3,14.618
2026-05-13T14:01:45.618522+00:00,gpu3_benchmark,3,ckpt_s1024_e1024,benchmark,131072,1024,1024,1,0,False,,,,,17.118
2026-05-13T14:02:02.737286+00:00,gpu3_benchmark,3,nocp_s8192_e8192,correctness,2048,8192,8192,0,0,True,,,,,7.659
2026-05-13T14:02:10.396182+00:00,gpu3_benchmark,3,nocp_s8192_e8192,benchmark,2048,8192,8192,0,0,True,3510.1,58.14,58.14,58.14,8.198
2026-05-13T14:02:10.396182+00:00,gpu3_benchmark,3,nocp_s8192_e8192,benchmark,8192,8192,8192,0,0,True,4300.63,89.31,89.31,89.31,8.198
2026-05-13T14:02:10.396182+00:00,gpu3_benchmark,3,nocp_s8192_e8192,benchmark,32768,8192,8192,0,0,True,9328.38,362.88,362.88,362.88,8.198
2026-05-13T14:02:18.594383+00:00,gpu3_benchmark,3,nocp_s8192_e8192,benchmark,65536,8192,8192,0,0,True,17416.01,779.96,779.96,779.96,6.635
2026-05-13T14:02:25.229191+00:00,gpu3_benchmark,3,nocp_s8192_e8192,benchmark,131072,8192,8192,0,0,False,,,,,4.781
2026-05-13T14:02:30.010413+00:00,gpu3_benchmark,3,nocp_s8192_e4096,correctness,2048,8192,4096,0,0,True,,,,,7.802
2026-05-13T14:02:37.812763+00:00,gpu3_benchmark,3,nocp_s8192_e4096,benchmark,2048,8192,4096,0,0,True,3510.1,54.66,54.66,54.66,8.758
2026-05-13T14:02:37.812763+00:00,gpu3_benchmark,3,nocp_s8192_e4096,benchmark,8192,8192,4096,0,0,True,4428.77,130.04,130.04,130.04,8.758
2026-05-13T14:02:37.812763+00:00,gpu3_benchmark,3,nocp_s8192_e4096,benchmark,32768,8192,4096,0,0,True,9328.38,587.86,587.86,587.86,8.758
2026-05-13T14:02:46.571515+00:00,gpu3_benchmark,3,nocp_s8192_e4096,benchmark,65536,8192,4096,0,0,True,17416.01,1270.89,1270.89,1270.89,7.774
2026-05-13T14:02:54.346161+00:00,gpu3_benchmark,3,nocp_s8192_e4096,benchmark,131072,8192,4096,0,0,False,,,,,4.832
2026-05-13T14:02:59.179190+00:00,gpu3_benchmark,3,nocp_s4096_e4096,correctness,2048,4096,4096,0,0,True,,,,,7.263
2026-05-13T14:03:06.442254+00:00,gpu3_benchmark,3,nocp_s4096_e4096,benchmark,2048,4096,4096,0,0,True,3510.1,60.93,60.93,60.93,7.835
2026-05-13T14:03:06.442254+00:00,gpu3_benchmark,3,nocp_s4096_e4096,benchmark,8192,4096,4096,0,0,True,4428.77,127.88,127.88,127.88,7.835
2026-05-13T14:03:06.442254+00:00,gpu3_benchmark,3,nocp_s4096_e4096,benchmark,32768,4096,4096,0,0,True,9328.38,576.71,576.71,576.71,7.835
2026-05-13T14:03:14.277951+00:00,gpu3_benchmark,3,nocp_s4096_e4096,benchmark,65536,4096,4096,0,0,True,17416.01,1269.13,1269.13,1269.13,7.698
2026-05-13T14:03:21.976835+00:00,gpu3_benchmark,3,nocp_s4096_e4096,benchmark,131072,4096,4096,0,0,False,,,,,5.867
2026-05-13T14:03:27.844164+00:00,gpu3_benchmark,3,nocp_s4096_e2048,correctness,2048,4096,2048,0,0,True,,,,,7.200
2026-05-13T14:03:35.044036+00:00,gpu3_benchmark,3,nocp_s4096_e2048,benchmark,2048,4096,2048,0,0,True,3510.1,54.82,54.82,54.82,10.001
2026-05-13T14:03:35.044036+00:00,gpu3_benchmark,3,nocp_s4096_e2048,benchmark,8192,4096,2048,0,0,True,4525.78,225.3,225.3,225.3,10.001
2026-05-13T14:03:35.044036+00:00,gpu3_benchmark,3,nocp_s4096_e2048,benchmark,32768,4096,2048,0,0,True,9474.26,991.19,991.19,991.19,10.001
2026-05-13T14:03:45.045718+00:00,gpu3_benchmark,3,nocp_s4096_e2048,benchmark,65536,4096,2048,0,0,True,17708.01,2170.13,2170.13,2170.13,9.821
2026-05-13T14:03:54.866649+00:00,gpu3_benchmark,3,nocp_s4096_e2048,benchmark,131072,4096,2048,0,0,False,,,,,5.584
2026-05-13T14:04:00.451300+00:00,gpu3_benchmark,3,nocp_s2048_e2048,correctness,2048,2048,2048,0,0,True,,,,,7.736
2026-05-13T14:04:08.187440+00:00,gpu3_benchmark,3,nocp_s2048_e2048,benchmark,2048,2048,2048,0,0,True,3510.1,64.62,64.62,64.62,9.971
2026-05-13T14:04:08.187440+00:00,gpu3_benchmark,3,nocp_s2048_e2048,benchmark,8192,2048,2048,0,0,True,4526.78,227.6,227.6,227.6,9.971
2026-05-13T14:04:08.187440+00:00,gpu3_benchmark,3,nocp_s2048_e2048,benchmark,32768,2048,2048,0,0,True,9476.26,1007.27,1007.27,1007.27,9.971
2026-05-13T14:04:18.158942+00:00,gpu3_benchmark,3,nocp_s2048_e2048,benchmark,65536,2048,2048,0,0,True,17708.01,2192.39,2192.39,2192.39,9.481
2026-05-13T14:04:27.640283+00:00,gpu3_benchmark,3,nocp_s2048_e2048,benchmark,131072,2048,2048,0,0,False,,,,,5.077
2026-05-13T14:04:32.717804+00:00,gpu3_benchmark,3,ckpt_s8192_e8192,correctness,2048,8192,8192,1,0,True,,,,,8.402
2026-05-13T14:04:41.120216+00:00,gpu3_benchmark,3,ckpt_s8192_e8192,benchmark,2048,8192,8192,1,0,True,3432.23,52.24,52.24,52.24,8.726
2026-05-13T14:04:41.120216+00:00,gpu3_benchmark,3,ckpt_s8192_e8192,benchmark,8192,8192,8192,1,0,True,4012.63,81.45,81.45,81.45,8.726
2026-05-13T14:04:41.120216+00:00,gpu3_benchmark,3,ckpt_s8192_e8192,benchmark,32768,8192,8192,1,0,True,6814.85,349.74,349.74,349.74,8.726
2026-05-13T14:04:49.846755+00:00,gpu3_benchmark,3,ckpt_s8192_e8192,benchmark,65536,8192,8192,1,0,True,11272.01,745.58,745.58,745.58,7.291
2026-05-13T14:04:57.138351+00:00,gpu3_benchmark,3,ckpt_s8192_e8192,benchmark,131072,8192,8192,1,0,True,21303.26,1871.19,1871.19,1871.19,9.790
2026-05-13T14:05:06.928479+00:00,gpu3_benchmark,3,ckpt_s16384_e4096,correctness,2048,16384,4096,1,0,True,,,,,9.247
2026-05-13T14:05:16.175450+00:00,gpu3_benchmark,3,ckpt_s16384_e4096,benchmark,2048,16384,4096,1,0,True,3432.23,60.94,60.94,60.94,9.785
2026-05-13T14:05:16.175450+00:00,gpu3_benchmark,3,ckpt_s16384_e4096,benchmark,8192,16384,4096,1,0,True,4092.77,138.99,138.99,138.99,9.785
2026-05-13T14:05:16.175450+00:00,gpu3_benchmark,3,ckpt_s16384_e4096,benchmark,32768,16384,4096,1,0,True,6894.87,594.43,594.43,594.43,9.785
2026-05-13T14:05:25.960775+00:00,gpu3_benchmark,3,ckpt_s16384_e4096,benchmark,65536,16384,4096,1,0,True,11272.01,1292.57,1292.57,1292.57,8.685
2026-05-13T14:05:34.646273+00:00,gpu3_benchmark,3,ckpt_s16384_e4096,benchmark,131072,16384,4096,1,0,False,,,,,9.154
2026-05-13T14:05:43.800948+00:00,gpu3_benchmark,3,ckpt_s8192_e4096,correctness,2048,8192,4096,1,0,True,,,,,8.528
2026-05-13T14:05:52.329297+00:00,gpu3_benchmark,3,ckpt_s8192_e4096,benchmark,2048,8192,4096,1,0,True,3432.23,62.79,62.79,62.79,9.721
2026-05-13T14:05:52.329297+00:00,gpu3_benchmark,3,ckpt_s8192_e4096,benchmark,8192,8192,4096,1,0,True,4092.77,141.6,141.6,141.6,9.721
2026-05-13T14:05:52.329297+00:00,gpu3_benchmark,3,ckpt_s8192_e4096,benchmark,32768,8192,4096,1,0,True,6894.87,596.83,596.83,596.83,9.721
2026-05-13T14:06:02.051210+00:00,gpu3_benchmark,3,ckpt_s8192_e4096,benchmark,65536,8192,4096,1,0,True,11272.01,1306.61,1306.61,1306.61,8.711
2026-05-13T14:06:10.762805+00:00,gpu3_benchmark,3,ckpt_s8192_e4096,benchmark,131072,8192,4096,1,0,False,,,,,9.326
2026-05-13T14:06:20.089594+00:00,gpu3_benchmark,3,ckpt_s4096_e4096,correctness,2048,4096,4096,1,0,True,,,,,8.757
2026-05-13T14:06:28.847102+00:00,gpu3_benchmark,3,ckpt_s4096_e4096,benchmark,2048,4096,4096,1,0,True,3432.23,65.03,65.03,65.03,9.438
2026-05-13T14:06:28.847102+00:00,gpu3_benchmark,3,ckpt_s4096_e4096,benchmark,8192,4096,4096,1,0,True,4092.77,148.15,148.15,148.15,9.438
2026-05-13T14:06:28.847102+00:00,gpu3_benchmark,3,ckpt_s4096_e4096,benchmark,32768,4096,4096,1,0,True,6894.87,600.23,600.23,600.23,9.438
2026-05-13T14:06:38.286046+00:00,gpu3_benchmark,3,ckpt_s4096_e4096,benchmark,65536,4096,4096,1,0,True,11272.01,1315.21,1315.21,1315.21,8.762
2026-05-13T14:06:47.048479+00:00,gpu3_benchmark,3,ckpt_s4096_e4096,benchmark,131072,4096,4096,1,0,False,,,,,9.530
2026-05-13T14:06:56.578884+00:00,gpu3_benchmark,3,ckpt_s8192_e2048,correctness,2048,8192,2048,1,0,True,,,,,8.817
2026-05-13T14:07:05.396417+00:00,gpu3_benchmark,3,ckpt_s8192_e2048,benchmark,2048,8192,2048,1,0,True,3432.23,61.22,61.22,61.22,10.658
2026-05-13T14:07:05.396417+00:00,gpu3_benchmark,3,ckpt_s8192_e2048,benchmark,8192,8192,2048,1,0,True,4132.78,236.96,236.96,236.96,10.658
2026-05-13T14:07:05.396417+00:00,gpu3_benchmark,3,ckpt_s8192_e2048,benchmark,32768,8192,2048,1,0,True,6934.88,1064.01,1064.01,1064.01,10.658
2026-05-13T14:07:16.054930+00:00,gpu3_benchmark,3,ckpt_s8192_e2048,benchmark,65536,8192,2048,1,0,True,11272.01,2286.36,2286.36,2286.36,10.470
2026-05-13T14:07:26.524855+00:00,gpu3_benchmark,3,ckpt_s8192_e2048,benchmark,131072,8192,2048,1,0,False,,,,,6.613
2026-05-13T14:07:33.138887+00:00,gpu3_benchmark,3,ckpt_s4096_e2048,correctness,2048,4096,2048,1,0,True,,,,,8.952
2026-05-13T14:07:42.091648+00:00,gpu3_benchmark,3,ckpt_s4096_e2048,benchmark,2048,4096,2048,1,0,True,3432.23,62.54,62.54,62.54,10.358
2026-05-13T14:07:42.091648+00:00,gpu3_benchmark,3,ckpt_s4096_e2048,benchmark,8192,4096,2048,1,0,True,4132.78,253.22,253.22,253.22,10.358
2026-05-13T14:07:42.091648+00:00,gpu3_benchmark,3,ckpt_s4096_e2048,benchmark,32768,4096,2048,1,0,True,6934.88,1060.3,1060.3,1060.3,10.358
2026-05-13T14:07:52.449993+00:00,gpu3_benchmark,3,ckpt_s4096_e2048,benchmark,65536,4096,2048,1,0,True,11272.01,2300.47,2300.47,2300.47,10.320
2026-05-13T14:08:02.770673+00:00,gpu3_benchmark,3,ckpt_s4096_e2048,benchmark,131072,4096,2048,1,0,False,,,,,6.879
2026-05-13T14:08:09.649777+00:00,gpu3_benchmark,3,ckpt_s2048_e2048,correctness,2048,2048,2048,1,0,True,,,,,8.326
2026-05-13T14:08:17.976327+00:00,gpu3_benchmark,3,ckpt_s2048_e2048,benchmark,2048,2048,2048,1,0,True,3432.23,55.65,55.65,55.65,10.995
2026-05-13T14:08:17.976327+00:00,gpu3_benchmark,3,ckpt_s2048_e2048,benchmark,8192,2048,2048,1,0,True,4132.78,274.18,274.18,274.18,10.995
2026-05-13T14:08:17.976327+00:00,gpu3_benchmark,3,ckpt_s2048_e2048,benchmark,32768,2048,2048,1,0,True,6934.88,1082.77,1082.77,1082.77,10.995
2026-05-13T14:08:28.971598+00:00,gpu3_benchmark,3,ckpt_s2048_e2048,benchmark,65536,2048,2048,1,0,True,11272.01,2328.1,2328.1,2328.1,10.458
2026-05-13T14:08:39.430280+00:00,gpu3_benchmark,3,ckpt_s2048_e2048,benchmark,131072,2048,2048,1,0,False,,,,,6.875
2026-05-13T14:08:46.305745+00:00,gpu3_benchmark,3,ckpt_s4096_e1024,correctness,2048,4096,1024,1,0,True,,,,,8.734
2026-05-13T14:08:55.040521+00:00,gpu3_benchmark,3,ckpt_s4096_e1024,benchmark,2048,4096,1024,1,0,True,3453.26,226.09,226.09,226.09,12.717
2026-05-13T14:08:55.040521+00:00,gpu3_benchmark,3,ckpt_s4096_e1024,benchmark,8192,4096,1024,1,0,True,4153.79,444.32,444.32,444.32,12.717
2026-05-13T14:08:55.040521+00:00,gpu3_benchmark,3,ckpt_s4096_e1024,benchmark,32768,4096,1024,1,0,True,6955.88,1963.37,1963.37,1963.37,12.717
2026-05-13T14:09:07.757929+00:00,gpu3_benchmark,3,ckpt_s4096_e1024,benchmark,65536,4096,1024,1,0,True,11272.51,4302.87,4302.87,4302.87,14.383
2026-05-13T14:09:22.141508+00:00,gpu3_benchmark,3,ckpt_s4096_e1024,benchmark,131072,4096,1024,1,0,True,21314.76,10038.27,10038.27,10038.27,26.048
2026-05-13T14:09:48.189934+00:00,gpu3_benchmark,3,ckpt_s2048_e1024,correctness,2048,2048,1024,1,0,True,,,,,8.683
2026-05-13T14:09:56.873580+00:00,gpu3_benchmark,3,ckpt_s2048_e1024,benchmark,2048,2048,1024,1,0,True,3453.26,298.92,298.92,298.92,12.718
2026-05-13T14:09:56.873580+00:00,gpu3_benchmark,3,ckpt_s2048_e1024,benchmark,8192,2048,1024,1,0,True,4153.79,471.82,471.82,471.82,12.718
2026-05-13T14:09:56.873580+00:00,gpu3_benchmark,3,ckpt_s2048_e1024,benchmark,32768,2048,1024,1,0,True,6955.88,1967.47,1967.47,1967.47,12.718
2026-05-13T14:10:09.592389+00:00,gpu3_benchmark,3,ckpt_s2048_e1024,benchmark,65536,2048,1024,1,0,True,11272.51,4346.05,4346.05,4346.05,14.344
2026-05-13T14:10:23.936972+00:00,gpu3_benchmark,3,ckpt_s2048_e1024,benchmark,131072,2048,1024,1,0,False,,,,,16.771
2026-05-13T14:10:40.708872+00:00,gpu3_benchmark,3,ckpt_s1024_e1024,correctness,2048,1024,1024,1,0,True,,,,,8.352
2026-05-13T14:10:49.061604+00:00,gpu3_benchmark,3,ckpt_s1024_e1024,benchmark,2048,1024,1024,1,0,True,3452.26,107.51,107.51,107.51,12.959
2026-05-13T14:10:49.061604+00:00,gpu3_benchmark,3,ckpt_s1024_e1024,benchmark,8192,1024,1024,1,0,True,4152.79,464.37,464.37,464.37,12.959
2026-05-13T14:10:49.061604+00:00,gpu3_benchmark,3,ckpt_s1024_e1024,benchmark,32768,1024,1024,1,0,True,6954.88,1992.09,1992.09,1992.09,12.959
2026-05-13T14:11:02.021403+00:00,gpu3_benchmark,3,ckpt_s1024_e1024,benchmark,65536,1024,1024,1,0,True,11272.01,4421.46,4421.46,4421.46,14.912
2026-05-13T14:11:16.933236+00:00,gpu3_benchmark,3,ckpt_s1024_e1024,benchmark,131072,1024,1024,1,0,False,,,,,17.091
2026-05-13T14:11:34.024899+00:00,gpu3_benchmark,3,nocp_s8192_e8192,correctness,2048,8192,8192,0,0,True,,,,,8.322
2026-05-13T14:11:42.347394+00:00,gpu3_benchmark,3,nocp_s8192_e8192,benchmark,2048,8192,8192,0,0,True,3510.1,56.17,56.17,56.17,8.417
2026-05-13T14:11:42.347394+00:00,gpu3_benchmark,3,nocp_s8192_e8192,benchmark,8192,8192,8192,0,0,True,4300.63,101.75,101.75,101.75,8.417
2026-05-13T14:11:42.347394+00:00,gpu3_benchmark,3,nocp_s8192_e8192,benchmark,32768,8192,8192,0,0,True,9328.38,362.13,362.13,362.13,8.417
2026-05-13T14:11:50.764471+00:00,gpu3_benchmark,3,nocp_s8192_e8192,benchmark,65536,8192,8192,0,0,True,17416.01,779.44,779.44,779.44,6.727
2026-05-13T14:11:57.491531+00:00,gpu3_benchmark,3,nocp_s8192_e8192,benchmark,131072,8192,8192,0,0,False,,,,,5.203
2026-05-13T14:12:02.695435+00:00,gpu3_benchmark,3,nocp_s8192_e4096,correctness,2048,8192,4096,0,0,True,,,,,7.498
2026-05-13T14:12:10.193263+00:00,gpu3_benchmark,3,nocp_s8192_e4096,benchmark,2048,8192,4096,0,0,True,3510.1,57.17,57.17,57.17,8.885
2026-05-13T14:12:10.193263+00:00,gpu3_benchmark,3,nocp_s8192_e4096,benchmark,8192,8192,4096,0,0,True,4428.77,136.75,136.75,136.75,8.885
2026-05-13T14:12:10.193263+00:00,gpu3_benchmark,3,nocp_s8192_e4096,benchmark,32768,8192,4096,0,0,True,9328.38,569.85,569.85,569.85,8.885
2026-05-13T14:12:19.078759+00:00,gpu3_benchmark,3,nocp_s8192_e4096,benchmark,65536,8192,4096,0,0,True,17416.01,1254.59,1254.59,1254.59,7.907
2026-05-13T14:12:26.985947+00:00,gpu3_benchmark,3,nocp_s8192_e4096,benchmark,131072,8192,4096,0,0,False,,,,,5.310
2026-05-13T14:12:32.296525+00:00,gpu3_benchmark,3,nocp_s4096_e4096,correctness,2048,4096,4096,0,0,True,,,,,8.278
2026-05-13T14:12:40.574558+00:00,gpu3_benchmark,3,nocp_s4096_e4096,benchmark,2048,4096,4096,0,0,True,3510.1,57.01,57.01,57.01,8.445
2026-05-13T14:12:40.574558+00:00,gpu3_benchmark,3,nocp_s4096_e4096,benchmark,8192,4096,4096,0,0,True,4428.77,130.81,130.81,130.81,8.445
2026-05-13T14:12:40.574558+00:00,gpu3_benchmark,3,nocp_s4096_e4096,benchmark,32768,4096,4096,0,0,True,9328.38,573.32,573.32,573.32,8.445
2026-05-13T14:12:49.019943+00:00,gpu3_benchmark,3,nocp_s4096_e4096,benchmark,65536,4096,4096,0,0,True,17416.01,1276.37,1276.37,1276.37,7.900
2026-05-13T14:12:56.920131+00:00,gpu3_benchmark,3,nocp_s4096_e4096,benchmark,131072,4096,4096,0,0,False,,,,,5.727
2026-05-13T14:13:02.647792+00:00,gpu3_benchmark,3,nocp_s4096_e2048,correctness,2048,4096,2048,0,0,True,,,,,7.991
2026-05-13T14:13:10.639324+00:00,gpu3_benchmark,3,nocp_s4096_e2048,benchmark,2048,4096,2048,0,0,True,3510.1,54.55,54.55,54.55,10.245
2026-05-13T14:13:10.639324+00:00,gpu3_benchmark,3,nocp_s4096_e2048,benchmark,8192,4096,2048,0,0,True,4525.78,229.82,229.82,229.82,10.245
2026-05-13T14:13:10.639324+00:00,gpu3_benchmark,3,nocp_s4096_e2048,benchmark,32768,4096,2048,0,0,True,9474.26,999.02,999.02,999.02,10.245
2026-05-13T14:13:20.884575+00:00,gpu3_benchmark,3,nocp_s4096_e2048,benchmark,65536,4096,2048,0,0,True,17708.01,2191.78,2191.78,2191.78,9.445
2026-05-13T14:13:30.329847+00:00,gpu3_benchmark,3,nocp_s4096_e2048,benchmark,131072,4096,2048,0,0,False,,,,,5.577
2026-05-13T14:13:35.907780+00:00,gpu3_benchmark,3,nocp_s2048_e2048,correctness,2048,2048,2048,0,0,True,,,,,7.763
2026-05-13T14:13:43.671569+00:00,gpu3_benchmark,3,nocp_s2048_e2048,benchmark,2048,2048,2048,0,0,True,3510.1,54.29,54.29,54.29,9.826
2026-05-13T14:13:43.671569+00:00,gpu3_benchmark,3,nocp_s2048_e2048,benchmark,8192,2048,2048,0,0,True,4526.78,227.27,227.27,227.27,9.826
2026-05-13T14:13:43.671569+00:00,gpu3_benchmark,3,nocp_s2048_e2048,benchmark,32768,2048,2048,0,0,True,9476.26,1003.34,1003.34,1003.34,9.826
2026-05-13T14:13:53.498010+00:00,gpu3_benchmark,3,nocp_s2048_e2048,benchmark,65536,2048,2048,0,0,True,17708.01,2211.59,2211.59,2211.59,9.584
2026-05-13T14:14:03.082781+00:00,gpu3_benchmark,3,nocp_s2048_e2048,benchmark,131072,2048,2048,0,0,False,,,,,5.874
2026-05-13T14:14:08.957586+00:00,gpu3_benchmark,3,ckpt_s8192_e8192,correctness,2048,8192,8192,1,0,True,,,,,9.188
2026-05-13T14:14:18.146432+00:00,gpu3_benchmark,3,ckpt_s8192_e8192,benchmark,2048,8192,8192,1,0,True,3432.23,62.27,62.27,62.27,8.880
2026-05-13T14:14:18.146432+00:00,gpu3_benchmark,3,ckpt_s8192_e8192,benchmark,8192,8192,8192,1,0,True,4012.63,90.1,90.1,90.1,8.880
2026-05-13T14:14:18.146432+00:00,gpu3_benchmark,3,ckpt_s8192_e8192,benchmark,32768,8192,8192,1,0,True,6814.85,423.37,423.37,423.37,8.880
2026-05-13T14:14:27.027060+00:00,gpu3_benchmark,3,ckpt_s8192_e8192,benchmark,65536,8192,8192,1,0,True,11272.01,833.22,833.22,833.22,8.041
2026-05-13T14:14:35.068541+00:00,gpu3_benchmark,3,ckpt_s8192_e8192,benchmark,131072,8192,8192,1,0,True,21303.26,1754.01,1754.01,1754.01,9.582
2026-05-13T14:14:44.651068+00:00,gpu3_benchmark,3,ckpt_s16384_e4096,correctness,2048,16384,4096,1,0,True,,,,,8.914
2026-05-13T14:14:53.565501+00:00,gpu3_benchmark,3,ckpt_s16384_e4096,benchmark,2048,16384,4096,1,0,True,3432.23,66.98,66.98,66.98,9.950
2026-05-13T14:14:53.565501+00:00,gpu3_benchmark,3,ckpt_s16384_e4096,benchmark,8192,16384,4096,1,0,True,4092.77,141.72,141.72,141.72,9.950
2026-05-13T14:14:53.565501+00:00,gpu3_benchmark,3,ckpt_s16384_e4096,benchmark,32768,16384,4096,1,0,True,6894.87,613.37,613.37,613.37,9.950
2026-05-13T14:15:03.516366+00:00,gpu3_benchmark,3,ckpt_s16384_e4096,benchmark,65536,16384,4096,1,0,True,11272.01,1258.85,1258.85,1258.85,8.639
2026-05-13T14:15:12.155597+00:00,gpu3_benchmark,3,ckpt_s16384_e4096,benchmark,131072,16384,4096,1,0,False,,,,,9.250
2026-05-13T14:15:21.406576+00:00,gpu3_benchmark,3,ckpt_s8192_e4096,correctness,2048,8192,4096,1,0,True,,,,,8.522
2026-05-13T14:15:29.928491+00:00,gpu3_benchmark,3,ckpt_s8192_e4096,benchmark,2048,8192,4096,1,0,True,3432.23,52.99,52.99,52.99,9.761
2026-05-13T14:15:29.928491+00:00,gpu3_benchmark,3,ckpt_s8192_e4096,benchmark,8192,8192,4096,1,0,True,4092.77,127.13,127.13,127.13,9.761
2026-05-13T14:15:29.928491+00:00,gpu3_benchmark,3,ckpt_s8192_e4096,benchmark,32768,8192,4096,1,0,True,6894.87,541.99,541.99,541.99,9.761
2026-05-13T14:15:39.689359+00:00,gpu3_benchmark,3,ckpt_s8192_e4096,benchmark,65536,8192,4096,1,0,True,11272.01,1188.14,1188.14,1188.14,7.593
2026-05-13T14:15:47.282867+00:00,gpu3_benchmark,3,ckpt_s8192_e4096,benchmark,131072,8192,4096,1,0,False,,,,,8.609
2026-05-13T14:15:55.892888+00:00,gpu3_benchmark,3,ckpt_s4096_e4096,correctness,2048,4096,4096,1,0,True,,,,,8.377
2026-05-13T14:16:04.270695+00:00,gpu3_benchmark,3,ckpt_s4096_e4096,benchmark,2048,4096,4096,1,0,True,3432.23,60.29,60.29,60.29,9.736
2026-05-13T14:16:04.270695+00:00,gpu3_benchmark,3,ckpt_s4096_e4096,benchmark,8192,4096,4096,1,0,True,4092.77,144.49,144.49,144.49,9.736
2026-05-13T14:16:04.270695+00:00,gpu3_benchmark,3,ckpt_s4096_e4096,benchmark,32768,4096,4096,1,0,True,6894.87,601.61,601.61,601.61,9.736
2026-05-13T14:16:14.007529+00:00,gpu3_benchmark,3,ckpt_s4096_e4096,benchmark,65536,4096,4096,1,0,True,11272.01,1323.92,1323.92,1323.92,8.374
2026-05-13T14:16:22.382258+00:00,gpu3_benchmark,3,ckpt_s4096_e4096,benchmark,131072,4096,4096,1,0,False,,,,,9.252
2026-05-13T14:16:31.634598+00:00,gpu3_benchmark,3,ckpt_s8192_e2048,correctness,2048,8192,2048,1,0,True,,,,,8.879
2026-05-13T14:16:40.514065+00:00,gpu3_benchmark,3,ckpt_s8192_e2048,benchmark,2048,8192,2048,1,0,True,3432.23,60.71,60.71,60.71,10.772
2026-05-13T14:16:40.514065+00:00,gpu3_benchmark,3,ckpt_s8192_e2048,benchmark,8192,8192,2048,1,0,True,4132.78,249.17,249.17,249.17,10.772
2026-05-13T14:16:40.514065+00:00,gpu3_benchmark,3,ckpt_s8192_e2048,benchmark,32768,8192,2048,1,0,True,6934.88,1060.25,1060.25,1060.25,10.772
2026-05-13T14:16:51.286633+00:00,gpu3_benchmark,3,ckpt_s8192_e2048,benchmark,65536,8192,2048,1,0,True,11272.01,2287.07,2287.07,2287.07,10.794
2026-05-13T14:17:02.080971+00:00,gpu3_benchmark,3,ckpt_s8192_e2048,benchmark,131072,8192,2048,1,0,False,,,,,6.410
2026-05-13T14:17:08.491081+00:00,gpu3_benchmark,3,ckpt_s4096_e2048,correctness,2048,4096,2048,1,0,True,,,,,8.545
2026-05-13T14:17:17.036529+00:00,gpu3_benchmark,3,ckpt_s4096_e2048,benchmark,2048,4096,2048,1,0,True,3432.23,63.17,63.17,63.17,10.729
2026-05-13T14:17:17.036529+00:00,gpu3_benchmark,3,ckpt_s4096_e2048,benchmark,8192,4096,2048,1,0,True,4132.78,241.09,241.09,241.09,10.729
2026-05-13T14:17:17.036529+00:00,gpu3_benchmark,3,ckpt_s4096_e2048,benchmark,32768,4096,2048,1,0,True,6934.88,1052.33,1052.33,1052.33,10.729
2026-05-13T14:17:27.765651+00:00,gpu3_benchmark,3,ckpt_s4096_e2048,benchmark,65536,4096,2048,1,0,True,11272.01,2315.14,2315.14,2315.14,10.291
2026-05-13T14:17:38.056584+00:00,gpu3_benchmark,3,ckpt_s4096_e2048,benchmark,131072,4096,2048,1,0,False,,,,,6.501
2026-05-13T14:17:44.558364+00:00,gpu3_benchmark,3,ckpt_s2048_e2048,correctness,2048,2048,2048,1,0,True,,,,,8.276
2026-05-13T14:17:52.834220+00:00,gpu3_benchmark,3,ckpt_s2048_e2048,benchmark,2048,2048,2048,1,0,True,3432.23,58.12,58.12,58.12,10.669
2026-05-13T14:17:52.834220+00:00,gpu3_benchmark,3,ckpt_s2048_e2048,benchmark,8192,2048,2048,1,0,True,4132.78,246.53,246.53,246.53,10.669
2026-05-13T14:17:52.834220+00:00,gpu3_benchmark,3,ckpt_s2048_e2048,benchmark,32768,2048,2048,1,0,True,6934.88,1053.49,1053.49,1053.49,10.669
2026-05-13T14:18:03.504007+00:00,gpu3_benchmark,3,ckpt_s2048_e2048,benchmark,65536,2048,2048,1,0,True,11272.01,2305.38,2305.38,2305.38,10.745
2026-05-13T14:18:14.249494+00:00,gpu3_benchmark,3,ckpt_s2048_e2048,benchmark,131072,2048,2048,1,0,False,,,,,6.601
2026-05-13T14:18:20.850617+00:00,gpu3_benchmark,3,ckpt_s4096_e1024,correctness,2048,4096,1024,1,0,True,,,,,8.265
2026-05-13T14:18:29.116202+00:00,gpu3_benchmark,3,ckpt_s4096_e1024,benchmark,2048,4096,1024,1,0,True,3453.26,369.05,369.05,369.05,13.559
2026-05-13T14:18:29.116202+00:00,gpu3_benchmark,3,ckpt_s4096_e1024,benchmark,8192,4096,1024,1,0,True,4153.79,464.9,464.9,464.9,13.559
2026-05-13T14:18:29.116202+00:00,gpu3_benchmark,3,ckpt_s4096_e1024,benchmark,32768,4096,1024,1,0,True,6955.88,1951.58,1951.58,1951.58,13.559
2026-05-13T14:18:42.675739+00:00,gpu3_benchmark,3,ckpt_s4096_e1024,benchmark,65536,4096,1024,1,0,True,11272.51,4266.75,4266.75,4266.75,14.907
2026-05-13T14:18:57.583350+00:00,gpu3_benchmark,3,ckpt_s4096_e1024,benchmark,131072,4096,1024,1,0,True,21314.76,10119.12,10119.12,10119.12,26.092
2026-05-13T14:19:23.675641+00:00,gpu3_benchmark,3,ckpt_s2048_e1024,correctness,2048,2048,1024,1,0,True,,,,,8.661
2026-05-13T14:19:32.337288+00:00,gpu3_benchmark,3,ckpt_s2048_e1024,benchmark,2048,2048,1024,1,0,True,3453.26,289.68,289.68,289.68,12.763
2026-05-13T14:19:32.337288+00:00,gpu3_benchmark,3,ckpt_s2048_e1024,benchmark,8192,2048,1024,1,0,True,4153.79,442.05,442.05,442.05,12.763
2026-05-13T14:19:32.337288+00:00,gpu3_benchmark,3,ckpt_s2048_e1024,benchmark,32768,2048,1024,1,0,True,6955.88,1942.04,1942.04,1942.04,12.763
2026-05-13T14:19:45.100748+00:00,gpu3_benchmark,3,ckpt_s2048_e1024,benchmark,65536,2048,1024,1,0,True,11272.51,4278.02,4278.02,4278.02,14.399
2026-05-13T14:19:59.499712+00:00,gpu3_benchmark,3,ckpt_s2048_e1024,benchmark,131072,2048,1024,1,0,False,,,,,17.450
2026-05-13T14:20:16.950456+00:00,gpu3_benchmark,3,ckpt_s1024_e1024,correctness,2048,1024,1024,1,0,True,,,,,8.194
2026-05-13T14:20:25.144546+00:00,gpu3_benchmark,3,ckpt_s1024_e1024,benchmark,2048,1024,1024,1,0,True,3452.26,111.37,111.37,111.37,13.097
2026-05-13T14:20:25.144546+00:00,gpu3_benchmark,3,ckpt_s1024_e1024,benchmark,8192,1024,1024,1,0,True,4152.79,460.7,460.7,460.7,13.097
2026-05-13T14:20:25.144546+00:00,gpu3_benchmark,3,ckpt_s1024_e1024,benchmark,32768,1024,1024,1,0,True,6954.88,1976.98,1976.98,1976.98,13.097
2026-05-13T14:20:38.242372+00:00,gpu3_benchmark,3,ckpt_s1024_e1024,benchmark,65536,1024,1024,1,0,True,11272.01,4336.36,4336.36,4336.36,14.669
2026-05-13T14:20:52.911362+00:00,gpu3_benchmark,3,ckpt_s1024_e1024,benchmark,131072,1024,1024,1,0,False,,,,,17.512
2026-05-13T14:21:10.424160+00:00,gpu3_benchmark,3,nocp_s8192_e8192,correctness,2048,8192,8192,0,0,True,,,,,7.735
2026-05-13T14:21:18.159643+00:00,gpu3_benchmark,3,nocp_s8192_e8192,benchmark,2048,8192,8192,0,0,True,3510.1,54.41,54.41,54.41,8.477
2026-05-13T14:21:18.159643+00:00,gpu3_benchmark,3,nocp_s8192_e8192,benchmark,8192,8192,8192,0,0,True,4300.63,83.59,83.59,83.59,8.477
2026-05-13T14:21:18.159643+00:00,gpu3_benchmark,3,nocp_s8192_e8192,benchmark,32768,8192,8192,0,0,True,9328.38,363.64,363.64,363.64,8.477
2026-05-13T14:21:26.637118+00:00,gpu3_benchmark,3,nocp_s8192_e8192,benchmark,65536,8192,8192,0,0,True,17416.01,782.3,782.3,782.3,7.299
2026-05-13T14:21:33.936966+00:00,gpu3_benchmark,3,nocp_s8192_e8192,benchmark,131072,8192,8192,0,0,False,,,,,5.595
2026-05-13T14:21:39.531983+00:00,gpu3_benchmark,3,nocp_s8192_e4096,correctness,2048,8192,4096,0,0,True,,,,,7.754
2026-05-13T14:21:47.286338+00:00,gpu3_benchmark,3,nocp_s8192_e4096,benchmark,2048,8192,4096,0,0,True,3510.1,58.84,58.84,58.84,8.689
2026-05-13T14:21:47.286338+00:00,gpu3_benchmark,3,nocp_s8192_e4096,benchmark,8192,8192,4096,0,0,True,4428.77,137.57,137.57,137.57,8.689
2026-05-13T14:21:47.286338+00:00,gpu3_benchmark,3,nocp_s8192_e4096,benchmark,32768,8192,4096,0,0,True,9328.38,571.58,571.58,571.58,8.689
2026-05-13T14:21:55.975383+00:00,gpu3_benchmark,3,nocp_s8192_e4096,benchmark,65536,8192,4096,0,0,True,17416.01,1252.62,1252.62,1252.62,7.918
2026-05-13T14:22:03.893982+00:00,gpu3_benchmark,3,nocp_s8192_e4096,benchmark,131072,8192,4096,0,0,False,,,,,5.943
2026-05-13T14:22:09.837480+00:00,gpu3_benchmark,3,nocp_s4096_e4096,correctness,2048,4096,4096,0,0,True,,,,,7.440
2026-05-13T14:22:17.278052+00:00,gpu3_benchmark,3,nocp_s4096_e4096,benchmark,2048,4096,4096,0,0,True,3510.1,54.62,54.62,54.62,8.343
2026-05-13T14:22:17.278052+00:00,gpu3_benchmark,3,nocp_s4096_e4096,benchmark,8192,4096,4096,0,0,True,4428.77,129.05,129.05,129.05,8.343
2026-05-13T14:22:17.278052+00:00,gpu3_benchmark,3,nocp_s4096_e4096,benchmark,32768,4096,4096,0,0,True,9328.38,573.68,573.68,573.68,8.343
2026-05-13T14:22:25.621322+00:00,gpu3_benchmark,3,nocp_s4096_e4096,benchmark,65536,4096,4096,0,0,True,17416.01,1264.73,1264.73,1264.73,7.837
2026-05-13T14:22:33.458336+00:00,gpu3_benchmark,3,nocp_s4096_e4096,benchmark,131072,4096,4096,0,0,False,,,,,5.769
2026-05-13T14:22:39.228140+00:00,gpu3_benchmark,3,nocp_s4096_e2048,correctness,2048,4096,2048,0,0,True,,,,,7.714
2026-05-13T14:22:46.942294+00:00,gpu3_benchmark,3,nocp_s4096_e2048,benchmark,2048,4096,2048,0,0,True,3510.1,57.57,57.57,57.57,9.829
2026-05-13T14:22:46.942294+00:00,gpu3_benchmark,3,nocp_s4096_e2048,benchmark,8192,4096,2048,0,0,True,4525.78,230.2,230.2,230.2,9.829
2026-05-13T14:22:46.942294+00:00,gpu3_benchmark,3,nocp_s4096_e2048,benchmark,32768,4096,2048,0,0,True,9474.26,1014.47,1014.47,1014.47,9.829
2026-05-13T14:22:56.771367+00:00,gpu3_benchmark,3,nocp_s4096_e2048,benchmark,65536,4096,2048,0,0,True,17708.01,2163.99,2163.99,2163.99,9.287
2026-05-13T14:23:06.058520+00:00,gpu3_benchmark,3,nocp_s4096_e2048,benchmark,131072,4096,2048,0,0,False,,,,,5.683
2026-05-13T14:23:11.742499+00:00,gpu3_benchmark,3,nocp_s2048_e2048,correctness,2048,2048,2048,0,0,True,,,,,7.656
2026-05-13T14:23:19.398426+00:00,gpu3_benchmark,3,nocp_s2048_e2048,benchmark,2048,2048,2048,0,0,True,3510.1,58.12,58.12,58.12,10.133
2026-05-13T14:23:19.398426+00:00,gpu3_benchmark,3,nocp_s2048_e2048,benchmark,8192,2048,2048,0,0,True,4526.78,231.27,231.27,231.27,10.133
2026-05-13T14:23:19.398426+00:00,gpu3_benchmark,3,nocp_s2048_e2048,benchmark,32768,2048,2048,0,0,True,9476.26,1014.92,1014.92,1014.92,10.133
2026-05-13T14:23:29.531657+00:00,gpu3_benchmark,3,nocp_s2048_e2048,benchmark,65536,2048,2048,0,0,True,17708.01,2212.85,2212.85,2212.85,9.898
2026-05-13T14:23:39.429879+00:00,gpu3_benchmark,3,nocp_s2048_e2048,benchmark,131072,2048,2048,0,0,False,,,,,5.731
2026-05-13T14:23:45.161634+00:00,gpu3_benchmark,3,ckpt_s8192_e8192,correctness,2048,8192,8192,1,0,True,,,,,8.808
2026-05-13T14:23:53.969655+00:00,gpu3_benchmark,3,ckpt_s8192_e8192,benchmark,2048,8192,8192,1,0,True,3432.23,62.51,62.51,62.51,8.884
2026-05-13T14:23:53.969655+00:00,gpu3_benchmark,3,ckpt_s8192_e8192,benchmark,8192,8192,8192,1,0,True,4012.63,88.53,88.53,88.53,8.884
2026-05-13T14:23:53.969655+00:00,gpu3_benchmark,3,ckpt_s8192_e8192,benchmark,32768,8192,8192,1,0,True,6814.85,387.6,387.6,387.6,8.884
2026-05-13T14:24:02.854442+00:00,gpu3_benchmark,3,ckpt_s8192_e8192,benchmark,65536,8192,8192,1,0,True,11272.01,841.26,841.26,841.26,7.188
2026-05-13T14:24:10.042813+00:00,gpu3_benchmark,3,ckpt_s8192_e8192,benchmark,131072,8192,8192,1,0,True,21303.26,1882.2,1882.2,1882.2,9.684
2026-05-13T14:24:19.727683+00:00,gpu3_benchmark,3,ckpt_s16384_e4096,correctness,2048,16384,4096,1,0,True,,,,,8.460
2026-05-13T14:24:28.187714+00:00,gpu3_benchmark,3,ckpt_s16384_e4096,benchmark,2048,16384,4096,1,0,True,3432.23,74.58,74.58,74.58,9.684
2026-05-13T14:24:28.187714+00:00,gpu3_benchmark,3,ckpt_s16384_e4096,benchmark,8192,16384,4096,1,0,True,4092.77,139.44,139.44,139.44,9.684
2026-05-13T14:24:28.187714+00:00,gpu3_benchmark,3,ckpt_s16384_e4096,benchmark,32768,16384,4096,1,0,True,6894.87,640.8,640.8,640.8,9.684
2026-05-13T14:24:37.872129+00:00,gpu3_benchmark,3,ckpt_s16384_e4096,benchmark,65536,16384,4096,1,0,True,11272.01,1292.72,1292.72,1292.72,8.672
2026-05-13T14:24:46.544146+00:00,gpu3_benchmark,3,ckpt_s16384_e4096,benchmark,131072,16384,4096,1,0,False,,,,,9.703
2026-05-13T14:24:56.247998+00:00,gpu3_benchmark,3,ckpt_s8192_e4096,correctness,2048,8192,4096,1,0,True,,,,,9.158
2026-05-13T14:25:05.406668+00:00,gpu3_benchmark,3,ckpt_s8192_e4096,benchmark,2048,8192,4096,1,0,True,3432.23,62.49,62.49,62.49,9.989
2026-05-13T14:25:05.406668+00:00,gpu3_benchmark,3,ckpt_s8192_e4096,benchmark,8192,8192,4096,1,0,True,4092.77,144.63,144.63,144.63,9.989
2026-05-13T14:25:05.406668+00:00,gpu3_benchmark,3,ckpt_s8192_e4096,benchmark,32768,8192,4096,1,0,True,6894.87,596.67,596.67,596.67,9.989
2026-05-13T14:25:15.396037+00:00,gpu3_benchmark,3,ckpt_s8192_e4096,benchmark,65536,8192,4096,1,0,True,11272.01,1306.51,1306.51,1306.51,8.741
2026-05-13T14:25:24.137652+00:00,gpu3_benchmark,3,ckpt_s8192_e4096,benchmark,131072,8192,4096,1,0,False,,,,,8.586
2026-05-13T14:25:32.724629+00:00,gpu3_benchmark,3,ckpt_s4096_e4096,correctness,2048,4096,4096,1,0,True,,,,,8.382
2026-05-13T14:25:41.107211+00:00,gpu3_benchmark,3,ckpt_s4096_e4096,benchmark,2048,4096,4096,1,0,True,3432.23,51.16,51.16,51.16,8.977
2026-05-13T14:25:41.107211+00:00,gpu3_benchmark,3,ckpt_s4096_e4096,benchmark,8192,4096,4096,1,0,True,4092.77,123.72,123.72,123.72,8.977
2026-05-13T14:25:41.107211+00:00,gpu3_benchmark,3,ckpt_s4096_e4096,benchmark,32768,4096,4096,1,0,True,6894.87,600.94,600.94,600.94,8.977
2026-05-13T14:25:50.084520+00:00,gpu3_benchmark,3,ckpt_s4096_e4096,benchmark,65536,4096,4096,1,0,True,11272.01,1304.14,1304.14,1304.14,8.191
2026-05-13T14:25:58.275538+00:00,gpu3_benchmark,3,ckpt_s4096_e4096,benchmark,131072,4096,4096,1,0,False,,,,,9.637
2026-05-13T14:26:07.913049+00:00,gpu3_benchmark,3,ckpt_s8192_e2048,correctness,2048,8192,2048,1,0,True,,,,,9.523
2026-05-13T14:26:17.436226+00:00,gpu3_benchmark,3,ckpt_s8192_e2048,benchmark,2048,8192,2048,1,0,True,3432.23,52.14,52.14,52.14,10.659
2026-05-13T14:26:17.436226+00:00,gpu3_benchmark,3,ckpt_s8192_e2048,benchmark,8192,8192,2048,1,0,True,4132.78,238.03,238.03,238.03,10.659
2026-05-13T14:26:17.436226+00:00,gpu3_benchmark,3,ckpt_s8192_e2048,benchmark,32768,8192,2048,1,0,True,6934.88,1031.51,1031.51,1031.51,10.659
2026-05-13T14:26:28.095625+00:00,gpu3_benchmark,3,ckpt_s8192_e2048,benchmark,65536,8192,2048,1,0,True,11272.01,2255.69,2255.69,2255.69,10.934
2026-05-13T14:26:39.030423+00:00,gpu3_benchmark,3,ckpt_s8192_e2048,benchmark,131072,8192,2048,1,0,False,,,,,6.655
2026-05-13T14:26:45.686464+00:00,gpu3_benchmark,3,ckpt_s4096_e2048,correctness,2048,4096,2048,1,0,True,,,,,8.352
2026-05-13T14:26:54.038439+00:00,gpu3_benchmark,3,ckpt_s4096_e2048,benchmark,2048,4096,2048,1,0,True,3432.23,54.17,54.17,54.17,9.981
2026-05-13T14:26:54.038439+00:00,gpu3_benchmark,3,ckpt_s4096_e2048,benchmark,8192,4096,2048,1,0,True,4132.78,220.91,220.91,220.91,9.981
2026-05-13T14:26:54.038439+00:00,gpu3_benchmark,3,ckpt_s4096_e2048,benchmark,32768,4096,2048,1,0,True,6934.88,956.84,956.84,956.84,9.981
2026-05-13T14:27:04.020340+00:00,gpu3_benchmark,3,ckpt_s4096_e2048,benchmark,65536,4096,2048,1,0,True,11272.01,2017.75,2017.75,2017.75,10.074
2026-05-13T14:27:14.095146+00:00,gpu3_benchmark,3,ckpt_s4096_e2048,benchmark,131072,4096,2048,1,0,False,,,,,6.511
2026-05-13T14:27:20.606299+00:00,gpu3_benchmark,3,ckpt_s2048_e2048,correctness,2048,2048,2048,1,0,True,,,,,8.817
2026-05-13T14:27:29.423272+00:00,gpu3_benchmark,3,ckpt_s2048_e2048,benchmark,2048,2048,2048,1,0,True,3432.23,62.81,62.81,62.81,11.238
2026-05-13T14:27:29.423272+00:00,gpu3_benchmark,3,ckpt_s2048_e2048,benchmark,8192,2048,2048,1,0,True,4132.78,240.47,240.47,240.47,11.238
2026-05-13T14:27:29.423272+00:00,gpu3_benchmark,3,ckpt_s2048_e2048,benchmark,32768,2048,2048,1,0,True,6934.88,1056.99,1056.99,1056.99,11.238
2026-05-13T14:27:40.661297+00:00,gpu3_benchmark,3,ckpt_s2048_e2048,benchmark,65536,2048,2048,1,0,True,11272.01,2363.7,2363.7,2363.7,10.934
2026-05-13T14:27:51.595883+00:00,gpu3_benchmark,3,ckpt_s2048_e2048,benchmark,131072,2048,2048,1,0,False,,,,,6.462
2026-05-13T14:27:58.058780+00:00,gpu3_benchmark,3,ckpt_s4096_e1024,correctness,2048,4096,1024,1,0,True,,,,,9.249
2026-05-13T14:28:07.308037+00:00,gpu3_benchmark,3,ckpt_s4096_e1024,benchmark,2048,4096,1024,1,0,True,3453.26,285.86,285.86,285.86,13.152
2026-05-13T14:28:07.308037+00:00,gpu3_benchmark,3,ckpt_s4096_e1024,benchmark,8192,4096,1024,1,0,True,4153.79,449.84,449.84,449.84,13.152
2026-05-13T14:28:07.308037+00:00,gpu3_benchmark,3,ckpt_s4096_e1024,benchmark,32768,4096,1024,1,0,True,6955.88,1973.8,1973.8,1973.8,13.152
2026-05-13T14:28:20.460864+00:00,gpu3_benchmark,3,ckpt_s4096_e1024,benchmark,65536,4096,1024,1,0,True,11272.51,4302.01,4302.01,4302.01,14.132
2026-05-13T14:28:34.592753+00:00,gpu3_benchmark,3,ckpt_s4096_e1024,benchmark,131072,4096,1024,1,0,True,21314.76,10061.09,10061.09,10061.09,25.915
2026-05-13T14:29:00.508392+00:00,gpu3_benchmark,3,ckpt_s2048_e1024,correctness,2048,2048,1024,1,0,True,,,,,8.412
2026-05-13T14:29:08.920395+00:00,gpu3_benchmark,3,ckpt_s2048_e1024,benchmark,2048,2048,1024,1,0,True,3453.26,208.28,208.28,208.28,12.749
2026-05-13T14:29:08.920395+00:00,gpu3_benchmark,3,ckpt_s2048_e1024,benchmark,8192,2048,1024,1,0,True,4153.79,460.1,460.1,460.1,12.749
2026-05-13T14:29:08.920395+00:00,gpu3_benchmark,3,ckpt_s2048_e1024,benchmark,32768,2048,1024,1,0,True,6955.88,1937.63,1937.63,1937.63,12.749
2026-05-13T14:29:21.669383+00:00,gpu3_benchmark,3,ckpt_s2048_e1024,benchmark,65536,2048,1024,1,0,True,11272.51,4347.17,4347.17,4347.17,14.938
2026-05-13T14:29:36.607413+00:00,gpu3_benchmark,3,ckpt_s2048_e1024,benchmark,131072,2048,1024,1,0,False,,,,,16.930
2026-05-13T14:29:53.537913+00:00,gpu3_benchmark,3,ckpt_s1024_e1024,correctness,2048,1024,1024,1,0,True,,,,,7.960
2026-05-13T14:30:01.498553+00:00,gpu3_benchmark,3,ckpt_s1024_e1024,benchmark,2048,1024,1024,1,0,True,3452.26,114.02,114.02,114.02,12.126
2026-05-13T14:30:01.498553+00:00,gpu3_benchmark,3,ckpt_s1024_e1024,benchmark,8192,1024,1024,1,0,True,4152.79,452.52,452.52,452.52,12.126
2026-05-13T14:30:01.498553+00:00,gpu3_benchmark,3,ckpt_s1024_e1024,benchmark,32768,1024,1024,1,0,True,6954.88,2063.39,2063.39,2063.39,12.126
2026-05-13T14:30:13.625163+00:00,gpu3_benchmark,3,ckpt_s1024_e1024,benchmark,65536,1024,1024,1,0,True,11272.01,4347.61,4347.61,4347.61,14.623
2026-05-13T14:30:28.248306+00:00,gpu3_benchmark,3,ckpt_s1024_e1024,benchmark,131072,1024,1024,1,0,False,,,,,17.284
2026-05-13T14:30:45.532427+00:00,gpu3_benchmark,3,nocp_s8192_e8192,correctness,2048,8192,8192,0,0,True,,,,,7.771
2026-05-13T14:30:53.304101+00:00,gpu3_benchmark,3,nocp_s8192_e8192,benchmark,2048,8192,8192,0,0,True,3510.1,56.76,56.76,56.76,7.729
2026-05-13T14:30:53.304101+00:00,gpu3_benchmark,3,nocp_s8192_e8192,benchmark,8192,8192,8192,0,0,True,4300.63,82.57,82.57,82.57,7.729
2026-05-13T14:30:53.304101+00:00,gpu3_benchmark,3,nocp_s8192_e8192,benchmark,32768,8192,8192,0,0,True,9328.38,364.33,364.33,364.33,7.729
2026-05-13T14:31:01.033320+00:00,gpu3_benchmark,3,nocp_s8192_e8192,benchmark,65536,8192,8192,0,0,True,17416.01,778.98,778.98,778.98,7.266
2026-05-13T14:31:08.299770+00:00,gpu3_benchmark,3,nocp_s8192_e8192,benchmark,131072,8192,8192,0,0,False,,,,,5.670
2026-05-13T14:31:13.970815+00:00,gpu3_benchmark,3,nocp_s8192_e4096,correctness,2048,8192,4096,0,0,True,,,,,7.253
2026-05-13T14:31:21.224410+00:00,gpu3_benchmark,3,nocp_s8192_e4096,benchmark,2048,8192,4096,0,0,True,3510.1,56.35,56.35,56.35,8.373
2026-05-13T14:31:21.224410+00:00,gpu3_benchmark,3,nocp_s8192_e4096,benchmark,8192,8192,4096,0,0,True,4428.77,130.56,130.56,130.56,8.373
2026-05-13T14:31:21.224410+00:00,gpu3_benchmark,3,nocp_s8192_e4096,benchmark,32768,8192,4096,0,0,True,9328.38,570.62,570.62,570.62,8.373
2026-05-13T14:31:29.597349+00:00,gpu3_benchmark,3,nocp_s8192_e4096,benchmark,65536,8192,4096,0,0,True,17416.01,1251.24,1251.24,1251.24,7.580
2026-05-13T14:31:37.177594+00:00,gpu3_benchmark,3,nocp_s8192_e4096,benchmark,131072,8192,4096,0,0,False,,,,,5.741
2026-05-13T14:31:42.919246+00:00,gpu3_benchmark,3,nocp_s4096_e4096,correctness,2048,4096,4096,0,0,True,,,,,7.665
2026-05-13T14:31:50.584730+00:00,gpu3_benchmark,3,nocp_s4096_e4096,benchmark,2048,4096,4096,0,0,True,3510.1,57.31,57.31,57.31,8.509
2026-05-13T14:31:50.584730+00:00,gpu3_benchmark,3,nocp_s4096_e4096,benchmark,8192,4096,4096,0,0,True,4428.77,139.56,139.56,139.56,8.509
2026-05-13T14:31:50.584730+00:00,gpu3_benchmark,3,nocp_s4096_e4096,benchmark,32768,4096,4096,0,0,True,9328.38,574.73,574.73,574.73,8.509
2026-05-13T14:31:59.094046+00:00,gpu3_benchmark,3,nocp_s4096_e4096,benchmark,65536,4096,4096,0,0,True,17416.01,1269.73,1269.73,1269.73,8.055
2026-05-13T14:32:07.149525+00:00,gpu3_benchmark,3,nocp_s4096_e4096,benchmark,131072,4096,4096,0,0,False,,,,,5.195
2026-05-13T14:32:12.344768+00:00,gpu3_benchmark,3,nocp_s4096_e2048,correctness,2048,4096,2048,0,0,True,,,,,7.922
2026-05-13T14:32:20.267410+00:00,gpu3_benchmark,3,nocp_s4096_e2048,benchmark,2048,4096,2048,0,0,True,3510.1,57.42,57.42,57.42,9.347
2026-05-13T14:32:20.267410+00:00,gpu3_benchmark,3,nocp_s4096_e2048,benchmark,8192,4096,2048,0,0,True,4525.78,228.46,228.46,228.46,9.347
2026-05-13T14:32:20.267410+00:00,gpu3_benchmark,3,nocp_s4096_e2048,benchmark,32768,4096,2048,0,0,True,9474.26,1005.89,1005.89,1005.89,9.347
2026-05-13T14:32:29.614574+00:00,gpu3_benchmark,3,nocp_s4096_e2048,benchmark,65536,4096,2048,0,0,True,17708.01,2194.94,2194.94,2194.94,10.103
2026-05-13T14:32:39.717626+00:00,gpu3_benchmark,3,nocp_s4096_e2048,benchmark,131072,4096,2048,0,0,False,,,,,5.391
2026-05-13T14:32:45.109480+00:00,gpu3_benchmark,3,nocp_s2048_e2048,correctness,2048,2048,2048,0,0,True,,,,,8.066
2026-05-13T14:32:53.175447+00:00,gpu3_benchmark,3,nocp_s2048_e2048,benchmark,2048,2048,2048,0,0,True,3510.1,57.27,57.27,57.27,9.351
2026-05-13T14:32:53.175447+00:00,gpu3_benchmark,3,nocp_s2048_e2048,benchmark,8192,2048,2048,0,0,True,4526.78,230.81,230.81,230.81,9.351
2026-05-13T14:32:53.175447+00:00,gpu3_benchmark,3,nocp_s2048_e2048,benchmark,32768,2048,2048,0,0,True,9476.26,1007.35,1007.35,1007.35,9.351
2026-05-13T14:33:02.527417+00:00,gpu3_benchmark,3,nocp_s2048_e2048,benchmark,65536,2048,2048,0,0,True,17708.01,2222.01,2222.01,2222.01,9.746
2026-05-13T14:33:12.273468+00:00,gpu3_benchmark,3,nocp_s2048_e2048,benchmark,131072,2048,2048,0,0,False,,,,,5.430
2026-05-13T14:33:17.704509+00:00,gpu3_benchmark,3,ckpt_s8192_e8192,correctness,2048,8192,8192,1,0,True,,,,,8.434
2026-05-13T14:33:26.139215+00:00,gpu3_benchmark,3,ckpt_s8192_e8192,benchmark,2048,8192,8192,1,0,True,3432.23,58.54,58.54,58.54,8.650
2026-05-13T14:33:26.139215+00:00,gpu3_benchmark,3,ckpt_s8192_e8192,benchmark,8192,8192,8192,1,0,True,4012.63,89.5,89.5,89.5,8.650
2026-05-13T14:33:26.139215+00:00,gpu3_benchmark,3,ckpt_s8192_e8192,benchmark,32768,8192,8192,1,0,True,6814.85,405.32,405.32,405.32,8.650
2026-05-13T14:33:34.790146+00:00,gpu3_benchmark,3,ckpt_s8192_e8192,benchmark,65536,8192,8192,1,0,True,11272.01,836.69,836.69,836.69,7.652
2026-05-13T14:33:42.442571+00:00,gpu3_benchmark,3,ckpt_s8192_e8192,benchmark,131072,8192,8192,1,0,True,21303.26,1881.39,1881.39,1881.39,9.631
2026-05-13T14:33:52.074072+00:00,gpu3_benchmark,3,ckpt_s16384_e4096,correctness,2048,16384,4096,1,0,True,,,,,8.946
2026-05-13T14:34:01.020409+00:00,gpu3_benchmark,3,ckpt_s16384_e4096,benchmark,2048,16384,4096,1,0,True,3432.23,59.14,59.14,59.14,9.375
2026-05-13T14:34:01.020409+00:00,gpu3_benchmark,3,ckpt_s16384_e4096,benchmark,8192,16384,4096,1,0,True,4092.77,138.15,138.15,138.15,9.375
2026-05-13T14:34:01.020409+00:00,gpu3_benchmark,3,ckpt_s16384_e4096,benchmark,32768,16384,4096,1,0,True,6894.87,603.09,603.09,603.09,9.375
2026-05-13T14:34:10.395940+00:00,gpu3_benchmark,3,ckpt_s16384_e4096,benchmark,65536,16384,4096,1,0,True,11272.01,1291.61,1291.61,1291.61,8.720
2026-05-13T14:34:19.116302+00:00,gpu3_benchmark,3,ckpt_s16384_e4096,benchmark,131072,16384,4096,1,0,False,,,,,9.412
2026-05-13T14:34:28.529216+00:00,gpu3_benchmark,3,ckpt_s8192_e4096,correctness,2048,8192,4096,1,0,True,,,,,8.187
2026-05-13T14:34:36.716480+00:00,gpu3_benchmark,3,ckpt_s8192_e4096,benchmark,2048,8192,4096,1,0,True,3432.23,62.85,62.85,62.85,9.489
2026-05-13T14:34:36.716480+00:00,gpu3_benchmark,3,ckpt_s8192_e4096,benchmark,8192,8192,4096,1,0,True,4092.77,139.01,139.01,139.01,9.489
2026-05-13T14:34:36.716480+00:00,gpu3_benchmark,3,ckpt_s8192_e4096,benchmark,32768,8192,4096,1,0,True,6894.87,602.28,602.28,602.28,9.489
2026-05-13T14:34:46.206205+00:00,gpu3_benchmark,3,ckpt_s8192_e4096,benchmark,65536,8192,4096,1,0,True,11272.01,1322.36,1322.36,1322.36,8.722
2026-05-13T14:34:54.928316+00:00,gpu3_benchmark,3,ckpt_s8192_e4096,benchmark,131072,8192,4096,1,0,False,,,,,8.929
2026-05-13T14:35:03.858019+00:00,gpu3_benchmark,3,ckpt_s4096_e4096,correctness,2048,4096,4096,1,0,True,,,,,8.088
2026-05-13T14:35:11.946325+00:00,gpu3_benchmark,3,ckpt_s4096_e4096,benchmark,2048,4096,4096,1,0,True,3432.23,57.41,57.41,57.41,9.259
2026-05-13T14:35:11.946325+00:00,gpu3_benchmark,3,ckpt_s4096_e4096,benchmark,8192,4096,4096,1,0,True,4092.77,136.92,136.92,136.92,9.259
2026-05-13T14:35:11.946325+00:00,gpu3_benchmark,3,ckpt_s4096_e4096,benchmark,32768,4096,4096,1,0,True,6894.87,603.5,603.5,603.5,9.259
2026-05-13T14:35:21.206172+00:00,gpu3_benchmark,3,ckpt_s4096_e4096,benchmark,65536,4096,4096,1,0,True,11272.01,1297.97,1297.97,1297.97,7.896
2026-05-13T14:35:29.102778+00:00,gpu3_benchmark,3,ckpt_s4096_e4096,benchmark,131072,4096,4096,1,0,False,,,,,8.860
2026-05-13T14:35:37.963500+00:00,gpu3_benchmark,3,ckpt_s8192_e2048,correctness,2048,8192,2048,1,0,True,,,,,8.388
2026-05-13T14:35:46.351478+00:00,gpu3_benchmark,3,ckpt_s8192_e2048,benchmark,2048,8192,2048,1,0,True,3432.23,60.52,60.52,60.52,10.501
2026-05-13T14:35:46.351478+00:00,gpu3_benchmark,3,ckpt_s8192_e2048,benchmark,8192,8192,2048,1,0,True,4132.78,238.96,238.96,238.96,10.501
2026-05-13T14:35:46.351478+00:00,gpu3_benchmark,3,ckpt_s8192_e2048,benchmark,32768,8192,2048,1,0,True,6934.88,1047.15,1047.15,1047.15,10.501
2026-05-13T14:35:56.852896+00:00,gpu3_benchmark,3,ckpt_s8192_e2048,benchmark,65536,8192,2048,1,0,True,11272.01,2278.57,2278.57,2278.57,10.712
2026-05-13T14:36:07.564917+00:00,gpu3_benchmark,3,ckpt_s8192_e2048,benchmark,131072,8192,2048,1,0,False,,,,,6.282
2026-05-13T14:36:13.847269+00:00,gpu3_benchmark,3,ckpt_s4096_e2048,correctness,2048,4096,2048,1,0,True,,,,,8.155
2026-05-13T14:36:22.002460+00:00,gpu3_benchmark,3,ckpt_s4096_e2048,benchmark,2048,4096,2048,1,0,True,3432.23,59.56,59.56,59.56,11.132
2026-05-13T14:36:22.002460+00:00,gpu3_benchmark,3,ckpt_s4096_e2048,benchmark,8192,4096,2048,1,0,True,4132.78,243.5,243.5,243.5,11.132
2026-05-13T14:36:22.002460+00:00,gpu3_benchmark,3,ckpt_s4096_e2048,benchmark,32768,4096,2048,1,0,True,6934.88,1045.3,1045.3,1045.3,11.132
2026-05-13T14:36:33.134767+00:00,gpu3_benchmark,3,ckpt_s4096_e2048,benchmark,65536,4096,2048,1,0,True,11272.01,2278.5,2278.5,2278.5,10.884
2026-05-13T14:36:44.019380+00:00,gpu3_benchmark,3,ckpt_s4096_e2048,benchmark,131072,4096,2048,1,0,False,,,,,6.630
2026-05-13T14:36:50.649442+00:00,gpu3_benchmark,3,ckpt_s2048_e2048,correctness,2048,2048,2048,1,0,True,,,,,8.378
2026-05-13T14:36:59.027296+00:00,gpu3_benchmark,3,ckpt_s2048_e2048,benchmark,2048,2048,2048,1,0,True,3432.23,55.24,55.24,55.24,10.710
2026-05-13T14:36:59.027296+00:00,gpu3_benchmark,3,ckpt_s2048_e2048,benchmark,8192,2048,2048,1,0,True,4132.78,237.99,237.99,237.99,10.710
2026-05-13T14:36:59.027296+00:00,gpu3_benchmark,3,ckpt_s2048_e2048,benchmark,32768,2048,2048,1,0,True,6934.88,1058.07,1058.07,1058.07,10.710
2026-05-13T14:37:09.737406+00:00,gpu3_benchmark,3,ckpt_s2048_e2048,benchmark,65536,2048,2048,1,0,True,11272.01,2310.43,2310.43,2310.43,10.708
2026-05-13T14:37:20.445988+00:00,gpu3_benchmark,3,ckpt_s2048_e2048,benchmark,131072,2048,2048,1,0,False,,,,,6.473
2026-05-13T14:37:26.919624+00:00,gpu3_benchmark,3,ckpt_s4096_e1024,correctness,2048,4096,1024,1,0,True,,,,,8.643
2026-05-13T14:37:35.563230+00:00,gpu3_benchmark,3,ckpt_s4096_e1024,benchmark,2048,4096,1024,1,0,True,3453.26,276.96,276.96,276.96,13.582
2026-05-13T14:37:35.563230+00:00,gpu3_benchmark,3,ckpt_s4096_e1024,benchmark,8192,4096,1024,1,0,True,4153.79,447.21,447.21,447.21,13.582
2026-05-13T14:37:35.563230+00:00,gpu3_benchmark,3,ckpt_s4096_e1024,benchmark,32768,4096,1024,1,0,True,6955.88,1959.38,1959.38,1959.38,13.582
2026-05-13T14:37:49.145361+00:00,gpu3_benchmark,3,ckpt_s4096_e1024,benchmark,65536,4096,1024,1,0,True,11272.51,3814.21,3814.21,3814.21,13.600
2026-05-13T14:38:02.746024+00:00,gpu3_benchmark,3,ckpt_s4096_e1024,benchmark,131072,4096,1024,1,0,True,21314.76,9878.01,9878.01,9878.01,24.189
2026-05-13T14:38:26.935071+00:00,gpu3_benchmark,3,ckpt_s2048_e1024,correctness,2048,2048,1024,1,0,True,,,,,8.124
2026-05-13T14:38:35.059392+00:00,gpu3_benchmark,3,ckpt_s2048_e1024,benchmark,2048,2048,1024,1,0,True,3453.26,229.26,229.26,229.26,12.568
2026-05-13T14:38:35.059392+00:00,gpu3_benchmark,3,ckpt_s2048_e1024,benchmark,8192,2048,1024,1,0,True,4153.79,465.47,465.47,465.47,12.568
2026-05-13T14:38:35.059392+00:00,gpu3_benchmark,3,ckpt_s2048_e1024,benchmark,32768,2048,1024,1,0,True,6955.88,1971.69,1971.69,1971.69,12.568
2026-05-13T14:38:47.627920+00:00,gpu3_benchmark,3,ckpt_s2048_e1024,benchmark,65536,2048,1024,1,0,True,11272.51,4278.26,4278.26,4278.26,13.938
2026-05-13T14:39:01.566719+00:00,gpu3_benchmark,3,ckpt_s2048_e1024,benchmark,131072,2048,1024,1,0,False,,,,,17.120
2026-05-13T14:39:18.687015+00:00,gpu3_benchmark,3,ckpt_s1024_e1024,correctness,2048,1024,1024,1,0,True,,,,,7.918
2026-05-13T14:39:26.605256+00:00,gpu3_benchmark,3,ckpt_s1024_e1024,benchmark,2048,1024,1024,1,0,True,3452.26,115.5,115.5,115.5,12.728
2026-05-13T14:39:26.605256+00:00,gpu3_benchmark,3,ckpt_s1024_e1024,benchmark,8192,1024,1024,1,0,True,4152.79,447.47,447.47,447.47,12.728
2026-05-13T14:39:26.605256+00:00,gpu3_benchmark,3,ckpt_s1024_e1024,benchmark,32768,1024,1024,1,0,True,6954.88,1983.9,1983.9,1983.9,12.728
2026-05-13T14:39:39.334046+00:00,gpu3_benchmark,3,ckpt_s1024_e1024,benchmark,65536,1024,1024,1,0,True,11272.01,4361.84,4361.84,4361.84,14.788
2026-05-13T14:39:54.122088+00:00,gpu3_benchmark,3,ckpt_s1024_e1024,benchmark,131072,1024,1024,1,0,False,,,,,16.806
2026-05-13T14:40:10.929053+00:00,gpu3_benchmark,3,nocp_s8192_e8192,correctness,2048,8192,8192,0,0,True,,,,,7.884
2026-05-13T14:40:18.813695+00:00,gpu3_benchmark,3,nocp_s8192_e8192,benchmark,2048,8192,8192,0,0,True,3510.1,53.99,53.99,53.99,8.188
2026-05-13T14:40:18.813695+00:00,gpu3_benchmark,3,nocp_s8192_e8192,benchmark,8192,8192,8192,0,0,True,4300.63,96.36,96.36,96.36,8.188
2026-05-13T14:40:18.813695+00:00,gpu3_benchmark,3,nocp_s8192_e8192,benchmark,32768,8192,8192,0,0,True,9328.38,363.79,363.79,363.79,8.188
2026-05-13T14:40:27.002532+00:00,gpu3_benchmark,3,nocp_s8192_e8192,benchmark,65536,8192,8192,0,0,True,17416.01,791.84,791.84,791.84,7.142
2026-05-13T14:40:34.144520+00:00,gpu3_benchmark,3,nocp_s8192_e8192,benchmark,131072,8192,8192,0,0,False,,,,,5.290
2026-05-13T14:40:39.435474+00:00,gpu3_benchmark,3,nocp_s8192_e4096,correctness,2048,8192,4096,0,0,True,,,,,7.344
2026-05-13T14:40:46.780139+00:00,gpu3_benchmark,3,nocp_s8192_e4096,benchmark,2048,8192,4096,0,0,True,3510.1,57.37,57.37,57.37,8.753
2026-05-13T14:40:46.780139+00:00,gpu3_benchmark,3,nocp_s8192_e4096,benchmark,8192,8192,4096,0,0,True,4428.77,134.73,134.73,134.73,8.753
2026-05-13T14:40:46.780139+00:00,gpu3_benchmark,3,nocp_s8192_e4096,benchmark,32768,8192,4096,0,0,True,9328.38,569.41,569.41,569.41,8.753
2026-05-13T14:40:55.533805+00:00,gpu3_benchmark,3,nocp_s8192_e4096,benchmark,65536,8192,4096,0,0,True,17416.01,1248.21,1248.21,1248.21,7.697
2026-05-13T14:41:03.230771+00:00,gpu3_benchmark,3,nocp_s8192_e4096,benchmark,131072,8192,4096,0,0,False,,,,,5.439
2026-05-13T14:41:08.670840+00:00,gpu3_benchmark,3,nocp_s4096_e4096,correctness,2048,4096,4096,0,0,True,,,,,7.759
2026-05-13T14:41:16.430029+00:00,gpu3_benchmark,3,nocp_s4096_e4096,benchmark,2048,4096,4096,0,0,True,3510.1,53.38,53.38,53.38,8.612
2026-05-13T14:41:16.430029+00:00,gpu3_benchmark,3,nocp_s4096_e4096,benchmark,8192,4096,4096,0,0,True,4428.77,132.04,132.04,132.04,8.612
2026-05-13T14:41:16.430029+00:00,gpu3_benchmark,3,nocp_s4096_e4096,benchmark,32768,4096,4096,0,0,True,9328.38,569.34,569.34,569.34,8.612
2026-05-13T14:41:25.042066+00:00,gpu3_benchmark,3,nocp_s4096_e4096,benchmark,65536,4096,4096,0,0,True,17416.01,1257.54,1257.54,1257.54,7.434
2026-05-13T14:41:32.476001+00:00,gpu3_benchmark,3,nocp_s4096_e4096,benchmark,131072,4096,4096,0,0,False,,,,,5.017
2026-05-13T14:41:37.493681+00:00,gpu3_benchmark,3,nocp_s4096_e2048,correctness,2048,4096,2048,0,0,True,,,,,7.739
2026-05-13T14:41:45.233048+00:00,gpu3_benchmark,3,nocp_s4096_e2048,benchmark,2048,4096,2048,0,0,True,3510.1,55.39,55.39,55.39,9.724
2026-05-13T14:41:45.233048+00:00,gpu3_benchmark,3,nocp_s4096_e2048,benchmark,8192,4096,2048,0,0,True,4525.78,238.61,238.61,238.61,9.724
2026-05-13T14:41:45.233048+00:00,gpu3_benchmark,3,nocp_s4096_e2048,benchmark,32768,4096,2048,0,0,True,9474.26,1002.35,1002.35,1002.35,9.724
2026-05-13T14:41:54.957088+00:00,gpu3_benchmark,3,nocp_s4096_e2048,benchmark,65536,4096,2048,0,0,True,17708.01,2183.76,2183.76,2183.76,10.017
2026-05-13T14:42:04.974182+00:00,gpu3_benchmark,3,nocp_s4096_e2048,benchmark,131072,4096,2048,0,0,False,,,,,5.366
2026-05-13T14:42:10.341001+00:00,gpu3_benchmark,3,nocp_s2048_e2048,correctness,2048,2048,2048,0,0,True,,,,,7.521
2026-05-13T14:42:17.862048+00:00,gpu3_benchmark,3,nocp_s2048_e2048,benchmark,2048,2048,2048,0,0,True,3510.1,58.51,58.51,58.51,9.585
2026-05-13T14:42:17.862048+00:00,gpu3_benchmark,3,nocp_s2048_e2048,benchmark,8192,2048,2048,0,0,True,4526.78,238.15,238.15,238.15,9.585
2026-05-13T14:42:17.862048+00:00,gpu3_benchmark,3,nocp_s2048_e2048,benchmark,32768,2048,2048,0,0,True,9476.26,1010.42,1010.42,1010.42,9.585
2026-05-13T14:42:27.447970+00:00,gpu3_benchmark,3,nocp_s2048_e2048,benchmark,65536,2048,2048,0,0,True,17708.01,2222.94,2222.94,2222.94,10.286
2026-05-13T14:42:37.734283+00:00,gpu3_benchmark,3,nocp_s2048_e2048,benchmark,131072,2048,2048,0,0,False,,,,,5.630
2026-05-13T14:42:43.365381+00:00,gpu3_benchmark,3,ckpt_s8192_e8192,correctness,2048,8192,8192,1,0,True,,,,,8.904
2026-05-13T14:42:52.269536+00:00,gpu3_benchmark,3,ckpt_s8192_e8192,benchmark,2048,8192,8192,1,0,True,3432.23,63.73,63.73,63.73,8.858
2026-05-13T14:42:52.269536+00:00,gpu3_benchmark,3,ckpt_s8192_e8192,benchmark,8192,8192,8192,1,0,True,4012.63,90.64,90.64,90.64,8.858
2026-05-13T14:42:52.269536+00:00,gpu3_benchmark,3,ckpt_s8192_e8192,benchmark,32768,8192,8192,1,0,True,6814.85,405.84,405.84,405.84,8.858
2026-05-13T14:43:01.127453+00:00,gpu3_benchmark,3,ckpt_s8192_e8192,benchmark,65536,8192,8192,1,0,True,11272.01,836.73,836.73,836.73,7.556
2026-05-13T14:43:08.683799+00:00,gpu3_benchmark,3,ckpt_s8192_e8192,benchmark,131072,8192,8192,1,0,True,21303.26,1873.97,1873.97,1873.97,9.797
2026-05-13T14:43:18.481335+00:00,gpu3_benchmark,3,ckpt_s16384_e4096,correctness,2048,16384,4096,1,0,True,,,,,7.811
2026-05-13T14:43:26.292556+00:00,gpu3_benchmark,3,ckpt_s16384_e4096,benchmark,2048,16384,4096,1,0,True,3432.23,60.86,60.86,60.86,9.795
2026-05-13T14:43:26.292556+00:00,gpu3_benchmark,3,ckpt_s16384_e4096,benchmark,8192,16384,4096,1,0,True,4092.77,140.21,140.21,140.21,9.795
2026-05-13T14:43:26.292556+00:00,gpu3_benchmark,3,ckpt_s16384_e4096,benchmark,32768,16384,4096,1,0,True,6894.87,599.16,599.16,599.16,9.795
2026-05-13T14:43:36.087551+00:00,gpu3_benchmark,3,ckpt_s16384_e4096,benchmark,65536,16384,4096,1,0,True,11272.01,1285.67,1285.67,1285.67,8.763
2026-05-13T14:43:44.850658+00:00,gpu3_benchmark,3,ckpt_s16384_e4096,benchmark,131072,16384,4096,1,0,False,,,,,8.930
2026-05-13T14:43:53.781292+00:00,gpu3_benchmark,3,ckpt_s8192_e4096,correctness,2048,8192,4096,1,0,True,,,,,8.111
2026-05-13T14:44:01.892758+00:00,gpu3_benchmark,3,ckpt_s8192_e4096,benchmark,2048,8192,4096,1,0,True,3432.23,61.89,61.89,61.89,9.480
2026-05-13T14:44:01.892758+00:00,gpu3_benchmark,3,ckpt_s8192_e4096,benchmark,8192,8192,4096,1,0,True,4092.77,140.41,140.41,140.41,9.480
2026-05-13T14:44:01.892758+00:00,gpu3_benchmark,3,ckpt_s8192_e4096,benchmark,32768,8192,4096,1,0,True,6894.87,604.01,604.01,604.01,9.480
2026-05-13T14:44:11.373409+00:00,gpu3_benchmark,3,ckpt_s8192_e4096,benchmark,65536,8192,4096,1,0,True,11272.01,1367.28,1367.28,1367.28,8.444
2026-05-13T14:44:19.817472+00:00,gpu3_benchmark,3,ckpt_s8192_e4096,benchmark,131072,8192,4096,1,0,False,,,,,8.961
2026-05-13T14:44:28.779455+00:00,gpu3_benchmark,3,ckpt_s4096_e4096,correctness,2048,4096,4096,1,0,True,,,,,8.539
2026-05-13T14:44:37.318354+00:00,gpu3_benchmark,3,ckpt_s4096_e4096,benchmark,2048,4096,4096,1,0,True,3432.23,58.38,58.38,58.38,9.847
2026-05-13T14:44:37.318354+00:00,gpu3_benchmark,3,ckpt_s4096_e4096,benchmark,8192,4096,4096,1,0,True,4092.77,137.04,137.04,137.04,9.847
2026-05-13T14:44:37.318354+00:00,gpu3_benchmark,3,ckpt_s4096_e4096,benchmark,32768,4096,4096,1,0,True,6894.87,607.77,607.77,607.77,9.847
2026-05-13T14:44:47.165255+00:00,gpu3_benchmark,3,ckpt_s4096_e4096,benchmark,65536,4096,4096,1,0,True,11272.01,1320.72,1320.72,1320.72,8.478
2026-05-13T14:44:55.643237+00:00,gpu3_benchmark,3,ckpt_s4096_e4096,benchmark,131072,4096,4096,1,0,False,,,,,9.810
2026-05-13T14:45:05.454110+00:00,gpu3_benchmark,3,ckpt_s8192_e2048,correctness,2048,8192,2048,1,0,True,,,,,8.228
2026-05-13T14:45:13.682449+00:00,gpu3_benchmark,3,ckpt_s8192_e2048,benchmark,2048,8192,2048,1,0,True,3432.23,56.39,56.39,56.39,10.681
2026-05-13T14:45:13.682449+00:00,gpu3_benchmark,3,ckpt_s8192_e2048,benchmark,8192,8192,2048,1,0,True,4132.78,246.62,246.62,246.62,10.681
2026-05-13T14:45:13.682449+00:00,gpu3_benchmark,3,ckpt_s8192_e2048,benchmark,32768,8192,2048,1,0,True,6934.88,1055.65,1055.65,1055.65,10.681
2026-05-13T14:45:24.364226+00:00,gpu3_benchmark,3,ckpt_s8192_e2048,benchmark,65536,8192,2048,1,0,True,11272.01,2261.52,2261.52,2261.52,10.507
2026-05-13T14:45:34.871341+00:00,gpu3_benchmark,3,ckpt_s8192_e2048,benchmark,131072,8192,2048,1,0,False,,,,,6.491
2026-05-13T14:45:41.362478+00:00,gpu3_benchmark,3,ckpt_s4096_e2048,correctness,2048,4096,2048,1,0,True,,,,,8.603
2026-05-13T14:45:49.965737+00:00,gpu3_benchmark,3,ckpt_s4096_e2048,benchmark,2048,4096,2048,1,0,True,3432.23,57.0,57.0,57.0,10.503
2026-05-13T14:45:49.965737+00:00,gpu3_benchmark,3,ckpt_s4096_e2048,benchmark,8192,4096,2048,1,0,True,4132.78,241.45,241.45,241.45,10.503
2026-05-13T14:45:49.965737+00:00,gpu3_benchmark,3,ckpt_s4096_e2048,benchmark,32768,4096,2048,1,0,True,6934.88,1064.77,1064.77,1064.77,10.503
2026-05-13T14:46:00.469560+00:00,gpu3_benchmark,3,ckpt_s4096_e2048,benchmark,65536,4096,2048,1,0,True,11272.01,2292.64,2292.64,2292.64,10.232
2026-05-13T14:46:10.701475+00:00,gpu3_benchmark,3,ckpt_s4096_e2048,benchmark,131072,4096,2048,1,0,False,,,,,6.115
2026-05-13T14:46:16.816453+00:00,gpu3_benchmark,3,ckpt_s2048_e2048,correctness,2048,2048,2048,1,0,True,,,,,8.232
2026-05-13T14:46:25.048314+00:00,gpu3_benchmark,3,ckpt_s2048_e2048,benchmark,2048,2048,2048,1,0,True,3432.23,59.37,59.37,59.37,10.363
2026-05-13T14:46:25.048314+00:00,gpu3_benchmark,3,ckpt_s2048_e2048,benchmark,8192,2048,2048,1,0,True,4132.78,242.69,242.69,242.69,10.363
2026-05-13T14:46:25.048314+00:00,gpu3_benchmark,3,ckpt_s2048_e2048,benchmark,32768,2048,2048,1,0,True,6934.88,1065.32,1065.32,1065.32,10.363
2026-05-13T14:46:35.412207+00:00,gpu3_benchmark,3,ckpt_s2048_e2048,benchmark,65536,2048,2048,1,0,True,11272.01,2336.1,2336.1,2336.1,10.275
2026-05-13T14:46:45.687845+00:00,gpu3_benchmark,3,ckpt_s2048_e2048,benchmark,131072,2048,2048,1,0,False,,,,,6.149
2026-05-13T14:46:51.836912+00:00,gpu3_benchmark,3,ckpt_s4096_e1024,correctness,2048,4096,1024,1,0,True,,,,,8.109
2026-05-13T14:46:59.946111+00:00,gpu3_benchmark,3,ckpt_s4096_e1024,benchmark,2048,4096,1024,1,0,True,3453.26,214.47,214.47,214.47,12.639
2026-05-13T14:46:59.946111+00:00,gpu3_benchmark,3,ckpt_s4096_e1024,benchmark,8192,4096,1024,1,0,True,4153.79,452.27,452.27,452.27,12.639
2026-05-13T14:46:59.946111+00:00,gpu3_benchmark,3,ckpt_s4096_e1024,benchmark,32768,4096,1024,1,0,True,6955.88,2024.55,2024.55,2024.55,12.639
2026-05-13T14:47:12.585616+00:00,gpu3_benchmark,3,ckpt_s4096_e1024,benchmark,65536,4096,1024,1,0,True,11272.51,4318.24,4318.24,4318.24,14.519
2026-05-13T14:47:27.105218+00:00,gpu3_benchmark,3,ckpt_s4096_e1024,benchmark,131072,4096,1024,1,0,True,21314.76,9952.34,9952.34,9952.34,25.806
2026-05-13T14:47:52.911331+00:00,gpu3_benchmark,3,ckpt_s2048_e1024,correctness,2048,2048,1024,1,0,True,,,,,8.390
2026-05-13T14:48:01.302047+00:00,gpu3_benchmark,3,ckpt_s2048_e1024,benchmark,2048,2048,1024,1,0,True,3453.26,227.27,227.27,227.27,12.594
2026-05-13T14:48:01.302047+00:00,gpu3_benchmark,3,ckpt_s2048_e1024,benchmark,8192,2048,1024,1,0,True,4153.79,403.57,403.57,403.57,12.594
2026-05-13T14:48:01.302047+00:00,gpu3_benchmark,3,ckpt_s2048_e1024,benchmark,32768,2048,1024,1,0,True,6955.88,1927.5,1927.5,1927.5,12.594
2026-05-13T14:48:13.896880+00:00,gpu3_benchmark,3,ckpt_s2048_e1024,benchmark,65536,2048,1024,1,0,True,11272.51,4224.03,4224.03,4224.03,14.673
2026-05-13T14:48:28.570711+00:00,gpu3_benchmark,3,ckpt_s2048_e1024,benchmark,131072,2048,1024,1,0,False,,,,,17.742
2026-05-13T14:48:46.313291+00:00,gpu3_benchmark,3,ckpt_s1024_e1024,correctness,2048,1024,1024,1,0,True,,,,,9.181
2026-05-13T14:48:55.494544+00:00,gpu3_benchmark,3,ckpt_s1024_e1024,benchmark,2048,1024,1024,1,0,True,3452.26,110.96,110.96,110.96,13.349
2026-05-13T14:48:55.494544+00:00,gpu3_benchmark,3,ckpt_s1024_e1024,benchmark,8192,1024,1024,1,0,True,4152.79,448.47,448.47,448.47,13.349
2026-05-13T14:48:55.494544+00:00,gpu3_benchmark,3,ckpt_s1024_e1024,benchmark,32768,1024,1024,1,0,True,6954.88,1964.29,1964.29,1964.29,13.349
2026-05-13T14:49:08.843861+00:00,gpu3_benchmark,3,ckpt_s1024_e1024,benchmark,65536,1024,1024,1,0,True,11272.01,4344.65,4344.65,4344.65,14.443
2026-05-13T14:49:23.287268+00:00,gpu3_benchmark,3,ckpt_s1024_e1024,benchmark,131072,1024,1024,1,0,False,,,,,15.574
2026-05-13T14:49:38.861328+00:00,gpu3_benchmark,3,nocp_s8192_e8192,correctness,2048,8192,8192,0,0,True,,,,,7.407
2026-05-13T14:49:46.268575+00:00,gpu3_benchmark,3,nocp_s8192_e8192,benchmark,2048,8192,8192,0,0,True,3510.1,48.46,48.46,48.46,7.599
2026-05-13T14:49:46.268575+00:00,gpu3_benchmark,3,nocp_s8192_e8192,benchmark,8192,8192,8192,0,0,True,4300.63,84.3,84.3,84.3,7.599
2026-05-13T14:49:46.268575+00:00,gpu3_benchmark,3,nocp_s8192_e8192,benchmark,32768,8192,8192,0,0,True,9328.38,345.32,345.32,345.32,7.599
2026-05-13T14:49:53.868300+00:00,gpu3_benchmark,3,nocp_s8192_e8192,benchmark,65536,8192,8192,0,0,True,17416.01,778.6,778.6,778.6,6.616
2026-05-13T14:50:00.484468+00:00,gpu3_benchmark,3,nocp_s8192_e8192,benchmark,131072,8192,8192,0,0,False,,,,,5.479
2026-05-13T14:50:05.964465+00:00,gpu3_benchmark,3,nocp_s8192_e4096,correctness,2048,8192,4096,0,0,True,,,,,7.671
2026-05-13T14:50:13.635810+00:00,gpu3_benchmark,3,nocp_s8192_e4096,benchmark,2048,8192,4096,0,0,True,3510.1,62.14,62.14,62.14,8.744
2026-05-13T14:50:13.635810+00:00,gpu3_benchmark,3,nocp_s8192_e4096,benchmark,8192,8192,4096,0,0,True,4428.77,138.97,138.97,138.97,8.744
2026-05-13T14:50:13.635810+00:00,gpu3_benchmark,3,nocp_s8192_e4096,benchmark,32768,8192,4096,0,0,True,9328.38,569.56,569.56,569.56,8.744
2026-05-13T14:50:22.380538+00:00,gpu3_benchmark,3,nocp_s8192_e4096,benchmark,65536,8192,4096,0,0,True,17416.01,1250.04,1250.04,1250.04,7.896
2026-05-13T14:50:30.276541+00:00,gpu3_benchmark,3,nocp_s8192_e4096,benchmark,131072,8192,4096,0,0,False,,,,,5.208
2026-05-13T14:50:35.484965+00:00,gpu3_benchmark,3,nocp_s4096_e4096,correctness,2048,4096,4096,0,0,True,,,,,7.295
2026-05-13T14:50:42.780547+00:00,gpu3_benchmark,3,nocp_s4096_e4096,benchmark,2048,4096,4096,0,0,True,3510.1,54.19,54.19,54.19,8.989
2026-05-13T14:50:42.780547+00:00,gpu3_benchmark,3,nocp_s4096_e4096,benchmark,8192,4096,4096,0,0,True,4428.77,131.54,131.54,131.54,8.989
2026-05-13T14:50:42.780547+00:00,gpu3_benchmark,3,nocp_s4096_e4096,benchmark,32768,4096,4096,0,0,True,9328.38,577.61,577.61,577.61,8.989
2026-05-13T14:50:51.770421+00:00,gpu3_benchmark,3,nocp_s4096_e4096,benchmark,65536,4096,4096,0,0,True,17416.01,1268.2,1268.2,1268.2,7.771
2026-05-13T14:50:59.542048+00:00,gpu3_benchmark,3,nocp_s4096_e4096,benchmark,131072,4096,4096,0,0,False,,,,,5.335
2026-05-13T14:51:04.877844+00:00,gpu3_benchmark,3,nocp_s4096_e2048,correctness,2048,4096,2048,0,0,True,,,,,7.790
2026-05-13T14:51:12.667839+00:00,gpu3_benchmark,3,nocp_s4096_e2048,benchmark,2048,4096,2048,0,0,True,3510.1,65.74,65.74,65.74,9.618
2026-05-13T14:51:12.667839+00:00,gpu3_benchmark,3,nocp_s4096_e2048,benchmark,8192,4096,2048,0,0,True,4525.78,227.4,227.4,227.4,9.618
2026-05-13T14:51:12.667839+00:00,gpu3_benchmark,3,nocp_s4096_e2048,benchmark,32768,4096,2048,0,0,True,9474.26,1005.7,1005.7,1005.7,9.618
2026-05-13T14:51:22.286554+00:00,gpu3_benchmark,3,nocp_s4096_e2048,benchmark,65536,4096,2048,0,0,True,17708.01,2192.83,2192.83,2192.83,9.497
2026-05-13T14:51:31.783528+00:00,gpu3_benchmark,3,nocp_s4096_e2048,benchmark,131072,4096,2048,0,0,False,,,,,5.413
2026-05-13T14:51:37.196699+00:00,gpu3_benchmark,3,nocp_s2048_e2048,correctness,2048,2048,2048,0,0,True,,,,,7.303
2026-05-13T14:51:44.500235+00:00,gpu3_benchmark,3,nocp_s2048_e2048,benchmark,2048,2048,2048,0,0,True,3510.1,54.78,54.78,54.78,9.282
2026-05-13T14:51:44.500235+00:00,gpu3_benchmark,3,nocp_s2048_e2048,benchmark,8192,2048,2048,0,0,True,4526.78,228.93,228.93,228.93,9.282
2026-05-13T14:51:44.500235+00:00,gpu3_benchmark,3,nocp_s2048_e2048,benchmark,32768,2048,2048,0,0,True,9476.26,1002.4,1002.4,1002.4,9.282
2026-05-13T14:51:53.782386+00:00,gpu3_benchmark,3,nocp_s2048_e2048,benchmark,65536,2048,2048,0,0,True,17708.01,2226.1,2226.1,2226.1,9.563
2026-05-13T14:52:03.345323+00:00,gpu3_benchmark,3,nocp_s2048_e2048,benchmark,131072,2048,2048,0,0,False,,,,,5.726
2026-05-13T14:52:09.072179+00:00,gpu3_benchmark,3,ckpt_s8192_e8192,correctness,2048,8192,8192,1,0,True,,,,,8.282
2026-05-13T14:52:17.354188+00:00,gpu3_benchmark,3,ckpt_s8192_e8192,benchmark,2048,8192,8192,1,0,True,3432.23,61.38,61.38,61.38,8.820
2026-05-13T14:52:17.354188+00:00,gpu3_benchmark,3,ckpt_s8192_e8192,benchmark,8192,8192,8192,1,0,True,4012.63,89.55,89.55,89.55,8.820
2026-05-13T14:52:17.354188+00:00,gpu3_benchmark,3,ckpt_s8192_e8192,benchmark,32768,8192,8192,1,0,True,6814.85,390.12,390.12,390.12,8.820
2026-05-13T14:52:26.174711+00:00,gpu3_benchmark,3,ckpt_s8192_e8192,benchmark,65536,8192,8192,1,0,True,11272.01,860.74,860.74,860.74,7.542
2026-05-13T14:52:33.716789+00:00,gpu3_benchmark,3,ckpt_s8192_e8192,benchmark,131072,8192,8192,1,0,True,21303.26,1871.92,1871.92,1871.92,9.683
2026-05-13T14:52:43.400719+00:00,gpu3_benchmark,3,ckpt_s16384_e4096,correctness,2048,16384,4096,1,0,True,,,,,8.332
2026-05-13T14:52:51.732878+00:00,gpu3_benchmark,3,ckpt_s16384_e4096,benchmark,2048,16384,4096,1,0,True,3432.23,61.24,61.24,61.24,8.879
2026-05-13T14:52:51.732878+00:00,gpu3_benchmark,3,ckpt_s16384_e4096,benchmark,8192,16384,4096,1,0,True,4092.77,136.11,136.11,136.11,8.879
2026-05-13T14:52:51.732878+00:00,gpu3_benchmark,3,ckpt_s16384_e4096,benchmark,32768,16384,4096,1,0,True,6894.87,592.17,592.17,592.17,8.879
2026-05-13T14:53:00.612547+00:00,gpu3_benchmark,3,ckpt_s16384_e4096,benchmark,65536,16384,4096,1,0,True,11272.01,1289.78,1289.78,1289.78,8.260
2026-05-13T14:53:08.872894+00:00,gpu3_benchmark,3,ckpt_s16384_e4096,benchmark,131072,16384,4096,1,0,False,,,,,8.809
2026-05-13T14:53:17.682061+00:00,gpu3_benchmark,3,ckpt_s8192_e4096,correctness,2048,8192,4096,1,0,True,,,,,8.027
2026-05-13T14:53:25.709514+00:00,gpu3_benchmark,3,ckpt_s8192_e4096,benchmark,2048,8192,4096,1,0,True,3432.23,62.95,62.95,62.95,9.006
2026-05-13T14:53:25.709514+00:00,gpu3_benchmark,3,ckpt_s8192_e4096,benchmark,8192,8192,4096,1,0,True,4092.77,140.14,140.14,140.14,9.006
2026-05-13T14:53:25.709514+00:00,gpu3_benchmark,3,ckpt_s8192_e4096,benchmark,32768,8192,4096,1,0,True,6894.87,596.18,596.18,596.18,9.006
2026-05-13T14:53:34.716354+00:00,gpu3_benchmark,3,ckpt_s8192_e4096,benchmark,65536,8192,4096,1,0,True,11272.01,1300.14,1300.14,1300.14,8.242
2026-05-13T14:53:42.958834+00:00,gpu3_benchmark,3,ckpt_s8192_e4096,benchmark,131072,8192,4096,1,0,False,,,,,9.668
2026-05-13T14:53:52.627529+00:00,gpu3_benchmark,3,ckpt_s4096_e4096,correctness,2048,4096,4096,1,0,True,,,,,9.166
2026-05-13T14:54:01.793453+00:00,gpu3_benchmark,3,ckpt_s4096_e4096,benchmark,2048,4096,4096,1,0,True,3432.23,61.76,61.76,61.76,9.255
2026-05-13T14:54:01.793453+00:00,gpu3_benchmark,3,ckpt_s4096_e4096,benchmark,8192,4096,4096,1,0,True,4092.77,139.21,139.21,139.21,9.255
2026-05-13T14:54:01.793453+00:00,gpu3_benchmark,3,ckpt_s4096_e4096,benchmark,32768,4096,4096,1,0,True,6894.87,607.37,607.37,607.37,9.255
2026-05-13T14:54:11.048555+00:00,gpu3_benchmark,3,ckpt_s4096_e4096,benchmark,65536,4096,4096,1,0,True,11272.01,1320.03,1320.03,1320.03,8.364
2026-05-13T14:54:19.413237+00:00,gpu3_benchmark,3,ckpt_s4096_e4096,benchmark,131072,4096,4096,1,0,False,,,,,9.640
2026-05-13T14:54:29.054168+00:00,gpu3_benchmark,3,ckpt_s8192_e2048,correctness,2048,8192,2048,1,0,True,,,,,8.975
2026-05-13T14:54:38.029284+00:00,gpu3_benchmark,3,ckpt_s8192_e2048,benchmark,2048,8192,2048,1,0,True,3432.23,59.64,59.64,59.64,11.275
2026-05-13T14:54:38.029284+00:00,gpu3_benchmark,3,ckpt_s8192_e2048,benchmark,8192,8192,2048,1,0,True,4132.78,242.57,242.57,242.57,11.275
2026-05-13T14:54:38.029284+00:00,gpu3_benchmark,3,ckpt_s8192_e2048,benchmark,32768,8192,2048,1,0,True,6934.88,1045.2,1045.2,1045.2,11.275
2026-05-13T14:54:49.304612+00:00,gpu3_benchmark,3,ckpt_s8192_e2048,benchmark,65536,8192,2048,1,0,True,11272.01,2308.8,2308.8,2308.8,10.358
2026-05-13T14:54:59.663243+00:00,gpu3_benchmark,3,ckpt_s8192_e2048,benchmark,131072,8192,2048,1,0,False,,,,,5.990
2026-05-13T14:55:05.653604+00:00,gpu3_benchmark,3,ckpt_s4096_e2048,correctness,2048,4096,2048,1,0,True,,,,,8.192
2026-05-13T14:55:13.845604+00:00,gpu3_benchmark,3,ckpt_s4096_e2048,benchmark,2048,4096,2048,1,0,True,3432.23,56.25,56.25,56.25,10.306
2026-05-13T14:55:13.845604+00:00,gpu3_benchmark,3,ckpt_s4096_e2048,benchmark,8192,4096,2048,1,0,True,4132.78,240.73,240.73,240.73,10.306
2026-05-13T14:55:13.845604+00:00,gpu3_benchmark,3,ckpt_s4096_e2048,benchmark,32768,4096,2048,1,0,True,6934.88,1043.24,1043.24,1043.24,10.306
2026-05-13T14:55:24.151740+00:00,gpu3_benchmark,3,ckpt_s4096_e2048,benchmark,65536,4096,2048,1,0,True,11272.01,2293.0,2293.0,2293.0,10.414
2026-05-13T14:55:34.566153+00:00,gpu3_benchmark,3,ckpt_s4096_e2048,benchmark,131072,4096,2048,1,0,False,,,,,6.206
2026-05-13T14:55:40.772841+00:00,gpu3_benchmark,3,ckpt_s2048_e2048,correctness,2048,2048,2048,1,0,True,,,,,8.540
2026-05-13T14:55:49.312703+00:00,gpu3_benchmark,3,ckpt_s2048_e2048,benchmark,2048,2048,2048,1,0,True,3432.23,58.23,58.23,58.23,10.082
2026-05-13T14:55:49.312703+00:00,gpu3_benchmark,3,ckpt_s2048_e2048,benchmark,8192,2048,2048,1,0,True,4132.78,242.83,242.83,242.83,10.082
2026-05-13T14:55:49.312703+00:00,gpu3_benchmark,3,ckpt_s2048_e2048,benchmark,32768,2048,2048,1,0,True,6934.88,1060.62,1060.62,1060.62,10.082
2026-05-13T14:55:59.394794+00:00,gpu3_benchmark,3,ckpt_s2048_e2048,benchmark,65536,2048,2048,1,0,True,11272.01,2298.35,2298.35,2298.35,10.439
2026-05-13T14:56:09.833703+00:00,gpu3_benchmark,3,ckpt_s2048_e2048,benchmark,131072,2048,2048,1,0,False,,,,,6.572
2026-05-13T14:56:16.406446+00:00,gpu3_benchmark,3,ckpt_s4096_e1024,correctness,2048,4096,1024,1,0,True,,,,,8.943
2026-05-13T14:56:25.349585+00:00,gpu3_benchmark,3,ckpt_s4096_e1024,benchmark,2048,4096,1024,1,0,True,3453.26,234.45,234.45,234.45,12.229
2026-05-13T14:56:25.349585+00:00,gpu3_benchmark,3,ckpt_s4096_e1024,benchmark,8192,4096,1024,1,0,True,4153.79,440.26,440.26,440.26,12.229
2026-05-13T14:56:25.349585+00:00,gpu3_benchmark,3,ckpt_s4096_e1024,benchmark,32768,4096,1024,1,0,True,6955.88,1930.85,1930.85,1930.85,12.229
2026-05-13T14:56:37.579354+00:00,gpu3_benchmark,3,ckpt_s4096_e1024,benchmark,65536,4096,1024,1,0,True,11272.51,4309.35,4309.35,4309.35,13.881
2026-05-13T14:56:51.460302+00:00,gpu3_benchmark,3,ckpt_s4096_e1024,benchmark,131072,4096,1024,1,0,True,21314.76,10097.18,10097.18,10097.18,25.849
2026-05-13T14:57:17.310353+00:00,gpu3_benchmark,3,ckpt_s2048_e1024,correctness,2048,2048,1024,1,0,True,,,,,8.363
2026-05-13T14:57:25.673234+00:00,gpu3_benchmark,3,ckpt_s2048_e1024,benchmark,2048,2048,1024,1,0,True,3453.26,258.07,258.07,258.07,13.186
2026-05-13T14:57:25.673234+00:00,gpu3_benchmark,3,ckpt_s2048_e1024,benchmark,8192,2048,1024,1,0,True,4153.79,463.52,463.52,463.52,13.186
2026-05-13T14:57:25.673234+00:00,gpu3_benchmark,3,ckpt_s2048_e1024,benchmark,32768,2048,1024,1,0,True,6955.88,1966.42,1966.42,1966.42,13.186
2026-05-13T14:57:38.860040+00:00,gpu3_benchmark,3,ckpt_s2048_e1024,benchmark,65536,2048,1024,1,0,True,11272.51,4314.79,4314.79,4314.79,14.183
2026-05-13T14:57:53.043734+00:00,gpu3_benchmark,3,ckpt_s2048_e1024,benchmark,131072,2048,1024,1,0,False,,,,,17.052
2026-05-13T14:58:10.095804+00:00,gpu3_benchmark,3,ckpt_s1024_e1024,correctness,2048,1024,1024,1,0,True,,,,,8.991
2026-05-13T14:58:19.086859+00:00,gpu3_benchmark,3,ckpt_s1024_e1024,benchmark,2048,1024,1024,1,0,True,3452.26,115.7,115.7,115.7,13.284
2026-05-13T14:58:19.086859+00:00,gpu3_benchmark,3,ckpt_s1024_e1024,benchmark,8192,1024,1024,1,0,True,4152.79,442.15,442.15,442.15,13.284
2026-05-13T14:58:19.086859+00:00,gpu3_benchmark,3,ckpt_s1024_e1024,benchmark,32768,1024,1024,1,0,True,6954.88,2015.29,2015.29,2015.29,13.284
2026-05-13T14:58:32.371530+00:00,gpu3_benchmark,3,ckpt_s1024_e1024,benchmark,65536,1024,1024,1,0,True,11272.01,4389.03,4389.03,4389.03,14.618
2026-05-13T14:58:46.989749+00:00,gpu3_benchmark,3,ckpt_s1024_e1024,benchmark,131072,1024,1024,1,0,False,,,,,17.406
2026-05-13T14:59:04.396120+00:00,gpu3_benchmark,3,nocp_s8192_e8192,correctness,2048,8192,8192,0,0,True,,,,,7.587
2026-05-13T14:59:11.983892+00:00,gpu3_benchmark,3,nocp_s8192_e8192,benchmark,2048,8192,8192,0,0,True,3510.1,57.64,57.64,57.64,8.573
2026-05-13T14:59:11.983892+00:00,gpu3_benchmark,3,nocp_s8192_e8192,benchmark,8192,8192,8192,0,0,True,4300.63,80.09,80.09,80.09,8.573
2026-05-13T14:59:11.983892+00:00,gpu3_benchmark,3,nocp_s8192_e8192,benchmark,32768,8192,8192,0,0,True,9328.38,364.14,364.14,364.14,8.573
2026-05-13T14:59:20.557232+00:00,gpu3_benchmark,3,nocp_s8192_e8192,benchmark,65536,8192,8192,0,0,True,17416.01,779.08,779.08,779.08,6.893
2026-05-13T14:59:27.450505+00:00,gpu3_benchmark,3,nocp_s8192_e8192,benchmark,131072,8192,8192,0,0,False,,,,,5.542
2026-05-13T14:59:32.992889+00:00,gpu3_benchmark,3,nocp_s8192_e4096,correctness,2048,8192,4096,0,0,True,,,,,8.028
2026-05-13T14:59:41.021332+00:00,gpu3_benchmark,3,nocp_s8192_e4096,benchmark,2048,8192,4096,0,0,True,3510.1,55.28,55.28,55.28,9.528
2026-05-13T14:59:41.021332+00:00,gpu3_benchmark,3,nocp_s8192_e4096,benchmark,8192,8192,4096,0,0,True,4428.77,127.55,127.55,127.55,9.528
2026-05-13T14:59:41.021332+00:00,gpu3_benchmark,3,nocp_s8192_e4096,benchmark,32768,8192,4096,0,0,True,9328.38,570.36,570.36,570.36,9.528
2026-05-13T14:59:50.549783+00:00,gpu3_benchmark,3,nocp_s8192_e4096,benchmark,65536,8192,4096,0,0,True,17416.01,1212.71,1212.71,1212.71,7.491
2026-05-13T14:59:58.041501+00:00,gpu3_benchmark,3,nocp_s8192_e4096,benchmark,131072,8192,4096,0,0,False,,,,,5.471
2026-05-13T15:00:03.513486+00:00,gpu3_benchmark,3,nocp_s4096_e4096,correctness,2048,4096,4096,0,0,True,,,,,8.038
2026-05-13T15:00:11.551646+00:00,gpu3_benchmark,3,nocp_s4096_e4096,benchmark,2048,4096,4096,0,0,True,3510.1,55.51,55.51,55.51,9.143
2026-05-13T15:00:11.551646+00:00,gpu3_benchmark,3,nocp_s4096_e4096,benchmark,8192,4096,4096,0,0,True,4428.77,126.36,126.36,126.36,9.143
2026-05-13T15:00:11.551646+00:00,gpu3_benchmark,3,nocp_s4096_e4096,benchmark,32768,4096,4096,0,0,True,9328.38,574.25,574.25,574.25,9.143
2026-05-13T15:00:20.694804+00:00,gpu3_benchmark,3,nocp_s4096_e4096,benchmark,65536,4096,4096,0,0,True,17416.01,1252.9,1252.9,1252.9,8.388
2026-05-13T15:00:29.083231+00:00,gpu3_benchmark,3,nocp_s4096_e4096,benchmark,131072,4096,4096,0,0,False,,,,,5.324
2026-05-13T15:00:34.407686+00:00,gpu3_benchmark,3,nocp_s4096_e2048,correctness,2048,4096,2048,0,0,True,,,,,7.981
2026-05-13T15:00:42.389083+00:00,gpu3_benchmark,3,nocp_s4096_e2048,benchmark,2048,4096,2048,0,0,True,3510.1,50.34,50.34,50.34,9.558
2026-05-13T15:00:42.389083+00:00,gpu3_benchmark,3,nocp_s4096_e2048,benchmark,8192,4096,2048,0,0,True,4525.78,205.89,205.89,205.89,9.558
2026-05-13T15:00:42.389083+00:00,gpu3_benchmark,3,nocp_s4096_e2048,benchmark,32768,4096,2048,0,0,True,9474.26,895.58,895.58,895.58,9.558
2026-05-13T15:00:51.947211+00:00,gpu3_benchmark,3,nocp_s4096_e2048,benchmark,65536,4096,2048,0,0,True,17708.01,2061.31,2061.31,2061.31,9.625
2026-05-13T15:01:01.572613+00:00,gpu3_benchmark,3,nocp_s4096_e2048,benchmark,131072,4096,2048,0,0,False,,,,,5.496
2026-05-13T15:01:07.068676+00:00,gpu3_benchmark,3,nocp_s2048_e2048,correctness,2048,2048,2048,0,0,True,,,,,7.762
2026-05-13T15:01:14.830645+00:00,gpu3_benchmark,3,nocp_s2048_e2048,benchmark,2048,2048,2048,0,0,True,3510.1,55.56,55.56,55.56,9.711
2026-05-13T15:01:14.830645+00:00,gpu3_benchmark,3,nocp_s2048_e2048,benchmark,8192,2048,2048,0,0,True,4526.78,228.93,228.93,228.93,9.711
2026-05-13T15:01:14.830645+00:00,gpu3_benchmark,3,nocp_s2048_e2048,benchmark,32768,2048,2048,0,0,True,9476.26,1022.78,1022.78,1022.78,9.711
2026-05-13T15:01:24.542521+00:00,gpu3_benchmark,3,nocp_s2048_e2048,benchmark,65536,2048,2048,0,0,True,17708.01,2209.39,2209.39,2209.39,10.016
2026-05-13T15:01:34.559504+00:00,gpu3_benchmark,3,nocp_s2048_e2048,benchmark,131072,2048,2048,0,0,False,,,,,5.832
2026-05-13T15:01:40.392393+00:00,gpu3_benchmark,3,ckpt_s8192_e8192,correctness,2048,8192,8192,1,0,True,,,,,9.081
2026-05-13T15:01:49.473997+00:00,gpu3_benchmark,3,ckpt_s8192_e8192,benchmark,2048,8192,8192,1,0,True,3432.23,57.47,57.47,57.47,8.647
2026-05-13T15:01:49.473997+00:00,gpu3_benchmark,3,ckpt_s8192_e8192,benchmark,8192,8192,8192,1,0,True,4012.63,88.64,88.64,88.64,8.647
2026-05-13T15:01:49.473997+00:00,gpu3_benchmark,3,ckpt_s8192_e8192,benchmark,32768,8192,8192,1,0,True,6814.85,404.44,404.44,404.44,8.647
2026-05-13T15:01:58.121843+00:00,gpu3_benchmark,3,ckpt_s8192_e8192,benchmark,65536,8192,8192,1,0,True,11272.01,832.76,832.76,832.76,7.376
2026-05-13T15:02:05.498559+00:00,gpu3_benchmark,3,ckpt_s8192_e8192,benchmark,131072,8192,8192,1,0,True,21303.26,1876.45,1876.45,1876.45,9.941
2026-05-13T15:02:15.440420+00:00,gpu3_benchmark,3,ckpt_s16384_e4096,correctness,2048,16384,4096,1,0,True,,,,,8.858
2026-05-13T15:02:24.298965+00:00,gpu3_benchmark,3,ckpt_s16384_e4096,benchmark,2048,16384,4096,1,0,True,3432.23,61.9,61.9,61.9,10.186
2026-05-13T15:02:24.298965+00:00,gpu3_benchmark,3,ckpt_s16384_e4096,benchmark,8192,16384,4096,1,0,True,4092.77,138.12,138.12,138.12,10.186
2026-05-13T15:02:24.298965+00:00,gpu3_benchmark,3,ckpt_s16384_e4096,benchmark,32768,16384,4096,1,0,True,6894.87,610.45,610.45,610.45,10.186
2026-05-13T15:02:34.485121+00:00,gpu3_benchmark,3,ckpt_s16384_e4096,benchmark,65536,16384,4096,1,0,True,11272.01,1305.46,1305.46,1305.46,8.794
2026-05-13T15:02:43.279047+00:00,gpu3_benchmark,3,ckpt_s16384_e4096,benchmark,131072,16384,4096,1,0,False,,,,,9.395
2026-05-13T15:02:52.674134+00:00,gpu3_benchmark,3,ckpt_s8192_e4096,correctness,2048,8192,4096,1,0,True,,,,,8.542
2026-05-13T15:03:01.216263+00:00,gpu3_benchmark,3,ckpt_s8192_e4096,benchmark,2048,8192,4096,1,0,True,3432.23,58.35,58.35,58.35,10.095
2026-05-13T15:03:01.216263+00:00,gpu3_benchmark,3,ckpt_s8192_e4096,benchmark,8192,8192,4096,1,0,True,4092.77,140.63,140.63,140.63,10.095
2026-05-13T15:03:01.216263+00:00,gpu3_benchmark,3,ckpt_s8192_e4096,benchmark,32768,8192,4096,1,0,True,6894.87,592.7,592.7,592.7,10.095
2026-05-13T15:03:11.311972+00:00,gpu3_benchmark,3,ckpt_s8192_e4096,benchmark,65536,8192,4096,1,0,True,11272.01,1320.78,1320.78,1320.78,8.365
2026-05-13T15:03:19.677373+00:00,gpu3_benchmark,3,ckpt_s8192_e4096,benchmark,131072,8192,4096,1,0,False,,,,,9.459
2026-05-13T15:03:29.136746+00:00,gpu3_benchmark,3,ckpt_s4096_e4096,correctness,2048,4096,4096,1,0,True,,,,,9.115
2026-05-13T15:03:38.252311+00:00,gpu3_benchmark,3,ckpt_s4096_e4096,benchmark,2048,4096,4096,1,0,True,3432.23,59.23,59.23,59.23,9.766
2026-05-13T15:03:38.252311+00:00,gpu3_benchmark,3,ckpt_s4096_e4096,benchmark,8192,4096,4096,1,0,True,4092.77,147.89,147.89,147.89,9.766
2026-05-13T15:03:38.252311+00:00,gpu3_benchmark,3,ckpt_s4096_e4096,benchmark,32768,4096,4096,1,0,True,6894.87,612.9,612.9,612.9,9.766
2026-05-13T15:03:48.018537+00:00,gpu3_benchmark,3,ckpt_s4096_e4096,benchmark,65536,4096,4096,1,0,True,11272.01,1319.1,1319.1,1319.1,8.536
2026-05-13T15:03:56.554417+00:00,gpu3_benchmark,3,ckpt_s4096_e4096,benchmark,131072,4096,4096,1,0,False,,,,,9.250
2026-05-13T15:04:05.805196+00:00,gpu3_benchmark,3,ckpt_s8192_e2048,correctness,2048,8192,2048,1,0,True,,,,,8.207
2026-05-13T15:04:14.012059+00:00,gpu3_benchmark,3,ckpt_s8192_e2048,benchmark,2048,8192,2048,1,0,True,3432.23,63.22,63.22,63.22,10.862
2026-05-13T15:04:14.012059+00:00,gpu3_benchmark,3,ckpt_s8192_e2048,benchmark,8192,8192,2048,1,0,True,4132.78,242.67,242.67,242.67,10.862
2026-05-13T15:04:14.012059+00:00,gpu3_benchmark,3,ckpt_s8192_e2048,benchmark,32768,8192,2048,1,0,True,6934.88,1081.7,1081.7,1081.7,10.862
2026-05-13T15:04:24.874571+00:00,gpu3_benchmark,3,ckpt_s8192_e2048,benchmark,65536,8192,2048,1,0,True,11272.01,2286.76,2286.76,2286.76,10.229
2026-05-13T15:04:35.104110+00:00,gpu3_benchmark,3,ckpt_s8192_e2048,benchmark,131072,8192,2048,1,0,False,,,,,6.307
2026-05-13T15:04:41.411327+00:00,gpu3_benchmark,3,ckpt_s4096_e2048,correctness,2048,4096,2048,1,0,True,,,,,8.774
2026-05-13T15:04:50.185234+00:00,gpu3_benchmark,3,ckpt_s4096_e2048,benchmark,2048,4096,2048,1,0,True,3432.23,59.42,59.42,59.42,10.955
2026-05-13T15:04:50.185234+00:00,gpu3_benchmark,3,ckpt_s4096_e2048,benchmark,8192,4096,2048,1,0,True,4132.78,244.49,244.49,244.49,10.955
2026-05-13T15:04:50.185234+00:00,gpu3_benchmark,3,ckpt_s4096_e2048,benchmark,32768,4096,2048,1,0,True,6934.88,1068.7,1068.7,1068.7,10.955
2026-05-13T15:05:01.140936+00:00,gpu3_benchmark,3,ckpt_s4096_e2048,benchmark,65536,4096,2048,1,0,True,11272.01,2306.67,2306.67,2306.67,10.065
2026-05-13T15:05:11.206165+00:00,gpu3_benchmark,3,ckpt_s4096_e2048,benchmark,131072,4096,2048,1,0,False,,,,,6.522
2026-05-13T15:05:17.728531+00:00,gpu3_benchmark,3,ckpt_s2048_e2048,correctness,2048,2048,2048,1,0,True,,,,,8.627
2026-05-13T15:05:26.355427+00:00,gpu3_benchmark,3,ckpt_s2048_e2048,benchmark,2048,2048,2048,1,0,True,3432.23,62.9,62.9,62.9,10.502
2026-05-13T15:05:26.355427+00:00,gpu3_benchmark,3,ckpt_s2048_e2048,benchmark,8192,2048,2048,1,0,True,4132.78,244.61,244.61,244.61,10.502
2026-05-13T15:05:26.355427+00:00,gpu3_benchmark,3,ckpt_s2048_e2048,benchmark,32768,2048,2048,1,0,True,6934.88,1074.86,1074.86,1074.86,10.502
2026-05-13T15:05:36.857752+00:00,gpu3_benchmark,3,ckpt_s2048_e2048,benchmark,65536,2048,2048,1,0,True,11272.01,2314.06,2314.06,2314.06,10.499
2026-05-13T15:05:47.357526+00:00,gpu3_benchmark,3,ckpt_s2048_e2048,benchmark,131072,2048,2048,1,0,False,,,,,7.083
2026-05-13T15:05:54.440654+00:00,gpu3_benchmark,3,ckpt_s4096_e1024,correctness,2048,4096,1024,1,0,True,,,,,8.821
2026-05-13T15:06:03.262117+00:00,gpu3_benchmark,3,ckpt_s4096_e1024,benchmark,2048,4096,1024,1,0,True,3453.26,208.36,208.36,208.36,12.853
2026-05-13T15:06:03.262117+00:00,gpu3_benchmark,3,ckpt_s4096_e1024,benchmark,8192,4096,1024,1,0,True,4153.79,446.97,446.97,446.97,12.853
2026-05-13T15:06:03.262117+00:00,gpu3_benchmark,3,ckpt_s4096_e1024,benchmark,32768,4096,1024,1,0,True,6955.88,1943.42,1943.42,1943.42,12.853
2026-05-13T15:06:16.115825+00:00,gpu3_benchmark,3,ckpt_s4096_e1024,benchmark,65536,4096,1024,1,0,True,11272.51,4236.88,4236.88,4236.88,14.660
2026-05-13T15:06:30.776464+00:00,gpu3_benchmark,3,ckpt_s4096_e1024,benchmark,131072,4096,1024,1,0,True,21314.76,10285.71,10285.71,10285.71,26.818
2026-05-13T15:06:57.594673+00:00,gpu3_benchmark,3,ckpt_s2048_e1024,correctness,2048,2048,1024,1,0,True,,,,,8.843
2026-05-13T15:07:06.438430+00:00,gpu3_benchmark,3,ckpt_s2048_e1024,benchmark,2048,2048,1024,1,0,True,3453.26,213.01,213.01,213.01,12.673
2026-05-13T15:07:06.438430+00:00,gpu3_benchmark,3,ckpt_s2048_e1024,benchmark,8192,2048,1024,1,0,True,4153.79,458.91,458.91,458.91,12.673
2026-05-13T15:07:06.438430+00:00,gpu3_benchmark,3,ckpt_s2048_e1024,benchmark,32768,2048,1024,1,0,True,6955.88,1970.47,1970.47,1970.47,12.673
2026-05-13T15:07:19.111885+00:00,gpu3_benchmark,3,ckpt_s2048_e1024,benchmark,65536,2048,1024,1,0,True,11272.51,4298.86,4298.86,4298.86,14.630
2026-05-13T15:07:33.741710+00:00,gpu3_benchmark,3,ckpt_s2048_e1024,benchmark,131072,2048,1024,1,0,False,,,,,16.805
2026-05-13T15:07:50.546845+00:00,gpu3_benchmark,3,ckpt_s1024_e1024,correctness,2048,1024,1024,1,0,True,,,,,8.634
2026-05-13T15:07:59.180715+00:00,gpu3_benchmark,3,ckpt_s1024_e1024,benchmark,2048,1024,1024,1,0,True,3452.26,112.88,112.88,112.88,12.947
2026-05-13T15:07:59.180715+00:00,gpu3_benchmark,3,ckpt_s1024_e1024,benchmark,8192,1024,1024,1,0,True,4152.79,460.49,460.49,460.49,12.947
2026-05-13T15:07:59.180715+00:00,gpu3_benchmark,3,ckpt_s1024_e1024,benchmark,32768,1024,1024,1,0,True,6954.88,1977.7,1977.7,1977.7,12.947
2026-05-13T15:08:12.128417+00:00,gpu3_benchmark,3,ckpt_s1024_e1024,benchmark,65536,1024,1024,1,0,True,11272.01,4365.03,4365.03,4365.03,15.186
2026-05-13T15:08:27.314348+00:00,gpu3_benchmark,3,ckpt_s1024_e1024,benchmark,131072,1024,1024,1,0,False,,,,,17.306
2026-05-13T15:08:44.620598+00:00,gpu3_benchmark,3,nocp_s8192_e8192,correctness,2048,8192,8192,0,0,True,,,,,7.972
2026-05-13T15:08:52.592487+00:00,gpu3_benchmark,3,nocp_s8192_e8192,benchmark,2048,8192,8192,0,0,True,3510.1,55.63,55.63,55.63,8.250
2026-05-13T15:08:52.592487+00:00,gpu3_benchmark,3,nocp_s8192_e8192,benchmark,8192,8192,8192,0,0,True,4300.63,89.21,89.21,89.21,8.250
2026-05-13T15:08:52.592487+00:00,gpu3_benchmark,3,nocp_s8192_e8192,benchmark,32768,8192,8192,0,0,True,9328.38,367.89,367.89,367.89,8.250
2026-05-13T15:09:00.843547+00:00,gpu3_benchmark,3,nocp_s8192_e8192,benchmark,65536,8192,8192,0,0,True,17416.01,781.96,781.96,781.96,6.355
2026-05-13T15:09:07.198469+00:00,gpu3_benchmark,3,nocp_s8192_e8192,benchmark,131072,8192,8192,0,0,False,,,,,5.078
2026-05-13T15:09:12.277150+00:00,gpu3_benchmark,3,nocp_s8192_e4096,correctness,2048,8192,4096,0,0,True,,,,,8.044
2026-05-13T15:09:20.321475+00:00,gpu3_benchmark,3,nocp_s8192_e4096,benchmark,2048,8192,4096,0,0,True,3510.1,55.79,55.79,55.79,9.080
2026-05-13T15:09:20.321475+00:00,gpu3_benchmark,3,nocp_s8192_e4096,benchmark,8192,8192,4096,0,0,True,4428.77,137.25,137.25,137.25,9.080
2026-05-13T15:09:20.321475+00:00,gpu3_benchmark,3,nocp_s8192_e4096,benchmark,32768,8192,4096,0,0,True,9328.38,570.87,570.87,570.87,9.080
2026-05-13T15:09:29.401719+00:00,gpu3_benchmark,3,nocp_s8192_e4096,benchmark,65536,8192,4096,0,0,True,17416.01,1239.94,1239.94,1239.94,7.633
2026-05-13T15:09:37.034882+00:00,gpu3_benchmark,3,nocp_s8192_e4096,benchmark,131072,8192,4096,0,0,False,,,,,5.354
2026-05-13T15:09:42.389723+00:00,gpu3_benchmark,3,nocp_s4096_e4096,correctness,2048,4096,4096,0,0,True,,,,,7.863
2026-05-13T15:09:50.252754+00:00,gpu3_benchmark,3,nocp_s4096_e4096,benchmark,2048,4096,4096,0,0,True,3510.1,54.39,54.39,54.39,8.931
2026-05-13T15:09:50.252754+00:00,gpu3_benchmark,3,nocp_s4096_e4096,benchmark,8192,4096,4096,0,0,True,4428.77,126.35,126.35,126.35,8.931
2026-05-13T15:09:50.252754+00:00,gpu3_benchmark,3,nocp_s4096_e4096,benchmark,32768,4096,4096,0,0,True,9328.38,596.03,596.03,596.03,8.931
2026-05-13T15:09:59.183899+00:00,gpu3_benchmark,3,nocp_s4096_e4096,benchmark,65536,4096,4096,0,0,True,17416.01,1261.47,1261.47,1261.47,7.741
2026-05-13T15:10:06.925654+00:00,gpu3_benchmark,3,nocp_s4096_e4096,benchmark,131072,4096,4096,0,0,False,,,,,4.907
2026-05-13T15:10:11.833502+00:00,gpu3_benchmark,3,nocp_s4096_e2048,correctness,2048,4096,2048,0,0,True,,,,,8.207
2026-05-13T15:10:20.040334+00:00,gpu3_benchmark,3,nocp_s4096_e2048,benchmark,2048,4096,2048,0,0,True,3510.1,55.0,55.0,55.0,10.284
2026-05-13T15:10:20.040334+00:00,gpu3_benchmark,3,nocp_s4096_e2048,benchmark,8192,4096,2048,0,0,True,4525.78,234.16,234.16,234.16,10.284
2026-05-13T15:10:20.040334+00:00,gpu3_benchmark,3,nocp_s4096_e2048,benchmark,32768,4096,2048,0,0,True,9474.26,1012.58,1012.58,1012.58,10.284
2026-05-13T15:10:30.324438+00:00,gpu3_benchmark,3,nocp_s4096_e2048,benchmark,65536,4096,2048,0,0,True,17708.01,2162.96,2162.96,2162.96,9.795
2026-05-13T15:10:40.120222+00:00,gpu3_benchmark,3,nocp_s4096_e2048,benchmark,131072,4096,2048,0,0,False,,,,,5.298
2026-05-13T15:10:45.418790+00:00,gpu3_benchmark,3,nocp_s2048_e2048,correctness,2048,2048,2048,0,0,True,,,,,8.191
2026-05-13T15:10:53.610538+00:00,gpu3_benchmark,3,nocp_s2048_e2048,benchmark,2048,2048,2048,0,0,True,3510.1,55.17,55.17,55.17,10.475
2026-05-13T15:10:53.610538+00:00,gpu3_benchmark,3,nocp_s2048_e2048,benchmark,8192,2048,2048,0,0,True,4526.78,227.32,227.32,227.32,10.475
2026-05-13T15:10:53.610538+00:00,gpu3_benchmark,3,nocp_s2048_e2048,benchmark,32768,2048,2048,0,0,True,9476.26,999.95,999.95,999.95,10.475
2026-05-13T15:11:04.086341+00:00,gpu3_benchmark,3,nocp_s2048_e2048,benchmark,65536,2048,2048,0,0,True,17708.01,2188.19,2188.19,2188.19,9.968
2026-05-13T15:11:14.054577+00:00,gpu3_benchmark,3,nocp_s2048_e2048,benchmark,131072,2048,2048,0,0,False,,,,,5.630
2026-05-13T15:11:19.685463+00:00,gpu3_benchmark,3,ckpt_s8192_e8192,correctness,2048,8192,8192,1,0,True,,,,,9.046
2026-05-13T15:11:28.731404+00:00,gpu3_benchmark,3,ckpt_s8192_e8192,benchmark,2048,8192,8192,1,0,True,3432.23,58.95,58.95,58.95,10.051
2026-05-13T15:11:28.731404+00:00,gpu3_benchmark,3,ckpt_s8192_e8192,benchmark,8192,8192,8192,1,0,True,4012.63,89.6,89.6,89.6,10.051
2026-05-13T15:11:28.731404+00:00,gpu3_benchmark,3,ckpt_s8192_e8192,benchmark,32768,8192,8192,1,0,True,6814.85,416.69,416.69,416.69,10.051
2026-05-13T15:11:38.782368+00:00,gpu3_benchmark,3,ckpt_s8192_e8192,benchmark,65536,8192,8192,1,0,True,11272.01,745.66,745.66,745.66,7.339
2026-05-13T15:11:46.121337+00:00,gpu3_benchmark,3,ckpt_s8192_e8192,benchmark,131072,8192,8192,1,0,True,21303.26,1668.5,1668.5,1668.5,9.228
2026-05-13T15:11:55.349455+00:00,gpu3_benchmark,3,ckpt_s16384_e4096,correctness,2048,16384,4096,1,0,True,,,,,8.602
2026-05-13T15:12:03.952015+00:00,gpu3_benchmark,3,ckpt_s16384_e4096,benchmark,2048,16384,4096,1,0,True,3432.23,54.61,54.61,54.61,10.256
2026-05-13T15:12:03.952015+00:00,gpu3_benchmark,3,ckpt_s16384_e4096,benchmark,8192,16384,4096,1,0,True,4092.77,140.42,140.42,140.42,10.256
2026-05-13T15:12:03.952015+00:00,gpu3_benchmark,3,ckpt_s16384_e4096,benchmark,32768,16384,4096,1,0,True,6894.87,606.94,606.94,606.94,10.256
2026-05-13T15:12:14.208472+00:00,gpu3_benchmark,3,ckpt_s16384_e4096,benchmark,65536,16384,4096,1,0,True,11272.01,1289.68,1289.68,1289.68,9.315
2026-05-13T15:12:23.523643+00:00,gpu3_benchmark,3,ckpt_s16384_e4096,benchmark,131072,16384,4096,1,0,False,,,,,9.056
2026-05-13T15:12:32.580306+00:00,gpu3_benchmark,3,ckpt_s8192_e4096,correctness,2048,8192,4096,1,0,True,,,,,8.899
2026-05-13T15:12:41.479744+00:00,gpu3_benchmark,3,ckpt_s8192_e4096,benchmark,2048,8192,4096,1,0,True,3432.23,60.79,60.79,60.79,9.700
2026-05-13T15:12:41.479744+00:00,gpu3_benchmark,3,ckpt_s8192_e4096,benchmark,8192,8192,4096,1,0,True,4092.77,140.41,140.41,140.41,9.700
2026-05-13T15:12:41.479744+00:00,gpu3_benchmark,3,ckpt_s8192_e4096,benchmark,32768,8192,4096,1,0,True,6894.87,595.71,595.71,595.71,9.700
2026-05-13T15:12:51.180269+00:00,gpu3_benchmark,3,ckpt_s8192_e4096,benchmark,65536,8192,4096,1,0,True,11272.01,1306.96,1306.96,1306.96,8.291
2026-05-13T15:12:59.471698+00:00,gpu3_benchmark,3,ckpt_s8192_e4096,benchmark,131072,8192,4096,1,0,False,,,,,8.616
2026-05-13T15:13:08.087796+00:00,gpu3_benchmark,3,ckpt_s4096_e4096,correctness,2048,4096,4096,1,0,True,,,,,7.992
2026-05-13T15:13:16.080340+00:00,gpu3_benchmark,3,ckpt_s4096_e4096,benchmark,2048,4096,4096,1,0,True,3432.23,61.23,61.23,61.23,10.044
2026-05-13T15:13:16.080340+00:00,gpu3_benchmark,3,ckpt_s4096_e4096,benchmark,8192,4096,4096,1,0,True,4092.77,142.25,142.25,142.25,10.044
2026-05-13T15:13:16.080340+00:00,gpu3_benchmark,3,ckpt_s4096_e4096,benchmark,32768,4096,4096,1,0,True,6894.87,608.86,608.86,608.86,10.044
2026-05-13T15:13:26.124860+00:00,gpu3_benchmark,3,ckpt_s4096_e4096,benchmark,65536,4096,4096,1,0,True,11272.01,1322.9,1322.9,1322.9,8.933
2026-05-13T15:13:35.058518+00:00,gpu3_benchmark,3,ckpt_s4096_e4096,benchmark,131072,4096,4096,1,0,False,,,,,9.284
2026-05-13T15:13:44.342568+00:00,gpu3_benchmark,3,ckpt_s8192_e2048,correctness,2048,8192,2048,1,0,True,,,,,8.331
2026-05-13T15:13:52.673639+00:00,gpu3_benchmark,3,ckpt_s8192_e2048,benchmark,2048,8192,2048,1,0,True,3432.23,58.81,58.81,58.81,10.947
2026-05-13T15:13:52.673639+00:00,gpu3_benchmark,3,ckpt_s8192_e2048,benchmark,8192,8192,2048,1,0,True,4132.78,245.55,245.55,245.55,10.947
2026-05-13T15:13:52.673639+00:00,gpu3_benchmark,3,ckpt_s8192_e2048,benchmark,32768,8192,2048,1,0,True,6934.88,1038.71,1038.71,1038.71,10.947
2026-05-13T15:14:03.620741+00:00,gpu3_benchmark,3,ckpt_s8192_e2048,benchmark,65536,8192,2048,1,0,True,11272.01,2259.11,2259.11,2259.11,10.915
2026-05-13T15:14:14.536517+00:00,gpu3_benchmark,3,ckpt_s8192_e2048,benchmark,131072,8192,2048,1,0,False,,,,,6.710
2026-05-13T15:14:21.247147+00:00,gpu3_benchmark,3,ckpt_s4096_e2048,correctness,2048,4096,2048,1,0,True,,,,,8.393
2026-05-13T15:14:29.640048+00:00,gpu3_benchmark,3,ckpt_s4096_e2048,benchmark,2048,4096,2048,1,0,True,3432.23,61.73,61.73,61.73,9.964
2026-05-13T15:14:29.640048+00:00,gpu3_benchmark,3,ckpt_s4096_e2048,benchmark,8192,4096,2048,1,0,True,4132.78,236.14,236.14,236.14,9.964
2026-05-13T15:14:29.640048+00:00,gpu3_benchmark,3,ckpt_s4096_e2048,benchmark,32768,4096,2048,1,0,True,6934.88,1062.9,1062.9,1062.9,9.964
2026-05-13T15:14:39.604472+00:00,gpu3_benchmark,3,ckpt_s4096_e2048,benchmark,65536,4096,2048,1,0,True,11272.01,2304.29,2304.29,2304.29,11.355
2026-05-13T15:14:50.959699+00:00,gpu3_benchmark,3,ckpt_s4096_e2048,benchmark,131072,4096,2048,1,0,False,,,,,6.353
2026-05-13T15:14:57.313028+00:00,gpu3_benchmark,3,ckpt_s2048_e2048,correctness,2048,2048,2048,1,0,True,,,,,8.933
2026-05-13T15:15:06.246791+00:00,gpu3_benchmark,3,ckpt_s2048_e2048,benchmark,2048,2048,2048,1,0,True,3432.23,59.2,59.2,59.2,10.676
2026-05-13T15:15:06.246791+00:00,gpu3_benchmark,3,ckpt_s2048_e2048,benchmark,8192,2048,2048,1,0,True,4132.78,237.67,237.67,237.67,10.676
2026-05-13T15:15:06.246791+00:00,gpu3_benchmark,3,ckpt_s2048_e2048,benchmark,32768,2048,2048,1,0,True,6934.88,1056.39,1056.39,1056.39,10.676
2026-05-13T15:15:16.923319+00:00,gpu3_benchmark,3,ckpt_s2048_e2048,benchmark,65536,2048,2048,1,0,True,11272.01,2314.22,2314.22,2314.22,11.032
2026-05-13T15:15:27.955482+00:00,gpu3_benchmark,3,ckpt_s2048_e2048,benchmark,131072,2048,2048,1,0,False,,,,,6.656
2026-05-13T15:15:34.611961+00:00,gpu3_benchmark,3,ckpt_s4096_e1024,correctness,2048,4096,1024,1,0,True,,,,,9.007
2026-05-13T15:15:43.618957+00:00,gpu3_benchmark,3,ckpt_s4096_e1024,benchmark,2048,4096,1024,1,0,True,3453.26,196.18,196.18,196.18,12.912
2026-05-13T15:15:43.618957+00:00,gpu3_benchmark,3,ckpt_s4096_e1024,benchmark,8192,4096,1024,1,0,True,4153.79,441.43,441.43,441.43,12.912
2026-05-13T15:15:43.618957+00:00,gpu3_benchmark,3,ckpt_s4096_e1024,benchmark,32768,4096,1024,1,0,True,6955.88,1967.48,1967.48,1967.48,12.912
2026-05-13T15:15:56.531396+00:00,gpu3_benchmark,3,ckpt_s4096_e1024,benchmark,65536,4096,1024,1,0,True,11272.51,4288.51,4288.51,4288.51,14.506
2026-05-13T15:16:11.037571+00:00,gpu3_benchmark,3,ckpt_s4096_e1024,benchmark,131072,4096,1024,1,0,True,21314.76,9970.05,9970.05,9970.05,26.173
2026-05-13T15:16:37.211074+00:00,gpu3_benchmark,3,ckpt_s2048_e1024,correctness,2048,2048,1024,1,0,True,,,,,8.859
2026-05-13T15:16:46.070544+00:00,gpu3_benchmark,3,ckpt_s2048_e1024,benchmark,2048,2048,1024,1,0,True,3453.26,236.64,236.64,236.64,13.188
2026-05-13T15:16:46.070544+00:00,gpu3_benchmark,3,ckpt_s2048_e1024,benchmark,8192,2048,1024,1,0,True,4153.79,474.14,474.14,474.14,13.188
2026-05-13T15:16:46.070544+00:00,gpu3_benchmark,3,ckpt_s2048_e1024,benchmark,32768,2048,1024,1,0,True,6955.88,1971.46,1971.46,1971.46,13.188
2026-05-13T15:16:59.259387+00:00,gpu3_benchmark,3,ckpt_s2048_e1024,benchmark,65536,2048,1024,1,0,True,11272.51,4293.32,4293.32,4293.32,14.945
2026-05-13T15:17:14.204571+00:00,gpu3_benchmark,3,ckpt_s2048_e1024,benchmark,131072,2048,1024,1,0,False,,,,,17.518
2026-05-13T15:17:31.723117+00:00,gpu3_benchmark,3,ckpt_s1024_e1024,correctness,2048,1024,1024,1,0,True,,,,,9.339
2026-05-13T15:17:41.062593+00:00,gpu3_benchmark,3,ckpt_s1024_e1024,benchmark,2048,1024,1024,1,0,True,3452.26,109.53,109.53,109.53,13.575
2026-05-13T15:17:41.062593+00:00,gpu3_benchmark,3,ckpt_s1024_e1024,benchmark,8192,1024,1024,1,0,True,4152.79,455.66,455.66,455.66,13.575
2026-05-13T15:17:41.062593+00:00,gpu3_benchmark,3,ckpt_s1024_e1024,benchmark,32768,1024,1024,1,0,True,6954.88,1980.54,1980.54,1980.54,13.575
2026-05-13T15:17:54.637916+00:00,gpu3_benchmark,3,ckpt_s1024_e1024,benchmark,65536,1024,1024,1,0,True,11272.01,4310.09,4310.09,4310.09,15.050
2026-05-13T15:18:09.688084+00:00,gpu3_benchmark,3,ckpt_s1024_e1024,benchmark,131072,1024,1024,1,0,False,,,,,17.472
2026-05-13T15:18:27.160527+00:00,gpu3_benchmark,3,nocp_s8192_e8192,correctness,2048,8192,8192,0,0,True,,,,,8.106
2026-05-13T15:18:35.266713+00:00,gpu3_benchmark,3,nocp_s8192_e8192,benchmark,2048,8192,8192,0,0,True,3510.1,55.26,55.26,55.26,8.431
2026-05-13T15:18:35.266713+00:00,gpu3_benchmark,3,nocp_s8192_e8192,benchmark,8192,8192,8192,0,0,True,4300.63,92.4,92.4,92.4,8.431
2026-05-13T15:18:35.266713+00:00,gpu3_benchmark,3,nocp_s8192_e8192,benchmark,32768,8192,8192,0,0,True,9328.38,364.01,364.01,364.01,8.431
2026-05-13T15:18:43.698396+00:00,gpu3_benchmark,3,nocp_s8192_e8192,benchmark,65536,8192,8192,0,0,True,17416.01,813.2,813.2,813.2,6.827
2026-05-13T15:18:50.526065+00:00,gpu3_benchmark,3,nocp_s8192_e8192,benchmark,131072,8192,8192,0,0,False,,,,,5.024
2026-05-13T15:18:55.550406+00:00,gpu3_benchmark,3,nocp_s8192_e4096,correctness,2048,8192,4096,0,0,True,,,,,8.161
2026-05-13T15:19:03.711449+00:00,gpu3_benchmark,3,nocp_s8192_e4096,benchmark,2048,8192,4096,0,0,True,3510.1,57.3,57.3,57.3,8.850
2026-05-13T15:19:03.711449+00:00,gpu3_benchmark,3,nocp_s8192_e4096,benchmark,8192,8192,4096,0,0,True,4428.77,139.99,139.99,139.99,8.850
2026-05-13T15:19:03.711449+00:00,gpu3_benchmark,3,nocp_s8192_e4096,benchmark,32768,8192,4096,0,0,True,9328.38,572.88,572.88,572.88,8.850
2026-05-13T15:19:12.561309+00:00,gpu3_benchmark,3,nocp_s8192_e4096,benchmark,65536,8192,4096,0,0,True,17416.01,1254.02,1254.02,1254.02,7.750
2026-05-13T15:19:20.311363+00:00,gpu3_benchmark,3,nocp_s8192_e4096,benchmark,131072,8192,4096,0,0,False,,,,,5.481
2026-05-13T15:19:25.792515+00:00,gpu3_benchmark,3,nocp_s4096_e4096,correctness,2048,4096,4096,0,0,True,,,,,7.911
2026-05-13T15:19:33.703803+00:00,gpu3_benchmark,3,nocp_s4096_e4096,benchmark,2048,4096,4096,0,0,True,3510.1,58.09,58.09,58.09,8.791
2026-05-13T15:19:33.703803+00:00,gpu3_benchmark,3,nocp_s4096_e4096,benchmark,8192,4096,4096,0,0,True,4428.77,126.87,126.87,126.87,8.791
2026-05-13T15:19:33.703803+00:00,gpu3_benchmark,3,nocp_s4096_e4096,benchmark,32768,4096,4096,0,0,True,9328.38,583.07,583.07,583.07,8.791
2026-05-13T15:19:42.494858+00:00,gpu3_benchmark,3,nocp_s4096_e4096,benchmark,65536,4096,4096,0,0,True,17416.01,1265.02,1265.02,1265.02,7.551
2026-05-13T15:19:50.046384+00:00,gpu3_benchmark,3,nocp_s4096_e4096,benchmark,131072,4096,4096,0,0,False,,,,,5.267
2026-05-13T15:19:55.314209+00:00,gpu3_benchmark,3,nocp_s4096_e2048,correctness,2048,4096,2048,0,0,True,,,,,8.059
2026-05-13T15:20:03.373338+00:00,gpu3_benchmark,3,nocp_s4096_e2048,benchmark,2048,4096,2048,0,0,True,3510.1,56.1,56.1,56.1,9.970
2026-05-13T15:20:03.373338+00:00,gpu3_benchmark,3,nocp_s4096_e2048,benchmark,8192,4096,2048,0,0,True,4525.78,226.11,226.11,226.11,9.970
2026-05-13T15:20:03.373338+00:00,gpu3_benchmark,3,nocp_s4096_e2048,benchmark,32768,4096,2048,0,0,True,9474.26,1035.95,1035.95,1035.95,9.970
2026-05-13T15:20:13.344092+00:00,gpu3_benchmark,3,nocp_s4096_e2048,benchmark,65536,4096,2048,0,0,True,17708.01,2174.07,2174.07,2174.07,9.451
2026-05-13T15:20:22.795600+00:00,gpu3_benchmark,3,nocp_s4096_e2048,benchmark,131072,4096,2048,0,0,False,,,,,5.439
2026-05-13T15:20:28.235274+00:00,gpu3_benchmark,3,nocp_s2048_e2048,correctness,2048,2048,2048,0,0,True,,,,,7.756
2026-05-13T15:20:35.991251+00:00,gpu3_benchmark,3,nocp_s2048_e2048,benchmark,2048,2048,2048,0,0,True,3510.1,58.16,58.16,58.16,10.182
2026-05-13T15:20:35.991251+00:00,gpu3_benchmark,3,nocp_s2048_e2048,benchmark,8192,2048,2048,0,0,True,4526.78,228.27,228.27,228.27,10.182
2026-05-13T15:20:35.991251+00:00,gpu3_benchmark,3,nocp_s2048_e2048,benchmark,32768,2048,2048,0,0,True,9476.26,996.51,996.51,996.51,10.182
2026-05-13T15:20:46.173946+00:00,gpu3_benchmark,3,nocp_s2048_e2048,benchmark,65536,2048,2048,0,0,True,17708.01,2217.31,2217.31,2217.31,9.715
2026-05-13T15:20:55.888890+00:00,gpu3_benchmark,3,nocp_s2048_e2048,benchmark,131072,2048,2048,0,0,False,,,,,5.629
2026-05-13T15:21:01.518199+00:00,gpu3_benchmark,3,ckpt_s8192_e8192,correctness,2048,8192,8192,1,0,True,,,,,8.714
2026-05-13T15:21:10.232414+00:00,gpu3_benchmark,3,ckpt_s8192_e8192,benchmark,2048,8192,8192,1,0,True,3432.23,70.44,70.44,70.44,9.322
2026-05-13T15:21:10.232414+00:00,gpu3_benchmark,3,ckpt_s8192_e8192,benchmark,8192,8192,8192,1,0,True,4012.63,89.17,89.17,89.17,9.322
2026-05-13T15:21:10.232414+00:00,gpu3_benchmark,3,ckpt_s8192_e8192,benchmark,32768,8192,8192,1,0,True,6814.85,390.21,390.21,390.21,9.322
2026-05-13T15:21:19.554525+00:00,gpu3_benchmark,3,ckpt_s8192_e8192,benchmark,65536,8192,8192,1,0,True,11272.01,836.44,836.44,836.44,7.606
2026-05-13T15:21:27.160498+00:00,gpu3_benchmark,3,ckpt_s8192_e8192,benchmark,131072,8192,8192,1,0,True,21303.26,1881.09,1881.09,1881.09,10.221
2026-05-13T15:21:37.382512+00:00,gpu3_benchmark,3,ckpt_s16384_e4096,correctness,2048,16384,4096,1,0,True,,,,,9.048
2026-05-13T15:21:46.430988+00:00,gpu3_benchmark,3,ckpt_s16384_e4096,benchmark,2048,16384,4096,1,0,True,3432.23,58.3,58.3,58.3,9.563
2026-05-13T15:21:46.430988+00:00,gpu3_benchmark,3,ckpt_s16384_e4096,benchmark,8192,16384,4096,1,0,True,4092.77,124.53,124.53,124.53,9.563
2026-05-13T15:21:46.430988+00:00,gpu3_benchmark,3,ckpt_s16384_e4096,benchmark,32768,16384,4096,1,0,True,6894.87,532.74,532.74,532.74,9.563
2026-05-13T15:21:55.994589+00:00,gpu3_benchmark,3,ckpt_s16384_e4096,benchmark,65536,16384,4096,1,0,True,11272.01,1273.3,1273.3,1273.3,8.982
2026-05-13T15:22:04.976580+00:00,gpu3_benchmark,3,ckpt_s16384_e4096,benchmark,131072,16384,4096,1,0,False,,,,,9.403
2026-05-13T15:22:14.380538+00:00,gpu3_benchmark,3,ckpt_s8192_e4096,correctness,2048,8192,4096,1,0,True,,,,,9.094
2026-05-13T15:22:23.475320+00:00,gpu3_benchmark,3,ckpt_s8192_e4096,benchmark,2048,8192,4096,1,0,True,3432.23,57.33,57.33,57.33,9.694
2026-05-13T15:22:23.475320+00:00,gpu3_benchmark,3,ckpt_s8192_e4096,benchmark,8192,8192,4096,1,0,True,4092.77,139.57,139.57,139.57,9.694
2026-05-13T15:22:23.475320+00:00,gpu3_benchmark,3,ckpt_s8192_e4096,benchmark,32768,8192,4096,1,0,True,6894.87,628.14,628.14,628.14,9.694
2026-05-13T15:22:33.169482+00:00,gpu3_benchmark,3,ckpt_s8192_e4096,benchmark,65536,8192,4096,1,0,True,11272.01,1299.9,1299.9,1299.9,9.034
2026-05-13T15:22:42.204293+00:00,gpu3_benchmark,3,ckpt_s8192_e4096,benchmark,131072,8192,4096,1,0,False,,,,,9.826
2026-05-13T15:22:52.030539+00:00,gpu3_benchmark,3,ckpt_s4096_e4096,correctness,2048,4096,4096,1,0,True,,,,,8.570
2026-05-13T15:23:00.600700+00:00,gpu3_benchmark,3,ckpt_s4096_e4096,benchmark,2048,4096,4096,1,0,True,3432.23,53.99,53.99,53.99,9.535
2026-05-13T15:23:00.600700+00:00,gpu3_benchmark,3,ckpt_s4096_e4096,benchmark,8192,4096,4096,1,0,True,4092.77,124.55,124.55,124.55,9.535
2026-05-13T15:23:00.600700+00:00,gpu3_benchmark,3,ckpt_s4096_e4096,benchmark,32768,4096,4096,1,0,True,6894.87,541.18,541.18,541.18,9.535
2026-05-13T15:23:10.135577+00:00,gpu3_benchmark,3,ckpt_s4096_e4096,benchmark,65536,4096,4096,1,0,True,11272.01,1181.6,1181.6,1181.6,7.886
2026-05-13T15:23:18.021915+00:00,gpu3_benchmark,3,ckpt_s4096_e4096,benchmark,131072,4096,4096,1,0,False,,,,,9.267
2026-05-13T15:23:27.289576+00:00,gpu3_benchmark,3,ckpt_s8192_e2048,correctness,2048,8192,2048,1,0,True,,,,,8.040
2026-05-13T15:23:35.330192+00:00,gpu3_benchmark,3,ckpt_s8192_e2048,benchmark,2048,8192,2048,1,0,True,3432.23,63.51,63.51,63.51,10.746
2026-05-13T15:23:35.330192+00:00,gpu3_benchmark,3,ckpt_s8192_e2048,benchmark,8192,8192,2048,1,0,True,4132.78,248.2,248.2,248.2,10.746
2026-05-13T15:23:35.330192+00:00,gpu3_benchmark,3,ckpt_s8192_e2048,benchmark,32768,8192,2048,1,0,True,6934.88,1051.93,1051.93,1051.93,10.746
2026-05-13T15:23:46.076788+00:00,gpu3_benchmark,3,ckpt_s8192_e2048,benchmark,65536,8192,2048,1,0,True,11272.01,2310.72,2310.72,2310.72,10.884
2026-05-13T15:23:56.961363+00:00,gpu3_benchmark,3,ckpt_s8192_e2048,benchmark,131072,8192,2048,1,0,False,,,,,6.883
2026-05-13T15:24:03.844422+00:00,gpu3_benchmark,3,ckpt_s4096_e2048,correctness,2048,4096,2048,1,0,True,,,,,8.990
2026-05-13T15:24:12.834803+00:00,gpu3_benchmark,3,ckpt_s4096_e2048,benchmark,2048,4096,2048,1,0,True,3432.23,59.53,59.53,59.53,11.224
2026-05-13T15:24:12.834803+00:00,gpu3_benchmark,3,ckpt_s4096_e2048,benchmark,8192,4096,2048,1,0,True,4132.78,267.86,267.86,267.86,11.224
2026-05-13T15:24:12.834803+00:00,gpu3_benchmark,3,ckpt_s4096_e2048,benchmark,32768,4096,2048,1,0,True,6934.88,1049.98,1049.98,1049.98,11.224
2026-05-13T15:24:24.059172+00:00,gpu3_benchmark,3,ckpt_s4096_e2048,benchmark,65536,4096,2048,1,0,True,11272.01,2315.61,2315.61,2315.61,10.664
2026-05-13T15:24:34.723338+00:00,gpu3_benchmark,3,ckpt_s4096_e2048,benchmark,131072,4096,2048,1,0,False,,,,,6.649
2026-05-13T15:24:41.373087+00:00,gpu3_benchmark,3,ckpt_s2048_e2048,correctness,2048,2048,2048,1,0,True,,,,,8.648
2026-05-13T15:24:50.021653+00:00,gpu3_benchmark,3,ckpt_s2048_e2048,benchmark,2048,2048,2048,1,0,True,3432.23,62.01,62.01,62.01,10.283
2026-05-13T15:24:50.021653+00:00,gpu3_benchmark,3,ckpt_s2048_e2048,benchmark,8192,2048,2048,1,0,True,4132.78,244.26,244.26,244.26,10.283
2026-05-13T15:24:50.021653+00:00,gpu3_benchmark,3,ckpt_s2048_e2048,benchmark,32768,2048,2048,1,0,True,6934.88,1069.15,1069.15,1069.15,10.283
2026-05-13T15:25:00.304933+00:00,gpu3_benchmark,3,ckpt_s2048_e2048,benchmark,65536,2048,2048,1,0,True,11272.01,2322.02,2322.02,2322.02,9.912
2026-05-13T15:25:10.216949+00:00,gpu3_benchmark,3,ckpt_s2048_e2048,benchmark,131072,2048,2048,1,0,False,,,,,6.471
2026-05-13T15:25:16.688138+00:00,gpu3_benchmark,3,ckpt_s4096_e1024,correctness,2048,4096,1024,1,0,True,,,,,8.483
2026-05-13T15:25:25.171875+00:00,gpu3_benchmark,3,ckpt_s4096_e1024,benchmark,2048,4096,1024,1,0,True,3453.26,208.96,208.96,208.96,12.528
2026-05-13T15:25:25.171875+00:00,gpu3_benchmark,3,ckpt_s4096_e1024,benchmark,8192,4096,1024,1,0,True,4153.79,461.82,461.82,461.82,12.528
2026-05-13T15:25:25.171875+00:00,gpu3_benchmark,3,ckpt_s4096_e1024,benchmark,32768,4096,1024,1,0,True,6955.88,1945.63,1945.63,1945.63,12.528
2026-05-13T15:25:37.700690+00:00,gpu3_benchmark,3,ckpt_s4096_e1024,benchmark,65536,4096,1024,1,0,True,11272.51,4274.0,4274.0,4274.0,14.322
2026-05-13T15:25:52.022612+00:00,gpu3_benchmark,3,ckpt_s4096_e1024,benchmark,131072,4096,1024,1,0,True,21314.76,10064.13,10064.13,10064.13,26.806
2026-05-13T15:26:18.828946+00:00,gpu3_benchmark,3,ckpt_s2048_e1024,correctness,2048,2048,1024,1,0,True,,,,,9.169
2026-05-13T15:26:27.998607+00:00,gpu3_benchmark,3,ckpt_s2048_e1024,benchmark,2048,2048,1024,1,0,True,3453.26,233.11,233.11,233.11,13.256
2026-05-13T15:26:27.998607+00:00,gpu3_benchmark,3,ckpt_s2048_e1024,benchmark,8192,2048,1024,1,0,True,4153.79,454.55,454.55,454.55,13.256
2026-05-13T15:26:27.998607+00:00,gpu3_benchmark,3,ckpt_s2048_e1024,benchmark,32768,2048,1024,1,0,True,6955.88,1962.43,1962.43,1962.43,13.256
2026-05-13T15:26:41.254607+00:00,gpu3_benchmark,3,ckpt_s2048_e1024,benchmark,65536,2048,1024,1,0,True,11272.51,4308.26,4308.26,4308.26,14.651
2026-05-13T15:26:55.905547+00:00,gpu3_benchmark,3,ckpt_s2048_e1024,benchmark,131072,2048,1024,1,0,False,,,,,16.827
2026-05-13T15:27:12.733124+00:00,gpu3_benchmark,3,ckpt_s1024_e1024,correctness,2048,1024,1024,1,0,True,,,,,8.503
2026-05-13T15:27:21.236694+00:00,gpu3_benchmark,3,ckpt_s1024_e1024,benchmark,2048,1024,1024,1,0,True,3452.26,112.21,112.21,112.21,13.415
2026-05-13T15:27:21.236694+00:00,gpu3_benchmark,3,ckpt_s1024_e1024,benchmark,8192,1024,1024,1,0,True,4152.79,446.86,446.86,446.86,13.415
2026-05-13T15:27:21.236694+00:00,gpu3_benchmark,3,ckpt_s1024_e1024,benchmark,32768,1024,1024,1,0,True,6954.88,2007.09,2007.09,2007.09,13.415
2026-05-13T15:27:34.652618+00:00,gpu3_benchmark,3,ckpt_s1024_e1024,benchmark,65536,1024,1024,1,0,True,11272.01,4385.85,4385.85,4385.85,15.199
2026-05-13T15:27:49.852111+00:00,gpu3_benchmark,3,ckpt_s1024_e1024,benchmark,131072,1024,1024,1,0,False,,,,,17.758
2026-05-13T15:28:07.610586+00:00,gpu3_benchmark,3,nocp_s8192_e8192,correctness,2048,8192,8192,0,0,True,,,,,7.559
2026-05-13T15:28:15.169437+00:00,gpu3_benchmark,3,nocp_s8192_e8192,benchmark,2048,8192,8192,0,0,True,3510.1,57.49,57.49,57.49,7.979
2026-05-13T15:28:15.169437+00:00,gpu3_benchmark,3,nocp_s8192_e8192,benchmark,8192,8192,8192,0,0,True,4300.63,93.09,93.09,93.09,7.979
2026-05-13T15:28:15.169437+00:00,gpu3_benchmark,3,nocp_s8192_e8192,benchmark,32768,8192,8192,0,0,True,9328.38,364.68,364.68,364.68,7.979
2026-05-13T15:28:23.148893+00:00,gpu3_benchmark,3,nocp_s8192_e8192,benchmark,65536,8192,8192,0,0,True,17416.01,781.08,781.08,781.08,7.054
2026-05-13T15:28:30.203393+00:00,gpu3_benchmark,3,nocp_s8192_e8192,benchmark,131072,8192,8192,0,0,False,,,,,5.695
2026-05-13T15:28:35.898574+00:00,gpu3_benchmark,3,nocp_s8192_e4096,correctness,2048,8192,4096,0,0,True,,,,,7.723
2026-05-13T15:28:43.621374+00:00,gpu3_benchmark,3,nocp_s8192_e4096,benchmark,2048,8192,4096,0,0,True,3510.1,53.82,53.82,53.82,8.851
2026-05-13T15:28:43.621374+00:00,gpu3_benchmark,3,nocp_s8192_e4096,benchmark,8192,8192,4096,0,0,True,4428.77,130.74,130.74,130.74,8.851
2026-05-13T15:28:43.621374+00:00,gpu3_benchmark,3,nocp_s8192_e4096,benchmark,32768,8192,4096,0,0,True,9328.38,572.04,572.04,572.04,8.851
2026-05-13T15:28:52.472475+00:00,gpu3_benchmark,3,nocp_s8192_e4096,benchmark,65536,8192,4096,0,0,True,17416.01,1260.26,1260.26,1260.26,7.417
2026-05-13T15:28:59.889747+00:00,gpu3_benchmark,3,nocp_s8192_e4096,benchmark,131072,8192,4096,0,0,False,,,,,5.438
2026-05-13T15:29:05.327966+00:00,gpu3_benchmark,3,nocp_s4096_e4096,correctness,2048,4096,4096,0,0,True,,,,,7.908
2026-05-13T15:29:13.236113+00:00,gpu3_benchmark,3,nocp_s4096_e4096,benchmark,2048,4096,4096,0,0,True,3510.1,55.56,55.56,55.56,9.447
2026-05-13T15:29:13.236113+00:00,gpu3_benchmark,3,nocp_s4096_e4096,benchmark,8192,4096,4096,0,0,True,4428.77,132.17,132.17,132.17,9.447
2026-05-13T15:29:13.236113+00:00,gpu3_benchmark,3,nocp_s4096_e4096,benchmark,32768,4096,4096,0,0,True,9328.38,573.79,573.79,573.79,9.447
2026-05-13T15:29:22.683547+00:00,gpu3_benchmark,3,nocp_s4096_e4096,benchmark,65536,4096,4096,0,0,True,17416.01,1265.35,1265.35,1265.35,7.806
2026-05-13T15:29:30.490344+00:00,gpu3_benchmark,3,nocp_s4096_e4096,benchmark,131072,4096,4096,0,0,False,,,,,5.445
2026-05-13T15:29:35.935953+00:00,gpu3_benchmark,3,nocp_s4096_e2048,correctness,2048,4096,2048,0,0,True,,,,,7.942
2026-05-13T15:29:43.878704+00:00,gpu3_benchmark,3,nocp_s4096_e2048,benchmark,2048,4096,2048,0,0,True,3510.1,56.54,56.54,56.54,10.274
2026-05-13T15:29:43.878704+00:00,gpu3_benchmark,3,nocp_s4096_e2048,benchmark,8192,4096,2048,0,0,True,4525.78,235.11,235.11,235.11,10.274
2026-05-13T15:29:43.878704+00:00,gpu3_benchmark,3,nocp_s4096_e2048,benchmark,32768,4096,2048,0,0,True,9474.26,994.65,994.65,994.65,10.274
2026-05-13T15:29:54.153434+00:00,gpu3_benchmark,3,nocp_s4096_e2048,benchmark,65536,4096,2048,0,0,True,17708.01,2235.99,2235.99,2235.99,9.820
2026-05-13T15:30:03.973743+00:00,gpu3_benchmark,3,nocp_s4096_e2048,benchmark,131072,4096,2048,0,0,False,,,,,5.664
2026-05-13T15:30:09.638551+00:00,gpu3_benchmark,3,nocp_s2048_e2048,correctness,2048,2048,2048,0,0,True,,,,,8.246
2026-05-13T15:30:17.884706+00:00,gpu3_benchmark,3,nocp_s2048_e2048,benchmark,2048,2048,2048,0,0,True,3510.1,57.81,57.81,57.81,9.787
2026-05-13T15:30:17.884706+00:00,gpu3_benchmark,3,nocp_s2048_e2048,benchmark,8192,2048,2048,0,0,True,4526.78,228.59,228.59,228.59,9.787
2026-05-13T15:30:17.884706+00:00,gpu3_benchmark,3,nocp_s2048_e2048,benchmark,32768,2048,2048,0,0,True,9476.26,1012.74,1012.74,1012.74,9.787
2026-05-13T15:30:27.671770+00:00,gpu3_benchmark,3,nocp_s2048_e2048,benchmark,65536,2048,2048,0,0,True,17708.01,2215.49,2215.49,2215.49,10.130
2026-05-13T15:30:37.801857+00:00,gpu3_benchmark,3,nocp_s2048_e2048,benchmark,131072,2048,2048,0,0,False,,,,,5.655
2026-05-13T15:30:43.457253+00:00,gpu3_benchmark,3,ckpt_s8192_e8192,correctness,2048,8192,8192,1,0,True,,,,,8.601
2026-05-13T15:30:52.058657+00:00,gpu3_benchmark,3,ckpt_s8192_e8192,benchmark,2048,8192,8192,1,0,True,3432.23,62.77,62.77,62.77,8.874
2026-05-13T15:30:52.058657+00:00,gpu3_benchmark,3,ckpt_s8192_e8192,benchmark,8192,8192,8192,1,0,True,4012.63,89.35,89.35,89.35,8.874
2026-05-13T15:30:52.058657+00:00,gpu3_benchmark,3,ckpt_s8192_e8192,benchmark,32768,8192,8192,1,0,True,6814.85,398.31,398.31,398.31,8.874
2026-05-13T15:31:00.933226+00:00,gpu3_benchmark,3,ckpt_s8192_e8192,benchmark,65536,8192,8192,1,0,True,11272.01,833.26,833.26,833.26,7.323
2026-05-13T15:31:08.256148+00:00,gpu3_benchmark,3,ckpt_s8192_e8192,benchmark,131072,8192,8192,1,0,True,21303.26,1880.28,1880.28,1880.28,9.784
2026-05-13T15:31:18.040551+00:00,gpu3_benchmark,3,ckpt_s16384_e4096,correctness,2048,16384,4096,1,0,True,,,,,8.630
2026-05-13T15:31:26.671005+00:00,gpu3_benchmark,3,ckpt_s16384_e4096,benchmark,2048,16384,4096,1,0,True,3432.23,62.21,62.21,62.21,9.595
2026-05-13T15:31:26.671005+00:00,gpu3_benchmark,3,ckpt_s16384_e4096,benchmark,8192,16384,4096,1,0,True,4092.77,145.59,145.59,145.59,9.595
2026-05-13T15:31:26.671005+00:00,gpu3_benchmark,3,ckpt_s16384_e4096,benchmark,32768,16384,4096,1,0,True,6894.87,602.05,602.05,602.05,9.595
2026-05-13T15:31:36.266402+00:00,gpu3_benchmark,3,ckpt_s16384_e4096,benchmark,65536,16384,4096,1,0,True,11272.01,1293.59,1293.59,1293.59,8.252
2026-05-13T15:31:44.518734+00:00,gpu3_benchmark,3,ckpt_s16384_e4096,benchmark,131072,16384,4096,1,0,False,,,,,8.834
2026-05-13T15:31:53.353020+00:00,gpu3_benchmark,3,ckpt_s8192_e4096,correctness,2048,8192,4096,1,0,True,,,,,8.444
2026-05-13T15:32:01.797036+00:00,gpu3_benchmark,3,ckpt_s8192_e4096,benchmark,2048,8192,4096,1,0,True,3432.23,61.52,61.52,61.52,9.522
2026-05-13T15:32:01.797036+00:00,gpu3_benchmark,3,ckpt_s8192_e4096,benchmark,8192,8192,4096,1,0,True,4092.77,138.03,138.03,138.03,9.522
2026-05-13T15:32:01.797036+00:00,gpu3_benchmark,3,ckpt_s8192_e4096,benchmark,32768,8192,4096,1,0,True,6894.87,595.21,595.21,595.21,9.522
2026-05-13T15:32:11.319280+00:00,gpu3_benchmark,3,ckpt_s8192_e4096,benchmark,65536,8192,4096,1,0,True,11272.01,1315.23,1315.23,1315.23,8.333
2026-05-13T15:32:19.652343+00:00,gpu3_benchmark,3,ckpt_s8192_e4096,benchmark,131072,8192,4096,1,0,False,,,,,9.313
2026-05-13T15:32:28.966188+00:00,gpu3_benchmark,3,ckpt_s4096_e4096,correctness,2048,4096,4096,1,0,True,,,,,8.056
2026-05-13T15:32:37.022868+00:00,gpu3_benchmark,3,ckpt_s4096_e4096,benchmark,2048,4096,4096,1,0,True,3432.23,68.14,68.14,68.14,9.582
2026-05-13T15:32:37.022868+00:00,gpu3_benchmark,3,ckpt_s4096_e4096,benchmark,8192,4096,4096,1,0,True,4092.77,140.16,140.16,140.16,9.582
2026-05-13T15:32:37.022868+00:00,gpu3_benchmark,3,ckpt_s4096_e4096,benchmark,32768,4096,4096,1,0,True,6894.87,617.55,617.55,617.55,9.582
2026-05-13T15:32:46.605212+00:00,gpu3_benchmark,3,ckpt_s4096_e4096,benchmark,65536,4096,4096,1,0,True,11272.01,1318.76,1318.76,1318.76,8.712
2026-05-13T15:32:55.317389+00:00,gpu3_benchmark,3,ckpt_s4096_e4096,benchmark,131072,4096,4096,1,0,False,,,,,9.248
2026-05-13T15:33:04.566209+00:00,gpu3_benchmark,3,ckpt_s8192_e2048,correctness,2048,8192,2048,1,0,True,,,,,8.711
2026-05-13T15:33:13.277248+00:00,gpu3_benchmark,3,ckpt_s8192_e2048,benchmark,2048,8192,2048,1,0,True,3432.23,60.27,60.27,60.27,10.977
2026-05-13T15:33:13.277248+00:00,gpu3_benchmark,3,ckpt_s8192_e2048,benchmark,8192,8192,2048,1,0,True,4132.78,243.55,243.55,243.55,10.977
2026-05-13T15:33:13.277248+00:00,gpu3_benchmark,3,ckpt_s8192_e2048,benchmark,32768,8192,2048,1,0,True,6934.88,1028.82,1028.82,1028.82,10.977
2026-05-13T15:33:24.254568+00:00,gpu3_benchmark,3,ckpt_s8192_e2048,benchmark,65536,8192,2048,1,0,True,11272.01,2270.03,2270.03,2270.03,10.795
2026-05-13T15:33:35.050327+00:00,gpu3_benchmark,3,ckpt_s8192_e2048,benchmark,131072,8192,2048,1,0,False,,,,,7.316
2026-05-13T15:33:42.366446+00:00,gpu3_benchmark,3,ckpt_s4096_e2048,correctness,2048,4096,2048,1,0,True,,,,,9.562
2026-05-13T15:33:51.929230+00:00,gpu3_benchmark,3,ckpt_s4096_e2048,benchmark,2048,4096,2048,1,0,True,3432.23,57.65,57.65,57.65,11.281
2026-05-13T15:33:51.929230+00:00,gpu3_benchmark,3,ckpt_s4096_e2048,benchmark,8192,4096,2048,1,0,True,4132.78,243.52,243.52,243.52,11.281
2026-05-13T15:33:51.929230+00:00,gpu3_benchmark,3,ckpt_s4096_e2048,benchmark,32768,4096,2048,1,0,True,6934.88,943.64,943.64,943.64,11.281
2026-05-13T15:34:03.210457+00:00,gpu3_benchmark,3,ckpt_s4096_e2048,benchmark,65536,4096,2048,1,0,True,11272.01,2044.64,2044.64,2044.64,10.175
2026-05-13T15:34:13.385556+00:00,gpu3_benchmark,3,ckpt_s4096_e2048,benchmark,131072,4096,2048,1,0,False,,,,,6.366
2026-05-13T15:34:19.751945+00:00,gpu3_benchmark,3,ckpt_s2048_e2048,correctness,2048,2048,2048,1,0,True,,,,,8.633
2026-05-13T15:34:28.384722+00:00,gpu3_benchmark,3,ckpt_s2048_e2048,benchmark,2048,2048,2048,1,0,True,3432.23,62.56,62.56,62.56,11.158
2026-05-13T15:34:28.384722+00:00,gpu3_benchmark,3,ckpt_s2048_e2048,benchmark,8192,2048,2048,1,0,True,4132.78,242.75,242.75,242.75,11.158
2026-05-13T15:34:28.384722+00:00,gpu3_benchmark,3,ckpt_s2048_e2048,benchmark,32768,2048,2048,1,0,True,6934.88,1051.71,1051.71,1051.71,11.158
2026-05-13T15:34:39.542963+00:00,gpu3_benchmark,3,ckpt_s2048_e2048,benchmark,65536,2048,2048,1,0,True,11272.01,2336.38,2336.38,2336.38,11.151
2026-05-13T15:34:50.694009+00:00,gpu3_benchmark,3,ckpt_s2048_e2048,benchmark,131072,2048,2048,1,0,False,,,,,6.880
2026-05-13T15:34:57.574401+00:00,gpu3_benchmark,3,ckpt_s4096_e1024,correctness,2048,4096,1024,1,0,True,,,,,9.215
2026-05-13T15:35:06.789886+00:00,gpu3_benchmark,3,ckpt_s4096_e1024,benchmark,2048,4096,1024,1,0,True,3453.26,226.04,226.04,226.04,13.243
2026-05-13T15:35:06.789886+00:00,gpu3_benchmark,3,ckpt_s4096_e1024,benchmark,8192,4096,1024,1,0,True,4153.79,457.24,457.24,457.24,13.243
2026-05-13T15:35:06.789886+00:00,gpu3_benchmark,3,ckpt_s4096_e1024,benchmark,32768,4096,1024,1,0,True,6955.88,1929.47,1929.47,1929.47,13.243
2026-05-13T15:35:20.033833+00:00,gpu3_benchmark,3,ckpt_s4096_e1024,benchmark,65536,4096,1024,1,0,True,11272.51,4277.49,4277.49,4277.49,14.199
2026-05-13T15:35:34.233384+00:00,gpu3_benchmark,3,ckpt_s4096_e1024,benchmark,131072,4096,1024,1,0,True,21314.76,10163.78,10163.78,10163.78,27.041
2026-05-13T15:36:01.274541+00:00,gpu3_benchmark,3,ckpt_s2048_e1024,correctness,2048,2048,1024,1,0,True,,,,,8.531
2026-05-13T15:36:09.805517+00:00,gpu3_benchmark,3,ckpt_s2048_e1024,benchmark,2048,2048,1024,1,0,True,3453.26,258.86,258.86,258.86,14.169
2026-05-13T15:36:09.805517+00:00,gpu3_benchmark,3,ckpt_s2048_e1024,benchmark,8192,2048,1024,1,0,True,4153.79,466.83,466.83,466.83,14.169
2026-05-13T15:36:09.805517+00:00,gpu3_benchmark,3,ckpt_s2048_e1024,benchmark,32768,2048,1024,1,0,True,6955.88,1987.16,1987.16,1987.16,14.169
2026-05-13T15:36:23.975133+00:00,gpu3_benchmark,3,ckpt_s2048_e1024,benchmark,65536,2048,1024,1,0,True,11272.51,4283.62,4283.62,4283.62,15.042
2026-05-13T15:36:39.017636+00:00,gpu3_benchmark,3,ckpt_s2048_e1024,benchmark,131072,2048,1024,1,0,False,,,,,17.028
2026-05-13T15:36:56.046181+00:00,gpu3_benchmark,3,ckpt_s1024_e1024,correctness,2048,1024,1024,1,0,True,,,,,8.548
2026-05-13T15:37:04.594102+00:00,gpu3_benchmark,3,ckpt_s1024_e1024,benchmark,2048,1024,1024,1,0,True,3452.26,121.65,121.65,121.65,13.399
2026-05-13T15:37:04.594102+00:00,gpu3_benchmark,3,ckpt_s1024_e1024,benchmark,8192,1024,1024,1,0,True,4152.79,454.53,454.53,454.53,13.399
2026-05-13T15:37:04.594102+00:00,gpu3_benchmark,3,ckpt_s1024_e1024,benchmark,32768,1024,1024,1,0,True,6954.88,1995.67,1995.67,1995.67,13.399
2026-05-13T15:37:17.993064+00:00,gpu3_benchmark,3,ckpt_s1024_e1024,benchmark,65536,1024,1024,1,0,True,11272.01,4318.3,4318.3,4318.3,14.507
2026-05-13T15:37:32.500204+00:00,gpu3_benchmark,3,ckpt_s1024_e1024,benchmark,131072,1024,1024,1,0,False,,,,,17.085
2026-05-13T15:37:49.586024+00:00,gpu3_benchmark,3,nocp_s8192_e8192,correctness,2048,8192,8192,0,0,True,,,,,7.896
2026-05-13T15:37:57.482124+00:00,gpu3_benchmark,3,nocp_s8192_e8192,benchmark,2048,8192,8192,0,0,True,3510.1,54.83,54.83,54.83,8.293
2026-05-13T15:37:57.482124+00:00,gpu3_benchmark,3,nocp_s8192_e8192,benchmark,8192,8192,8192,0,0,True,4300.63,81.79,81.79,81.79,8.293
2026-05-13T15:37:57.482124+00:00,gpu3_benchmark,3,nocp_s8192_e8192,benchmark,32768,8192,8192,0,0,True,9328.38,364.44,364.44,364.44,8.293
2026-05-13T15:38:05.775678+00:00,gpu3_benchmark,3,nocp_s8192_e8192,benchmark,65536,8192,8192,0,0,True,17416.01,786.12,786.12,786.12,6.813
2026-05-13T15:38:12.589366+00:00,gpu3_benchmark,3,nocp_s8192_e8192,benchmark,131072,8192,8192,0,0,False,,,,,5.793
2026-05-13T15:38:18.382526+00:00,gpu3_benchmark,3,nocp_s8192_e4096,correctness,2048,8192,4096,0,0,True,,,,,7.515
2026-05-13T15:38:25.898310+00:00,gpu3_benchmark,3,nocp_s8192_e4096,benchmark,2048,8192,4096,0,0,True,3510.1,54.72,54.72,54.72,8.447
2026-05-13T15:38:25.898310+00:00,gpu3_benchmark,3,nocp_s8192_e4096,benchmark,8192,8192,4096,0,0,True,4428.77,130.82,130.82,130.82,8.447
2026-05-13T15:38:25.898310+00:00,gpu3_benchmark,3,nocp_s8192_e4096,benchmark,32768,8192,4096,0,0,True,9328.38,605.43,605.43,605.43,8.447
2026-05-13T15:38:34.346135+00:00,gpu3_benchmark,3,nocp_s8192_e4096,benchmark,65536,8192,4096,0,0,True,17416.01,1244.77,1244.77,1244.77,7.910
2026-05-13T15:38:42.256430+00:00,gpu3_benchmark,3,nocp_s8192_e4096,benchmark,131072,8192,4096,0,0,False,,,,,5.287
2026-05-13T15:38:47.543517+00:00,gpu3_benchmark,3,nocp_s4096_e4096,correctness,2048,4096,4096,0,0,True,,,,,7.746
2026-05-13T15:38:55.290248+00:00,gpu3_benchmark,3,nocp_s4096_e4096,benchmark,2048,4096,4096,0,0,True,3510.1,57.8,57.8,57.8,9.202
2026-05-13T15:38:55.290248+00:00,gpu3_benchmark,3,nocp_s4096_e4096,benchmark,8192,4096,4096,0,0,True,4428.77,136.83,136.83,136.83,9.202
2026-05-13T15:38:55.290248+00:00,gpu3_benchmark,3,nocp_s4096_e4096,benchmark,32768,4096,4096,0,0,True,9328.38,574.91,574.91,574.91,9.202
2026-05-13T15:39:04.492636+00:00,gpu3_benchmark,3,nocp_s4096_e4096,benchmark,65536,4096,4096,0,0,True,17416.01,1265.03,1265.03,1265.03,7.776
2026-05-13T15:39:12.269019+00:00,gpu3_benchmark,3,nocp_s4096_e4096,benchmark,131072,4096,4096,0,0,False,,,,,5.733
2026-05-13T15:39:18.002437+00:00,gpu3_benchmark,3,nocp_s4096_e2048,correctness,2048,4096,2048,0,0,True,,,,,7.616
2026-05-13T15:39:25.619149+00:00,gpu3_benchmark,3,nocp_s4096_e2048,benchmark,2048,4096,2048,0,0,True,3510.1,57.48,57.48,57.48,9.946
2026-05-13T15:39:25.619149+00:00,gpu3_benchmark,3,nocp_s4096_e2048,benchmark,8192,4096,2048,0,0,True,4525.78,228.55,228.55,228.55,9.946
2026-05-13T15:39:25.619149+00:00,gpu3_benchmark,3,nocp_s4096_e2048,benchmark,32768,4096,2048,0,0,True,9474.26,1005.17,1005.17,1005.17,9.946
2026-05-13T15:39:35.565184+00:00,gpu3_benchmark,3,nocp_s4096_e2048,benchmark,65536,4096,2048,0,0,True,17708.01,2174.61,2174.61,2174.61,9.671
2026-05-13T15:39:45.236735+00:00,gpu3_benchmark,3,nocp_s4096_e2048,benchmark,131072,4096,2048,0,0,False,,,,,5.246
2026-05-13T15:39:50.483753+00:00,gpu3_benchmark,3,nocp_s2048_e2048,correctness,2048,2048,2048,0,0,True,,,,,7.848
2026-05-13T15:39:58.332344+00:00,gpu3_benchmark,3,nocp_s2048_e2048,benchmark,2048,2048,2048,0,0,True,3510.1,56.27,56.27,56.27,9.648
2026-05-13T15:39:58.332344+00:00,gpu3_benchmark,3,nocp_s2048_e2048,benchmark,8192,2048,2048,0,0,True,4526.78,223.73,223.73,223.73,9.648
2026-05-13T15:39:58.332344+00:00,gpu3_benchmark,3,nocp_s2048_e2048,benchmark,32768,2048,2048,0,0,True,9476.26,1010.13,1010.13,1010.13,9.648
2026-05-13T15:40:07.981112+00:00,gpu3_benchmark,3,nocp_s2048_e2048,benchmark,65536,2048,2048,0,0,True,17708.01,2222.47,2222.47,2222.47,9.896
2026-05-13T15:40:17.877417+00:00,gpu3_benchmark,3,nocp_s2048_e2048,benchmark,131072,2048,2048,0,0,False,,,,,4.780
2026-05-13T15:40:22.657785+00:00,gpu3_benchmark,3,ckpt_s8192_e8192,correctness,2048,8192,8192,1,0,True,,,,,9.351
2026-05-13T15:40:32.009406+00:00,gpu3_benchmark,3,ckpt_s8192_e8192,benchmark,2048,8192,8192,1,0,True,3432.23,60.45,60.45,60.45,9.111
2026-05-13T15:40:32.009406+00:00,gpu3_benchmark,3,ckpt_s8192_e8192,benchmark,8192,8192,8192,1,0,True,4012.63,89.26,89.26,89.26,9.111
2026-05-13T15:40:32.009406+00:00,gpu3_benchmark,3,ckpt_s8192_e8192,benchmark,32768,8192,8192,1,0,True,6814.85,392.69,392.69,392.69,9.111
2026-05-13T15:40:41.120359+00:00,gpu3_benchmark,3,ckpt_s8192_e8192,benchmark,65536,8192,8192,1,0,True,11272.01,838.52,838.52,838.52,7.900
2026-05-13T15:40:49.020794+00:00,gpu3_benchmark,3,ckpt_s8192_e8192,benchmark,131072,8192,8192,1,0,True,21303.26,1893.98,1893.98,1893.98,9.725
2026-05-13T15:40:58.746037+00:00,gpu3_benchmark,3,ckpt_s16384_e4096,correctness,2048,16384,4096,1,0,True,,,,,8.214
2026-05-13T15:41:06.960342+00:00,gpu3_benchmark,3,ckpt_s16384_e4096,benchmark,2048,16384,4096,1,0,True,3432.23,56.93,56.93,56.93,9.925
2026-05-13T15:41:06.960342+00:00,gpu3_benchmark,3,ckpt_s16384_e4096,benchmark,8192,16384,4096,1,0,True,4092.77,142.04,142.04,142.04,9.925
2026-05-13T15:41:06.960342+00:00,gpu3_benchmark,3,ckpt_s16384_e4096,benchmark,32768,16384,4096,1,0,True,6894.87,607.87,607.87,607.87,9.925
2026-05-13T15:41:16.885678+00:00,gpu3_benchmark,3,ckpt_s16384_e4096,benchmark,65536,16384,4096,1,0,True,11272.01,1288.6,1288.6,1288.6,8.911
2026-05-13T15:41:25.796540+00:00,gpu3_benchmark,3,ckpt_s16384_e4096,benchmark,131072,16384,4096,1,0,False,,,,,9.492
2026-05-13T15:41:35.289225+00:00,gpu3_benchmark,3,ckpt_s8192_e4096,correctness,2048,8192,4096,1,0,True,,,,,8.366
2026-05-13T15:41:43.655784+00:00,gpu3_benchmark,3,ckpt_s8192_e4096,benchmark,2048,8192,4096,1,0,True,3432.23,58.6,58.6,58.6,9.248
2026-05-13T15:41:43.655784+00:00,gpu3_benchmark,3,ckpt_s8192_e4096,benchmark,8192,8192,4096,1,0,True,4092.77,137.22,137.22,137.22,9.248
2026-05-13T15:41:43.655784+00:00,gpu3_benchmark,3,ckpt_s8192_e4096,benchmark,32768,8192,4096,1,0,True,6894.87,597.19,597.19,597.19,9.248
2026-05-13T15:41:52.904405+00:00,gpu3_benchmark,3,ckpt_s8192_e4096,benchmark,65536,8192,4096,1,0,True,11272.01,1306.85,1306.85,1306.85,8.595
2026-05-13T15:42:01.499579+00:00,gpu3_benchmark,3,ckpt_s8192_e4096,benchmark,131072,8192,4096,1,0,False,,,,,10.069
2026-05-13T15:42:11.568671+00:00,gpu3_benchmark,3,ckpt_s4096_e4096,correctness,2048,4096,4096,1,0,True,,,,,8.890
2026-05-13T15:42:20.459456+00:00,gpu3_benchmark,3,ckpt_s4096_e4096,benchmark,2048,4096,4096,1,0,True,3432.23,60.77,60.77,60.77,9.806
2026-05-13T15:42:20.459456+00:00,gpu3_benchmark,3,ckpt_s4096_e4096,benchmark,8192,4096,4096,1,0,True,4092.77,139.55,139.55,139.55,9.806
2026-05-13T15:42:20.459456+00:00,gpu3_benchmark,3,ckpt_s4096_e4096,benchmark,32768,4096,4096,1,0,True,6894.87,605.81,605.81,605.81,9.806
2026-05-13T15:42:30.265461+00:00,gpu3_benchmark,3,ckpt_s4096_e4096,benchmark,65536,4096,4096,1,0,True,11272.01,1316.75,1316.75,1316.75,9.350
2026-05-13T15:42:39.615667+00:00,gpu3_benchmark,3,ckpt_s4096_e4096,benchmark,131072,4096,4096,1,0,False,,,,,10.172
2026-05-13T15:42:49.788303+00:00,gpu3_benchmark,3,ckpt_s8192_e2048,correctness,2048,8192,2048,1,0,True,,,,,9.263
2026-05-13T15:42:59.051299+00:00,gpu3_benchmark,3,ckpt_s8192_e2048,benchmark,2048,8192,2048,1,0,True,3432.23,61.19,61.19,61.19,10.626
2026-05-13T15:42:59.051299+00:00,gpu3_benchmark,3,ckpt_s8192_e2048,benchmark,8192,8192,2048,1,0,True,4132.78,237.06,237.06,237.06,10.626
2026-05-13T15:42:59.051299+00:00,gpu3_benchmark,3,ckpt_s8192_e2048,benchmark,32768,8192,2048,1,0,True,6934.88,1066.41,1066.41,1066.41,10.626
2026-05-13T15:43:09.677522+00:00,gpu3_benchmark,3,ckpt_s8192_e2048,benchmark,65536,8192,2048,1,0,True,11272.01,2271.97,2271.97,2271.97,10.489
2026-05-13T15:43:20.166778+00:00,gpu3_benchmark,3,ckpt_s8192_e2048,benchmark,131072,8192,2048,1,0,False,,,,,6.439
2026-05-13T15:43:26.606560+00:00,gpu3_benchmark,3,ckpt_s4096_e2048,correctness,2048,4096,2048,1,0,True,,,,,8.840
2026-05-13T15:43:35.447283+00:00,gpu3_benchmark,3,ckpt_s4096_e2048,benchmark,2048,4096,2048,1,0,True,3432.23,62.72,62.72,62.72,10.647
2026-05-13T15:43:35.447283+00:00,gpu3_benchmark,3,ckpt_s4096_e2048,benchmark,8192,4096,2048,1,0,True,4132.78,240.3,240.3,240.3,10.647
2026-05-13T15:43:35.447283+00:00,gpu3_benchmark,3,ckpt_s4096_e2048,benchmark,32768,4096,2048,1,0,True,6934.88,1043.47,1043.47,1043.47,10.647
2026-05-13T15:43:46.094261+00:00,gpu3_benchmark,3,ckpt_s4096_e2048,benchmark,65536,4096,2048,1,0,True,11272.01,2308.62,2308.62,2308.62,10.852
2026-05-13T15:43:56.946440+00:00,gpu3_benchmark,3,ckpt_s4096_e2048,benchmark,131072,4096,2048,1,0,False,,,,,6.587
2026-05-13T15:44:03.533618+00:00,gpu3_benchmark,3,ckpt_s2048_e2048,correctness,2048,2048,2048,1,0,True,,,,,8.880
2026-05-13T15:44:12.413780+00:00,gpu3_benchmark,3,ckpt_s2048_e2048,benchmark,2048,2048,2048,1,0,True,3432.23,51.11,51.11,51.11,10.894
2026-05-13T15:44:12.413780+00:00,gpu3_benchmark,3,ckpt_s2048_e2048,benchmark,8192,2048,2048,1,0,True,4132.78,213.33,213.33,213.33,10.894
2026-05-13T15:44:12.413780+00:00,gpu3_benchmark,3,ckpt_s2048_e2048,benchmark,32768,2048,2048,1,0,True,6934.88,1045.93,1045.93,1045.93,10.894
2026-05-13T15:44:23.308014+00:00,gpu3_benchmark,3,ckpt_s2048_e2048,benchmark,65536,2048,2048,1,0,True,11272.01,2298.61,2298.61,2298.61,11.503
2026-05-13T15:44:34.811232+00:00,gpu3_benchmark,3,ckpt_s2048_e2048,benchmark,131072,2048,2048,1,0,False,,,,,6.914
2026-05-13T15:44:41.725296+00:00,gpu3_benchmark,3,ckpt_s4096_e1024,correctness,2048,4096,1024,1,0,True,,,,,9.787
2026-05-13T15:44:51.512802+00:00,gpu3_benchmark,3,ckpt_s4096_e1024,benchmark,2048,4096,1024,1,0,True,3453.26,267.88,267.88,267.88,13.243
2026-05-13T15:44:51.512802+00:00,gpu3_benchmark,3,ckpt_s4096_e1024,benchmark,8192,4096,1024,1,0,True,4153.79,449.66,449.66,449.66,13.243
2026-05-13T15:44:51.512802+00:00,gpu3_benchmark,3,ckpt_s4096_e1024,benchmark,32768,4096,1024,1,0,True,6955.88,2010.37,2010.37,2010.37,13.243
2026-05-13T15:45:04.756423+00:00,gpu3_benchmark,3,ckpt_s4096_e1024,benchmark,65536,4096,1024,1,0,True,11272.51,4260.51,4260.51,4260.51,14.859
2026-05-13T15:45:19.615538+00:00,gpu3_benchmark,3,ckpt_s4096_e1024,benchmark,131072,4096,1024,1,0,True,21314.76,8988.69,8988.69,8988.69,24.031
2026-05-13T15:45:43.646733+00:00,gpu3_benchmark,3,ckpt_s2048_e1024,correctness,2048,2048,1024,1,0,True,,,,,8.362
2026-05-13T15:45:52.009341+00:00,gpu3_benchmark,3,ckpt_s2048_e1024,benchmark,2048,2048,1024,1,0,True,3453.26,264.01,264.01,264.01,13.821
2026-05-13T15:45:52.009341+00:00,gpu3_benchmark,3,ckpt_s2048_e1024,benchmark,8192,2048,1024,1,0,True,4153.79,457.81,457.81,457.81,13.821
2026-05-13T15:45:52.009341+00:00,gpu3_benchmark,3,ckpt_s2048_e1024,benchmark,32768,2048,1024,1,0,True,6955.88,1991.51,1991.51,1991.51,13.821
2026-05-13T15:46:05.830446+00:00,gpu3_benchmark,3,ckpt_s2048_e1024,benchmark,65536,2048,1024,1,0,True,11272.51,4212.94,4212.94,4212.94,14.721
2026-05-13T15:46:20.551433+00:00,gpu3_benchmark,3,ckpt_s2048_e1024,benchmark,131072,2048,1024,1,0,False,,,,,17.138
2026-05-13T15:46:37.690237+00:00,gpu3_benchmark,3,ckpt_s1024_e1024,correctness,2048,1024,1024,1,0,True,,,,,9.113
2026-05-13T15:46:46.803362+00:00,gpu3_benchmark,3,ckpt_s1024_e1024,benchmark,2048,1024,1024,1,0,True,3452.26,111.09,111.09,111.09,13.608
2026-05-13T15:46:46.803362+00:00,gpu3_benchmark,3,ckpt_s1024_e1024,benchmark,8192,1024,1024,1,0,True,4152.79,464.26,464.26,464.26,13.608
2026-05-13T15:46:46.803362+00:00,gpu3_benchmark,3,ckpt_s1024_e1024,benchmark,32768,1024,1024,1,0,True,6954.88,1993.38,1993.38,1993.38,13.608
2026-05-13T15:47:00.411872+00:00,gpu3_benchmark,3,ckpt_s1024_e1024,benchmark,65536,1024,1024,1,0,True,11272.01,4330.01,4330.01,4330.01,14.471
2026-05-13T15:47:14.883657+00:00,gpu3_benchmark,3,ckpt_s1024_e1024,benchmark,131072,1024,1024,1,0,False,,,,,17.412
2026-05-13T15:47:32.295699+00:00,gpu3_benchmark,3,nocp_s8192_e8192,correctness,2048,8192,8192,0,0,True,,,,,7.987
2026-05-13T15:47:40.283105+00:00,gpu3_benchmark,3,nocp_s8192_e8192,benchmark,2048,8192,8192,0,0,True,3510.1,57.22,57.22,57.22,8.107
2026-05-13T15:47:40.283105+00:00,gpu3_benchmark,3,nocp_s8192_e8192,benchmark,8192,8192,8192,0,0,True,4300.63,87.42,87.42,87.42,8.107
2026-05-13T15:47:40.283105+00:00,gpu3_benchmark,3,nocp_s8192_e8192,benchmark,32768,8192,8192,0,0,True,9328.38,364.7,364.7,364.7,8.107
2026-05-13T15:47:48.390031+00:00,gpu3_benchmark,3,nocp_s8192_e8192,benchmark,65536,8192,8192,0,0,True,17416.01,792.52,792.52,792.52,7.205
2026-05-13T15:47:55.595653+00:00,gpu3_benchmark,3,nocp_s8192_e8192,benchmark,131072,8192,8192,0,0,False,,,,,5.820
2026-05-13T15:48:01.416563+00:00,gpu3_benchmark,3,nocp_s8192_e4096,correctness,2048,8192,4096,0,0,True,,,,,8.400
2026-05-13T15:48:09.816403+00:00,gpu3_benchmark,3,nocp_s8192_e4096,benchmark,2048,8192,4096,0,0,True,3510.1,58.16,58.16,58.16,8.732
2026-05-13T15:48:09.816403+00:00,gpu3_benchmark,3,nocp_s8192_e4096,benchmark,8192,8192,4096,0,0,True,4428.77,130.12,130.12,130.12,8.732
2026-05-13T15:48:09.816403+00:00,gpu3_benchmark,3,nocp_s8192_e4096,benchmark,32768,8192,4096,0,0,True,9328.38,571.08,571.08,571.08,8.732
2026-05-13T15:48:18.548461+00:00,gpu3_benchmark,3,nocp_s8192_e4096,benchmark,65536,8192,4096,0,0,True,17416.01,1250.57,1250.57,1250.57,8.382
2026-05-13T15:48:26.930789+00:00,gpu3_benchmark,3,nocp_s8192_e4096,benchmark,131072,8192,4096,0,0,False,,,,,5.710
2026-05-13T15:48:32.640863+00:00,gpu3_benchmark,3,nocp_s4096_e4096,correctness,2048,4096,4096,0,0,True,,,,,8.870
2026-05-13T15:48:41.511010+00:00,gpu3_benchmark,3,nocp_s4096_e4096,benchmark,2048,4096,4096,0,0,True,3510.1,58.0,58.0,58.0,9.257
2026-05-13T15:48:41.511010+00:00,gpu3_benchmark,3,nocp_s4096_e4096,benchmark,8192,4096,4096,0,0,True,4428.77,129.76,129.76,129.76,9.257
2026-05-13T15:48:41.511010+00:00,gpu3_benchmark,3,nocp_s4096_e4096,benchmark,32768,4096,4096,0,0,True,9328.38,584.0,584.0,584.0,9.257
2026-05-13T15:48:50.768489+00:00,gpu3_benchmark,3,nocp_s4096_e4096,benchmark,65536,4096,4096,0,0,True,17416.01,1264.27,1264.27,1264.27,8.152
2026-05-13T15:48:58.921301+00:00,gpu3_benchmark,3,nocp_s4096_e4096,benchmark,131072,4096,4096,0,0,False,,,,,5.629
2026-05-13T15:49:04.550454+00:00,gpu3_benchmark,3,nocp_s4096_e2048,correctness,2048,4096,2048,0,0,True,,,,,7.427
2026-05-13T15:49:11.977470+00:00,gpu3_benchmark,3,nocp_s4096_e2048,benchmark,2048,4096,2048,0,0,True,3510.1,54.0,54.0,54.0,9.605
2026-05-13T15:49:11.977470+00:00,gpu3_benchmark,3,nocp_s4096_e2048,benchmark,8192,4096,2048,0,0,True,4525.78,231.65,231.65,231.65,9.605
2026-05-13T15:49:11.977470+00:00,gpu3_benchmark,3,nocp_s4096_e2048,benchmark,32768,4096,2048,0,0,True,9474.26,1003.22,1003.22,1003.22,9.605
2026-05-13T15:49:21.582687+00:00,gpu3_benchmark,3,nocp_s4096_e2048,benchmark,65536,4096,2048,0,0,True,17708.01,2179.77,2179.77,2179.77,9.092
2026-05-13T15:49:30.675407+00:00,gpu3_benchmark,3,nocp_s4096_e2048,benchmark,131072,4096,2048,0,0,False,,,,,5.770
2026-05-13T15:49:36.446216+00:00,gpu3_benchmark,3,nocp_s2048_e2048,correctness,2048,2048,2048,0,0,True,,,,,8.161
2026-05-13T15:49:44.607487+00:00,gpu3_benchmark,3,nocp_s2048_e2048,benchmark,2048,2048,2048,0,0,True,3510.1,55.0,55.0,55.0,10.038
2026-05-13T15:49:44.607487+00:00,gpu3_benchmark,3,nocp_s2048_e2048,benchmark,8192,2048,2048,0,0,True,4526.78,231.8,231.8,231.8,10.038
2026-05-13T15:49:44.607487+00:00,gpu3_benchmark,3,nocp_s2048_e2048,benchmark,32768,2048,2048,0,0,True,9476.26,999.03,999.03,999.03,10.038
2026-05-13T15:49:54.645732+00:00,gpu3_benchmark,3,nocp_s2048_e2048,benchmark,65536,2048,2048,0,0,True,17708.01,2207.8,2207.8,2207.8,9.243
2026-05-13T15:50:03.889484+00:00,gpu3_benchmark,3,nocp_s2048_e2048,benchmark,131072,2048,2048,0,0,False,,,,,5.081
2026-05-13T15:50:08.971279+00:00,gpu3_benchmark,3,ckpt_s8192_e8192,correctness,2048,8192,8192,1,0,True,,,,,9.159
2026-05-13T15:50:18.130284+00:00,gpu3_benchmark,3,ckpt_s8192_e8192,benchmark,2048,8192,8192,1,0,True,3432.23,62.47,62.47,62.47,9.013
2026-05-13T15:50:18.130284+00:00,gpu3_benchmark,3,ckpt_s8192_e8192,benchmark,8192,8192,8192,1,0,True,4012.63,93.79,93.79,93.79,9.013
2026-05-13T15:50:18.130284+00:00,gpu3_benchmark,3,ckpt_s8192_e8192,benchmark,32768,8192,8192,1,0,True,6814.85,383.88,383.88,383.88,9.013
2026-05-13T15:50:27.143337+00:00,gpu3_benchmark,3,ckpt_s8192_e8192,benchmark,65536,8192,8192,1,0,True,11272.01,832.12,832.12,832.12,8.041
2026-05-13T15:50:35.184415+00:00,gpu3_benchmark,3,ckpt_s8192_e8192,benchmark,131072,8192,8192,1,0,True,21303.26,1882.24,1882.24,1882.24,9.859
2026-05-13T15:50:45.043443+00:00,gpu3_benchmark,3,ckpt_s16384_e4096,correctness,2048,16384,4096,1,0,True,,,,,8.848
2026-05-13T15:50:53.891674+00:00,gpu3_benchmark,3,ckpt_s16384_e4096,benchmark,2048,16384,4096,1,0,True,3432.23,61.99,61.99,61.99,9.294
2026-05-13T15:50:53.891674+00:00,gpu3_benchmark,3,ckpt_s16384_e4096,benchmark,8192,16384,4096,1,0,True,4092.77,139.24,139.24,139.24,9.294
2026-05-13T15:50:53.891674+00:00,gpu3_benchmark,3,ckpt_s16384_e4096,benchmark,32768,16384,4096,1,0,True,6894.87,579.67,579.67,579.67,9.294
2026-05-13T15:51:03.186420+00:00,gpu3_benchmark,3,ckpt_s16384_e4096,benchmark,65536,16384,4096,1,0,True,11272.01,1280.59,1280.59,1280.59,8.432
2026-05-13T15:51:11.618418+00:00,gpu3_benchmark,3,ckpt_s16384_e4096,benchmark,131072,16384,4096,1,0,False,,,,,9.122
2026-05-13T15:51:20.740562+00:00,gpu3_benchmark,3,ckpt_s8192_e4096,correctness,2048,8192,4096,1,0,True,,,,,8.561
2026-05-13T15:51:29.301404+00:00,gpu3_benchmark,3,ckpt_s8192_e4096,benchmark,2048,8192,4096,1,0,True,3432.23,62.48,62.48,62.48,9.626
2026-05-13T15:51:29.301404+00:00,gpu3_benchmark,3,ckpt_s8192_e4096,benchmark,8192,8192,4096,1,0,True,4092.77,140.99,140.99,140.99,9.626
2026-05-13T15:51:29.301404+00:00,gpu3_benchmark,3,ckpt_s8192_e4096,benchmark,32768,8192,4096,1,0,True,6894.87,596.84,596.84,596.84,9.626
2026-05-13T15:51:38.927713+00:00,gpu3_benchmark,3,ckpt_s8192_e4096,benchmark,65536,8192,4096,1,0,True,11272.01,1303.11,1303.11,1303.11,8.893
2026-05-13T15:51:47.821442+00:00,gpu3_benchmark,3,ckpt_s8192_e4096,benchmark,131072,8192,4096,1,0,False,,,,,9.618
2026-05-13T15:51:57.439581+00:00,gpu3_benchmark,3,ckpt_s4096_e4096,correctness,2048,4096,4096,1,0,True,,,,,8.182
2026-05-13T15:52:05.621956+00:00,gpu3_benchmark,3,ckpt_s4096_e4096,benchmark,2048,4096,4096,1,0,True,3432.23,57.82,57.82,57.82,9.418
2026-05-13T15:52:05.621956+00:00,gpu3_benchmark,3,ckpt_s4096_e4096,benchmark,8192,4096,4096,1,0,True,4092.77,143.88,143.88,143.88,9.418
2026-05-13T15:52:05.621956+00:00,gpu3_benchmark,3,ckpt_s4096_e4096,benchmark,32768,4096,4096,1,0,True,6894.87,601.96,601.96,601.96,9.418
2026-05-13T15:52:15.040915+00:00,gpu3_benchmark,3,ckpt_s4096_e4096,benchmark,65536,4096,4096,1,0,True,11272.01,1320.7,1320.7,1320.7,9.147
2026-05-13T15:52:24.188565+00:00,gpu3_benchmark,3,ckpt_s4096_e4096,benchmark,131072,4096,4096,1,0,False,,,,,9.901
2026-05-13T15:52:34.090245+00:00,gpu3_benchmark,3,ckpt_s8192_e2048,correctness,2048,8192,2048,1,0,True,,,,,9.249
2026-05-13T15:52:43.339709+00:00,gpu3_benchmark,3,ckpt_s8192_e2048,benchmark,2048,8192,2048,1,0,True,3432.23,61.33,61.33,61.33,10.753
2026-05-13T15:52:43.339709+00:00,gpu3_benchmark,3,ckpt_s8192_e2048,benchmark,8192,8192,2048,1,0,True,4132.78,241.66,241.66,241.66,10.753
2026-05-13T15:52:43.339709+00:00,gpu3_benchmark,3,ckpt_s8192_e2048,benchmark,32768,8192,2048,1,0,True,6934.88,1048.93,1048.93,1048.93,10.753
2026-05-13T15:52:54.092652+00:00,gpu3_benchmark,3,ckpt_s8192_e2048,benchmark,65536,8192,2048,1,0,True,11272.01,2259.85,2259.85,2259.85,10.964
2026-05-13T15:53:05.057319+00:00,gpu3_benchmark,3,ckpt_s8192_e2048,benchmark,131072,8192,2048,1,0,False,,,,,6.561
2026-05-13T15:53:11.618589+00:00,gpu3_benchmark,3,ckpt_s4096_e2048,correctness,2048,4096,2048,1,0,True,,,,,9.256
2026-05-13T15:53:20.874672+00:00,gpu3_benchmark,3,ckpt_s4096_e2048,benchmark,2048,4096,2048,1,0,True,3432.23,62.32,62.32,62.32,10.720
2026-05-13T15:53:20.874672+00:00,gpu3_benchmark,3,ckpt_s4096_e2048,benchmark,8192,4096,2048,1,0,True,4132.78,245.2,245.2,245.2,10.720
2026-05-13T15:53:20.874672+00:00,gpu3_benchmark,3,ckpt_s4096_e2048,benchmark,32768,4096,2048,1,0,True,6934.88,1032.56,1032.56,1032.56,10.720
2026-05-13T15:53:31.595184+00:00,gpu3_benchmark,3,ckpt_s4096_e2048,benchmark,65536,4096,2048,1,0,True,11272.01,2289.37,2289.37,2289.37,10.202
2026-05-13T15:53:41.797792+00:00,gpu3_benchmark,3,ckpt_s4096_e2048,benchmark,131072,4096,2048,1,0,False,,,,,6.749
2026-05-13T15:53:48.546785+00:00,gpu3_benchmark,3,ckpt_s2048_e2048,correctness,2048,2048,2048,1,0,True,,,,,8.416
2026-05-13T15:53:56.962682+00:00,gpu3_benchmark,3,ckpt_s2048_e2048,benchmark,2048,2048,2048,1,0,True,3432.23,59.35,59.35,59.35,11.077
2026-05-13T15:53:56.962682+00:00,gpu3_benchmark,3,ckpt_s2048_e2048,benchmark,8192,2048,2048,1,0,True,4132.78,247.01,247.01,247.01,11.077
2026-05-13T15:53:56.962682+00:00,gpu3_benchmark,3,ckpt_s2048_e2048,benchmark,32768,2048,2048,1,0,True,6934.88,1067.32,1067.32,1067.32,11.077
2026-05-13T15:54:08.040419+00:00,gpu3_benchmark,3,ckpt_s2048_e2048,benchmark,65536,2048,2048,1,0,True,11272.01,2324.27,2324.27,2324.27,10.209
2026-05-13T15:54:18.249275+00:00,gpu3_benchmark,3,ckpt_s2048_e2048,benchmark,131072,2048,2048,1,0,False,,,,,7.057
2026-05-13T15:54:25.306429+00:00,gpu3_benchmark,3,ckpt_s4096_e1024,correctness,2048,4096,1024,1,0,True,,,,,8.835
2026-05-13T15:54:34.141860+00:00,gpu3_benchmark,3,ckpt_s4096_e1024,benchmark,2048,4096,1024,1,0,True,3453.26,261.88,261.88,261.88,13.032
2026-05-13T15:54:34.141860+00:00,gpu3_benchmark,3,ckpt_s4096_e1024,benchmark,8192,4096,1024,1,0,True,4153.79,451.93,451.93,451.93,13.032
2026-05-13T15:54:34.141860+00:00,gpu3_benchmark,3,ckpt_s4096_e1024,benchmark,32768,4096,1024,1,0,True,6955.88,1952.45,1952.45,1952.45,13.032
2026-05-13T15:54:47.174157+00:00,gpu3_benchmark,3,ckpt_s4096_e1024,benchmark,65536,4096,1024,1,0,True,11272.51,4317.07,4317.07,4317.07,15.088
2026-05-13T15:55:02.262014+00:00,gpu3_benchmark,3,ckpt_s4096_e1024,benchmark,131072,4096,1024,1,0,True,21314.76,10177.99,10177.99,10177.99,26.408
2026-05-13T15:55:28.670610+00:00,gpu3_benchmark,3,ckpt_s2048_e1024,correctness,2048,2048,1024,1,0,True,,,,,8.660
2026-05-13T15:55:37.331291+00:00,gpu3_benchmark,3,ckpt_s2048_e1024,benchmark,2048,2048,1024,1,0,True,3453.26,229.33,229.33,229.33,13.135
2026-05-13T15:55:37.331291+00:00,gpu3_benchmark,3,ckpt_s2048_e1024,benchmark,8192,2048,1024,1,0,True,4153.79,450.72,450.72,450.72,13.135
2026-05-13T15:55:37.331291+00:00,gpu3_benchmark,3,ckpt_s2048_e1024,benchmark,32768,2048,1024,1,0,True,6955.88,2005.15,2005.15,2005.15,13.135
2026-05-13T15:55:50.467173+00:00,gpu3_benchmark,3,ckpt_s2048_e1024,benchmark,65536,2048,1024,1,0,True,11272.51,4257.21,4257.21,4257.21,14.976
2026-05-13T15:56:05.443292+00:00,gpu3_benchmark,3,ckpt_s2048_e1024,benchmark,131072,2048,1024,1,0,False,,,,,17.268
2026-05-13T15:56:22.711797+00:00,gpu3_benchmark,3,ckpt_s1024_e1024,correctness,2048,1024,1024,1,0,True,,,,,8.724
2026-05-13T15:56:31.436532+00:00,gpu3_benchmark,3,ckpt_s1024_e1024,benchmark,2048,1024,1024,1,0,True,3452.26,115.03,115.03,115.03,13.754
2026-05-13T15:56:31.436532+00:00,gpu3_benchmark,3,ckpt_s1024_e1024,benchmark,8192,1024,1024,1,0,True,4152.79,436.35,436.35,436.35,13.754
2026-05-13T15:56:31.436532+00:00,gpu3_benchmark,3,ckpt_s1024_e1024,benchmark,32768,1024,1024,1,0,True,6954.88,1978.8,1978.8,1978.8,13.754
2026-05-13T15:56:45.190841+00:00,gpu3_benchmark,3,ckpt_s1024_e1024,benchmark,65536,1024,1024,1,0,True,11272.01,4155.94,4155.94,4155.94,14.388
2026-05-13T15:56:59.579001+00:00,gpu3_benchmark,3,ckpt_s1024_e1024,benchmark,131072,1024,1024,1,0,False,,,,,15.713
2026-05-13T15:57:15.292589+00:00,gpu3_benchmark,3,nocp_s8192_e8192,correctness,2048,8192,8192,0,0,True,,,,,7.686
2026-05-13T15:57:22.979315+00:00,gpu3_benchmark,3,nocp_s8192_e8192,benchmark,2048,8192,8192,0,0,True,3510.1,56.9,56.9,56.9,8.223
2026-05-13T15:57:22.979315+00:00,gpu3_benchmark,3,nocp_s8192_e8192,benchmark,8192,8192,8192,0,0,True,4300.63,90.98,90.98,90.98,8.223
2026-05-13T15:57:22.979315+00:00,gpu3_benchmark,3,nocp_s8192_e8192,benchmark,32768,8192,8192,0,0,True,9328.38,362.64,362.64,362.64,8.223
2026-05-13T15:57:31.202830+00:00,gpu3_benchmark,3,nocp_s8192_e8192,benchmark,65536,8192,8192,0,0,True,17416.01,780.03,780.03,780.03,6.640
2026-05-13T15:57:37.843386+00:00,gpu3_benchmark,3,nocp_s8192_e8192,benchmark,131072,8192,8192,0,0,False,,,,,5.152
2026-05-13T15:57:42.995521+00:00,gpu3_benchmark,3,nocp_s8192_e4096,correctness,2048,8192,4096,0,0,True,,,,,7.929
2026-05-13T15:57:50.924623+00:00,gpu3_benchmark,3,nocp_s8192_e4096,benchmark,2048,8192,4096,0,0,True,3510.1,55.05,55.05,55.05,9.220
2026-05-13T15:57:50.924623+00:00,gpu3_benchmark,3,nocp_s8192_e4096,benchmark,8192,8192,4096,0,0,True,4428.77,128.67,128.67,128.67,9.220
2026-05-13T15:57:50.924623+00:00,gpu3_benchmark,3,nocp_s8192_e4096,benchmark,32768,8192,4096,0,0,True,9328.38,571.04,571.04,571.04,9.220
2026-05-13T15:58:00.145337+00:00,gpu3_benchmark,3,nocp_s8192_e4096,benchmark,65536,8192,4096,0,0,True,17416.01,1248.21,1248.21,1248.21,7.979
2026-05-13T15:58:08.124804+00:00,gpu3_benchmark,3,nocp_s8192_e4096,benchmark,131072,8192,4096,0,0,False,,,,,5.375
2026-05-13T15:58:13.500666+00:00,gpu3_benchmark,3,nocp_s4096_e4096,correctness,2048,4096,4096,0,0,True,,,,,7.963
2026-05-13T15:58:21.464287+00:00,gpu3_benchmark,3,nocp_s4096_e4096,benchmark,2048,4096,4096,0,0,True,3510.1,56.39,56.39,56.39,8.743
2026-05-13T15:58:21.464287+00:00,gpu3_benchmark,3,nocp_s4096_e4096,benchmark,8192,4096,4096,0,0,True,4428.77,130.05,130.05,130.05,8.743
2026-05-13T15:58:21.464287+00:00,gpu3_benchmark,3,nocp_s4096_e4096,benchmark,32768,4096,4096,0,0,True,9328.38,589.86,589.86,589.86,8.743
2026-05-13T15:58:30.208217+00:00,gpu3_benchmark,3,nocp_s4096_e4096,benchmark,65536,4096,4096,0,0,True,17416.01,1269.39,1269.39,1269.39,7.370
2026-05-13T15:58:37.578357+00:00,gpu3_benchmark,3,nocp_s4096_e4096,benchmark,131072,4096,4096,0,0,False,,,,,5.666
2026-05-13T15:58:43.244884+00:00,gpu3_benchmark,3,nocp_s4096_e2048,correctness,2048,4096,2048,0,0,True,,,,,7.935
2026-05-13T15:58:51.180374+00:00,gpu3_benchmark,3,nocp_s4096_e2048,benchmark,2048,4096,2048,0,0,True,3510.1,53.77,53.77,53.77,9.801
2026-05-13T15:58:51.180374+00:00,gpu3_benchmark,3,nocp_s4096_e2048,benchmark,8192,4096,2048,0,0,True,4525.78,228.63,228.63,228.63,9.801
2026-05-13T15:58:51.180374+00:00,gpu3_benchmark,3,nocp_s4096_e2048,benchmark,32768,4096,2048,0,0,True,9474.26,1003.0,1003.0,1003.0,9.801
2026-05-13T15:59:00.981674+00:00,gpu3_benchmark,3,nocp_s4096_e2048,benchmark,65536,4096,2048,0,0,True,17708.01,2189.79,2189.79,2189.79,9.650
2026-05-13T15:59:10.632501+00:00,gpu3_benchmark,3,nocp_s4096_e2048,benchmark,131072,4096,2048,0,0,False,,,,,5.349
2026-05-13T15:59:15.981897+00:00,gpu3_benchmark,3,nocp_s2048_e2048,correctness,2048,2048,2048,0,0,True,,,,,7.699
2026-05-13T15:59:23.681653+00:00,gpu3_benchmark,3,nocp_s2048_e2048,benchmark,2048,2048,2048,0,0,True,3510.1,54.41,54.41,54.41,9.900
2026-05-13T15:59:23.681653+00:00,gpu3_benchmark,3,nocp_s2048_e2048,benchmark,8192,2048,2048,0,0,True,4526.78,226.71,226.71,226.71,9.900
2026-05-13T15:59:23.681653+00:00,gpu3_benchmark,3,nocp_s2048_e2048,benchmark,32768,2048,2048,0,0,True,9476.26,1011.46,1011.46,1011.46,9.900
2026-05-13T15:59:33.582365+00:00,gpu3_benchmark,3,nocp_s2048_e2048,benchmark,65536,2048,2048,0,0,True,17708.01,2212.43,2212.43,2212.43,9.925
2026-05-13T15:59:43.507574+00:00,gpu3_benchmark,3,nocp_s2048_e2048,benchmark,131072,2048,2048,0,0,False,,,,,5.174
2026-05-13T15:59:48.681588+00:00,gpu3_benchmark,3,ckpt_s8192_e8192,correctness,2048,8192,8192,1,0,True,,,,,8.305
2026-05-13T15:59:56.986380+00:00,gpu3_benchmark,3,ckpt_s8192_e8192,benchmark,2048,8192,8192,1,0,True,3432.23,59.74,59.74,59.74,8.970
2026-05-13T15:59:56.986380+00:00,gpu3_benchmark,3,ckpt_s8192_e8192,benchmark,8192,8192,8192,1,0,True,4012.63,93.98,93.98,93.98,8.970
2026-05-13T15:59:56.986380+00:00,gpu3_benchmark,3,ckpt_s8192_e8192,benchmark,32768,8192,8192,1,0,True,6814.85,399.08,399.08,399.08,8.970
2026-05-13T16:00:05.956726+00:00,gpu3_benchmark,3,ckpt_s8192_e8192,benchmark,65536,8192,8192,1,0,True,11272.01,847.56,847.56,847.56,7.700
2026-05-13T16:00:13.657464+00:00,gpu3_benchmark,3,ckpt_s8192_e8192,benchmark,131072,8192,8192,1,0,True,21303.26,1883.94,1883.94,1883.94,9.371
2026-05-13T16:00:23.028502+00:00,gpu3_benchmark,3,ckpt_s16384_e4096,correctness,2048,16384,4096,1,0,True,,,,,8.702
2026-05-13T16:00:31.731118+00:00,gpu3_benchmark,3,ckpt_s16384_e4096,benchmark,2048,16384,4096,1,0,True,3432.23,60.63,60.63,60.63,9.563
2026-05-13T16:00:31.731118+00:00,gpu3_benchmark,3,ckpt_s16384_e4096,benchmark,8192,16384,4096,1,0,True,4092.77,138.66,138.66,138.66,9.563
2026-05-13T16:00:31.731118+00:00,gpu3_benchmark,3,ckpt_s16384_e4096,benchmark,32768,16384,4096,1,0,True,6894.87,595.16,595.16,595.16,9.563
2026-05-13T16:00:41.294912+00:00,gpu3_benchmark,3,ckpt_s16384_e4096,benchmark,65536,16384,4096,1,0,True,11272.01,1291.27,1291.27,1291.27,8.838
2026-05-13T16:00:50.133675+00:00,gpu3_benchmark,3,ckpt_s16384_e4096,benchmark,131072,16384,4096,1,0,False,,,,,9.498
2026-05-13T16:00:59.632581+00:00,gpu3_benchmark,3,ckpt_s8192_e4096,correctness,2048,8192,4096,1,0,True,,,,,8.747
2026-05-13T16:01:08.379891+00:00,gpu3_benchmark,3,ckpt_s8192_e4096,benchmark,2048,8192,4096,1,0,True,3432.23,62.23,62.23,62.23,9.892
2026-05-13T16:01:08.379891+00:00,gpu3_benchmark,3,ckpt_s8192_e4096,benchmark,8192,8192,4096,1,0,True,4092.77,140.54,140.54,140.54,9.892
2026-05-13T16:01:08.379891+00:00,gpu3_benchmark,3,ckpt_s8192_e4096,benchmark,32768,8192,4096,1,0,True,6894.87,601.57,601.57,601.57,9.892
2026-05-13T16:01:18.272039+00:00,gpu3_benchmark,3,ckpt_s8192_e4096,benchmark,65536,8192,4096,1,0,True,11272.01,1303.91,1303.91,1303.91,7.818
2026-05-13T16:01:26.090095+00:00,gpu3_benchmark,3,ckpt_s8192_e4096,benchmark,131072,8192,4096,1,0,False,,,,,9.786
2026-05-13T16:01:35.876693+00:00,gpu3_benchmark,3,ckpt_s4096_e4096,correctness,2048,4096,4096,1,0,True,,,,,8.662
2026-05-13T16:01:44.539338+00:00,gpu3_benchmark,3,ckpt_s4096_e4096,benchmark,2048,4096,4096,1,0,True,3432.23,57.36,57.36,57.36,9.886
2026-05-13T16:01:44.539338+00:00,gpu3_benchmark,3,ckpt_s4096_e4096,benchmark,8192,4096,4096,1,0,True,4092.77,145.62,145.62,145.62,9.886
2026-05-13T16:01:44.539338+00:00,gpu3_benchmark,3,ckpt_s4096_e4096,benchmark,32768,4096,4096,1,0,True,6894.87,603.04,603.04,603.04,9.886
2026-05-13T16:01:54.426251+00:00,gpu3_benchmark,3,ckpt_s4096_e4096,benchmark,65536,4096,4096,1,0,True,11272.01,1321.65,1321.65,1321.65,8.238
2026-05-13T16:02:02.664698+00:00,gpu3_benchmark,3,ckpt_s4096_e4096,benchmark,131072,4096,4096,1,0,False,,,,,9.801
2026-05-13T16:02:12.466730+00:00,gpu3_benchmark,3,ckpt_s8192_e2048,correctness,2048,8192,2048,1,0,True,,,,,9.368
2026-05-13T16:02:21.835101+00:00,gpu3_benchmark,3,ckpt_s8192_e2048,benchmark,2048,8192,2048,1,0,True,3432.23,60.4,60.4,60.4,10.779
2026-05-13T16:02:21.835101+00:00,gpu3_benchmark,3,ckpt_s8192_e2048,benchmark,8192,8192,2048,1,0,True,4132.78,254.14,254.14,254.14,10.779
2026-05-13T16:02:21.835101+00:00,gpu3_benchmark,3,ckpt_s8192_e2048,benchmark,32768,8192,2048,1,0,True,6934.88,1050.74,1050.74,1050.74,10.779
2026-05-13T16:02:32.614427+00:00,gpu3_benchmark,3,ckpt_s8192_e2048,benchmark,65536,8192,2048,1,0,True,11272.01,2307.12,2307.12,2307.12,10.571
2026-05-13T16:02:43.185413+00:00,gpu3_benchmark,3,ckpt_s8192_e2048,benchmark,131072,8192,2048,1,0,False,,,,,6.370
2026-05-13T16:02:49.555792+00:00,gpu3_benchmark,3,ckpt_s4096_e2048,correctness,2048,4096,2048,1,0,True,,,,,8.875
2026-05-13T16:02:58.431282+00:00,gpu3_benchmark,3,ckpt_s4096_e2048,benchmark,2048,4096,2048,1,0,True,3432.23,58.86,58.86,58.86,10.904
2026-05-13T16:02:58.431282+00:00,gpu3_benchmark,3,ckpt_s4096_e2048,benchmark,8192,4096,2048,1,0,True,4132.78,243.9,243.9,243.9,10.904
2026-05-13T16:02:58.431282+00:00,gpu3_benchmark,3,ckpt_s4096_e2048,benchmark,32768,4096,2048,1,0,True,6934.88,1057.18,1057.18,1057.18,10.904
2026-05-13T16:03:09.335386+00:00,gpu3_benchmark,3,ckpt_s4096_e2048,benchmark,65536,4096,2048,1,0,True,11272.01,2297.54,2297.54,2297.54,10.065
2026-05-13T16:03:19.400861+00:00,gpu3_benchmark,3,ckpt_s4096_e2048,benchmark,131072,4096,2048,1,0,False,,,,,6.632
2026-05-13T16:03:26.033815+00:00,gpu3_benchmark,3,ckpt_s2048_e2048,correctness,2048,2048,2048,1,0,True,,,,,8.468
2026-05-13T16:03:34.501945+00:00,gpu3_benchmark,3,ckpt_s2048_e2048,benchmark,2048,2048,2048,1,0,True,3432.23,62.65,62.65,62.65,11.454
2026-05-13T16:03:34.501945+00:00,gpu3_benchmark,3,ckpt_s2048_e2048,benchmark,8192,2048,2048,1,0,True,4132.78,247.79,247.79,247.79,11.454
2026-05-13T16:03:34.501945+00:00,gpu3_benchmark,3,ckpt_s2048_e2048,benchmark,32768,2048,2048,1,0,True,6934.88,1050.07,1050.07,1050.07,11.454
2026-05-13T16:03:45.956626+00:00,gpu3_benchmark,3,ckpt_s2048_e2048,benchmark,65536,2048,2048,1,0,True,11272.01,2328.53,2328.53,2328.53,10.553
2026-05-13T16:03:56.509652+00:00,gpu3_benchmark,3,ckpt_s2048_e2048,benchmark,131072,2048,2048,1,0,False,,,,,6.869
2026-05-13T16:04:03.379051+00:00,gpu3_benchmark,3,ckpt_s4096_e1024,correctness,2048,4096,1024,1,0,True,,,,,8.796
2026-05-13T16:04:12.175457+00:00,gpu3_benchmark,3,ckpt_s4096_e1024,benchmark,2048,4096,1024,1,0,True,3453.26,227.21,227.21,227.21,13.269
2026-05-13T16:04:12.175457+00:00,gpu3_benchmark,3,ckpt_s4096_e1024,benchmark,8192,4096,1024,1,0,True,4153.79,444.69,444.69,444.69,13.269
2026-05-13T16:04:12.175457+00:00,gpu3_benchmark,3,ckpt_s4096_e1024,benchmark,32768,4096,1024,1,0,True,6955.88,1959.14,1959.14,1959.14,13.269
2026-05-13T16:04:25.444720+00:00,gpu3_benchmark,3,ckpt_s4096_e1024,benchmark,65536,4096,1024,1,0,True,11272.51,4234.55,4234.55,4234.55,14.630
2026-05-13T16:04:40.074626+00:00,gpu3_benchmark,3,ckpt_s4096_e1024,benchmark,131072,4096,1024,1,0,True,21314.76,10112.88,10112.88,10112.88,26.952
2026-05-13T16:05:07.026716+00:00,gpu3_benchmark,3,ckpt_s2048_e1024,correctness,2048,2048,1024,1,0,True,,,,,8.856
2026-05-13T16:05:15.883398+00:00,gpu3_benchmark,3,ckpt_s2048_e1024,benchmark,2048,2048,1024,1,0,True,3453.26,245.1,245.1,245.1,13.201
2026-05-13T16:05:15.883398+00:00,gpu3_benchmark,3,ckpt_s2048_e1024,benchmark,8192,2048,1024,1,0,True,4153.79,451.82,451.82,451.82,13.201
2026-05-13T16:05:15.883398+00:00,gpu3_benchmark,3,ckpt_s2048_e1024,benchmark,32768,2048,1024,1,0,True,6955.88,1961.15,1961.15,1961.15,13.201
2026-05-13T16:05:29.085307+00:00,gpu3_benchmark,3,ckpt_s2048_e1024,benchmark,65536,2048,1024,1,0,True,11272.51,4300.5,4300.5,4300.5,14.694
2026-05-13T16:05:43.779490+00:00,gpu3_benchmark,3,ckpt_s2048_e1024,benchmark,131072,2048,1024,1,0,False,,,,,16.697
2026-05-13T16:06:00.476977+00:00,gpu3_benchmark,3,ckpt_s1024_e1024,correctness,2048,1024,1024,1,0,True,,,,,9.050
2026-05-13T16:06:09.527284+00:00,gpu3_benchmark,3,ckpt_s1024_e1024,benchmark,2048,1024,1024,1,0,True,3452.26,115.96,115.96,115.96,13.435
2026-05-13T16:06:09.527284+00:00,gpu3_benchmark,3,ckpt_s1024_e1024,benchmark,8192,1024,1024,1,0,True,4152.79,450.61,450.61,450.61,13.435
2026-05-13T16:06:09.527284+00:00,gpu3_benchmark,3,ckpt_s1024_e1024,benchmark,32768,1024,1024,1,0,True,6954.88,1968.42,1968.42,1968.42,13.435
2026-05-13T16:06:22.962550+00:00,gpu3_benchmark,3,ckpt_s1024_e1024,benchmark,65536,1024,1024,1,0,True,11272.01,4371.97,4371.97,4371.97,14.997
2026-05-13T16:06:37.959656+00:00,gpu3_benchmark,3,ckpt_s1024_e1024,benchmark,131072,1024,1024,1,0,False,,,,,17.294
2026-05-13T16:06:55.254474+00:00,gpu3_benchmark,3,nocp_s8192_e8192,correctness,2048,8192,8192,0,0,True,,,,,7.796
2026-05-13T16:07:03.050934+00:00,gpu3_benchmark,3,nocp_s8192_e8192,benchmark,2048,8192,8192,0,0,True,3510.1,53.77,53.77,53.77,8.328
2026-05-13T16:07:03.050934+00:00,gpu3_benchmark,3,nocp_s8192_e8192,benchmark,8192,8192,8192,0,0,True,4300.63,80.99,80.99,80.99,8.328
2026-05-13T16:07:03.050934+00:00,gpu3_benchmark,3,nocp_s8192_e8192,benchmark,32768,8192,8192,0,0,True,9328.38,326.54,326.54,326.54,8.328
2026-05-13T16:07:11.379625+00:00,gpu3_benchmark,3,nocp_s8192_e8192,benchmark,65536,8192,8192,0,0,True,17416.01,781.11,781.11,781.11,7.216
2026-05-13T16:07:18.596309+00:00,gpu3_benchmark,3,nocp_s8192_e8192,benchmark,131072,8192,8192,0,0,False,,,,,5.664
2026-05-13T16:07:24.260488+00:00,gpu3_benchmark,3,nocp_s8192_e4096,correctness,2048,8192,4096,0,0,True,,,,,7.992
2026-05-13T16:07:32.252951+00:00,gpu3_benchmark,3,nocp_s8192_e4096,benchmark,2048,8192,4096,0,0,True,3510.1,54.48,54.48,54.48,9.178
2026-05-13T16:07:32.252951+00:00,gpu3_benchmark,3,nocp_s8192_e4096,benchmark,8192,8192,4096,0,0,True,4428.77,129.61,129.61,129.61,9.178
2026-05-13T16:07:32.252951+00:00,gpu3_benchmark,3,nocp_s8192_e4096,benchmark,32768,8192,4096,0,0,True,9328.38,569.72,569.72,569.72,9.178
2026-05-13T16:07:41.431262+00:00,gpu3_benchmark,3,nocp_s8192_e4096,benchmark,65536,8192,4096,0,0,True,17416.01,1235.2,1235.2,1235.2,7.728
2026-05-13T16:07:49.159769+00:00,gpu3_benchmark,3,nocp_s8192_e4096,benchmark,131072,8192,4096,0,0,False,,,,,5.861
2026-05-13T16:07:55.021605+00:00,gpu3_benchmark,3,nocp_s4096_e4096,correctness,2048,4096,4096,0,0,True,,,,,8.483
2026-05-13T16:08:03.505432+00:00,gpu3_benchmark,3,nocp_s4096_e4096,benchmark,2048,4096,4096,0,0,True,3510.1,54.79,54.79,54.79,8.751
2026-05-13T16:08:03.505432+00:00,gpu3_benchmark,3,nocp_s4096_e4096,benchmark,8192,4096,4096,0,0,True,4428.77,123.3,123.3,123.3,8.751
2026-05-13T16:08:03.505432+00:00,gpu3_benchmark,3,nocp_s4096_e4096,benchmark,32768,4096,4096,0,0,True,9328.38,515.63,515.63,515.63,8.751
2026-05-13T16:08:12.257339+00:00,gpu3_benchmark,3,nocp_s4096_e4096,benchmark,65536,4096,4096,0,0,True,17416.01,1120.95,1120.95,1120.95,7.177
2026-05-13T16:08:19.434536+00:00,gpu3_benchmark,3,nocp_s4096_e4096,benchmark,131072,4096,4096,0,0,False,,,,,5.018
2026-05-13T16:08:24.453374+00:00,gpu3_benchmark,3,nocp_s4096_e2048,correctness,2048,4096,2048,0,0,True,,,,,6.946
2026-05-13T16:08:31.399530+00:00,gpu3_benchmark,3,nocp_s4096_e2048,benchmark,2048,4096,2048,0,0,True,3510.1,55.38,55.38,55.38,9.806
2026-05-13T16:08:31.399530+00:00,gpu3_benchmark,3,nocp_s4096_e2048,benchmark,8192,4096,2048,0,0,True,4525.78,227.64,227.64,227.64,9.806
2026-05-13T16:08:31.399530+00:00,gpu3_benchmark,3,nocp_s4096_e2048,benchmark,32768,4096,2048,0,0,True,9474.26,988.41,988.41,988.41,9.806
2026-05-13T16:08:41.205708+00:00,gpu3_benchmark,3,nocp_s4096_e2048,benchmark,65536,4096,2048,0,0,True,17708.01,2177.53,2177.53,2177.53,10.052
2026-05-13T16:08:51.257818+00:00,gpu3_benchmark,3,nocp_s4096_e2048,benchmark,131072,4096,2048,0,0,False,,,,,5.650
2026-05-13T16:08:56.908696+00:00,gpu3_benchmark,3,nocp_s2048_e2048,correctness,2048,2048,2048,0,0,True,,,,,7.157
2026-05-13T16:09:04.066343+00:00,gpu3_benchmark,3,nocp_s2048_e2048,benchmark,2048,2048,2048,0,0,True,3510.1,54.45,54.45,54.45,9.625
2026-05-13T16:09:04.066343+00:00,gpu3_benchmark,3,nocp_s2048_e2048,benchmark,8192,2048,2048,0,0,True,4526.78,238.34,238.34,238.34,9.625
2026-05-13T16:09:04.066343+00:00,gpu3_benchmark,3,nocp_s2048_e2048,benchmark,32768,2048,2048,0,0,True,9476.26,1016.6,1016.6,1016.6,9.625
2026-05-13T16:09:13.691658+00:00,gpu3_benchmark,3,nocp_s2048_e2048,benchmark,65536,2048,2048,0,0,True,17708.01,2221.98,2221.98,2221.98,9.790
2026-05-13T16:09:23.482367+00:00,gpu3_benchmark,3,nocp_s2048_e2048,benchmark,131072,2048,2048,0,0,False,,,,,5.747
2026-05-13T16:09:29.229496+00:00,gpu3_benchmark,3,ckpt_s8192_e8192,correctness,2048,8192,8192,1,0,True,,,,,8.585
2026-05-13T16:09:37.814385+00:00,gpu3_benchmark,3,ckpt_s8192_e8192,benchmark,2048,8192,8192,1,0,True,3432.23,73.89,73.89,73.89,8.914
2026-05-13T16:09:37.814385+00:00,gpu3_benchmark,3,ckpt_s8192_e8192,benchmark,8192,8192,8192,1,0,True,4012.63,90.94,90.94,90.94,8.914
2026-05-13T16:09:37.814385+00:00,gpu3_benchmark,3,ckpt_s8192_e8192,benchmark,32768,8192,8192,1,0,True,6814.85,402.51,402.51,402.51,8.914
2026-05-13T16:09:46.729238+00:00,gpu3_benchmark,3,ckpt_s8192_e8192,benchmark,65536,8192,8192,1,0,True,11272.01,831.09,831.09,831.09,6.957
2026-05-13T16:09:53.686275+00:00,gpu3_benchmark,3,ckpt_s8192_e8192,benchmark,131072,8192,8192,1,0,True,21303.26,1875.1,1875.1,1875.1,10.218
2026-05-13T16:10:03.904509+00:00,gpu3_benchmark,3,ckpt_s16384_e4096,correctness,2048,16384,4096,1,0,True,,,,,8.945
2026-05-13T16:10:12.849967+00:00,gpu3_benchmark,3,ckpt_s16384_e4096,benchmark,2048,16384,4096,1,0,True,3432.23,62.12,62.12,62.12,10.224
2026-05-13T16:10:12.849967+00:00,gpu3_benchmark,3,ckpt_s16384_e4096,benchmark,8192,16384,4096,1,0,True,4092.77,140.27,140.27,140.27,10.224
2026-05-13T16:10:12.849967+00:00,gpu3_benchmark,3,ckpt_s16384_e4096,benchmark,32768,16384,4096,1,0,True,6894.87,597.78,597.78,597.78,10.224
2026-05-13T16:10:23.074369+00:00,gpu3_benchmark,3,ckpt_s16384_e4096,benchmark,65536,16384,4096,1,0,True,11272.01,1291.32,1291.32,1291.32,8.308
2026-05-13T16:10:31.382321+00:00,gpu3_benchmark,3,ckpt_s16384_e4096,benchmark,131072,16384,4096,1,0,False,,,,,9.815
2026-05-13T16:10:41.198116+00:00,gpu3_benchmark,3,ckpt_s8192_e4096,correctness,2048,8192,4096,1,0,True,,,,,8.984
2026-05-13T16:10:50.182204+00:00,gpu3_benchmark,3,ckpt_s8192_e4096,benchmark,2048,8192,4096,1,0,True,3432.23,58.86,58.86,58.86,10.007
2026-05-13T16:10:50.182204+00:00,gpu3_benchmark,3,ckpt_s8192_e4096,benchmark,8192,8192,4096,1,0,True,4092.77,142.14,142.14,142.14,10.007
2026-05-13T16:10:50.182204+00:00,gpu3_benchmark,3,ckpt_s8192_e4096,benchmark,32768,8192,4096,1,0,True,6894.87,604.02,604.02,604.02,10.007
2026-05-13T16:11:00.189224+00:00,gpu3_benchmark,3,ckpt_s8192_e4096,benchmark,65536,8192,4096,1,0,True,11272.01,1289.03,1289.03,1289.03,8.701
2026-05-13T16:11:08.890250+00:00,gpu3_benchmark,3,ckpt_s8192_e4096,benchmark,131072,8192,4096,1,0,False,,,,,9.560
2026-05-13T16:11:18.450694+00:00,gpu3_benchmark,3,ckpt_s4096_e4096,correctness,2048,4096,4096,1,0,True,,,,,8.924
2026-05-13T16:11:27.374710+00:00,gpu3_benchmark,3,ckpt_s4096_e4096,benchmark,2048,4096,4096,1,0,True,3432.23,59.74,59.74,59.74,9.890
2026-05-13T16:11:27.374710+00:00,gpu3_benchmark,3,ckpt_s4096_e4096,benchmark,8192,4096,4096,1,0,True,4092.77,145.88,145.88,145.88,9.890
2026-05-13T16:11:27.374710+00:00,gpu3_benchmark,3,ckpt_s4096_e4096,benchmark,32768,4096,4096,1,0,True,6894.87,610.61,610.61,610.61,9.890
2026-05-13T16:11:37.264743+00:00,gpu3_benchmark,3,ckpt_s4096_e4096,benchmark,65536,4096,4096,1,0,True,11272.01,1309.02,1309.02,1309.02,8.385
2026-05-13T16:11:45.650457+00:00,gpu3_benchmark,3,ckpt_s4096_e4096,benchmark,131072,4096,4096,1,0,False,,,,,9.962
2026-05-13T16:11:55.612970+00:00,gpu3_benchmark,3,ckpt_s8192_e2048,correctness,2048,8192,2048,1,0,True,,,,,9.075
2026-05-13T16:12:04.688558+00:00,gpu3_benchmark,3,ckpt_s8192_e2048,benchmark,2048,8192,2048,1,0,True,3432.23,58.73,58.73,58.73,10.843
2026-05-13T16:12:04.688558+00:00,gpu3_benchmark,3,ckpt_s8192_e2048,benchmark,8192,8192,2048,1,0,True,4132.78,240.96,240.96,240.96,10.843
2026-05-13T16:12:04.688558+00:00,gpu3_benchmark,3,ckpt_s8192_e2048,benchmark,32768,8192,2048,1,0,True,6934.88,1062.76,1062.76,1062.76,10.843
2026-05-13T16:12:15.532221+00:00,gpu3_benchmark,3,ckpt_s8192_e2048,benchmark,65536,8192,2048,1,0,True,11272.01,2280.15,2280.15,2280.15,10.325
2026-05-13T16:12:25.857583+00:00,gpu3_benchmark,3,ckpt_s8192_e2048,benchmark,131072,8192,2048,1,0,False,,,,,6.626
2026-05-13T16:12:32.483984+00:00,gpu3_benchmark,3,ckpt_s4096_e2048,correctness,2048,4096,2048,1,0,True,,,,,9.106
2026-05-13T16:12:41.590273+00:00,gpu3_benchmark,3,ckpt_s4096_e2048,benchmark,2048,4096,2048,1,0,True,3432.23,61.97,61.97,61.97,10.909
2026-05-13T16:12:41.590273+00:00,gpu3_benchmark,3,ckpt_s4096_e2048,benchmark,8192,4096,2048,1,0,True,4132.78,241.39,241.39,241.39,10.909
2026-05-13T16:12:41.590273+00:00,gpu3_benchmark,3,ckpt_s4096_e2048,benchmark,32768,4096,2048,1,0,True,6934.88,1042.52,1042.52,1042.52,10.909
2026-05-13T16:12:52.499492+00:00,gpu3_benchmark,3,ckpt_s4096_e2048,benchmark,65536,4096,2048,1,0,True,11272.01,2316.01,2316.01,2316.01,10.482
2026-05-13T16:13:02.981340+00:00,gpu3_benchmark,3,ckpt_s4096_e2048,benchmark,131072,4096,2048,1,0,False,,,,,6.875
2026-05-13T16:13:09.856535+00:00,gpu3_benchmark,3,ckpt_s2048_e2048,correctness,2048,2048,2048,1,0,True,,,,,7.992
2026-05-13T16:13:17.848864+00:00,gpu3_benchmark,3,ckpt_s2048_e2048,benchmark,2048,2048,2048,1,0,True,3432.23,56.97,56.97,56.97,10.712
2026-05-13T16:13:17.848864+00:00,gpu3_benchmark,3,ckpt_s2048_e2048,benchmark,8192,2048,2048,1,0,True,4132.78,239.94,239.94,239.94,10.712
2026-05-13T16:13:17.848864+00:00,gpu3_benchmark,3,ckpt_s2048_e2048,benchmark,32768,2048,2048,1,0,True,6934.88,1073.34,1073.34,1073.34,10.712
2026-05-13T16:13:28.561628+00:00,gpu3_benchmark,3,ckpt_s2048_e2048,benchmark,65536,2048,2048,1,0,True,11272.01,2318.42,2318.42,2318.42,10.289
2026-05-13T16:13:38.851324+00:00,gpu3_benchmark,3,ckpt_s2048_e2048,benchmark,131072,2048,2048,1,0,False,,,,,6.727
2026-05-13T16:13:45.578991+00:00,gpu3_benchmark,3,ckpt_s4096_e1024,correctness,2048,4096,1024,1,0,True,,,,,8.831
2026-05-13T16:13:54.410414+00:00,gpu3_benchmark,3,ckpt_s4096_e1024,benchmark,2048,4096,1024,1,0,True,3453.26,224.61,224.61,224.61,13.099
2026-05-13T16:13:54.410414+00:00,gpu3_benchmark,3,ckpt_s4096_e1024,benchmark,8192,4096,1024,1,0,True,4153.79,449.28,449.28,449.28,13.099
2026-05-13T16:13:54.410414+00:00,gpu3_benchmark,3,ckpt_s4096_e1024,benchmark,32768,4096,1024,1,0,True,6955.88,1940.04,1940.04,1940.04,13.099
2026-05-13T16:14:07.509865+00:00,gpu3_benchmark,3,ckpt_s4096_e1024,benchmark,65536,4096,1024,1,0,True,11272.51,4253.16,4253.16,4253.16,14.610
2026-05-13T16:14:22.120474+00:00,gpu3_benchmark,3,ckpt_s4096_e1024,benchmark,131072,4096,1024,1,0,True,21314.76,10100.92,10100.92,10100.92,26.543
2026-05-13T16:14:48.664188+00:00,gpu3_benchmark,3,ckpt_s2048_e1024,correctness,2048,2048,1024,1,0,True,,,,,8.461
2026-05-13T16:14:57.125182+00:00,gpu3_benchmark,3,ckpt_s2048_e1024,benchmark,2048,2048,1024,1,0,True,3453.26,227.88,227.88,227.88,13.179
2026-05-13T16:14:57.125182+00:00,gpu3_benchmark,3,ckpt_s2048_e1024,benchmark,8192,2048,1024,1,0,True,4153.79,448.28,448.28,448.28,13.179
2026-05-13T16:14:57.125182+00:00,gpu3_benchmark,3,ckpt_s2048_e1024,benchmark,32768,2048,1024,1,0,True,6955.88,1965.55,1965.55,1965.55,13.179
2026-05-13T16:15:10.304754+00:00,gpu3_benchmark,3,ckpt_s2048_e1024,benchmark,65536,2048,1024,1,0,True,11272.51,4334.59,4334.59,4334.59,14.461
2026-05-13T16:15:24.765645+00:00,gpu3_benchmark,3,ckpt_s2048_e1024,benchmark,131072,2048,1024,1,0,False,,,,,17.469
2026-05-13T16:15:42.234776+00:00,gpu3_benchmark,3,ckpt_s1024_e1024,correctness,2048,1024,1024,1,0,True,,,,,8.579
2026-05-13T16:15:50.814304+00:00,gpu3_benchmark,3,ckpt_s1024_e1024,benchmark,2048,1024,1024,1,0,True,3452.26,113.06,113.06,113.06,13.913
2026-05-13T16:15:50.814304+00:00,gpu3_benchmark,3,ckpt_s1024_e1024,benchmark,8192,1024,1024,1,0,True,4152.79,473.94,473.94,473.94,13.913
2026-05-13T16:15:50.814304+00:00,gpu3_benchmark,3,ckpt_s1024_e1024,benchmark,32768,1024,1024,1,0,True,6954.88,1990.88,1990.88,1990.88,13.913
2026-05-13T16:16:04.728005+00:00,gpu3_benchmark,3,ckpt_s1024_e1024,benchmark,65536,1024,1024,1,0,True,11272.01,4423.85,4423.85,4423.85,14.888
2026-05-13T16:16:19.616265+00:00,gpu3_benchmark,3,ckpt_s1024_e1024,benchmark,131072,1024,1024,1,0,False,,,,,17.498
2026-05-13T16:16:37.114582+00:00,gpu3_benchmark,3,nocp_s8192_e8192,correctness,2048,8192,8192,0,0,True,,,,,7.903
2026-05-13T16:16:45.017738+00:00,gpu3_benchmark,3,nocp_s8192_e8192,benchmark,2048,8192,8192,0,0,True,3510.1,57.38,57.38,57.38,7.971
2026-05-13T16:16:45.017738+00:00,gpu3_benchmark,3,nocp_s8192_e8192,benchmark,8192,8192,8192,0,0,True,4300.63,83.64,83.64,83.64,7.971
2026-05-13T16:16:45.017738+00:00,gpu3_benchmark,3,nocp_s8192_e8192,benchmark,32768,8192,8192,0,0,True,9328.38,363.45,363.45,363.45,7.971
2026-05-13T16:16:52.989435+00:00,gpu3_benchmark,3,nocp_s8192_e8192,benchmark,65536,8192,8192,0,0,True,17416.01,781.17,781.17,781.17,6.864
2026-05-13T16:16:59.854168+00:00,gpu3_benchmark,3,nocp_s8192_e8192,benchmark,131072,8192,8192,0,0,False,,,,,5.797
2026-05-13T16:17:05.651263+00:00,gpu3_benchmark,3,nocp_s8192_e4096,correctness,2048,8192,4096,0,0,True,,,,,7.623
2026-05-13T16:17:13.274418+00:00,gpu3_benchmark,3,nocp_s8192_e4096,benchmark,2048,8192,4096,0,0,True,3510.1,55.44,55.44,55.44,8.614
2026-05-13T16:17:13.274418+00:00,gpu3_benchmark,3,nocp_s8192_e4096,benchmark,8192,8192,4096,0,0,True,4428.77,126.51,126.51,126.51,8.614
2026-05-13T16:17:13.274418+00:00,gpu3_benchmark,3,nocp_s8192_e4096,benchmark,32768,8192,4096,0,0,True,9328.38,572.58,572.58,572.58,8.614
2026-05-13T16:17:21.888468+00:00,gpu3_benchmark,3,nocp_s8192_e4096,benchmark,65536,8192,4096,0,0,True,17416.01,1248.65,1248.65,1248.65,7.796
2026-05-13T16:17:29.685024+00:00,gpu3_benchmark,3,nocp_s8192_e4096,benchmark,131072,8192,4096,0,0,False,,,,,5.287
2026-05-13T16:17:34.972377+00:00,gpu3_benchmark,3,nocp_s4096_e4096,correctness,2048,4096,4096,0,0,True,,,,,8.227
2026-05-13T16:17:43.199556+00:00,gpu3_benchmark,3,nocp_s4096_e4096,benchmark,2048,4096,4096,0,0,True,3510.1,53.62,53.62,53.62,9.036
2026-05-13T16:17:43.199556+00:00,gpu3_benchmark,3,nocp_s4096_e4096,benchmark,8192,4096,4096,0,0,True,4428.77,127.96,127.96,127.96,9.036
2026-05-13T16:17:43.199556+00:00,gpu3_benchmark,3,nocp_s4096_e4096,benchmark,32768,4096,4096,0,0,True,9328.38,574.69,574.69,574.69,9.036
2026-05-13T16:17:52.235724+00:00,gpu3_benchmark,3,nocp_s4096_e4096,benchmark,65536,4096,4096,0,0,True,17416.01,1290.53,1290.53,1290.53,7.349
2026-05-13T16:17:59.585347+00:00,gpu3_benchmark,3,nocp_s4096_e4096,benchmark,131072,4096,4096,0,0,False,,,,,5.214
2026-05-13T16:18:04.800298+00:00,gpu3_benchmark,3,nocp_s4096_e2048,correctness,2048,4096,2048,0,0,True,,,,,8.099
2026-05-13T16:18:12.899281+00:00,gpu3_benchmark,3,nocp_s4096_e2048,benchmark,2048,4096,2048,0,0,True,3510.1,57.36,57.36,57.36,9.422
2026-05-13T16:18:12.899281+00:00,gpu3_benchmark,3,nocp_s4096_e2048,benchmark,8192,4096,2048,0,0,True,4525.78,230.68,230.68,230.68,9.422
2026-05-13T16:18:12.899281+00:00,gpu3_benchmark,3,nocp_s4096_e2048,benchmark,32768,4096,2048,0,0,True,9474.26,996.07,996.07,996.07,9.422
2026-05-13T16:18:22.321658+00:00,gpu3_benchmark,3,nocp_s4096_e2048,benchmark,65536,4096,2048,0,0,True,17708.01,2128.2,2128.2,2128.2,9.433
2026-05-13T16:18:31.754590+00:00,gpu3_benchmark,3,nocp_s4096_e2048,benchmark,131072,4096,2048,0,0,False,,,,,5.773
2026-05-13T16:18:37.528503+00:00,gpu3_benchmark,3,nocp_s2048_e2048,correctness,2048,2048,2048,0,0,True,,,,,8.346
2026-05-13T16:18:45.874394+00:00,gpu3_benchmark,3,nocp_s2048_e2048,benchmark,2048,2048,2048,0,0,True,3510.1,55.73,55.73,55.73,10.087
2026-05-13T16:18:45.874394+00:00,gpu3_benchmark,3,nocp_s2048_e2048,benchmark,8192,2048,2048,0,0,True,4526.78,229.92,229.92,229.92,10.087
2026-05-13T16:18:45.874394+00:00,gpu3_benchmark,3,nocp_s2048_e2048,benchmark,32768,2048,2048,0,0,True,9476.26,1002.68,1002.68,1002.68,10.087
2026-05-13T16:18:55.961369+00:00,gpu3_benchmark,3,nocp_s2048_e2048,benchmark,65536,2048,2048,0,0,True,17708.01,2192.26,2192.26,2192.26,9.722
2026-05-13T16:19:05.683533+00:00,gpu3_benchmark,3,nocp_s2048_e2048,benchmark,131072,2048,2048,0,0,False,,,,,5.720
2026-05-13T16:19:11.403739+00:00,gpu3_benchmark,3,ckpt_s8192_e8192,correctness,2048,8192,8192,1,0,True,,,,,9.585
2026-05-13T16:19:20.989344+00:00,gpu3_benchmark,3,ckpt_s8192_e8192,benchmark,2048,8192,8192,1,0,True,3432.23,51.3,51.3,51.3,9.329
2026-05-13T16:19:20.989344+00:00,gpu3_benchmark,3,ckpt_s8192_e8192,benchmark,8192,8192,8192,1,0,True,4012.63,80.27,80.27,80.27,9.329
2026-05-13T16:19:20.989344+00:00,gpu3_benchmark,3,ckpt_s8192_e8192,benchmark,32768,8192,8192,1,0,True,6814.85,354.03,354.03,354.03,9.329
2026-05-13T16:19:30.319205+00:00,gpu3_benchmark,3,ckpt_s8192_e8192,benchmark,65536,8192,8192,1,0,True,11272.01,746.76,746.76,746.76,6.794
2026-05-13T16:19:37.113950+00:00,gpu3_benchmark,3,ckpt_s8192_e8192,benchmark,131072,8192,8192,1,0,True,21303.26,1668.9,1668.9,1668.9,9.386
2026-05-13T16:19:46.500583+00:00,gpu3_benchmark,3,ckpt_s16384_e4096,correctness,2048,16384,4096,1,0,True,,,,,8.622
2026-05-13T16:19:55.122797+00:00,gpu3_benchmark,3,ckpt_s16384_e4096,benchmark,2048,16384,4096,1,0,True,3432.23,68.75,68.75,68.75,9.714
2026-05-13T16:19:55.122797+00:00,gpu3_benchmark,3,ckpt_s16384_e4096,benchmark,8192,16384,4096,1,0,True,4092.77,141.22,141.22,141.22,9.714
2026-05-13T16:19:55.122797+00:00,gpu3_benchmark,3,ckpt_s16384_e4096,benchmark,32768,16384,4096,1,0,True,6894.87,592.42,592.42,592.42,9.714
2026-05-13T16:20:04.837547+00:00,gpu3_benchmark,3,ckpt_s16384_e4096,benchmark,65536,16384,4096,1,0,True,11272.01,1307.2,1307.2,1307.2,8.478
2026-05-13T16:20:13.315904+00:00,gpu3_benchmark,3,ckpt_s16384_e4096,benchmark,131072,16384,4096,1,0,False,,,,,9.452
2026-05-13T16:20:22.768044+00:00,gpu3_benchmark,3,ckpt_s8192_e4096,correctness,2048,8192,4096,1,0,True,,,,,8.419
2026-05-13T16:20:31.187270+00:00,gpu3_benchmark,3,ckpt_s8192_e4096,benchmark,2048,8192,4096,1,0,True,3432.23,60.81,60.81,60.81,10.026
2026-05-13T16:20:31.187270+00:00,gpu3_benchmark,3,ckpt_s8192_e4096,benchmark,8192,8192,4096,1,0,True,4092.77,141.91,141.91,141.91,10.026
2026-05-13T16:20:31.187270+00:00,gpu3_benchmark,3,ckpt_s8192_e4096,benchmark,32768,8192,4096,1,0,True,6894.87,618.85,618.85,618.85,10.026
2026-05-13T16:20:41.213517+00:00,gpu3_benchmark,3,ckpt_s8192_e4096,benchmark,65536,8192,4096,1,0,True,11272.01,1330.33,1330.33,1330.33,8.432
2026-05-13T16:20:49.646282+00:00,gpu3_benchmark,3,ckpt_s8192_e4096,benchmark,131072,8192,4096,1,0,False,,,,,9.055
2026-05-13T16:20:58.701962+00:00,gpu3_benchmark,3,ckpt_s4096_e4096,correctness,2048,4096,4096,1,0,True,,,,,8.303
2026-05-13T16:21:07.005275+00:00,gpu3_benchmark,3,ckpt_s4096_e4096,benchmark,2048,4096,4096,1,0,True,3432.23,60.76,60.76,60.76,9.313
2026-05-13T16:21:07.005275+00:00,gpu3_benchmark,3,ckpt_s4096_e4096,benchmark,8192,4096,4096,1,0,True,4092.77,139.71,139.71,139.71,9.313
2026-05-13T16:21:07.005275+00:00,gpu3_benchmark,3,ckpt_s4096_e4096,benchmark,32768,4096,4096,1,0,True,6894.87,615.36,615.36,615.36,9.313
2026-05-13T16:21:16.318348+00:00,gpu3_benchmark,3,ckpt_s4096_e4096,benchmark,65536,4096,4096,1,0,True,11272.01,1331.38,1331.38,1331.38,8.333
2026-05-13T16:21:24.651339+00:00,gpu3_benchmark,3,ckpt_s4096_e4096,benchmark,131072,4096,4096,1,0,False,,,,,9.535
2026-05-13T16:21:34.187306+00:00,gpu3_benchmark,3,ckpt_s8192_e2048,correctness,2048,8192,2048,1,0,True,,,,,8.585
2026-05-13T16:21:42.772276+00:00,gpu3_benchmark,3,ckpt_s8192_e2048,benchmark,2048,8192,2048,1,0,True,3432.23,56.64,56.64,56.64,10.424
2026-05-13T16:21:42.772276+00:00,gpu3_benchmark,3,ckpt_s8192_e2048,benchmark,8192,8192,2048,1,0,True,4132.78,245.59,245.59,245.59,10.424
2026-05-13T16:21:42.772276+00:00,gpu3_benchmark,3,ckpt_s8192_e2048,benchmark,32768,8192,2048,1,0,True,6934.88,1040.48,1040.48,1040.48,10.424
2026-05-13T16:21:53.197062+00:00,gpu3_benchmark,3,ckpt_s8192_e2048,benchmark,65536,8192,2048,1,0,True,11272.01,2285.76,2285.76,2285.76,10.408
2026-05-13T16:22:03.605544+00:00,gpu3_benchmark,3,ckpt_s8192_e2048,benchmark,131072,8192,2048,1,0,False,,,,,6.377
2026-05-13T16:22:09.983518+00:00,gpu3_benchmark,3,ckpt_s4096_e2048,correctness,2048,4096,2048,1,0,True,,,,,8.820
2026-05-13T16:22:18.803611+00:00,gpu3_benchmark,3,ckpt_s4096_e2048,benchmark,2048,4096,2048,1,0,True,3432.23,65.11,65.11,65.11,10.575
2026-05-13T16:22:18.803611+00:00,gpu3_benchmark,3,ckpt_s4096_e2048,benchmark,8192,4096,2048,1,0,True,4132.78,229.98,229.98,229.98,10.575
2026-05-13T16:22:18.803611+00:00,gpu3_benchmark,3,ckpt_s4096_e2048,benchmark,32768,4096,2048,1,0,True,6934.88,1035.46,1035.46,1035.46,10.575
2026-05-13T16:22:29.379238+00:00,gpu3_benchmark,3,ckpt_s4096_e2048,benchmark,65536,4096,2048,1,0,True,11272.01,2299.46,2299.46,2299.46,10.732
2026-05-13T16:22:40.111417+00:00,gpu3_benchmark,3,ckpt_s4096_e2048,benchmark,131072,4096,2048,1,0,False,,,,,6.855
2026-05-13T16:22:46.966531+00:00,gpu3_benchmark,3,ckpt_s2048_e2048,correctness,2048,2048,2048,1,0,True,,,,,9.096
2026-05-13T16:22:56.062476+00:00,gpu3_benchmark,3,ckpt_s2048_e2048,benchmark,2048,2048,2048,1,0,True,3432.23,62.2,62.2,62.2,10.339
2026-05-13T16:22:56.062476+00:00,gpu3_benchmark,3,ckpt_s2048_e2048,benchmark,8192,2048,2048,1,0,True,4132.78,242.98,242.98,242.98,10.339
2026-05-13T16:22:56.062476+00:00,gpu3_benchmark,3,ckpt_s2048_e2048,benchmark,32768,2048,2048,1,0,True,6934.88,1074.87,1074.87,1074.87,10.339
2026-05-13T16:23:06.401505+00:00,gpu3_benchmark,3,ckpt_s2048_e2048,benchmark,65536,2048,2048,1,0,True,11272.01,2394.14,2394.14,2394.14,10.313
2026-05-13T16:23:16.715097+00:00,gpu3_benchmark,3,ckpt_s2048_e2048,benchmark,131072,2048,2048,1,0,False,,,,,6.889
2026-05-13T16:23:23.604532+00:00,gpu3_benchmark,3,ckpt_s4096_e1024,correctness,2048,4096,1024,1,0,True,,,,,8.902
2026-05-13T16:23:32.507249+00:00,gpu3_benchmark,3,ckpt_s4096_e1024,benchmark,2048,4096,1024,1,0,True,3453.26,224.98,224.98,224.98,12.687
2026-05-13T16:23:32.507249+00:00,gpu3_benchmark,3,ckpt_s4096_e1024,benchmark,8192,4096,1024,1,0,True,4153.79,448.23,448.23,448.23,12.687
2026-05-13T16:23:32.507249+00:00,gpu3_benchmark,3,ckpt_s4096_e1024,benchmark,32768,4096,1024,1,0,True,6955.88,1953.23,1953.23,1953.23,12.687
2026-05-13T16:23:45.194390+00:00,gpu3_benchmark,3,ckpt_s4096_e1024,benchmark,65536,4096,1024,1,0,True,11272.51,4278.95,4278.95,4278.95,14.869
2026-05-13T16:24:00.064037+00:00,gpu3_benchmark,3,ckpt_s4096_e1024,benchmark,131072,4096,1024,1,0,True,21314.76,10028.31,10028.31,10028.31,26.122
2026-05-13T16:24:26.186536+00:00,gpu3_benchmark,3,ckpt_s2048_e1024,correctness,2048,2048,1024,1,0,True,,,,,9.284
2026-05-13T16:24:35.471259+00:00,gpu3_benchmark,3,ckpt_s2048_e1024,benchmark,2048,2048,1024,1,0,True,3453.26,256.66,256.66,256.66,13.502
2026-05-13T16:24:35.471259+00:00,gpu3_benchmark,3,ckpt_s2048_e1024,benchmark,8192,2048,1024,1,0,True,4153.79,452.06,452.06,452.06,13.502
2026-05-13T16:24:35.471259+00:00,gpu3_benchmark,3,ckpt_s2048_e1024,benchmark,32768,2048,1024,1,0,True,6955.88,1969.34,1969.34,1969.34,13.502
2026-05-13T16:24:48.973738+00:00,gpu3_benchmark,3,ckpt_s2048_e1024,benchmark,65536,2048,1024,1,0,True,11272.51,4297.4,4297.4,4297.4,14.731
2026-05-13T16:25:03.705063+00:00,gpu3_benchmark,3,ckpt_s2048_e1024,benchmark,131072,2048,1024,1,0,False,,,,,17.848
2026-05-13T16:25:21.553438+00:00,gpu3_benchmark,3,ckpt_s1024_e1024,correctness,2048,1024,1024,1,0,True,,,,,8.444
2026-05-13T16:25:29.997327+00:00,gpu3_benchmark,3,ckpt_s1024_e1024,benchmark,2048,1024,1024,1,0,True,3452.26,109.49,109.49,109.49,12.964
2026-05-13T16:25:29.997327+00:00,gpu3_benchmark,3,ckpt_s1024_e1024,benchmark,8192,1024,1024,1,0,True,4152.79,449.51,449.51,449.51,12.964
2026-05-13T16:25:29.997327+00:00,gpu3_benchmark,3,ckpt_s1024_e1024,benchmark,32768,1024,1024,1,0,True,6954.88,1979.38,1979.38,1979.38,12.964
2026-05-13T16:25:42.961462+00:00,gpu3_benchmark,3,ckpt_s1024_e1024,benchmark,65536,1024,1024,1,0,True,11272.01,4356.78,4356.78,4356.78,14.694
2026-05-13T16:25:57.656100+00:00,gpu3_benchmark,3,ckpt_s1024_e1024,benchmark,131072,1024,1024,1,0,False,,,,,17.505
2026-05-13T16:26:15.161436+00:00,gpu3_benchmark,3,nocp_s8192_e8192,correctness,2048,8192,8192,0,0,True,,,,,8.011
2026-05-13T16:26:23.173008+00:00,gpu3_benchmark,3,nocp_s8192_e8192,benchmark,2048,8192,8192,0,0,True,3510.1,54.21,54.21,54.21,7.994
2026-05-13T16:26:23.173008+00:00,gpu3_benchmark,3,nocp_s8192_e8192,benchmark,8192,8192,8192,0,0,True,4300.63,81.5,81.5,81.5,7.994
2026-05-13T16:26:23.173008+00:00,gpu3_benchmark,3,nocp_s8192_e8192,benchmark,32768,8192,8192,0,0,True,9328.38,370.3,370.3,370.3,7.994
2026-05-13T16:26:31.167314+00:00,gpu3_benchmark,3,nocp_s8192_e8192,benchmark,65536,8192,8192,0,0,True,17416.01,797.12,797.12,797.12,6.648
2026-05-13T16:26:37.815395+00:00,gpu3_benchmark,3,nocp_s8192_e8192,benchmark,131072,8192,8192,0,0,False,,,,,4.923
2026-05-13T16:26:42.738411+00:00,gpu3_benchmark,3,nocp_s8192_e4096,correctness,2048,8192,4096,0,0,True,,,,,7.901
2026-05-13T16:26:50.639240+00:00,gpu3_benchmark,3,nocp_s8192_e4096,benchmark,2048,8192,4096,0,0,True,3510.1,55.33,55.33,55.33,8.697
2026-05-13T16:26:50.639240+00:00,gpu3_benchmark,3,nocp_s8192_e4096,benchmark,8192,8192,4096,0,0,True,4428.77,128.24,128.24,128.24,8.697
2026-05-13T16:26:50.639240+00:00,gpu3_benchmark,3,nocp_s8192_e4096,benchmark,32768,8192,4096,0,0,True,9328.38,572.76,572.76,572.76,8.697
2026-05-13T16:26:59.336605+00:00,gpu3_benchmark,3,nocp_s8192_e4096,benchmark,65536,8192,4096,0,0,True,17416.01,1247.75,1247.75,1247.75,7.961
2026-05-13T16:27:07.297553+00:00,gpu3_benchmark,3,nocp_s8192_e4096,benchmark,131072,8192,4096,0,0,False,,,,,5.627
2026-05-13T16:27:12.925014+00:00,gpu3_benchmark,3,nocp_s4096_e4096,correctness,2048,4096,4096,0,0,True,,,,,7.230
2026-05-13T16:27:20.155717+00:00,gpu3_benchmark,3,nocp_s4096_e4096,benchmark,2048,4096,4096,0,0,True,3510.1,53.57,53.57,53.57,8.124
2026-05-13T16:27:20.155717+00:00,gpu3_benchmark,3,nocp_s4096_e4096,benchmark,8192,4096,4096,0,0,True,4428.77,132.32,132.32,132.32,8.124
2026-05-13T16:27:20.155717+00:00,gpu3_benchmark,3,nocp_s4096_e4096,benchmark,32768,4096,4096,0,0,True,9328.38,575.28,575.28,575.28,8.124
2026-05-13T16:27:28.279898+00:00,gpu3_benchmark,3,nocp_s4096_e4096,benchmark,65536,4096,4096,0,0,True,17416.01,1273.58,1273.58,1273.58,7.407
2026-05-13T16:27:35.687498+00:00,gpu3_benchmark,3,nocp_s4096_e4096,benchmark,131072,4096,4096,0,0,False,,,,,5.221
2026-05-13T16:27:40.909522+00:00,gpu3_benchmark,3,nocp_s4096_e2048,correctness,2048,4096,2048,0,0,True,,,,,7.990
2026-05-13T16:27:48.900256+00:00,gpu3_benchmark,3,nocp_s4096_e2048,benchmark,2048,4096,2048,0,0,True,3510.1,75.62,75.62,75.62,10.152
2026-05-13T16:27:48.900256+00:00,gpu3_benchmark,3,nocp_s4096_e2048,benchmark,8192,4096,2048,0,0,True,4525.78,225.91,225.91,225.91,10.152
2026-05-13T16:27:48.900256+00:00,gpu3_benchmark,3,nocp_s4096_e2048,benchmark,32768,4096,2048,0,0,True,9474.26,1014.75,1014.75,1014.75,10.152
2026-05-13T16:27:59.052686+00:00,gpu3_benchmark,3,nocp_s4096_e2048,benchmark,65536,4096,2048,0,0,True,17708.01,2176.43,2176.43,2176.43,10.049
2026-05-13T16:28:09.101527+00:00,gpu3_benchmark,3,nocp_s4096_e2048,benchmark,131072,4096,2048,0,0,False,,,,,5.736
2026-05-13T16:28:14.838296+00:00,gpu3_benchmark,3,nocp_s2048_e2048,correctness,2048,2048,2048,0,0,True,,,,,7.827
2026-05-13T16:28:22.665576+00:00,gpu3_benchmark,3,nocp_s2048_e2048,benchmark,2048,2048,2048,0,0,True,3510.1,55.97,55.97,55.97,9.888
2026-05-13T16:28:22.665576+00:00,gpu3_benchmark,3,nocp_s2048_e2048,benchmark,8192,2048,2048,0,0,True,4526.78,225.85,225.85,225.85,9.888
2026-05-13T16:28:22.665576+00:00,gpu3_benchmark,3,nocp_s2048_e2048,benchmark,32768,2048,2048,0,0,True,9476.26,1012.99,1012.99,1012.99,9.888
2026-05-13T16:28:32.553985+00:00,gpu3_benchmark,3,nocp_s2048_e2048,benchmark,65536,2048,2048,0,0,True,17708.01,2223.02,2223.02,2223.02,9.261
2026-05-13T16:28:41.815413+00:00,gpu3_benchmark,3,nocp_s2048_e2048,benchmark,131072,2048,2048,0,0,False,,,,,5.398
2026-05-13T16:28:47.213669+00:00,gpu3_benchmark,3,ckpt_s8192_e8192,correctness,2048,8192,8192,1,0,True,,,,,8.688
2026-05-13T16:28:55.901618+00:00,gpu3_benchmark,3,ckpt_s8192_e8192,benchmark,2048,8192,8192,1,0,True,3432.23,59.41,59.41,59.41,9.262
2026-05-13T16:28:55.901618+00:00,gpu3_benchmark,3,ckpt_s8192_e8192,benchmark,8192,8192,8192,1,0,True,4012.63,92.62,92.62,92.62,9.262
2026-05-13T16:28:55.901618+00:00,gpu3_benchmark,3,ckpt_s8192_e8192,benchmark,32768,8192,8192,1,0,True,6814.85,388.28,388.28,388.28,9.262
2026-05-13T16:29:05.163840+00:00,gpu3_benchmark,3,ckpt_s8192_e8192,benchmark,65536,8192,8192,1,0,True,11272.01,833.62,833.62,833.62,7.808
2026-05-13T16:29:12.972296+00:00,gpu3_benchmark,3,ckpt_s8192_e8192,benchmark,131072,8192,8192,1,0,True,21303.26,1878.17,1878.17,1878.17,9.769
2026-05-13T16:29:22.741522+00:00,gpu3_benchmark,3,ckpt_s16384_e4096,correctness,2048,16384,4096,1,0,True,,,,,8.889
2026-05-13T16:29:31.631026+00:00,gpu3_benchmark,3,ckpt_s16384_e4096,benchmark,2048,16384,4096,1,0,True,3432.23,53.7,53.7,53.7,9.500
2026-05-13T16:29:31.631026+00:00,gpu3_benchmark,3,ckpt_s16384_e4096,benchmark,8192,16384,4096,1,0,True,4092.77,126.75,126.75,126.75,9.500
2026-05-13T16:29:31.631026+00:00,gpu3_benchmark,3,ckpt_s16384_e4096,benchmark,32768,16384,4096,1,0,True,6894.87,592.77,592.77,592.77,9.500
2026-05-13T16:29:41.131540+00:00,gpu3_benchmark,3,ckpt_s16384_e4096,benchmark,65536,16384,4096,1,0,True,11272.01,1271.56,1271.56,1271.56,9.147
2026-05-13T16:29:50.279274+00:00,gpu3_benchmark,3,ckpt_s16384_e4096,benchmark,131072,16384,4096,1,0,False,,,,,9.802
2026-05-13T16:30:00.081579+00:00,gpu3_benchmark,3,ckpt_s8192_e4096,correctness,2048,8192,4096,1,0,True,,,,,8.950
2026-05-13T16:30:09.032304+00:00,gpu3_benchmark,3,ckpt_s8192_e4096,benchmark,2048,8192,4096,1,0,True,3432.23,60.6,60.6,60.6,9.872
2026-05-13T16:30:09.032304+00:00,gpu3_benchmark,3,ckpt_s8192_e4096,benchmark,8192,8192,4096,1,0,True,4092.77,139.68,139.68,139.68,9.872
2026-05-13T16:30:09.032304+00:00,gpu3_benchmark,3,ckpt_s8192_e4096,benchmark,32768,8192,4096,1,0,True,6894.87,595.15,595.15,595.15,9.872
2026-05-13T16:30:18.905062+00:00,gpu3_benchmark,3,ckpt_s8192_e4096,benchmark,65536,8192,4096,1,0,True,11272.01,1288.39,1288.39,1288.39,9.128
2026-05-13T16:30:28.033455+00:00,gpu3_benchmark,3,ckpt_s8192_e4096,benchmark,131072,8192,4096,1,0,False,,,,,9.561
2026-05-13T16:30:37.594892+00:00,gpu3_benchmark,3,ckpt_s4096_e4096,correctness,2048,4096,4096,1,0,True,,,,,8.407
2026-05-13T16:30:46.001768+00:00,gpu3_benchmark,3,ckpt_s4096_e4096,benchmark,2048,4096,4096,1,0,True,3432.23,58.12,58.12,58.12,8.971
2026-05-13T16:30:46.001768+00:00,gpu3_benchmark,3,ckpt_s4096_e4096,benchmark,8192,4096,4096,1,0,True,4092.77,124.66,124.66,124.66,8.971
2026-05-13T16:30:46.001768+00:00,gpu3_benchmark,3,ckpt_s4096_e4096,benchmark,32768,4096,4096,1,0,True,6894.87,549.58,549.58,549.58,8.971
2026-05-13T16:30:54.973485+00:00,gpu3_benchmark,3,ckpt_s4096_e4096,benchmark,65536,4096,4096,1,0,True,11272.01,1170.62,1170.62,1170.62,8.744
2026-05-13T16:31:03.717917+00:00,gpu3_benchmark,3,ckpt_s4096_e4096,benchmark,131072,4096,4096,1,0,False,,,,,9.430
2026-05-13T16:31:13.148678+00:00,gpu3_benchmark,3,ckpt_s8192_e2048,correctness,2048,8192,2048,1,0,True,,,,,9.080
2026-05-13T16:31:22.229285+00:00,gpu3_benchmark,3,ckpt_s8192_e2048,benchmark,2048,8192,2048,1,0,True,3432.23,60.47,60.47,60.47,11.163
2026-05-13T16:31:22.229285+00:00,gpu3_benchmark,3,ckpt_s8192_e2048,benchmark,8192,8192,2048,1,0,True,4132.78,240.38,240.38,240.38,11.163
2026-05-13T16:31:22.229285+00:00,gpu3_benchmark,3,ckpt_s8192_e2048,benchmark,32768,8192,2048,1,0,True,6934.88,1041.5,1041.5,1041.5,11.163
2026-05-13T16:31:33.392963+00:00,gpu3_benchmark,3,ckpt_s8192_e2048,benchmark,65536,8192,2048,1,0,True,11272.01,2283.23,2283.23,2283.23,10.594
2026-05-13T16:31:43.987421+00:00,gpu3_benchmark,3,ckpt_s8192_e2048,benchmark,131072,8192,2048,1,0,False,,,,,6.366
2026-05-13T16:31:50.353543+00:00,gpu3_benchmark,3,ckpt_s4096_e2048,correctness,2048,4096,2048,1,0,True,,,,,8.458
2026-05-13T16:31:58.811997+00:00,gpu3_benchmark,3,ckpt_s4096_e2048,benchmark,2048,4096,2048,1,0,True,3432.23,59.16,59.16,59.16,11.436
2026-05-13T16:31:58.811997+00:00,gpu3_benchmark,3,ckpt_s4096_e2048,benchmark,8192,4096,2048,1,0,True,4132.78,250.22,250.22,250.22,11.436
2026-05-13T16:31:58.811997+00:00,gpu3_benchmark,3,ckpt_s4096_e2048,benchmark,32768,4096,2048,1,0,True,6934.88,1069.26,1069.26,1069.26,11.436
2026-05-13T16:32:10.248298+00:00,gpu3_benchmark,3,ckpt_s4096_e2048,benchmark,65536,4096,2048,1,0,True,11272.01,2304.08,2304.08,2304.08,10.511
2026-05-13T16:32:20.759295+00:00,gpu3_benchmark,3,ckpt_s4096_e2048,benchmark,131072,4096,2048,1,0,False,,,,,6.531
2026-05-13T16:32:27.290418+00:00,gpu3_benchmark,3,ckpt_s2048_e2048,correctness,2048,2048,2048,1,0,True,,,,,8.829
2026-05-13T16:32:36.119516+00:00,gpu3_benchmark,3,ckpt_s2048_e2048,benchmark,2048,2048,2048,1,0,True,3432.23,60.65,60.65,60.65,10.803
2026-05-13T16:32:36.119516+00:00,gpu3_benchmark,3,ckpt_s2048_e2048,benchmark,8192,2048,2048,1,0,True,4132.78,251.81,251.81,251.81,10.803
2026-05-13T16:32:36.119516+00:00,gpu3_benchmark,3,ckpt_s2048_e2048,benchmark,32768,2048,2048,1,0,True,6934.88,1053.53,1053.53,1053.53,10.803
2026-05-13T16:32:46.922636+00:00,gpu3_benchmark,3,ckpt_s2048_e2048,benchmark,65536,2048,2048,1,0,True,11272.01,2333.69,2333.69,2333.69,10.356
2026-05-13T16:32:57.279183+00:00,gpu3_benchmark,3,ckpt_s2048_e2048,benchmark,131072,2048,2048,1,0,False,,,,,6.569
2026-05-13T16:33:03.848396+00:00,gpu3_benchmark,3,ckpt_s4096_e1024,correctness,2048,4096,1024,1,0,True,,,,,8.798
2026-05-13T16:33:12.647011+00:00,gpu3_benchmark,3,ckpt_s4096_e1024,benchmark,2048,4096,1024,1,0,True,3453.26,236.45,236.45,236.45,12.952
2026-05-13T16:33:12.647011+00:00,gpu3_benchmark,3,ckpt_s4096_e1024,benchmark,8192,4096,1024,1,0,True,4153.79,456.84,456.84,456.84,12.952
2026-05-13T16:33:12.647011+00:00,gpu3_benchmark,3,ckpt_s4096_e1024,benchmark,32768,4096,1024,1,0,True,6955.88,1958.36,1958.36,1958.36,12.952
2026-05-13T16:33:25.599562+00:00,gpu3_benchmark,3,ckpt_s4096_e1024,benchmark,65536,4096,1024,1,0,True,11272.51,4325.36,4325.36,4325.36,14.445
2026-05-13T16:33:40.044408+00:00,gpu3_benchmark,3,ckpt_s4096_e1024,benchmark,131072,4096,1024,1,0,True,21314.76,10021.3,10021.3,10021.3,26.532
2026-05-13T16:34:06.576489+00:00,gpu3_benchmark,3,ckpt_s2048_e1024,correctness,2048,2048,1024,1,0,True,,,,,8.653
2026-05-13T16:34:15.229753+00:00,gpu3_benchmark,3,ckpt_s2048_e1024,benchmark,2048,2048,1024,1,0,True,3453.26,381.49,381.49,381.49,13.370
2026-05-13T16:34:15.229753+00:00,gpu3_benchmark,3,ckpt_s2048_e1024,benchmark,8192,2048,1024,1,0,True,4153.79,441.86,441.86,441.86,13.370
2026-05-13T16:34:15.229753+00:00,gpu3_benchmark,3,ckpt_s2048_e1024,benchmark,32768,2048,1024,1,0,True,6955.88,1985.73,1985.73,1985.73,13.370
2026-05-13T16:34:28.599676+00:00,gpu3_benchmark,3,ckpt_s2048_e1024,benchmark,65536,2048,1024,1,0,True,11272.51,4303.52,4303.52,4303.52,14.745
2026-05-13T16:34:43.344662+00:00,gpu3_benchmark,3,ckpt_s2048_e1024,benchmark,131072,2048,1024,1,0,False,,,,,16.806
2026-05-13T16:35:00.151453+00:00,gpu3_benchmark,3,ckpt_s1024_e1024,correctness,2048,1024,1024,1,0,True,,,,,8.345
2026-05-13T16:35:08.496687+00:00,gpu3_benchmark,3,ckpt_s1024_e1024,benchmark,2048,1024,1024,1,0,True,3452.26,110.52,110.52,110.52,13.121
2026-05-13T16:35:08.496687+00:00,gpu3_benchmark,3,ckpt_s1024_e1024,benchmark,8192,1024,1024,1,0,True,4152.79,467.74,467.74,467.74,13.121
2026-05-13T16:35:08.496687+00:00,gpu3_benchmark,3,ckpt_s1024_e1024,benchmark,32768,1024,1024,1,0,True,6954.88,2011.42,2011.42,2011.42,13.121
2026-05-13T16:35:21.618475+00:00,gpu3_benchmark,3,ckpt_s1024_e1024,benchmark,65536,1024,1024,1,0,True,11272.01,4368.75,4368.75,4368.75,14.382
2026-05-13T16:35:36.000499+00:00,gpu3_benchmark,3,ckpt_s1024_e1024,benchmark,131072,1024,1024,1,0,False,,,,,17.246
2026-05-13T16:35:53.247266+00:00,gpu3_benchmark,3,nocp_s8192_e8192,correctness,2048,8192,8192,0,0,True,,,,,7.753
2026-05-13T16:36:01.000638+00:00,gpu3_benchmark,3,nocp_s8192_e8192,benchmark,2048,8192,8192,0,0,True,3510.1,57.84,57.84,57.84,8.071
2026-05-13T16:36:01.000638+00:00,gpu3_benchmark,3,nocp_s8192_e8192,benchmark,8192,8192,8192,0,0,True,4300.63,80.29,80.29,80.29,8.071
2026-05-13T16:36:01.000638+00:00,gpu3_benchmark,3,nocp_s8192_e8192,benchmark,32768,8192,8192,0,0,True,9328.38,362.96,362.96,362.96,8.071
2026-05-13T16:36:09.072239+00:00,gpu3_benchmark,3,nocp_s8192_e8192,benchmark,65536,8192,8192,0,0,True,17416.01,780.46,780.46,780.46,6.657
2026-05-13T16:36:15.729778+00:00,gpu3_benchmark,3,nocp_s8192_e8192,benchmark,131072,8192,8192,0,0,False,,,,,5.115
2026-05-13T16:36:20.845712+00:00,gpu3_benchmark,3,nocp_s8192_e4096,correctness,2048,8192,4096,0,0,True,,,,,7.449
2026-05-13T16:36:28.295129+00:00,gpu3_benchmark,3,nocp_s8192_e4096,benchmark,2048,8192,4096,0,0,True,3510.1,56.05,56.05,56.05,8.264
2026-05-13T16:36:28.295129+00:00,gpu3_benchmark,3,nocp_s8192_e4096,benchmark,8192,8192,4096,0,0,True,4428.77,131.12,131.12,131.12,8.264
2026-05-13T16:36:28.295129+00:00,gpu3_benchmark,3,nocp_s8192_e4096,benchmark,32768,8192,4096,0,0,True,9328.38,569.45,569.45,569.45,8.264
2026-05-13T16:36:36.559852+00:00,gpu3_benchmark,3,nocp_s8192_e4096,benchmark,65536,8192,4096,0,0,True,17416.01,1250.87,1250.87,1250.87,8.053
2026-05-13T16:36:44.613494+00:00,gpu3_benchmark,3,nocp_s8192_e4096,benchmark,131072,8192,4096,0,0,False,,,,,5.459
2026-05-13T16:36:50.073145+00:00,gpu3_benchmark,3,nocp_s4096_e4096,correctness,2048,4096,4096,0,0,True,,,,,7.805
2026-05-13T16:36:57.878953+00:00,gpu3_benchmark,3,nocp_s4096_e4096,benchmark,2048,4096,4096,0,0,True,3510.1,54.96,54.96,54.96,8.741
2026-05-13T16:36:57.878953+00:00,gpu3_benchmark,3,nocp_s4096_e4096,benchmark,8192,4096,4096,0,0,True,4428.77,129.64,129.64,129.64,8.741
2026-05-13T16:36:57.878953+00:00,gpu3_benchmark,3,nocp_s4096_e4096,benchmark,32768,4096,4096,0,0,True,9328.38,560.18,560.18,560.18,8.741
2026-05-13T16:37:06.620325+00:00,gpu3_benchmark,3,nocp_s4096_e4096,benchmark,65536,4096,4096,0,0,True,17416.01,1267.44,1267.44,1267.44,7.609
2026-05-13T16:37:14.229339+00:00,gpu3_benchmark,3,nocp_s4096_e4096,benchmark,131072,4096,4096,0,0,False,,,,,5.525
2026-05-13T16:37:19.754398+00:00,gpu3_benchmark,3,nocp_s4096_e2048,correctness,2048,4096,2048,0,0,True,,,,,7.735
2026-05-13T16:37:27.489461+00:00,gpu3_benchmark,3,nocp_s4096_e2048,benchmark,2048,4096,2048,0,0,True,3510.1,53.85,53.85,53.85,9.955
2026-05-13T16:37:27.489461+00:00,gpu3_benchmark,3,nocp_s4096_e2048,benchmark,8192,4096,2048,0,0,True,4525.78,227.95,227.95,227.95,9.955
2026-05-13T16:37:27.489461+00:00,gpu3_benchmark,3,nocp_s4096_e2048,benchmark,32768,4096,2048,0,0,True,9474.26,1008.6,1008.6,1008.6,9.955
2026-05-13T16:37:37.445297+00:00,gpu3_benchmark,3,nocp_s4096_e2048,benchmark,65536,4096,2048,0,0,True,17708.01,2157.9,2157.9,2157.9,9.588
2026-05-13T16:37:47.033425+00:00,gpu3_benchmark,3,nocp_s4096_e2048,benchmark,131072,4096,2048,0,0,False,,,,,5.230
2026-05-13T16:37:52.264176+00:00,gpu3_benchmark,3,nocp_s2048_e2048,correctness,2048,2048,2048,0,0,True,,,,,7.438
2026-05-13T16:37:59.702462+00:00,gpu3_benchmark,3,nocp_s2048_e2048,benchmark,2048,2048,2048,0,0,True,3510.1,51.85,51.85,51.85,9.565
2026-05-13T16:37:59.702462+00:00,gpu3_benchmark,3,nocp_s2048_e2048,benchmark,8192,2048,2048,0,0,True,4526.78,226.54,226.54,226.54,9.565
2026-05-13T16:37:59.702462+00:00,gpu3_benchmark,3,nocp_s2048_e2048,benchmark,32768,2048,2048,0,0,True,9476.26,1013.35,1013.35,1013.35,9.565
2026-05-13T16:38:09.268205+00:00,gpu3_benchmark,3,nocp_s2048_e2048,benchmark,65536,2048,2048,0,0,True,17708.01,2235.78,2235.78,2235.78,9.693
2026-05-13T16:38:18.961997+00:00,gpu3_benchmark,3,nocp_s2048_e2048,benchmark,131072,2048,2048,0,0,False,,,,,5.155
2026-05-13T16:38:24.117100+00:00,gpu3_benchmark,3,ckpt_s8192_e8192,correctness,2048,8192,8192,1,0,True,,,,,8.116
2026-05-13T16:38:32.233456+00:00,gpu3_benchmark,3,ckpt_s8192_e8192,benchmark,2048,8192,8192,1,0,True,3432.23,57.8,57.8,57.8,8.785
2026-05-13T16:38:32.233456+00:00,gpu3_benchmark,3,ckpt_s8192_e8192,benchmark,8192,8192,8192,1,0,True,4012.63,89.28,89.28,89.28,8.785
2026-05-13T16:38:32.233456+00:00,gpu3_benchmark,3,ckpt_s8192_e8192,benchmark,32768,8192,8192,1,0,True,6814.85,389.31,389.31,389.31,8.785
2026-05-13T16:38:41.018396+00:00,gpu3_benchmark,3,ckpt_s8192_e8192,benchmark,65536,8192,8192,1,0,True,11272.01,839.64,839.64,839.64,7.669
2026-05-13T16:38:48.687458+00:00,gpu3_benchmark,3,ckpt_s8192_e8192,benchmark,131072,8192,8192,1,0,True,21303.26,1868.02,1868.02,1868.02,9.802
2026-05-13T16:38:58.490021+00:00,gpu3_benchmark,3,ckpt_s16384_e4096,correctness,2048,16384,4096,1,0,True,,,,,8.477
2026-05-13T16:39:06.967432+00:00,gpu3_benchmark,3,ckpt_s16384_e4096,benchmark,2048,16384,4096,1,0,True,3432.23,60.63,60.63,60.63,9.784
2026-05-13T16:39:06.967432+00:00,gpu3_benchmark,3,ckpt_s16384_e4096,benchmark,8192,16384,4096,1,0,True,4092.77,137.4,137.4,137.4,9.784
2026-05-13T16:39:06.967432+00:00,gpu3_benchmark,3,ckpt_s16384_e4096,benchmark,32768,16384,4096,1,0,True,6894.87,599.23,599.23,599.23,9.784
2026-05-13T16:39:16.751479+00:00,gpu3_benchmark,3,ckpt_s16384_e4096,benchmark,65536,16384,4096,1,0,True,11272.01,1291.61,1291.61,1291.61,8.390
2026-05-13T16:39:25.141420+00:00,gpu3_benchmark,3,ckpt_s16384_e4096,benchmark,131072,16384,4096,1,0,False,,,,,9.470
2026-05-13T16:39:34.611608+00:00,gpu3_benchmark,3,ckpt_s8192_e4096,correctness,2048,8192,4096,1,0,True,,,,,8.205
2026-05-13T16:39:42.817433+00:00,gpu3_benchmark,3,ckpt_s8192_e4096,benchmark,2048,8192,4096,1,0,True,3432.23,60.39,60.39,60.39,9.837
2026-05-13T16:39:42.817433+00:00,gpu3_benchmark,3,ckpt_s8192_e4096,benchmark,8192,8192,4096,1,0,True,4092.77,146.0,146.0,146.0,9.837
2026-05-13T16:39:42.817433+00:00,gpu3_benchmark,3,ckpt_s8192_e4096,benchmark,32768,8192,4096,1,0,True,6894.87,600.06,600.06,600.06,9.837
2026-05-13T16:39:52.655253+00:00,gpu3_benchmark,3,ckpt_s8192_e4096,benchmark,65536,8192,4096,1,0,True,11272.01,1290.79,1290.79,1290.79,8.330
2026-05-13T16:40:00.985512+00:00,gpu3_benchmark,3,ckpt_s8192_e4096,benchmark,131072,8192,4096,1,0,False,,,,,9.234
2026-05-13T16:40:10.219541+00:00,gpu3_benchmark,3,ckpt_s4096_e4096,correctness,2048,4096,4096,1,0,True,,,,,8.021
2026-05-13T16:40:18.241009+00:00,gpu3_benchmark,3,ckpt_s4096_e4096,benchmark,2048,4096,4096,1,0,True,3432.23,61.83,61.83,61.83,10.141
2026-05-13T16:40:18.241009+00:00,gpu3_benchmark,3,ckpt_s4096_e4096,benchmark,8192,4096,4096,1,0,True,4092.77,143.39,143.39,143.39,10.141
2026-05-13T16:40:18.241009+00:00,gpu3_benchmark,3,ckpt_s4096_e4096,benchmark,32768,4096,4096,1,0,True,6894.87,603.07,603.07,603.07,10.141
2026-05-13T16:40:28.382812+00:00,gpu3_benchmark,3,ckpt_s4096_e4096,benchmark,65536,4096,4096,1,0,True,11272.01,1315.35,1315.35,1315.35,8.407
2026-05-13T16:40:36.790351+00:00,gpu3_benchmark,3,ckpt_s4096_e4096,benchmark,131072,4096,4096,1,0,False,,,,,9.076
2026-05-13T16:40:45.866519+00:00,gpu3_benchmark,3,ckpt_s8192_e2048,correctness,2048,8192,2048,1,0,True,,,,,9.333
2026-05-13T16:40:55.199806+00:00,gpu3_benchmark,3,ckpt_s8192_e2048,benchmark,2048,8192,2048,1,0,True,3432.23,53.89,53.89,53.89,10.780
2026-05-13T16:40:55.199806+00:00,gpu3_benchmark,3,ckpt_s8192_e2048,benchmark,8192,8192,2048,1,0,True,4132.78,212.57,212.57,212.57,10.780
2026-05-13T16:40:55.199806+00:00,gpu3_benchmark,3,ckpt_s8192_e2048,benchmark,32768,8192,2048,1,0,True,6934.88,1040.43,1040.43,1040.43,10.780
2026-05-13T16:41:05.980494+00:00,gpu3_benchmark,3,ckpt_s8192_e2048,benchmark,65536,8192,2048,1,0,True,11272.01,2243.49,2243.49,2243.49,11.192
2026-05-13T16:41:17.172835+00:00,gpu3_benchmark,3,ckpt_s8192_e2048,benchmark,131072,8192,2048,1,0,False,,,,,7.001
2026-05-13T16:41:24.174529+00:00,gpu3_benchmark,3,ckpt_s4096_e2048,correctness,2048,4096,2048,1,0,True,,,,,9.812
2026-05-13T16:41:33.986554+00:00,gpu3_benchmark,3,ckpt_s4096_e2048,benchmark,2048,4096,2048,1,0,True,3432.23,58.98,58.98,58.98,10.790
2026-05-13T16:41:33.986554+00:00,gpu3_benchmark,3,ckpt_s4096_e2048,benchmark,8192,4096,2048,1,0,True,4132.78,234.6,234.6,234.6,10.790
2026-05-13T16:41:33.986554+00:00,gpu3_benchmark,3,ckpt_s4096_e2048,benchmark,32768,4096,2048,1,0,True,6934.88,1080.23,1080.23,1080.23,10.790
2026-05-13T16:41:44.777185+00:00,gpu3_benchmark,3,ckpt_s4096_e2048,benchmark,65536,4096,2048,1,0,True,11272.01,2309.07,2309.07,2309.07,10.463
2026-05-13T16:41:55.240355+00:00,gpu3_benchmark,3,ckpt_s4096_e2048,benchmark,131072,4096,2048,1,0,False,,,,,6.986
2026-05-13T16:42:02.227353+00:00,gpu3_benchmark,3,ckpt_s2048_e2048,correctness,2048,2048,2048,1,0,True,,,,,8.091
2026-05-13T16:42:10.318206+00:00,gpu3_benchmark,3,ckpt_s2048_e2048,benchmark,2048,2048,2048,1,0,True,3432.23,52.97,52.97,52.97,10.256
2026-05-13T16:42:10.318206+00:00,gpu3_benchmark,3,ckpt_s2048_e2048,benchmark,8192,2048,2048,1,0,True,4132.78,221.61,221.61,221.61,10.256
2026-05-13T16:42:10.318206+00:00,gpu3_benchmark,3,ckpt_s2048_e2048,benchmark,32768,2048,2048,1,0,True,6934.88,946.25,946.25,946.25,10.256
2026-05-13T16:42:20.574402+00:00,gpu3_benchmark,3,ckpt_s2048_e2048,benchmark,65536,2048,2048,1,0,True,11272.01,2254.29,2254.29,2254.29,10.419
2026-05-13T16:42:30.993261+00:00,gpu3_benchmark,3,ckpt_s2048_e2048,benchmark,131072,2048,2048,1,0,False,,,,,6.874
2026-05-13T16:42:37.867551+00:00,gpu3_benchmark,3,ckpt_s4096_e1024,correctness,2048,4096,1024,1,0,True,,,,,8.348
2026-05-13T16:42:46.216310+00:00,gpu3_benchmark,3,ckpt_s4096_e1024,benchmark,2048,4096,1024,1,0,True,3453.26,274.77,274.77,274.77,13.532
2026-05-13T16:42:46.216310+00:00,gpu3_benchmark,3,ckpt_s4096_e1024,benchmark,8192,4096,1024,1,0,True,4153.79,469.52,469.52,469.52,13.532
2026-05-13T16:42:46.216310+00:00,gpu3_benchmark,3,ckpt_s4096_e1024,benchmark,32768,4096,1024,1,0,True,6955.88,1955.74,1955.74,1955.74,13.532
2026-05-13T16:42:59.748870+00:00,gpu3_benchmark,3,ckpt_s4096_e1024,benchmark,65536,4096,1024,1,0,True,11272.51,4275.27,4275.27,4275.27,14.892
2026-05-13T16:43:14.641709+00:00,gpu3_benchmark,3,ckpt_s4096_e1024,benchmark,131072,4096,1024,1,0,True,21314.76,10123.71,10123.71,10123.71,26.689
2026-05-13T16:43:41.331618+00:00,gpu3_benchmark,3,ckpt_s2048_e1024,correctness,2048,2048,1024,1,0,True,,,,,8.480
2026-05-13T16:43:49.811395+00:00,gpu3_benchmark,3,ckpt_s2048_e1024,benchmark,2048,2048,1024,1,0,True,3453.26,227.74,227.74,227.74,12.629
2026-05-13T16:43:49.811395+00:00,gpu3_benchmark,3,ckpt_s2048_e1024,benchmark,8192,2048,1024,1,0,True,4153.79,440.69,440.69,440.69,12.629
2026-05-13T16:43:49.811395+00:00,gpu3_benchmark,3,ckpt_s2048_e1024,benchmark,32768,2048,1024,1,0,True,6955.88,1970.35,1970.35,1970.35,12.629
2026-05-13T16:44:02.440687+00:00,gpu3_benchmark,3,ckpt_s2048_e1024,benchmark,65536,2048,1024,1,0,True,11272.51,4343.96,4343.96,4343.96,14.487
2026-05-13T16:44:16.927801+00:00,gpu3_benchmark,3,ckpt_s2048_e1024,benchmark,131072,2048,1024,1,0,False,,,,,16.834
2026-05-13T16:44:33.762714+00:00,gpu3_benchmark,3,ckpt_s1024_e1024,correctness,2048,1024,1024,1,0,True,,,,,8.251
2026-05-13T16:44:42.014287+00:00,gpu3_benchmark,3,ckpt_s1024_e1024,benchmark,2048,1024,1024,1,0,True,3452.26,117.11,117.11,117.11,12.562
2026-05-13T16:44:42.014287+00:00,gpu3_benchmark,3,ckpt_s1024_e1024,benchmark,8192,1024,1024,1,0,True,4152.79,474.1,474.1,474.1,12.562
2026-05-13T16:44:42.014287+00:00,gpu3_benchmark,3,ckpt_s1024_e1024,benchmark,32768,1024,1024,1,0,True,6954.88,2001.26,2001.26,2001.26,12.562
2026-05-13T16:44:54.576786+00:00,gpu3_benchmark,3,ckpt_s1024_e1024,benchmark,65536,1024,1024,1,0,True,11272.01,4359.05,4359.05,4359.05,13.415
2026-05-13T16:45:07.991919+00:00,gpu3_benchmark,3,ckpt_s1024_e1024,benchmark,131072,1024,1024,1,0,False,,,,,16.838
2026-05-13T16:45:24.830085+00:00,gpu3_benchmark,3,nocp_s8192_e8192,correctness,2048,8192,8192,0,0,True,,,,,7.136
2026-05-13T16:45:31.966596+00:00,gpu3_benchmark,3,nocp_s8192_e8192,benchmark,2048,8192,8192,0,0,True,3510.1,57.18,57.18,57.18,7.846
2026-05-13T16:45:31.966596+00:00,gpu3_benchmark,3,nocp_s8192_e8192,benchmark,8192,8192,8192,0,0,True,4300.63,82.76,82.76,82.76,7.846
2026-05-13T16:45:31.966596+00:00,gpu3_benchmark,3,nocp_s8192_e8192,benchmark,32768,8192,8192,0,0,True,9328.38,363.6,363.6,363.6,7.846
2026-05-13T16:45:39.813673+00:00,gpu3_benchmark,3,nocp_s8192_e8192,benchmark,65536,8192,8192,0,0,True,17416.01,795.21,795.21,795.21,6.598
2026-05-13T16:45:46.412290+00:00,gpu3_benchmark,3,nocp_s8192_e8192,benchmark,131072,8192,8192,0,0,False,,,,,4.986
2026-05-13T16:45:51.398770+00:00,gpu3_benchmark,3,nocp_s8192_e4096,correctness,2048,8192,4096,0,0,True,,,,,7.225
2026-05-13T16:45:58.624293+00:00,gpu3_benchmark,3,nocp_s8192_e4096,benchmark,2048,8192,4096,0,0,True,3510.1,54.22,54.22,54.22,8.108
2026-05-13T16:45:58.624293+00:00,gpu3_benchmark,3,nocp_s8192_e4096,benchmark,8192,8192,4096,0,0,True,4428.77,137.94,137.94,137.94,8.108
2026-05-13T16:45:58.624293+00:00,gpu3_benchmark,3,nocp_s8192_e4096,benchmark,32768,8192,4096,0,0,True,9328.38,573.91,573.91,573.91,8.108
2026-05-13T16:46:06.732604+00:00,gpu3_benchmark,3,nocp_s8192_e4096,benchmark,65536,8192,4096,0,0,True,17416.01,1253.55,1253.55,1253.55,7.724
2026-05-13T16:46:14.457342+00:00,gpu3_benchmark,3,nocp_s8192_e4096,benchmark,131072,8192,4096,0,0,False,,,,,5.445
2026-05-13T16:46:19.903320+00:00,gpu3_benchmark,3,nocp_s4096_e4096,correctness,2048,4096,4096,0,0,True,,,,,7.771
2026-05-13T16:46:27.674453+00:00,gpu3_benchmark,3,nocp_s4096_e4096,benchmark,2048,4096,4096,0,0,True,3510.1,54.88,54.88,54.88,8.190
2026-05-13T16:46:27.674453+00:00,gpu3_benchmark,3,nocp_s4096_e4096,benchmark,8192,4096,4096,0,0,True,4428.77,128.22,128.22,128.22,8.190
2026-05-13T16:46:27.674453+00:00,gpu3_benchmark,3,nocp_s4096_e4096,benchmark,32768,4096,4096,0,0,True,9328.38,584.11,584.11,584.11,8.190
2026-05-13T16:46:35.864798+00:00,gpu3_benchmark,3,nocp_s4096_e4096,benchmark,65536,4096,4096,0,0,True,17416.01,1270.33,1270.33,1270.33,7.348
2026-05-13T16:46:43.213246+00:00,gpu3_benchmark,3,nocp_s4096_e4096,benchmark,131072,4096,4096,0,0,False,,,,,5.620
2026-05-13T16:46:48.834100+00:00,gpu3_benchmark,3,nocp_s4096_e2048,correctness,2048,4096,2048,0,0,True,,,,,8.249
2026-05-13T16:46:57.083876+00:00,gpu3_benchmark,3,nocp_s4096_e2048,benchmark,2048,4096,2048,0,0,True,3510.1,57.17,57.17,57.17,9.158
2026-05-13T16:46:57.083876+00:00,gpu3_benchmark,3,nocp_s4096_e2048,benchmark,8192,4096,2048,0,0,True,4525.78,229.26,229.26,229.26,9.158
2026-05-13T16:46:57.083876+00:00,gpu3_benchmark,3,nocp_s4096_e2048,benchmark,32768,4096,2048,0,0,True,9474.26,1000.65,1000.65,1000.65,9.158
2026-05-13T16:47:06.242233+00:00,gpu3_benchmark,3,nocp_s4096_e2048,benchmark,65536,4096,2048,0,0,True,17708.01,2202.66,2202.66,2202.66,8.594
2026-05-13T16:47:14.836578+00:00,gpu3_benchmark,3,nocp_s4096_e2048,benchmark,131072,4096,2048,0,0,False,,,,,4.472
2026-05-13T16:47:19.309189+00:00,gpu3_benchmark,3,nocp_s2048_e2048,correctness,2048,2048,2048,0,0,True,,,,,7.073
2026-05-13T16:47:26.382127+00:00,gpu3_benchmark,3,nocp_s2048_e2048,benchmark,2048,2048,2048,0,0,True,3510.1,54.08,54.08,54.08,8.712
2026-05-13T16:47:26.382127+00:00,gpu3_benchmark,3,nocp_s2048_e2048,benchmark,8192,2048,2048,0,0,True,4526.78,227.12,227.12,227.12,8.712
2026-05-13T16:47:26.382127+00:00,gpu3_benchmark,3,nocp_s2048_e2048,benchmark,32768,2048,2048,0,0,True,9476.26,1014.12,1014.12,1014.12,8.712
2026-05-13T16:47:35.094247+00:00,gpu3_benchmark,3,nocp_s2048_e2048,benchmark,65536,2048,2048,0,0,True,17708.01,2206.36,2206.36,2206.36,8.945
2026-05-13T16:47:44.039981+00:00,gpu3_benchmark,3,nocp_s2048_e2048,benchmark,131072,2048,2048,0,0,False,,,,,4.330
2026-05-13T16:47:48.369975+00:00,gpu3_benchmark,3,ckpt_s8192_e8192,correctness,2048,8192,8192,1,0,True,,,,,7.834
2026-05-13T16:47:56.204192+00:00,gpu3_benchmark,3,ckpt_s8192_e8192,benchmark,2048,8192,8192,1,0,True,3432.23,57.3,57.3,57.3,7.577
2026-05-13T16:47:56.204192+00:00,gpu3_benchmark,3,ckpt_s8192_e8192,benchmark,8192,8192,8192,1,0,True,4012.63,89.32,89.32,89.32,7.577
2026-05-13T16:47:56.204192+00:00,gpu3_benchmark,3,ckpt_s8192_e8192,benchmark,32768,8192,8192,1,0,True,6814.85,398.36,398.36,398.36,7.577
2026-05-13T16:48:03.781207+00:00,gpu3_benchmark,3,ckpt_s8192_e8192,benchmark,65536,8192,8192,1,0,True,11272.01,840.47,840.47,840.47,6.937
2026-05-13T16:48:10.718044+00:00,gpu3_benchmark,3,ckpt_s8192_e8192,benchmark,131072,8192,8192,1,0,True,21303.26,1879.06,1879.06,1879.06,9.269
2026-05-13T16:48:19.987804+00:00,gpu3_benchmark,3,ckpt_s16384_e4096,correctness,2048,16384,4096,1,0,True,,,,,7.755
2026-05-13T16:48:27.743064+00:00,gpu3_benchmark,3,ckpt_s16384_e4096,benchmark,2048,16384,4096,1,0,True,3432.23,59.76,59.76,59.76,7.827
2026-05-13T16:48:27.743064+00:00,gpu3_benchmark,3,ckpt_s16384_e4096,benchmark,8192,16384,4096,1,0,True,4092.77,141.19,141.19,141.19,7.827
2026-05-13T16:48:27.743064+00:00,gpu3_benchmark,3,ckpt_s16384_e4096,benchmark,32768,16384,4096,1,0,True,6894.87,590.25,590.25,590.25,7.827
2026-05-13T16:48:35.570174+00:00,gpu3_benchmark,3,ckpt_s16384_e4096,benchmark,65536,16384,4096,1,0,True,11272.01,1305.25,1305.25,1305.25,7.594
2026-05-13T16:48:43.164550+00:00,gpu3_benchmark,3,ckpt_s16384_e4096,benchmark,131072,16384,4096,1,0,False,,,,,8.273
2026-05-13T16:48:51.438516+00:00,gpu3_benchmark,3,ckpt_s8192_e4096,correctness,2048,8192,4096,1,0,True,,,,,7.168
2026-05-13T16:48:58.606537+00:00,gpu3_benchmark,3,ckpt_s8192_e4096,benchmark,2048,8192,4096,1,0,True,3432.23,59.53,59.53,59.53,7.729
2026-05-13T16:48:58.606537+00:00,gpu3_benchmark,3,ckpt_s8192_e4096,benchmark,8192,8192,4096,1,0,True,4092.77,145.57,145.57,145.57,7.729
2026-05-13T16:48:58.606537+00:00,gpu3_benchmark,3,ckpt_s8192_e4096,benchmark,32768,8192,4096,1,0,True,6894.87,597.39,597.39,597.39,7.729
2026-05-13T16:49:06.335509+00:00,gpu3_benchmark,3,ckpt_s8192_e4096,benchmark,65536,8192,4096,1,0,True,11272.01,1300.7,1300.7,1300.7,7.436
2026-05-13T16:49:13.772223+00:00,gpu3_benchmark,3,ckpt_s8192_e4096,benchmark,131072,8192,4096,1,0,False,,,,,8.264
2026-05-13T16:49:22.037074+00:00,gpu3_benchmark,3,ckpt_s4096_e4096,correctness,2048,4096,4096,1,0,True,,,,,7.551
2026-05-13T16:49:29.588195+00:00,gpu3_benchmark,3,ckpt_s4096_e4096,benchmark,2048,4096,4096,1,0,True,3432.23,60.95,60.95,60.95,8.299
2026-05-13T16:49:29.588195+00:00,gpu3_benchmark,3,ckpt_s4096_e4096,benchmark,8192,4096,4096,1,0,True,4092.77,149.35,149.35,149.35,8.299
2026-05-13T16:49:29.588195+00:00,gpu3_benchmark,3,ckpt_s4096_e4096,benchmark,32768,4096,4096,1,0,True,6894.87,603.13,603.13,603.13,8.299
2026-05-13T16:49:37.888048+00:00,gpu3_benchmark,3,ckpt_s4096_e4096,benchmark,65536,4096,4096,1,0,True,11272.01,1317.95,1317.95,1317.95,7.674
2026-05-13T16:49:45.562616+00:00,gpu3_benchmark,3,ckpt_s4096_e4096,benchmark,131072,4096,4096,1,0,False,,,,,8.841
2026-05-13T16:49:54.404338+00:00,gpu3_benchmark,3,ckpt_s8192_e2048,correctness,2048,8192,2048,1,0,True,,,,,8.063
2026-05-13T16:50:02.467937+00:00,gpu3_benchmark,3,ckpt_s8192_e2048,benchmark,2048,8192,2048,1,0,True,3432.23,59.03,59.03,59.03,9.583
2026-05-13T16:50:02.467937+00:00,gpu3_benchmark,3,ckpt_s8192_e2048,benchmark,8192,8192,2048,1,0,True,4132.78,237.76,237.76,237.76,9.583
2026-05-13T16:50:02.467937+00:00,gpu3_benchmark,3,ckpt_s8192_e2048,benchmark,32768,8192,2048,1,0,True,6934.88,1041.89,1041.89,1041.89,9.583
2026-05-13T16:50:12.051465+00:00,gpu3_benchmark,3,ckpt_s8192_e2048,benchmark,65536,8192,2048,1,0,True,11272.01,2308.62,2308.62,2308.62,9.372
2026-05-13T16:50:21.424250+00:00,gpu3_benchmark,3,ckpt_s8192_e2048,benchmark,131072,8192,2048,1,0,False,,,,,5.355
2026-05-13T16:50:26.779556+00:00,gpu3_benchmark,3,ckpt_s4096_e2048,correctness,2048,4096,2048,1,0,True,,,,,7.828
2026-05-13T16:50:34.608183+00:00,gpu3_benchmark,3,ckpt_s4096_e2048,benchmark,2048,4096,2048,1,0,True,3432.23,58.87,58.87,58.87,9.641
2026-05-13T16:50:34.608183+00:00,gpu3_benchmark,3,ckpt_s4096_e2048,benchmark,8192,4096,2048,1,0,True,4132.78,239.57,239.57,239.57,9.641
2026-05-13T16:50:34.608183+00:00,gpu3_benchmark,3,ckpt_s4096_e2048,benchmark,32768,4096,2048,1,0,True,6934.88,1058.86,1058.86,1058.86,9.641
2026-05-13T16:50:44.249182+00:00,gpu3_benchmark,3,ckpt_s4096_e2048,benchmark,65536,4096,2048,1,0,True,11272.01,2303.07,2303.07,2303.07,10.077
2026-05-13T16:50:54.326245+00:00,gpu3_benchmark,3,ckpt_s4096_e2048,benchmark,131072,4096,2048,1,0,False,,,,,5.820
2026-05-13T16:51:00.146711+00:00,gpu3_benchmark,3,ckpt_s2048_e2048,correctness,2048,2048,2048,1,0,True,,,,,7.840
2026-05-13T16:51:07.987021+00:00,gpu3_benchmark,3,ckpt_s2048_e2048,benchmark,2048,2048,2048,1,0,True,3432.23,62.21,62.21,62.21,8.901
2026-05-13T16:51:07.987021+00:00,gpu3_benchmark,3,ckpt_s2048_e2048,benchmark,8192,2048,2048,1,0,True,4132.78,243.72,243.72,243.72,8.901
2026-05-13T16:51:07.987021+00:00,gpu3_benchmark,3,ckpt_s2048_e2048,benchmark,32768,2048,2048,1,0,True,6934.88,1068.65,1068.65,1068.65,8.901
2026-05-13T16:51:16.888636+00:00,gpu3_benchmark,3,ckpt_s2048_e2048,benchmark,65536,2048,2048,1,0,True,11272.01,2347.89,2347.89,2347.89,9.599
2026-05-13T16:51:26.487841+00:00,gpu3_benchmark,3,ckpt_s2048_e2048,benchmark,131072,2048,2048,1,0,False,,,,,6.270
2026-05-13T16:51:32.758273+00:00,gpu3_benchmark,3,ckpt_s4096_e1024,correctness,2048,4096,1024,1,0,True,,,,,7.921
2026-05-13T16:51:40.679328+00:00,gpu3_benchmark,3,ckpt_s4096_e1024,benchmark,2048,4096,1024,1,0,True,3453.26,244.11,244.11,244.11,11.580
2026-05-13T16:51:40.679328+00:00,gpu3_benchmark,3,ckpt_s4096_e1024,benchmark,8192,4096,1024,1,0,True,4153.79,445.96,445.96,445.96,11.580
2026-05-13T16:51:40.679328+00:00,gpu3_benchmark,3,ckpt_s4096_e1024,benchmark,32768,4096,1024,1,0,True,6955.88,1948.54,1948.54,1948.54,11.580
2026-05-13T16:51:52.259363+00:00,gpu3_benchmark,3,ckpt_s4096_e1024,benchmark,65536,4096,1024,1,0,True,11272.51,4240.79,4240.79,4240.79,13.352
2026-05-13T16:52:05.611242+00:00,gpu3_benchmark,3,ckpt_s4096_e1024,benchmark,131072,4096,1024,1,0,True,21314.76,10006.57,10006.57,10006.57,25.296
2026-05-13T16:52:30.907780+00:00,gpu3_benchmark,3,ckpt_s2048_e1024,correctness,2048,2048,1024,1,0,True,,,,,8.119
2026-05-13T16:52:39.026925+00:00,gpu3_benchmark,3,ckpt_s2048_e1024,benchmark,2048,2048,1024,1,0,True,3453.26,214.81,214.81,214.81,11.775
2026-05-13T16:52:39.026925+00:00,gpu3_benchmark,3,ckpt_s2048_e1024,benchmark,8192,2048,1024,1,0,True,4153.79,447.8,447.8,447.8,11.775
2026-05-13T16:52:39.026925+00:00,gpu3_benchmark,3,ckpt_s2048_e1024,benchmark,32768,2048,1024,1,0,True,6955.88,1977.26,1977.26,1977.26,11.775
2026-05-13T16:52:50.802548+00:00,gpu3_benchmark,3,ckpt_s2048_e1024,benchmark,65536,2048,1024,1,0,True,11272.51,4226.93,4226.93,4226.93,13.291
2026-05-13T16:53:04.094347+00:00,gpu3_benchmark,3,ckpt_s2048_e1024,benchmark,131072,2048,1024,1,0,False,,,,,16.821
2026-05-13T16:53:20.915782+00:00,gpu3_benchmark,3,ckpt_s1024_e1024,correctness,2048,1024,1024,1,0,True,,,,,7.477
2026-05-13T16:53:28.392877+00:00,gpu3_benchmark,3,ckpt_s1024_e1024,benchmark,2048,1024,1024,1,0,True,3452.26,96.88,96.88,96.88,10.243
2026-05-13T16:53:28.392877+00:00,gpu3_benchmark,3,ckpt_s1024_e1024,benchmark,8192,1024,1024,1,0,True,4152.79,398.91,398.91,398.91,10.243
2026-05-13T16:53:28.392877+00:00,gpu3_benchmark,3,ckpt_s1024_e1024,benchmark,32768,1024,1024,1,0,True,6954.88,1764.58,1764.58,1764.58,10.243
2026-05-13T16:53:38.636158+00:00,gpu3_benchmark,3,ckpt_s1024_e1024,benchmark,65536,1024,1024,1,0,True,11272.01,3844.82,3844.82,3844.82,12.784
2026-05-13T16:53:51.420216+00:00,gpu3_benchmark,3,ckpt_s1024_e1024,benchmark,131072,1024,1024,1,0,False,,,,,16.448
2026-05-13T16:54:07.868478+00:00,gpu3_benchmark,3,nocp_s8192_e8192,correctness,2048,8192,8192,0,0,True,,,,,6.811
2026-05-13T16:54:14.679451+00:00,gpu3_benchmark,3,nocp_s8192_e8192,benchmark,2048,8192,8192,0,0,True,3510.1,57.24,57.24,57.24,6.931
2026-05-13T16:54:14.679451+00:00,gpu3_benchmark,3,nocp_s8192_e8192,benchmark,8192,8192,8192,0,0,True,4300.63,82.11,82.11,82.11,6.931
2026-05-13T16:54:14.679451+00:00,gpu3_benchmark,3,nocp_s8192_e8192,benchmark,32768,8192,8192,0,0,True,9328.38,363.21,363.21,363.21,6.931
2026-05-13T16:54:21.610743+00:00,gpu3_benchmark,3,nocp_s8192_e8192,benchmark,65536,8192,8192,0,0,True,17416.01,780.41,780.41,780.41,5.875
2026-05-13T16:54:27.486212+00:00,gpu3_benchmark,3,nocp_s8192_e8192,benchmark,131072,8192,8192,0,0,False,,,,,4.585
2026-05-13T16:54:32.071590+00:00,gpu3_benchmark,3,nocp_s8192_e4096,correctness,2048,8192,4096,0,0,True,,,,,6.767
2026-05-13T16:54:38.839214+00:00,gpu3_benchmark,3,nocp_s8192_e4096,benchmark,2048,8192,4096,0,0,True,3510.1,57.31,57.31,57.31,7.350
2026-05-13T16:54:38.839214+00:00,gpu3_benchmark,3,nocp_s8192_e4096,benchmark,8192,8192,4096,0,0,True,4428.77,143.2,143.2,143.2,7.350
2026-05-13T16:54:38.839214+00:00,gpu3_benchmark,3,nocp_s8192_e4096,benchmark,32768,8192,4096,0,0,True,9328.38,585.98,585.98,585.98,7.350
2026-05-13T16:54:46.189210+00:00,gpu3_benchmark,3,nocp_s8192_e4096,benchmark,65536,8192,4096,0,0,True,17416.01,1247.82,1247.82,1247.82,6.943
2026-05-13T16:54:53.132890+00:00,gpu3_benchmark,3,nocp_s8192_e4096,benchmark,131072,8192,4096,0,0,False,,,,,4.765
2026-05-13T16:54:57.898508+00:00,gpu3_benchmark,3,nocp_s4096_e4096,correctness,2048,4096,4096,0,0,True,,,,,6.703
2026-05-13T16:55:04.601673+00:00,gpu3_benchmark,3,nocp_s4096_e4096,benchmark,2048,4096,4096,0,0,True,3510.1,54.23,54.23,54.23,7.237
2026-05-13T16:55:04.601673+00:00,gpu3_benchmark,3,nocp_s4096_e4096,benchmark,8192,4096,4096,0,0,True,4428.77,130.62,130.62,130.62,7.237
2026-05-13T16:55:04.601673+00:00,gpu3_benchmark,3,nocp_s4096_e4096,benchmark,32768,4096,4096,0,0,True,9328.38,576.27,576.27,576.27,7.237
2026-05-13T16:55:11.839114+00:00,gpu3_benchmark,3,nocp_s4096_e4096,benchmark,65536,4096,4096,0,0,True,17416.01,1269.44,1269.44,1269.44,7.206
2026-05-13T16:55:19.045783+00:00,gpu3_benchmark,3,nocp_s4096_e4096,benchmark,131072,4096,4096,0,0,False,,,,,4.451
2026-05-13T16:55:23.497379+00:00,gpu3_benchmark,3,nocp_s4096_e2048,correctness,2048,4096,2048,0,0,True,,,,,6.261
2026-05-13T16:55:29.759070+00:00,gpu3_benchmark,3,nocp_s4096_e2048,benchmark,2048,4096,2048,0,0,True,3510.1,58.45,58.45,58.45,8.267
2026-05-13T16:55:29.759070+00:00,gpu3_benchmark,3,nocp_s4096_e2048,benchmark,8192,4096,2048,0,0,True,4525.78,228.94,228.94,228.94,8.267
2026-05-13T16:55:29.759070+00:00,gpu3_benchmark,3,nocp_s4096_e2048,benchmark,32768,4096,2048,0,0,True,9474.26,990.4,990.4,990.4,8.267
2026-05-13T16:55:38.026422+00:00,gpu3_benchmark,3,nocp_s4096_e2048,benchmark,65536,4096,2048,0,0,True,17708.01,2175.98,2175.98,2175.98,9.044
2026-05-13T16:55:47.070522+00:00,gpu3_benchmark,3,nocp_s4096_e2048,benchmark,131072,4096,2048,0,0,False,,,,,4.908
2026-05-13T16:55:51.979351+00:00,gpu3_benchmark,3,nocp_s2048_e2048,correctness,2048,2048,2048,0,0,True,,,,,7.087
2026-05-13T16:55:59.066297+00:00,gpu3_benchmark,3,nocp_s2048_e2048,benchmark,2048,2048,2048,0,0,True,3510.1,54.16,54.16,54.16,8.713
2026-05-13T16:55:59.066297+00:00,gpu3_benchmark,3,nocp_s2048_e2048,benchmark,8192,2048,2048,0,0,True,4526.78,226.16,226.16,226.16,8.713
2026-05-13T16:55:59.066297+00:00,gpu3_benchmark,3,nocp_s2048_e2048,benchmark,32768,2048,2048,0,0,True,9476.26,1014.24,1014.24,1014.24,8.713
2026-05-13T16:56:07.780123+00:00,gpu3_benchmark,3,nocp_s2048_e2048,benchmark,65536,2048,2048,0,0,True,17708.01,2220.2,2220.2,2220.2,8.799
2026-05-13T16:56:16.579330+00:00,gpu3_benchmark,3,nocp_s2048_e2048,benchmark,131072,2048,2048,0,0,False,,,,,4.547
2026-05-13T16:56:21.126547+00:00,gpu3_benchmark,3,ckpt_s8192_e8192,correctness,2048,8192,8192,1,0,True,,,,,7.277
2026-05-13T16:56:28.404394+00:00,gpu3_benchmark,3,ckpt_s8192_e8192,benchmark,2048,8192,8192,1,0,True,3432.23,62.19,62.19,62.19,8.087
2026-05-13T16:56:28.404394+00:00,gpu3_benchmark,3,ckpt_s8192_e8192,benchmark,8192,8192,8192,1,0,True,4012.63,91.64,91.64,91.64,8.087
2026-05-13T16:56:28.404394+00:00,gpu3_benchmark,3,ckpt_s8192_e8192,benchmark,32768,8192,8192,1,0,True,6814.85,388.89,388.89,388.89,8.087
2026-05-13T16:56:36.492242+00:00,gpu3_benchmark,3,ckpt_s8192_e8192,benchmark,65536,8192,8192,1,0,True,11272.01,831.69,831.69,831.69,6.801
2026-05-13T16:56:43.293668+00:00,gpu3_benchmark,3,ckpt_s8192_e8192,benchmark,131072,8192,8192,1,0,True,21303.26,1881.4,1881.4,1881.4,9.394
2026-05-13T16:56:52.688571+00:00,gpu3_benchmark,3,ckpt_s16384_e4096,correctness,2048,16384,4096,1,0,True,,,,,7.501
2026-05-13T16:57:00.189664+00:00,gpu3_benchmark,3,ckpt_s16384_e4096,benchmark,2048,16384,4096,1,0,True,3432.23,59.2,59.2,59.2,8.523
2026-05-13T16:57:00.189664+00:00,gpu3_benchmark,3,ckpt_s16384_e4096,benchmark,8192,16384,4096,1,0,True,4092.77,141.47,141.47,141.47,8.523
2026-05-13T16:57:00.189664+00:00,gpu3_benchmark,3,ckpt_s16384_e4096,benchmark,32768,16384,4096,1,0,True,6894.87,591.24,591.24,591.24,8.523
2026-05-13T16:57:08.713614+00:00,gpu3_benchmark,3,ckpt_s16384_e4096,benchmark,65536,16384,4096,1,0,True,11272.01,1302.17,1302.17,1302.17,7.482
2026-05-13T16:57:16.196334+00:00,gpu3_benchmark,3,ckpt_s16384_e4096,benchmark,131072,16384,4096,1,0,False,,,,,8.277
2026-05-13T16:57:24.473938+00:00,gpu3_benchmark,3,ckpt_s8192_e4096,correctness,2048,8192,4096,1,0,True,,,,,7.403
2026-05-13T16:57:31.877582+00:00,gpu3_benchmark,3,ckpt_s8192_e4096,benchmark,2048,8192,4096,1,0,True,3432.23,62.68,62.68,62.68,7.993
2026-05-13T16:57:31.877582+00:00,gpu3_benchmark,3,ckpt_s8192_e4096,benchmark,8192,8192,4096,1,0,True,4092.77,140.48,140.48,140.48,7.993
2026-05-13T16:57:31.877582+00:00,gpu3_benchmark,3,ckpt_s8192_e4096,benchmark,32768,8192,4096,1,0,True,6894.87,596.05,596.05,596.05,7.993
2026-05-13T16:57:39.870809+00:00,gpu3_benchmark,3,ckpt_s8192_e4096,benchmark,65536,8192,4096,1,0,True,11272.01,1300.02,1300.02,1300.02,8.181
2026-05-13T16:57:48.052154+00:00,gpu3_benchmark,3,ckpt_s8192_e4096,benchmark,131072,8192,4096,1,0,False,,,,,8.920
2026-05-13T16:57:56.972604+00:00,gpu3_benchmark,3,ckpt_s4096_e4096,correctness,2048,4096,4096,1,0,True,,,,,7.661
2026-05-13T16:58:04.633998+00:00,gpu3_benchmark,3,ckpt_s4096_e4096,benchmark,2048,4096,4096,1,0,True,3432.23,60.45,60.45,60.45,7.821
2026-05-13T16:58:04.633998+00:00,gpu3_benchmark,3,ckpt_s4096_e4096,benchmark,8192,4096,4096,1,0,True,4092.77,138.93,138.93,138.93,7.821
2026-05-13T16:58:04.633998+00:00,gpu3_benchmark,3,ckpt_s4096_e4096,benchmark,32768,4096,4096,1,0,True,6894.87,603.1,603.1,603.1,7.821
2026-05-13T16:58:12.455274+00:00,gpu3_benchmark,3,ckpt_s4096_e4096,benchmark,65536,4096,4096,1,0,True,11272.01,1308.38,1308.38,1308.38,7.906
2026-05-13T16:58:20.361196+00:00,gpu3_benchmark,3,ckpt_s4096_e4096,benchmark,131072,4096,4096,1,0,False,,,,,8.400
2026-05-13T16:58:28.761285+00:00,gpu3_benchmark,3,ckpt_s8192_e2048,correctness,2048,8192,2048,1,0,True,,,,,7.466
2026-05-13T16:58:36.227589+00:00,gpu3_benchmark,3,ckpt_s8192_e2048,benchmark,2048,8192,2048,1,0,True,3432.23,57.65,57.65,57.65,9.806
2026-05-13T16:58:36.227589+00:00,gpu3_benchmark,3,ckpt_s8192_e2048,benchmark,8192,8192,2048,1,0,True,4132.78,237.69,237.69,237.69,9.806
2026-05-13T16:58:36.227589+00:00,gpu3_benchmark,3,ckpt_s8192_e2048,benchmark,32768,8192,2048,1,0,True,6934.88,1036.28,1036.28,1036.28,9.806
2026-05-13T16:58:46.034211+00:00,gpu3_benchmark,3,ckpt_s8192_e2048,benchmark,65536,8192,2048,1,0,True,11272.01,2274.55,2274.55,2274.55,9.159
2026-05-13T16:58:55.193396+00:00,gpu3_benchmark,3,ckpt_s8192_e2048,benchmark,131072,8192,2048,1,0,False,,,,,5.741
2026-05-13T16:59:00.934685+00:00,gpu3_benchmark,3,ckpt_s4096_e2048,correctness,2048,4096,2048,1,0,True,,,,,7.699
2026-05-13T16:59:08.633715+00:00,gpu3_benchmark,3,ckpt_s4096_e2048,benchmark,2048,4096,2048,1,0,True,3432.23,60.85,60.85,60.85,9.900
2026-05-13T16:59:08.633715+00:00,gpu3_benchmark,3,ckpt_s4096_e2048,benchmark,8192,4096,2048,1,0,True,4132.78,252.9,252.9,252.9,9.900
2026-05-13T16:59:08.633715+00:00,gpu3_benchmark,3,ckpt_s4096_e2048,benchmark,32768,4096,2048,1,0,True,6934.88,1075.87,1075.87,1075.87,9.900
2026-05-13T16:59:18.533882+00:00,gpu3_benchmark,3,ckpt_s4096_e2048,benchmark,65536,4096,2048,1,0,True,11272.01,2269.74,2269.74,2269.74,9.629
2026-05-13T16:59:28.162763+00:00,gpu3_benchmark,3,ckpt_s4096_e2048,benchmark,131072,4096,2048,1,0,False,,,,,5.917
2026-05-13T16:59:34.080575+00:00,gpu3_benchmark,3,ckpt_s2048_e2048,correctness,2048,2048,2048,1,0,True,,,,,7.699
2026-05-13T16:59:41.780206+00:00,gpu3_benchmark,3,ckpt_s2048_e2048,benchmark,2048,2048,2048,1,0,True,3432.23,59.86,59.86,59.86,9.275
2026-05-13T16:59:41.780206+00:00,gpu3_benchmark,3,ckpt_s2048_e2048,benchmark,8192,2048,2048,1,0,True,4132.78,236.23,236.23,236.23,9.275
2026-05-13T16:59:41.780206+00:00,gpu3_benchmark,3,ckpt_s2048_e2048,benchmark,32768,2048,2048,1,0,True,6934.88,1078.61,1078.61,1078.61,9.275
2026-05-13T16:59:51.056042+00:00,gpu3_benchmark,3,ckpt_s2048_e2048,benchmark,65536,2048,2048,1,0,True,11272.01,2289.59,2289.59,2289.59,9.596
2026-05-13T17:00:00.651972+00:00,gpu3_benchmark,3,ckpt_s2048_e2048,benchmark,131072,2048,2048,1,0,False,,,,,5.383
2026-05-13T17:00:06.035530+00:00,gpu3_benchmark,3,ckpt_s4096_e1024,correctness,2048,4096,1024,1,0,True,,,,,7.279
2026-05-13T17:00:13.314965+00:00,gpu3_benchmark,3,ckpt_s4096_e1024,benchmark,2048,4096,1024,1,0,True,3453.26,236.43,236.43,236.43,11.814
2026-05-13T17:00:13.314965+00:00,gpu3_benchmark,3,ckpt_s4096_e1024,benchmark,8192,4096,1024,1,0,True,4153.79,446.63,446.63,446.63,11.814
2026-05-13T17:00:13.314965+00:00,gpu3_benchmark,3,ckpt_s4096_e1024,benchmark,32768,4096,1024,1,0,True,6955.88,1929.78,1929.78,1929.78,11.814
2026-05-13T17:00:25.129566+00:00,gpu3_benchmark,3,ckpt_s4096_e1024,benchmark,65536,4096,1024,1,0,True,11272.51,4264.06,4264.06,4264.06,13.507
2026-05-13T17:00:38.637113+00:00,gpu3_benchmark,3,ckpt_s4096_e1024,benchmark,131072,4096,1024,1,0,True,21314.76,10062.12,10062.12,10062.12,25.417
2026-05-13T17:01:04.054911+00:00,gpu3_benchmark,3,ckpt_s2048_e1024,correctness,2048,2048,1024,1,0,True,,,,,7.420
2026-05-13T17:01:11.475395+00:00,gpu3_benchmark,3,ckpt_s2048_e1024,benchmark,2048,2048,1024,1,0,True,3453.26,215.07,215.07,215.07,11.675
2026-05-13T17:01:11.475395+00:00,gpu3_benchmark,3,ckpt_s2048_e1024,benchmark,8192,2048,1024,1,0,True,4153.79,447.7,447.7,447.7,11.675
2026-05-13T17:01:11.475395+00:00,gpu3_benchmark,3,ckpt_s2048_e1024,benchmark,32768,2048,1024,1,0,True,6955.88,1980.02,1980.02,1980.02,11.675
2026-05-13T17:01:23.150876+00:00,gpu3_benchmark,3,ckpt_s2048_e1024,benchmark,65536,2048,1024,1,0,True,11272.51,4298.02,4298.02,4298.02,14.072
2026-05-13T17:01:37.222783+00:00,gpu3_benchmark,3,ckpt_s2048_e1024,benchmark,131072,2048,1024,1,0,False,,,,,15.831
2026-05-13T17:01:53.054207+00:00,gpu3_benchmark,3,ckpt_s1024_e1024,correctness,2048,1024,1024,1,0,True,,,,,7.744
2026-05-13T17:02:00.799048+00:00,gpu3_benchmark,3,ckpt_s1024_e1024,benchmark,2048,1024,1024,1,0,True,3452.26,116.56,116.56,116.56,11.657
2026-05-13T17:02:00.799048+00:00,gpu3_benchmark,3,ckpt_s1024_e1024,benchmark,8192,1024,1024,1,0,True,4152.79,442.58,442.58,442.58,11.657
2026-05-13T17:02:00.799048+00:00,gpu3_benchmark,3,ckpt_s1024_e1024,benchmark,32768,1024,1024,1,0,True,6954.88,2019.34,2019.34,2019.34,11.657
2026-05-13T17:02:12.455957+00:00,gpu3_benchmark,3,ckpt_s1024_e1024,benchmark,65536,1024,1024,1,0,True,11272.01,4355.53,4355.53,4355.53,13.806
2026-05-13T17:02:26.262021+00:00,gpu3_benchmark,3,ckpt_s1024_e1024,benchmark,131072,1024,1024,1,0,False,,,,,16.132
2026-05-13T17:02:42.394313+00:00,gpu3_benchmark,3,nocp_s8192_e8192,correctness,2048,8192,8192,0,0,True,,,,,6.951
2026-05-13T17:02:49.345885+00:00,gpu3_benchmark,3,nocp_s8192_e8192,benchmark,2048,8192,8192,0,0,True,3510.1,53.95,53.95,53.95,6.817
2026-05-13T17:02:49.345885+00:00,gpu3_benchmark,3,nocp_s8192_e8192,benchmark,8192,8192,8192,0,0,True,4300.63,82.51,82.51,82.51,6.817
2026-05-13T17:02:49.345885+00:00,gpu3_benchmark,3,nocp_s8192_e8192,benchmark,32768,8192,8192,0,0,True,9328.38,363.29,363.29,363.29,6.817
2026-05-13T17:02:56.162977+00:00,gpu3_benchmark,3,nocp_s8192_e8192,benchmark,65536,8192,8192,0,0,True,17416.01,782.16,782.16,782.16,5.837
2026-05-13T17:03:02.000702+00:00,gpu3_benchmark,3,nocp_s8192_e8192,benchmark,131072,8192,8192,0,0,False,,,,,4.969
2026-05-13T17:03:06.969733+00:00,gpu3_benchmark,3,nocp_s8192_e4096,correctness,2048,8192,4096,0,0,True,,,,,6.782
2026-05-13T17:03:13.752117+00:00,gpu3_benchmark,3,nocp_s8192_e4096,benchmark,2048,8192,4096,0,0,True,3510.1,53.76,53.76,53.76,6.940
2026-05-13T17:03:13.752117+00:00,gpu3_benchmark,3,nocp_s8192_e4096,benchmark,8192,8192,4096,0,0,True,4428.77,133.35,133.35,133.35,6.940
2026-05-13T17:03:13.752117+00:00,gpu3_benchmark,3,nocp_s8192_e4096,benchmark,32768,8192,4096,0,0,True,9328.38,564.56,564.56,564.56,6.940
2026-05-13T17:03:20.692608+00:00,gpu3_benchmark,3,nocp_s8192_e4096,benchmark,65536,8192,4096,0,0,True,17416.01,1232.36,1232.36,1232.36,6.596
2026-05-13T17:03:27.288958+00:00,gpu3_benchmark,3,nocp_s8192_e4096,benchmark,131072,8192,4096,0,0,False,,,,,4.937
2026-05-13T17:03:32.226454+00:00,gpu3_benchmark,3,nocp_s4096_e4096,correctness,2048,4096,4096,0,0,True,,,,,7.197
2026-05-13T17:03:39.423972+00:00,gpu3_benchmark,3,nocp_s4096_e4096,benchmark,2048,4096,4096,0,0,True,3510.1,54.99,54.99,54.99,7.843
2026-05-13T17:03:39.423972+00:00,gpu3_benchmark,3,nocp_s4096_e4096,benchmark,8192,4096,4096,0,0,True,4428.77,141.83,141.83,141.83,7.843
2026-05-13T17:03:39.423972+00:00,gpu3_benchmark,3,nocp_s4096_e4096,benchmark,32768,4096,4096,0,0,True,9328.38,574.17,574.17,574.17,7.843
2026-05-13T17:03:47.267519+00:00,gpu3_benchmark,3,nocp_s4096_e4096,benchmark,65536,4096,4096,0,0,True,17416.01,1241.02,1241.02,1241.02,7.450
2026-05-13T17:03:54.717916+00:00,gpu3_benchmark,3,nocp_s4096_e4096,benchmark,131072,4096,4096,0,0,False,,,,,5.330
2026-05-13T17:04:00.048545+00:00,gpu3_benchmark,3,nocp_s4096_e2048,correctness,2048,4096,2048,0,0,True,,,,,6.943
2026-05-13T17:04:06.991897+00:00,gpu3_benchmark,3,nocp_s4096_e2048,benchmark,2048,4096,2048,0,0,True,3510.1,48.29,48.29,48.29,8.401
2026-05-13T17:04:06.991897+00:00,gpu3_benchmark,3,nocp_s4096_e2048,benchmark,8192,4096,2048,0,0,True,4525.78,202.39,202.39,202.39,8.401
2026-05-13T17:04:06.991897+00:00,gpu3_benchmark,3,nocp_s4096_e2048,benchmark,32768,4096,2048,0,0,True,9474.26,888.47,888.47,888.47,8.401
2026-05-13T17:04:15.392969+00:00,gpu3_benchmark,3,nocp_s4096_e2048,benchmark,65536,4096,2048,0,0,True,17708.01,1931.97,1931.97,1931.97,8.212
2026-05-13T17:04:23.605426+00:00,gpu3_benchmark,3,nocp_s4096_e2048,benchmark,131072,4096,2048,0,0,False,,,,,4.875
2026-05-13T17:04:28.481289+00:00,gpu3_benchmark,3,nocp_s2048_e2048,correctness,2048,2048,2048,0,0,True,,,,,6.420
2026-05-13T17:04:34.901385+00:00,gpu3_benchmark,3,nocp_s2048_e2048,benchmark,2048,2048,2048,0,0,True,3510.1,57.97,57.97,57.97,8.999
2026-05-13T17:04:34.901385+00:00,gpu3_benchmark,3,nocp_s2048_e2048,benchmark,8192,2048,2048,0,0,True,4526.78,226.0,226.0,226.0,8.999
2026-05-13T17:04:34.901385+00:00,gpu3_benchmark,3,nocp_s2048_e2048,benchmark,32768,2048,2048,0,0,True,9476.26,1000.64,1000.64,1000.64,8.999
2026-05-13T17:04:43.900536+00:00,gpu3_benchmark,3,nocp_s2048_e2048,benchmark,65536,2048,2048,0,0,True,17708.01,2198.58,2198.58,2198.58,8.881
2026-05-13T17:04:52.781689+00:00,gpu3_benchmark,3,nocp_s2048_e2048,benchmark,131072,2048,2048,0,0,False,,,,,4.512
2026-05-13T17:04:57.294620+00:00,gpu3_benchmark,3,ckpt_s8192_e8192,correctness,2048,8192,8192,1,0,True,,,,,7.458
2026-05-13T17:05:04.753303+00:00,gpu3_benchmark,3,ckpt_s8192_e8192,benchmark,2048,8192,8192,1,0,True,3432.23,58.76,58.76,58.76,7.712
2026-05-13T17:05:04.753303+00:00,gpu3_benchmark,3,ckpt_s8192_e8192,benchmark,8192,8192,8192,1,0,True,4012.63,88.77,88.77,88.77,7.712
2026-05-13T17:05:04.753303+00:00,gpu3_benchmark,3,ckpt_s8192_e8192,benchmark,32768,8192,8192,1,0,True,6814.85,392.89,392.89,392.89,7.712
2026-05-13T17:05:12.465757+00:00,gpu3_benchmark,3,ckpt_s8192_e8192,benchmark,65536,8192,8192,1,0,True,11272.01,834.13,834.13,834.13,6.900
2026-05-13T17:05:19.365873+00:00,gpu3_benchmark,3,ckpt_s8192_e8192,benchmark,131072,8192,8192,1,0,True,21303.26,1891.59,1891.59,1891.59,9.097
2026-05-13T17:05:28.463437+00:00,gpu3_benchmark,3,ckpt_s16384_e4096,correctness,2048,16384,4096,1,0,True,,,,,7.417
2026-05-13T17:05:35.880398+00:00,gpu3_benchmark,3,ckpt_s16384_e4096,benchmark,2048,16384,4096,1,0,True,3432.23,57.06,57.06,57.06,8.317
2026-05-13T17:05:35.880398+00:00,gpu3_benchmark,3,ckpt_s16384_e4096,benchmark,8192,16384,4096,1,0,True,4092.77,142.89,142.89,142.89,8.317
2026-05-13T17:05:35.880398+00:00,gpu3_benchmark,3,ckpt_s16384_e4096,benchmark,32768,16384,4096,1,0,True,6894.87,606.09,606.09,606.09,8.317
2026-05-13T17:05:44.197444+00:00,gpu3_benchmark,3,ckpt_s16384_e4096,benchmark,65536,16384,4096,1,0,True,11272.01,1295.03,1295.03,1295.03,7.278
2026-05-13T17:05:51.475914+00:00,gpu3_benchmark,3,ckpt_s16384_e4096,benchmark,131072,16384,4096,1,0,False,,,,,8.593
2026-05-13T17:06:00.069010+00:00,gpu3_benchmark,3,ckpt_s8192_e4096,correctness,2048,8192,4096,1,0,True,,,,,7.278
2026-05-13T17:06:07.347139+00:00,gpu3_benchmark,3,ckpt_s8192_e4096,benchmark,2048,8192,4096,1,0,True,3432.23,59.44,59.44,59.44,8.241
2026-05-13T17:06:07.347139+00:00,gpu3_benchmark,3,ckpt_s8192_e4096,benchmark,8192,8192,4096,1,0,True,4092.77,138.3,138.3,138.3,8.241
2026-05-13T17:06:07.347139+00:00,gpu3_benchmark,3,ckpt_s8192_e4096,benchmark,32768,8192,4096,1,0,True,6894.87,596.68,596.68,596.68,8.241
2026-05-13T17:06:15.588760+00:00,gpu3_benchmark,3,ckpt_s8192_e4096,benchmark,65536,8192,4096,1,0,True,11272.01,1297.77,1297.77,1297.77,7.694
2026-05-13T17:06:23.282913+00:00,gpu3_benchmark,3,ckpt_s8192_e4096,benchmark,131072,8192,4096,1,0,False,,,,,8.603
2026-05-13T17:06:31.886040+00:00,gpu3_benchmark,3,ckpt_s4096_e4096,correctness,2048,4096,4096,1,0,True,,,,,7.305
2026-05-13T17:06:39.191193+00:00,gpu3_benchmark,3,ckpt_s4096_e4096,benchmark,2048,4096,4096,1,0,True,3432.23,61.23,61.23,61.23,9.116
2026-05-13T17:06:39.191193+00:00,gpu3_benchmark,3,ckpt_s4096_e4096,benchmark,8192,4096,4096,1,0,True,4092.77,146.23,146.23,146.23,9.116
2026-05-13T17:06:39.191193+00:00,gpu3_benchmark,3,ckpt_s4096_e4096,benchmark,32768,4096,4096,1,0,True,6894.87,602.24,602.24,602.24,9.116
2026-05-13T17:06:48.308063+00:00,gpu3_benchmark,3,ckpt_s4096_e4096,benchmark,65536,4096,4096,1,0,True,11272.01,1315.87,1315.87,1315.87,7.748
2026-05-13T17:06:56.056324+00:00,gpu3_benchmark,3,ckpt_s4096_e4096,benchmark,131072,4096,4096,1,0,False,,,,,9.436
2026-05-13T17:07:05.492678+00:00,gpu3_benchmark,3,ckpt_s8192_e2048,correctness,2048,8192,2048,1,0,True,,,,,7.178
2026-05-13T17:07:12.671372+00:00,gpu3_benchmark,3,ckpt_s8192_e2048,benchmark,2048,8192,2048,1,0,True,3432.23,60.63,60.63,60.63,9.456
2026-05-13T17:07:12.671372+00:00,gpu3_benchmark,3,ckpt_s8192_e2048,benchmark,8192,8192,2048,1,0,True,4132.78,244.99,244.99,244.99,9.456
2026-05-13T17:07:12.671372+00:00,gpu3_benchmark,3,ckpt_s8192_e2048,benchmark,32768,8192,2048,1,0,True,6934.88,1046.8,1046.8,1046.8,9.456
2026-05-13T17:07:22.128090+00:00,gpu3_benchmark,3,ckpt_s8192_e2048,benchmark,65536,8192,2048,1,0,True,11272.01,2276.35,2276.35,2276.35,9.800
2026-05-13T17:07:31.928718+00:00,gpu3_benchmark,3,ckpt_s8192_e2048,benchmark,131072,8192,2048,1,0,False,,,,,5.923
2026-05-13T17:07:37.852548+00:00,gpu3_benchmark,3,ckpt_s4096_e2048,correctness,2048,4096,2048,1,0,True,,,,,7.559
2026-05-13T17:07:45.412195+00:00,gpu3_benchmark,3,ckpt_s4096_e2048,benchmark,2048,4096,2048,1,0,True,3432.23,61.63,61.63,61.63,8.956
2026-05-13T17:07:45.412195+00:00,gpu3_benchmark,3,ckpt_s4096_e2048,benchmark,8192,4096,2048,1,0,True,4132.78,236.25,236.25,236.25,8.956
2026-05-13T17:07:45.412195+00:00,gpu3_benchmark,3,ckpt_s4096_e2048,benchmark,32768,4096,2048,1,0,True,6934.88,1027.29,1027.29,1027.29,8.956
2026-05-13T17:07:54.368931+00:00,gpu3_benchmark,3,ckpt_s4096_e2048,benchmark,65536,4096,2048,1,0,True,11272.01,2293.25,2293.25,2293.25,9.717
2026-05-13T17:08:04.086071+00:00,gpu3_benchmark,3,ckpt_s4096_e2048,benchmark,131072,4096,2048,1,0,False,,,,,5.519
2026-05-13T17:08:09.605151+00:00,gpu3_benchmark,3,ckpt_s2048_e2048,correctness,2048,2048,2048,1,0,True,,,,,7.298
2026-05-13T17:08:16.903180+00:00,gpu3_benchmark,3,ckpt_s2048_e2048,benchmark,2048,2048,2048,1,0,True,3432.23,61.93,61.93,61.93,9.941
2026-05-13T17:08:16.903180+00:00,gpu3_benchmark,3,ckpt_s2048_e2048,benchmark,8192,2048,2048,1,0,True,4132.78,239.28,239.28,239.28,9.941
2026-05-13T17:08:16.903180+00:00,gpu3_benchmark,3,ckpt_s2048_e2048,benchmark,32768,2048,2048,1,0,True,6934.88,1052.01,1052.01,1052.01,9.941
2026-05-13T17:08:26.844416+00:00,gpu3_benchmark,3,ckpt_s2048_e2048,benchmark,65536,2048,2048,1,0,True,11272.01,2313.38,2313.38,2313.38,9.645
2026-05-13T17:08:36.489526+00:00,gpu3_benchmark,3,ckpt_s2048_e2048,benchmark,131072,2048,2048,1,0,False,,,,,5.403
2026-05-13T17:08:41.892751+00:00,gpu3_benchmark,3,ckpt_s4096_e1024,correctness,2048,4096,1024,1,0,True,,,,,7.400
2026-05-13T17:08:49.293366+00:00,gpu3_benchmark,3,ckpt_s4096_e1024,benchmark,2048,4096,1024,1,0,True,3453.26,209.94,209.94,209.94,11.881
2026-05-13T17:08:49.293366+00:00,gpu3_benchmark,3,ckpt_s4096_e1024,benchmark,8192,4096,1024,1,0,True,4153.79,449.43,449.43,449.43,11.881
2026-05-13T17:08:49.293366+00:00,gpu3_benchmark,3,ckpt_s4096_e1024,benchmark,32768,4096,1024,1,0,True,6955.88,1990.49,1990.49,1990.49,11.881
2026-05-13T17:09:01.174883+00:00,gpu3_benchmark,3,ckpt_s4096_e1024,benchmark,65536,4096,1024,1,0,True,11272.51,4336.96,4336.96,4336.96,13.696
2026-05-13T17:09:14.871493+00:00,gpu3_benchmark,3,ckpt_s4096_e1024,benchmark,131072,4096,1024,1,0,True,21314.76,10003.82,10003.82,10003.82,25.281
2026-05-13T17:09:40.152529+00:00,gpu3_benchmark,3,ckpt_s2048_e1024,correctness,2048,2048,1024,1,0,True,,,,,6.876
2026-05-13T17:09:47.029008+00:00,gpu3_benchmark,3,ckpt_s2048_e1024,benchmark,2048,2048,1024,1,0,True,3453.26,234.44,234.44,234.44,11.769
2026-05-13T17:09:47.029008+00:00,gpu3_benchmark,3,ckpt_s2048_e1024,benchmark,8192,2048,1024,1,0,True,4153.79,459.36,459.36,459.36,11.769
2026-05-13T17:09:47.029008+00:00,gpu3_benchmark,3,ckpt_s2048_e1024,benchmark,32768,2048,1024,1,0,True,6955.88,1923.22,1923.22,1923.22,11.769
2026-05-13T17:09:58.798406+00:00,gpu3_benchmark,3,ckpt_s2048_e1024,benchmark,65536,2048,1024,1,0,True,11272.51,4277.65,4277.65,4277.65,13.478
2026-05-13T17:10:12.277071+00:00,gpu3_benchmark,3,ckpt_s2048_e1024,benchmark,131072,2048,1024,1,0,False,,,,,16.016
2026-05-13T17:10:28.293940+00:00,gpu3_benchmark,3,ckpt_s1024_e1024,correctness,2048,1024,1024,1,0,True,,,,,7.676
2026-05-13T17:10:35.970593+00:00,gpu3_benchmark,3,ckpt_s1024_e1024,benchmark,2048,1024,1024,1,0,True,3452.26,107.31,107.31,107.31,11.404
2026-05-13T17:10:35.970593+00:00,gpu3_benchmark,3,ckpt_s1024_e1024,benchmark,8192,1024,1024,1,0,True,4152.79,456.77,456.77,456.77,11.404
2026-05-13T17:10:35.970593+00:00,gpu3_benchmark,3,ckpt_s1024_e1024,benchmark,32768,1024,1024,1,0,True,6954.88,1982.94,1982.94,1982.94,11.404
2026-05-13T17:10:47.375091+00:00,gpu3_benchmark,3,ckpt_s1024_e1024,benchmark,65536,1024,1024,1,0,True,11272.01,4303.88,4303.88,4303.88,13.565
2026-05-13T17:11:00.940634+00:00,gpu3_benchmark,3,ckpt_s1024_e1024,benchmark,131072,1024,1024,1,0,False,,,,,16.370
2026-05-13T17:11:17.311351+00:00,gpu3_benchmark,3,nocp_s8192_e8192,correctness,2048,8192,8192,0,0,True,,,,,7.032
2026-05-13T17:11:24.343575+00:00,gpu3_benchmark,3,nocp_s8192_e8192,benchmark,2048,8192,8192,0,0,True,3510.1,58.44,58.44,58.44,6.639
2026-05-13T17:11:24.343575+00:00,gpu3_benchmark,3,nocp_s8192_e8192,benchmark,8192,8192,8192,0,0,True,4300.63,83.38,83.38,83.38,6.639
2026-05-13T17:11:24.343575+00:00,gpu3_benchmark,3,nocp_s8192_e8192,benchmark,32768,8192,8192,0,0,True,9328.38,363.35,363.35,363.35,6.639
2026-05-13T17:11:30.983332+00:00,gpu3_benchmark,3,nocp_s8192_e8192,benchmark,65536,8192,8192,0,0,True,17416.01,794.82,794.82,794.82,6.204
2026-05-13T17:11:37.187396+00:00,gpu3_benchmark,3,nocp_s8192_e8192,benchmark,131072,8192,8192,0,0,False,,,,,4.837
2026-05-13T17:11:42.024840+00:00,gpu3_benchmark,3,nocp_s8192_e4096,correctness,2048,8192,4096,0,0,True,,,,,6.949
2026-05-13T17:11:48.973666+00:00,gpu3_benchmark,3,nocp_s8192_e4096,benchmark,2048,8192,4096,0,0,True,3510.1,57.32,57.32,57.32,7.538
2026-05-13T17:11:48.973666+00:00,gpu3_benchmark,3,nocp_s8192_e4096,benchmark,8192,8192,4096,0,0,True,4428.77,132.67,132.67,132.67,7.538
2026-05-13T17:11:48.973666+00:00,gpu3_benchmark,3,nocp_s8192_e4096,benchmark,32768,8192,4096,0,0,True,9328.38,580.62,580.62,580.62,7.538
2026-05-13T17:11:56.511832+00:00,gpu3_benchmark,3,nocp_s8192_e4096,benchmark,65536,8192,4096,0,0,True,17416.01,1254.7,1254.7,1254.7,6.966
2026-05-13T17:12:03.478281+00:00,gpu3_benchmark,3,nocp_s8192_e4096,benchmark,131072,8192,4096,0,0,False,,,,,4.496
2026-05-13T17:12:07.974459+00:00,gpu3_benchmark,3,nocp_s4096_e4096,correctness,2048,4096,4096,0,0,True,,,,,7.388
2026-05-13T17:12:15.362405+00:00,gpu3_benchmark,3,nocp_s4096_e4096,benchmark,2048,4096,4096,0,0,True,3510.1,54.13,54.13,54.13,7.425
2026-05-13T17:12:15.362405+00:00,gpu3_benchmark,3,nocp_s4096_e4096,benchmark,8192,4096,4096,0,0,True,4428.77,131.0,131.0,131.0,7.425
2026-05-13T17:12:15.362405+00:00,gpu3_benchmark,3,nocp_s4096_e4096,benchmark,32768,4096,4096,0,0,True,9328.38,575.03,575.03,575.03,7.425
2026-05-13T17:12:22.787418+00:00,gpu3_benchmark,3,nocp_s4096_e4096,benchmark,65536,4096,4096,0,0,True,17416.01,1263.6,1263.6,1263.6,7.357
2026-05-13T17:12:30.144851+00:00,gpu3_benchmark,3,nocp_s4096_e4096,benchmark,131072,4096,4096,0,0,False,,,,,4.779
2026-05-13T17:12:34.924146+00:00,gpu3_benchmark,3,nocp_s4096_e2048,correctness,2048,4096,2048,0,0,True,,,,,6.675
2026-05-13T17:12:41.599455+00:00,gpu3_benchmark,3,nocp_s4096_e2048,benchmark,2048,4096,2048,0,0,True,3510.1,54.51,54.51,54.51,8.603
2026-05-13T17:12:41.599455+00:00,gpu3_benchmark,3,nocp_s4096_e2048,benchmark,8192,4096,2048,0,0,True,4525.78,224.37,224.37,224.37,8.603
2026-05-13T17:12:41.599455+00:00,gpu3_benchmark,3,nocp_s4096_e2048,benchmark,32768,4096,2048,0,0,True,9474.26,989.16,989.16,989.16,8.603
2026-05-13T17:12:50.202576+00:00,gpu3_benchmark,3,nocp_s4096_e2048,benchmark,65536,4096,2048,0,0,True,17708.01,2169.93,2169.93,2169.93,9.579
2026-05-13T17:12:59.781398+00:00,gpu3_benchmark,3,nocp_s4096_e2048,benchmark,131072,4096,2048,0,0,False,,,,,4.304
2026-05-13T17:13:04.085580+00:00,gpu3_benchmark,3,nocp_s2048_e2048,correctness,2048,2048,2048,0,0,True,,,,,7.217
2026-05-13T17:13:11.303240+00:00,gpu3_benchmark,3,nocp_s2048_e2048,benchmark,2048,2048,2048,0,0,True,3510.1,58.3,58.3,58.3,8.314
2026-05-13T17:13:11.303240+00:00,gpu3_benchmark,3,nocp_s2048_e2048,benchmark,8192,2048,2048,0,0,True,4526.78,226.24,226.24,226.24,8.314
2026-05-13T17:13:11.303240+00:00,gpu3_benchmark,3,nocp_s2048_e2048,benchmark,32768,2048,2048,0,0,True,9476.26,1015.18,1015.18,1015.18,8.314
2026-05-13T17:13:19.618129+00:00,gpu3_benchmark,3,nocp_s2048_e2048,benchmark,65536,2048,2048,0,0,True,17708.01,2215.76,2215.76,2215.76,8.750
2026-05-13T17:13:28.368509+00:00,gpu3_benchmark,3,nocp_s2048_e2048,benchmark,131072,2048,2048,0,0,False,,,,,5.137
2026-05-13T17:13:33.505904+00:00,gpu3_benchmark,3,ckpt_s8192_e8192,correctness,2048,8192,8192,1,0,True,,,,,7.450
2026-05-13T17:13:40.955885+00:00,gpu3_benchmark,3,ckpt_s8192_e8192,benchmark,2048,8192,8192,1,0,True,3432.23,60.76,60.76,60.76,7.507
2026-05-13T17:13:40.955885+00:00,gpu3_benchmark,3,ckpt_s8192_e8192,benchmark,8192,8192,8192,1,0,True,4012.63,89.11,89.11,89.11,7.507
2026-05-13T17:13:40.955885+00:00,gpu3_benchmark,3,ckpt_s8192_e8192,benchmark,32768,8192,8192,1,0,True,6814.85,389.95,389.95,389.95,7.507
2026-05-13T17:13:48.463709+00:00,gpu3_benchmark,3,ckpt_s8192_e8192,benchmark,65536,8192,8192,1,0,True,11272.01,847.41,847.41,847.41,7.126
2026-05-13T17:13:55.589574+00:00,gpu3_benchmark,3,ckpt_s8192_e8192,benchmark,131072,8192,8192,1,0,True,21303.26,1859.22,1859.22,1859.22,9.683
2026-05-13T17:14:05.273415+00:00,gpu3_benchmark,3,ckpt_s16384_e4096,correctness,2048,16384,4096,1,0,True,,,,,8.095
2026-05-13T17:14:13.369049+00:00,gpu3_benchmark,3,ckpt_s16384_e4096,benchmark,2048,16384,4096,1,0,True,3432.23,59.34,59.34,59.34,8.675
2026-05-13T17:14:13.369049+00:00,gpu3_benchmark,3,ckpt_s16384_e4096,benchmark,8192,16384,4096,1,0,True,4092.77,147.87,147.87,147.87,8.675
2026-05-13T17:14:13.369049+00:00,gpu3_benchmark,3,ckpt_s16384_e4096,benchmark,32768,16384,4096,1,0,True,6894.87,594.51,594.51,594.51,8.675
2026-05-13T17:14:22.044324+00:00,gpu3_benchmark,3,ckpt_s16384_e4096,benchmark,65536,16384,4096,1,0,True,11272.01,1142.31,1142.31,1142.31,7.463
2026-05-13T17:14:29.507191+00:00,gpu3_benchmark,3,ckpt_s16384_e4096,benchmark,131072,16384,4096,1,0,False,,,,,8.825
2026-05-13T17:14:38.332815+00:00,gpu3_benchmark,3,ckpt_s8192_e4096,correctness,2048,8192,4096,1,0,True,,,,,7.837
2026-05-13T17:14:46.170338+00:00,gpu3_benchmark,3,ckpt_s8192_e4096,benchmark,2048,8192,4096,1,0,True,3432.23,53.3,53.3,53.3,8.041
2026-05-13T17:14:46.170338+00:00,gpu3_benchmark,3,ckpt_s8192_e4096,benchmark,8192,8192,4096,1,0,True,4092.77,123.55,123.55,123.55,8.041
2026-05-13T17:14:46.170338+00:00,gpu3_benchmark,3,ckpt_s8192_e4096,benchmark,32768,8192,4096,1,0,True,6894.87,536.51,536.51,536.51,8.041
2026-05-13T17:14:54.211699+00:00,gpu3_benchmark,3,ckpt_s8192_e4096,benchmark,65536,8192,4096,1,0,True,11272.01,1215.49,1215.49,1215.49,7.235
2026-05-13T17:15:01.446662+00:00,gpu3_benchmark,3,ckpt_s8192_e4096,benchmark,131072,8192,4096,1,0,False,,,,,8.037
2026-05-13T17:15:09.484216+00:00,gpu3_benchmark,3,ckpt_s4096_e4096,correctness,2048,4096,4096,1,0,True,,,,,7.525
2026-05-13T17:15:17.009573+00:00,gpu3_benchmark,3,ckpt_s4096_e4096,benchmark,2048,4096,4096,1,0,True,3432.23,61.21,61.21,61.21,8.351
2026-05-13T17:15:17.009573+00:00,gpu3_benchmark,3,ckpt_s4096_e4096,benchmark,8192,4096,4096,1,0,True,4092.77,138.98,138.98,138.98,8.351
2026-05-13T17:15:17.009573+00:00,gpu3_benchmark,3,ckpt_s4096_e4096,benchmark,32768,4096,4096,1,0,True,6894.87,599.71,599.71,599.71,8.351
2026-05-13T17:15:25.360647+00:00,gpu3_benchmark,3,ckpt_s4096_e4096,benchmark,65536,4096,4096,1,0,True,11272.01,1321.91,1321.91,1321.91,8.140
2026-05-13T17:15:33.500693+00:00,gpu3_benchmark,3,ckpt_s4096_e4096,benchmark,131072,4096,4096,1,0,False,,,,,8.991
2026-05-13T17:15:42.492132+00:00,gpu3_benchmark,3,ckpt_s8192_e2048,correctness,2048,8192,2048,1,0,True,,,,,7.903
2026-05-13T17:15:50.395294+00:00,gpu3_benchmark,3,ckpt_s8192_e2048,benchmark,2048,8192,2048,1,0,True,3432.23,62.09,62.09,62.09,9.182
2026-05-13T17:15:50.395294+00:00,gpu3_benchmark,3,ckpt_s8192_e2048,benchmark,8192,8192,2048,1,0,True,4132.78,236.31,236.31,236.31,9.182
2026-05-13T17:15:50.395294+00:00,gpu3_benchmark,3,ckpt_s8192_e2048,benchmark,32768,8192,2048,1,0,True,6934.88,1038.24,1038.24,1038.24,9.182
2026-05-13T17:15:59.577852+00:00,gpu3_benchmark,3,ckpt_s8192_e2048,benchmark,65536,8192,2048,1,0,True,11272.01,2271.25,2271.25,2271.25,9.661
2026-05-13T17:16:09.239007+00:00,gpu3_benchmark,3,ckpt_s8192_e2048,benchmark,131072,8192,2048,1,0,False,,,,,5.793
2026-05-13T17:16:15.032622+00:00,gpu3_benchmark,3,ckpt_s4096_e2048,correctness,2048,4096,2048,1,0,True,,,,,7.565
2026-05-13T17:16:22.598319+00:00,gpu3_benchmark,3,ckpt_s4096_e2048,benchmark,2048,4096,2048,1,0,True,3432.23,57.44,57.44,57.44,8.818
2026-05-13T17:16:22.598319+00:00,gpu3_benchmark,3,ckpt_s4096_e2048,benchmark,8192,4096,2048,1,0,True,4132.78,236.63,236.63,236.63,8.818
2026-05-13T17:16:22.598319+00:00,gpu3_benchmark,3,ckpt_s4096_e2048,benchmark,32768,4096,2048,1,0,True,6934.88,1055.14,1055.14,1055.14,8.818
2026-05-13T17:16:31.416153+00:00,gpu3_benchmark,3,ckpt_s4096_e2048,benchmark,65536,4096,2048,1,0,True,11272.01,2285.09,2285.09,2285.09,9.417
2026-05-13T17:16:40.833757+00:00,gpu3_benchmark,3,ckpt_s4096_e2048,benchmark,131072,4096,2048,1,0,False,,,,,5.499
2026-05-13T17:16:46.333328+00:00,gpu3_benchmark,3,ckpt_s2048_e2048,correctness,2048,2048,2048,1,0,True,,,,,7.589
2026-05-13T17:16:53.922867+00:00,gpu3_benchmark,3,ckpt_s2048_e2048,benchmark,2048,2048,2048,1,0,True,3432.23,59.38,59.38,59.38,9.302
2026-05-13T17:16:53.922867+00:00,gpu3_benchmark,3,ckpt_s2048_e2048,benchmark,8192,2048,2048,1,0,True,4132.78,244.93,244.93,244.93,9.302
2026-05-13T17:16:53.922867+00:00,gpu3_benchmark,3,ckpt_s2048_e2048,benchmark,32768,2048,2048,1,0,True,6934.88,1070.57,1070.57,1070.57,9.302
2026-05-13T17:17:03.225718+00:00,gpu3_benchmark,3,ckpt_s2048_e2048,benchmark,65536,2048,2048,1,0,True,11272.01,2291.82,2291.82,2291.82,10.762
2026-05-13T17:17:13.987763+00:00,gpu3_benchmark,3,ckpt_s2048_e2048,benchmark,131072,2048,2048,1,0,False,,,,,5.984
2026-05-13T17:17:19.972176+00:00,gpu3_benchmark,3,ckpt_s4096_e1024,correctness,2048,4096,1024,1,0,True,,,,,7.611
2026-05-13T17:17:27.583585+00:00,gpu3_benchmark,3,ckpt_s4096_e1024,benchmark,2048,4096,1024,1,0,True,3453.26,241.36,241.36,241.36,11.870
2026-05-13T17:17:27.583585+00:00,gpu3_benchmark,3,ckpt_s4096_e1024,benchmark,8192,4096,1024,1,0,True,4153.79,448.26,448.26,448.26,11.870
2026-05-13T17:17:27.583585+00:00,gpu3_benchmark,3,ckpt_s4096_e1024,benchmark,32768,4096,1024,1,0,True,6955.88,1931.79,1931.79,1931.79,11.870
2026-05-13T17:17:39.454276+00:00,gpu3_benchmark,3,ckpt_s4096_e1024,benchmark,65536,4096,1024,1,0,True,11272.51,4235.28,4235.28,4235.28,13.850
2026-05-13T17:17:53.304218+00:00,gpu3_benchmark,3,ckpt_s4096_e1024,benchmark,131072,4096,1024,1,0,True,21314.76,9917.45,9917.45,9917.45,25.250
2026-05-13T17:18:18.554335+00:00,gpu3_benchmark,3,ckpt_s2048_e1024,correctness,2048,2048,1024,1,0,True,,,,,7.519
2026-05-13T17:18:26.074067+00:00,gpu3_benchmark,3,ckpt_s2048_e1024,benchmark,2048,2048,1024,1,0,True,3453.26,215.72,215.72,215.72,12.082
2026-05-13T17:18:26.074067+00:00,gpu3_benchmark,3,ckpt_s2048_e1024,benchmark,8192,2048,1024,1,0,True,4153.79,446.53,446.53,446.53,12.082
2026-05-13T17:18:26.074067+00:00,gpu3_benchmark,3,ckpt_s2048_e1024,benchmark,32768,2048,1024,1,0,True,6955.88,1959.58,1959.58,1959.58,12.082
2026-05-13T17:18:38.156178+00:00,gpu3_benchmark,3,ckpt_s2048_e1024,benchmark,65536,2048,1024,1,0,True,11272.51,4252.75,4252.75,4252.75,13.354
2026-05-13T17:18:51.510391+00:00,gpu3_benchmark,3,ckpt_s2048_e1024,benchmark,131072,2048,1024,1,0,False,,,,,15.768
2026-05-13T17:19:07.278574+00:00,gpu3_benchmark,3,ckpt_s1024_e1024,correctness,2048,1024,1024,1,0,True,,,,,7.792
2026-05-13T17:19:15.071146+00:00,gpu3_benchmark,3,ckpt_s1024_e1024,benchmark,2048,1024,1024,1,0,True,3452.26,113.38,113.38,113.38,12.096
2026-05-13T17:19:15.071146+00:00,gpu3_benchmark,3,ckpt_s1024_e1024,benchmark,8192,1024,1024,1,0,True,4152.79,449.97,449.97,449.97,12.096
2026-05-13T17:19:15.071146+00:00,gpu3_benchmark,3,ckpt_s1024_e1024,benchmark,32768,1024,1024,1,0,True,6954.88,1984.49,1984.49,1984.49,12.096
2026-05-13T17:19:27.167082+00:00,gpu3_benchmark,3,ckpt_s1024_e1024,benchmark,65536,1024,1024,1,0,True,11272.01,4436.93,4436.93,4436.93,14.162
2026-05-13T17:19:41.329334+00:00,gpu3_benchmark,3,ckpt_s1024_e1024,benchmark,131072,1024,1024,1,0,False,,,,,16.433
2026-05-13T17:19:57.763417+00:00,gpu3_benchmark,3,nocp_s8192_e8192,correctness,2048,8192,8192,0,0,True,,,,,6.443
2026-05-13T17:20:04.206572+00:00,gpu3_benchmark,3,nocp_s8192_e8192,benchmark,2048,8192,8192,0,0,True,3510.1,57.68,57.68,57.68,7.128
2026-05-13T17:20:04.206572+00:00,gpu3_benchmark,3,nocp_s8192_e8192,benchmark,8192,8192,8192,0,0,True,4300.63,87.42,87.42,87.42,7.128
2026-05-13T17:20:04.206572+00:00,gpu3_benchmark,3,nocp_s8192_e8192,benchmark,32768,8192,8192,0,0,True,9328.38,371.25,371.25,371.25,7.128
2026-05-13T17:20:11.334947+00:00,gpu3_benchmark,3,nocp_s8192_e8192,benchmark,65536,8192,8192,0,0,True,17416.01,797.82,797.82,797.82,6.070
2026-05-13T17:20:17.405570+00:00,gpu3_benchmark,3,nocp_s8192_e8192,benchmark,131072,8192,8192,0,0,False,,,,,4.738
2026-05-13T17:20:22.144323+00:00,gpu3_benchmark,3,nocp_s8192_e4096,correctness,2048,8192,4096,0,0,True,,,,,6.868
2026-05-13T17:20:29.012694+00:00,gpu3_benchmark,3,nocp_s8192_e4096,benchmark,2048,8192,4096,0,0,True,3510.1,58.47,58.47,58.47,7.489
2026-05-13T17:20:29.012694+00:00,gpu3_benchmark,3,nocp_s8192_e4096,benchmark,8192,8192,4096,0,0,True,4428.77,144.15,144.15,144.15,7.489
2026-05-13T17:20:29.012694+00:00,gpu3_benchmark,3,nocp_s8192_e4096,benchmark,32768,8192,4096,0,0,True,9328.38,569.99,569.99,569.99,7.489
2026-05-13T17:20:36.501610+00:00,gpu3_benchmark,3,nocp_s8192_e4096,benchmark,65536,8192,4096,0,0,True,17416.01,1249.79,1249.79,1249.79,7.082
2026-05-13T17:20:43.584359+00:00,gpu3_benchmark,3,nocp_s8192_e4096,benchmark,131072,8192,4096,0,0,False,,,,,5.458
2026-05-13T17:20:49.042631+00:00,gpu3_benchmark,3,nocp_s4096_e4096,correctness,2048,4096,4096,0,0,True,,,,,6.960
2026-05-13T17:20:56.002978+00:00,gpu3_benchmark,3,nocp_s4096_e4096,benchmark,2048,4096,4096,0,0,True,3510.1,56.06,56.06,56.06,7.548
2026-05-13T17:20:56.002978+00:00,gpu3_benchmark,3,nocp_s4096_e4096,benchmark,8192,4096,4096,0,0,True,4428.77,130.11,130.11,130.11,7.548
2026-05-13T17:20:56.002978+00:00,gpu3_benchmark,3,nocp_s4096_e4096,benchmark,32768,4096,4096,0,0,True,9328.38,572.66,572.66,572.66,7.548
2026-05-13T17:21:03.551234+00:00,gpu3_benchmark,3,nocp_s4096_e4096,benchmark,65536,4096,4096,0,0,True,17416.01,1283.94,1283.94,1283.94,6.686
2026-05-13T17:21:10.237420+00:00,gpu3_benchmark,3,nocp_s4096_e4096,benchmark,131072,4096,4096,0,0,False,,,,,5.204
2026-05-13T17:21:15.442407+00:00,gpu3_benchmark,3,nocp_s4096_e2048,correctness,2048,4096,2048,0,0,True,,,,,6.880
2026-05-13T17:21:22.322365+00:00,gpu3_benchmark,3,nocp_s4096_e2048,benchmark,2048,4096,2048,0,0,True,3510.1,57.22,57.22,57.22,8.102
2026-05-13T17:21:22.322365+00:00,gpu3_benchmark,3,nocp_s4096_e2048,benchmark,8192,4096,2048,0,0,True,4525.78,226.75,226.75,226.75,8.102
2026-05-13T17:21:22.322365+00:00,gpu3_benchmark,3,nocp_s4096_e2048,benchmark,32768,4096,2048,0,0,True,9474.26,990.57,990.57,990.57,8.102
2026-05-13T17:21:30.424363+00:00,gpu3_benchmark,3,nocp_s4096_e2048,benchmark,65536,4096,2048,0,0,True,17708.01,2149.4,2149.4,2149.4,8.598
2026-05-13T17:21:39.022839+00:00,gpu3_benchmark,3,nocp_s4096_e2048,benchmark,131072,4096,2048,0,0,False,,,,,5.154
2026-05-13T17:21:44.177243+00:00,gpu3_benchmark,3,nocp_s2048_e2048,correctness,2048,2048,2048,0,0,True,,,,,6.883
2026-05-13T17:21:51.060612+00:00,gpu3_benchmark,3,nocp_s2048_e2048,benchmark,2048,2048,2048,0,0,True,3510.1,57.34,57.34,57.34,9.041
2026-05-13T17:21:51.060612+00:00,gpu3_benchmark,3,nocp_s2048_e2048,benchmark,8192,2048,2048,0,0,True,4526.78,229.14,229.14,229.14,9.041
2026-05-13T17:21:51.060612+00:00,gpu3_benchmark,3,nocp_s2048_e2048,benchmark,32768,2048,2048,0,0,True,9476.26,1010.25,1010.25,1010.25,9.041
2026-05-13T17:22:00.102036+00:00,gpu3_benchmark,3,nocp_s2048_e2048,benchmark,65536,2048,2048,0,0,True,17708.01,2216.44,2216.44,2216.44,9.514
2026-05-13T17:22:09.616595+00:00,gpu3_benchmark,3,nocp_s2048_e2048,benchmark,131072,2048,2048,0,0,False,,,,,5.038
2026-05-13T17:22:14.654974+00:00,gpu3_benchmark,3,ckpt_s8192_e8192,correctness,2048,8192,8192,1,0,True,,,,,8.011
2026-05-13T17:22:22.666596+00:00,gpu3_benchmark,3,ckpt_s8192_e8192,benchmark,2048,8192,8192,1,0,True,3432.23,58.37,58.37,58.37,7.463
2026-05-13T17:22:22.666596+00:00,gpu3_benchmark,3,ckpt_s8192_e8192,benchmark,8192,8192,8192,1,0,True,4012.63,88.84,88.84,88.84,7.463
2026-05-13T17:22:22.666596+00:00,gpu3_benchmark,3,ckpt_s8192_e8192,benchmark,32768,8192,8192,1,0,True,6814.85,390.25,390.25,390.25,7.463
2026-05-13T17:22:30.130481+00:00,gpu3_benchmark,3,ckpt_s8192_e8192,benchmark,65536,8192,8192,1,0,True,11272.01,834.55,834.55,834.55,6.841
2026-05-13T17:22:36.971547+00:00,gpu3_benchmark,3,ckpt_s8192_e8192,benchmark,131072,8192,8192,1,0,True,21303.26,1873.85,1873.85,1873.85,8.816
2026-05-13T17:22:45.788105+00:00,gpu3_benchmark,3,ckpt_s16384_e4096,correctness,2048,16384,4096,1,0,True,,,,,7.724
2026-05-13T17:22:53.512250+00:00,gpu3_benchmark,3,ckpt_s16384_e4096,benchmark,2048,16384,4096,1,0,True,3432.23,57.12,57.12,57.12,8.468
2026-05-13T17:22:53.512250+00:00,gpu3_benchmark,3,ckpt_s16384_e4096,benchmark,8192,16384,4096,1,0,True,4092.77,145.36,145.36,145.36,8.468
2026-05-13T17:22:53.512250+00:00,gpu3_benchmark,3,ckpt_s16384_e4096,benchmark,32768,16384,4096,1,0,True,6894.87,603.59,603.59,603.59,8.468
2026-05-13T17:23:01.981207+00:00,gpu3_benchmark,3,ckpt_s16384_e4096,benchmark,65536,16384,4096,1,0,True,11272.01,1277.21,1277.21,1277.21,7.914
2026-05-13T17:23:09.895293+00:00,gpu3_benchmark,3,ckpt_s16384_e4096,benchmark,131072,16384,4096,1,0,False,,,,,8.282
2026-05-13T17:23:18.178135+00:00,gpu3_benchmark,3,ckpt_s8192_e4096,correctness,2048,8192,4096,1,0,True,,,,,7.339
2026-05-13T17:23:25.517373+00:00,gpu3_benchmark,3,ckpt_s8192_e4096,benchmark,2048,8192,4096,1,0,True,3432.23,56.58,56.58,56.58,7.908
2026-05-13T17:23:25.517373+00:00,gpu3_benchmark,3,ckpt_s8192_e4096,benchmark,8192,8192,4096,1,0,True,4092.77,136.88,136.88,136.88,7.908
2026-05-13T17:23:25.517373+00:00,gpu3_benchmark,3,ckpt_s8192_e4096,benchmark,32768,8192,4096,1,0,True,6894.87,601.46,601.46,601.46,7.908
2026-05-13T17:23:33.425616+00:00,gpu3_benchmark,3,ckpt_s8192_e4096,benchmark,65536,8192,4096,1,0,True,11272.01,1298.09,1298.09,1298.09,8.339
2026-05-13T17:23:41.764924+00:00,gpu3_benchmark,3,ckpt_s8192_e4096,benchmark,131072,8192,4096,1,0,False,,,,,8.929
2026-05-13T17:23:50.694770+00:00,gpu3_benchmark,3,ckpt_s4096_e4096,correctness,2048,4096,4096,1,0,True,,,,,7.665
2026-05-13T17:23:58.360392+00:00,gpu3_benchmark,3,ckpt_s4096_e4096,benchmark,2048,4096,4096,1,0,True,3432.23,58.5,58.5,58.5,8.479
2026-05-13T17:23:58.360392+00:00,gpu3_benchmark,3,ckpt_s4096_e4096,benchmark,8192,4096,4096,1,0,True,4092.77,140.76,140.76,140.76,8.479
2026-05-13T17:23:58.360392+00:00,gpu3_benchmark,3,ckpt_s4096_e4096,benchmark,32768,4096,4096,1,0,True,6894.87,600.88,600.88,600.88,8.479
2026-05-13T17:24:06.839944+00:00,gpu3_benchmark,3,ckpt_s4096_e4096,benchmark,65536,4096,4096,1,0,True,11272.01,1314.34,1314.34,1314.34,7.155
2026-05-13T17:24:13.995740+00:00,gpu3_benchmark,3,ckpt_s4096_e4096,benchmark,131072,4096,4096,1,0,False,,,,,8.323
2026-05-13T17:24:22.319482+00:00,gpu3_benchmark,3,ckpt_s8192_e2048,correctness,2048,8192,2048,1,0,True,,,,,7.360
2026-05-13T17:24:29.679547+00:00,gpu3_benchmark,3,ckpt_s8192_e2048,benchmark,2048,8192,2048,1,0,True,3432.23,58.78,58.78,58.78,9.773
2026-05-13T17:24:29.679547+00:00,gpu3_benchmark,3,ckpt_s8192_e2048,benchmark,8192,8192,2048,1,0,True,4132.78,236.99,236.99,236.99,9.773
2026-05-13T17:24:29.679547+00:00,gpu3_benchmark,3,ckpt_s8192_e2048,benchmark,32768,8192,2048,1,0,True,6934.88,1046.87,1046.87,1046.87,9.773
2026-05-13T17:24:39.452474+00:00,gpu3_benchmark,3,ckpt_s8192_e2048,benchmark,65536,8192,2048,1,0,True,11272.01,2230.77,2230.77,2230.77,10.384
2026-05-13T17:24:49.836388+00:00,gpu3_benchmark,3,ckpt_s8192_e2048,benchmark,131072,8192,2048,1,0,False,,,,,6.060
2026-05-13T17:24:55.897294+00:00,gpu3_benchmark,3,ckpt_s4096_e2048,correctness,2048,4096,2048,1,0,True,,,,,7.830
2026-05-13T17:25:03.727782+00:00,gpu3_benchmark,3,ckpt_s4096_e2048,benchmark,2048,4096,2048,1,0,True,3432.23,58.88,58.88,58.88,10.365
2026-05-13T17:25:03.727782+00:00,gpu3_benchmark,3,ckpt_s4096_e2048,benchmark,8192,4096,2048,1,0,True,4132.78,245.31,245.31,245.31,10.365
2026-05-13T17:25:03.727782+00:00,gpu3_benchmark,3,ckpt_s4096_e2048,benchmark,32768,4096,2048,1,0,True,6934.88,1043.47,1043.47,1043.47,10.365
2026-05-13T17:25:14.093277+00:00,gpu3_benchmark,3,ckpt_s4096_e2048,benchmark,65536,4096,2048,1,0,True,11272.01,2246.7,2246.7,2246.7,10.096
2026-05-13T17:25:24.189697+00:00,gpu3_benchmark,3,ckpt_s4096_e2048,benchmark,131072,4096,2048,1,0,False,,,,,5.541
2026-05-13T17:25:29.731575+00:00,gpu3_benchmark,3,ckpt_s2048_e2048,correctness,2048,2048,2048,1,0,True,,,,,7.601
2026-05-13T17:25:37.332661+00:00,gpu3_benchmark,3,ckpt_s2048_e2048,benchmark,2048,2048,2048,1,0,True,3432.23,52.5,52.5,52.5,9.358
2026-05-13T17:25:37.332661+00:00,gpu3_benchmark,3,ckpt_s2048_e2048,benchmark,8192,2048,2048,1,0,True,4132.78,213.63,213.63,213.63,9.358
2026-05-13T17:25:37.332661+00:00,gpu3_benchmark,3,ckpt_s2048_e2048,benchmark,32768,2048,2048,1,0,True,6934.88,946.12,946.12,946.12,9.358
2026-05-13T17:25:46.691526+00:00,gpu3_benchmark,3,ckpt_s2048_e2048,benchmark,65536,2048,2048,1,0,True,11272.01,2291.11,2291.11,2291.11,9.954
2026-05-13T17:25:56.646033+00:00,gpu3_benchmark,3,ckpt_s2048_e2048,benchmark,131072,2048,2048,1,0,False,,,,,5.539
2026-05-13T17:26:02.185117+00:00,gpu3_benchmark,3,ckpt_s4096_e1024,correctness,2048,4096,1024,1,0,True,,,,,8.183
2026-05-13T17:26:10.368763+00:00,gpu3_benchmark,3,ckpt_s4096_e1024,benchmark,2048,4096,1024,1,0,True,3453.26,201.35,201.35,201.35,11.708
2026-05-13T17:26:10.368763+00:00,gpu3_benchmark,3,ckpt_s4096_e1024,benchmark,8192,4096,1024,1,0,True,4153.79,441.98,441.98,441.98,11.708
2026-05-13T17:26:10.368763+00:00,gpu3_benchmark,3,ckpt_s4096_e1024,benchmark,32768,4096,1024,1,0,True,6955.88,1929.72,1929.72,1929.72,11.708
2026-05-13T17:26:22.076907+00:00,gpu3_benchmark,3,ckpt_s4096_e1024,benchmark,65536,4096,1024,1,0,True,11272.51,4213.01,4213.01,4213.01,13.536
2026-05-13T17:26:35.613325+00:00,gpu3_benchmark,3,ckpt_s4096_e1024,benchmark,131072,4096,1024,1,0,True,21314.76,10227.29,10227.29,10227.29,25.641
2026-05-13T17:27:01.255155+00:00,gpu3_benchmark,3,ckpt_s2048_e1024,correctness,2048,2048,1024,1,0,True,,,,,7.645
2026-05-13T17:27:08.899985+00:00,gpu3_benchmark,3,ckpt_s2048_e1024,benchmark,2048,2048,1024,1,0,True,3453.26,295.26,295.26,295.26,11.849
2026-05-13T17:27:08.899985+00:00,gpu3_benchmark,3,ckpt_s2048_e1024,benchmark,8192,2048,1024,1,0,True,4153.79,448.23,448.23,448.23,11.849
2026-05-13T17:27:08.899985+00:00,gpu3_benchmark,3,ckpt_s2048_e1024,benchmark,32768,2048,1024,1,0,True,6955.88,1962.34,1962.34,1962.34,11.849
2026-05-13T17:27:20.749885+00:00,gpu3_benchmark,3,ckpt_s2048_e1024,benchmark,65536,2048,1024,1,0,True,11272.51,4296.15,4296.15,4296.15,13.718
2026-05-13T17:27:34.468040+00:00,gpu3_benchmark,3,ckpt_s2048_e1024,benchmark,131072,2048,1024,1,0,False,,,,,15.801
2026-05-13T17:27:50.269286+00:00,gpu3_benchmark,3,ckpt_s1024_e1024,correctness,2048,1024,1024,1,0,True,,,,,7.636
2026-05-13T17:27:57.905993+00:00,gpu3_benchmark,3,ckpt_s1024_e1024,benchmark,2048,1024,1024,1,0,True,3452.26,107.41,107.41,107.41,12.109
2026-05-13T17:27:57.905993+00:00,gpu3_benchmark,3,ckpt_s1024_e1024,benchmark,8192,1024,1024,1,0,True,4152.79,469.18,469.18,469.18,12.109
2026-05-13T17:27:57.905993+00:00,gpu3_benchmark,3,ckpt_s1024_e1024,benchmark,32768,1024,1024,1,0,True,6954.88,1962.62,1962.62,1962.62,12.109
2026-05-13T17:28:10.015214+00:00,gpu3_benchmark,3,ckpt_s1024_e1024,benchmark,65536,1024,1024,1,0,True,11272.01,4448.1,4448.1,4448.1,14.056
2026-05-13T17:28:24.071357+00:00,gpu3_benchmark,3,ckpt_s1024_e1024,benchmark,131072,1024,1024,1,0,False,,,,,16.514
2026-05-13T17:28:40.585668+00:00,gpu3_benchmark,3,nocp_s8192_e8192,correctness,2048,8192,8192,0,0,True,,,,,6.437
2026-05-13T17:28:47.023125+00:00,gpu3_benchmark,3,nocp_s8192_e8192,benchmark,2048,8192,8192,0,0,True,3510.1,55.44,55.44,55.44,6.422
2026-05-13T17:28:47.023125+00:00,gpu3_benchmark,3,nocp_s8192_e8192,benchmark,8192,8192,8192,0,0,True,4300.63,82.1,82.1,82.1,6.422
2026-05-13T17:28:47.023125+00:00,gpu3_benchmark,3,nocp_s8192_e8192,benchmark,32768,8192,8192,0,0,True,9328.38,379.79,379.79,379.79,6.422
2026-05-13T17:28:53.445920+00:00,gpu3_benchmark,3,nocp_s8192_e8192,benchmark,65536,8192,8192,0,0,True,17416.01,781.2,781.2,781.2,6.213
2026-05-13T17:28:59.658890+00:00,gpu3_benchmark,3,nocp_s8192_e8192,benchmark,131072,8192,8192,0,0,False,,,,,4.621
2026-05-13T17:29:04.280128+00:00,gpu3_benchmark,3,nocp_s8192_e4096,correctness,2048,8192,4096,0,0,True,,,,,6.611
2026-05-13T17:29:10.891856+00:00,gpu3_benchmark,3,nocp_s8192_e4096,benchmark,2048,8192,4096,0,0,True,3510.1,56.01,56.01,56.01,6.802
2026-05-13T17:29:10.891856+00:00,gpu3_benchmark,3,nocp_s8192_e4096,benchmark,8192,8192,4096,0,0,True,4428.77,141.61,141.61,141.61,6.802
2026-05-13T17:29:10.891856+00:00,gpu3_benchmark,3,nocp_s8192_e4096,benchmark,32768,8192,4096,0,0,True,9328.38,578.9,578.9,578.9,6.802
2026-05-13T17:29:17.694519+00:00,gpu3_benchmark,3,nocp_s8192_e4096,benchmark,65536,8192,4096,0,0,True,17416.01,1249.29,1249.29,1249.29,6.832
2026-05-13T17:29:24.527321+00:00,gpu3_benchmark,3,nocp_s8192_e4096,benchmark,131072,8192,4096,0,0,False,,,,,4.951
2026-05-13T17:29:29.478809+00:00,gpu3_benchmark,3,nocp_s4096_e4096,correctness,2048,4096,4096,0,0,True,,,,,6.835
2026-05-13T17:29:36.314520+00:00,gpu3_benchmark,3,nocp_s4096_e4096,benchmark,2048,4096,4096,0,0,True,3510.1,55.35,55.35,55.35,7.689
2026-05-13T17:29:36.314520+00:00,gpu3_benchmark,3,nocp_s4096_e4096,benchmark,8192,4096,4096,0,0,True,4428.77,137.11,137.11,137.11,7.689
2026-05-13T17:29:36.314520+00:00,gpu3_benchmark,3,nocp_s4096_e4096,benchmark,32768,4096,4096,0,0,True,9328.38,590.57,590.57,590.57,7.689
2026-05-13T17:29:44.004500+00:00,gpu3_benchmark,3,nocp_s4096_e4096,benchmark,65536,4096,4096,0,0,True,17416.01,1266.33,1266.33,1266.33,6.470
2026-05-13T17:29:50.474590+00:00,gpu3_benchmark,3,nocp_s4096_e4096,benchmark,131072,4096,4096,0,0,False,,,,,4.932
2026-05-13T17:29:55.406642+00:00,gpu3_benchmark,3,nocp_s4096_e2048,correctness,2048,4096,2048,0,0,True,,,,,6.774
2026-05-13T17:30:02.181204+00:00,gpu3_benchmark,3,nocp_s4096_e2048,benchmark,2048,4096,2048,0,0,True,3510.1,55.13,55.13,55.13,8.460
2026-05-13T17:30:02.181204+00:00,gpu3_benchmark,3,nocp_s4096_e2048,benchmark,8192,4096,2048,0,0,True,4525.78,240.51,240.51,240.51,8.460
2026-05-13T17:30:02.181204+00:00,gpu3_benchmark,3,nocp_s4096_e2048,benchmark,32768,4096,2048,0,0,True,9474.26,989.71,989.71,989.71,8.460
2026-05-13T17:30:10.641489+00:00,gpu3_benchmark,3,nocp_s4096_e2048,benchmark,65536,4096,2048,0,0,True,17708.01,2172.92,2172.92,2172.92,9.113
2026-05-13T17:30:19.755036+00:00,gpu3_benchmark,3,nocp_s4096_e2048,benchmark,131072,4096,2048,0,0,False,,,,,4.627
2026-05-13T17:30:24.382495+00:00,gpu3_benchmark,3,nocp_s2048_e2048,correctness,2048,2048,2048,0,0,True,,,,,6.637
2026-05-13T17:30:31.019252+00:00,gpu3_benchmark,3,nocp_s2048_e2048,benchmark,2048,2048,2048,0,0,True,3510.1,54.77,54.77,54.77,8.828
2026-05-13T17:30:31.019252+00:00,gpu3_benchmark,3,nocp_s2048_e2048,benchmark,8192,2048,2048,0,0,True,4526.78,226.14,226.14,226.14,8.828
2026-05-13T17:30:31.019252+00:00,gpu3_benchmark,3,nocp_s2048_e2048,benchmark,32768,2048,2048,0,0,True,9476.26,998.54,998.54,998.54,8.828
2026-05-13T17:30:39.847571+00:00,gpu3_benchmark,3,nocp_s2048_e2048,benchmark,65536,2048,2048,0,0,True,17708.01,2205.42,2205.42,2205.42,8.408
2026-05-13T17:30:48.255771+00:00,gpu3_benchmark,3,nocp_s2048_e2048,benchmark,131072,2048,2048,0,0,False,,,,,5.010
2026-05-13T17:30:53.266306+00:00,gpu3_benchmark,3,ckpt_s8192_e8192,correctness,2048,8192,8192,1,0,True,,,,,7.817
2026-05-13T17:31:01.083858+00:00,gpu3_benchmark,3,ckpt_s8192_e8192,benchmark,2048,8192,8192,1,0,True,3432.23,56.72,56.72,56.72,7.915
2026-05-13T17:31:01.083858+00:00,gpu3_benchmark,3,ckpt_s8192_e8192,benchmark,8192,8192,8192,1,0,True,4012.63,91.84,91.84,91.84,7.915
2026-05-13T17:31:01.083858+00:00,gpu3_benchmark,3,ckpt_s8192_e8192,benchmark,32768,8192,8192,1,0,True,6814.85,405.62,405.62,405.62,7.915
2026-05-13T17:31:08.999587+00:00,gpu3_benchmark,3,ckpt_s8192_e8192,benchmark,65536,8192,8192,1,0,True,11272.01,833.33,833.33,833.33,6.571
2026-05-13T17:31:15.571341+00:00,gpu3_benchmark,3,ckpt_s8192_e8192,benchmark,131072,8192,8192,1,0,True,21303.26,1877.05,1877.05,1877.05,8.931
2026-05-13T17:31:24.503357+00:00,gpu3_benchmark,3,ckpt_s16384_e4096,correctness,2048,16384,4096,1,0,True,,,,,7.574
2026-05-13T17:31:32.077391+00:00,gpu3_benchmark,3,ckpt_s16384_e4096,benchmark,2048,16384,4096,1,0,True,3432.23,59.89,59.89,59.89,7.934
2026-05-13T17:31:32.077391+00:00,gpu3_benchmark,3,ckpt_s16384_e4096,benchmark,8192,16384,4096,1,0,True,4092.77,137.66,137.66,137.66,7.934
2026-05-13T17:31:32.077391+00:00,gpu3_benchmark,3,ckpt_s16384_e4096,benchmark,32768,16384,4096,1,0,True,6894.87,593.04,593.04,593.04,7.934
2026-05-13T17:31:40.011290+00:00,gpu3_benchmark,3,ckpt_s16384_e4096,benchmark,65536,16384,4096,1,0,True,11272.01,1287.65,1287.65,1287.65,7.566
2026-05-13T17:31:47.577546+00:00,gpu3_benchmark,3,ckpt_s16384_e4096,benchmark,131072,16384,4096,1,0,False,,,,,8.488
2026-05-13T17:31:56.065552+00:00,gpu3_benchmark,3,ckpt_s8192_e4096,correctness,2048,8192,4096,1,0,True,,,,,7.887
2026-05-13T17:32:03.952654+00:00,gpu3_benchmark,3,ckpt_s8192_e4096,benchmark,2048,8192,4096,1,0,True,3432.23,62.82,62.82,62.82,8.704
2026-05-13T17:32:03.952654+00:00,gpu3_benchmark,3,ckpt_s8192_e4096,benchmark,8192,8192,4096,1,0,True,4092.77,137.79,137.79,137.79,8.704
2026-05-13T17:32:03.952654+00:00,gpu3_benchmark,3,ckpt_s8192_e4096,benchmark,32768,8192,4096,1,0,True,6894.87,604.2,604.2,604.2,8.704
2026-05-13T17:32:12.657128+00:00,gpu3_benchmark,3,ckpt_s8192_e4096,benchmark,65536,8192,4096,1,0,True,11272.01,1298.03,1298.03,1298.03,7.487
2026-05-13T17:32:20.144641+00:00,gpu3_benchmark,3,ckpt_s8192_e4096,benchmark,131072,8192,4096,1,0,False,,,,,8.658
2026-05-13T17:32:28.802610+00:00,gpu3_benchmark,3,ckpt_s4096_e4096,correctness,2048,4096,4096,1,0,True,,,,,7.469
2026-05-13T17:32:36.272201+00:00,gpu3_benchmark,3,ckpt_s4096_e4096,benchmark,2048,4096,4096,1,0,True,3432.23,59.37,59.37,59.37,8.637
2026-05-13T17:32:36.272201+00:00,gpu3_benchmark,3,ckpt_s4096_e4096,benchmark,8192,4096,4096,1,0,True,4092.77,146.88,146.88,146.88,8.637
2026-05-13T17:32:36.272201+00:00,gpu3_benchmark,3,ckpt_s4096_e4096,benchmark,32768,4096,4096,1,0,True,6894.87,622.7,622.7,622.7,8.637
2026-05-13T17:32:44.909783+00:00,gpu3_benchmark,3,ckpt_s4096_e4096,benchmark,65536,4096,4096,1,0,True,11272.01,1318.22,1318.22,1318.22,7.835
2026-05-13T17:32:52.744590+00:00,gpu3_benchmark,3,ckpt_s4096_e4096,benchmark,131072,4096,4096,1,0,False,,,,,8.937
2026-05-13T17:33:01.682344+00:00,gpu3_benchmark,3,ckpt_s8192_e2048,correctness,2048,8192,2048,1,0,True,,,,,7.918
2026-05-13T17:33:09.600182+00:00,gpu3_benchmark,3,ckpt_s8192_e2048,benchmark,2048,8192,2048,1,0,True,3432.23,58.98,58.98,58.98,9.695
2026-05-13T17:33:09.600182+00:00,gpu3_benchmark,3,ckpt_s8192_e2048,benchmark,8192,8192,2048,1,0,True,4132.78,244.94,244.94,244.94,9.695
2026-05-13T17:33:09.600182+00:00,gpu3_benchmark,3,ckpt_s8192_e2048,benchmark,32768,8192,2048,1,0,True,6934.88,1072.35,1072.35,1072.35,9.695
2026-05-13T17:33:19.295516+00:00,gpu3_benchmark,3,ckpt_s8192_e2048,benchmark,65536,8192,2048,1,0,True,11272.01,2273.85,2273.85,2273.85,9.405
2026-05-13T17:33:28.701229+00:00,gpu3_benchmark,3,ckpt_s8192_e2048,benchmark,131072,8192,2048,1,0,False,,,,,5.337
2026-05-13T17:33:34.039287+00:00,gpu3_benchmark,3,ckpt_s4096_e2048,correctness,2048,4096,2048,1,0,True,,,,,7.527
2026-05-13T17:33:41.566291+00:00,gpu3_benchmark,3,ckpt_s4096_e2048,benchmark,2048,4096,2048,1,0,True,3432.23,61.41,61.41,61.41,9.553
2026-05-13T17:33:41.566291+00:00,gpu3_benchmark,3,ckpt_s4096_e2048,benchmark,8192,4096,2048,1,0,True,4132.78,240.63,240.63,240.63,9.553
2026-05-13T17:33:41.566291+00:00,gpu3_benchmark,3,ckpt_s4096_e2048,benchmark,32768,4096,2048,1,0,True,6934.88,1061.03,1061.03,1061.03,9.553
2026-05-13T17:33:51.119402+00:00,gpu3_benchmark,3,ckpt_s4096_e2048,benchmark,65536,4096,2048,1,0,True,11272.01,2302.96,2302.96,2302.96,9.615
2026-05-13T17:34:00.734389+00:00,gpu3_benchmark,3,ckpt_s4096_e2048,benchmark,131072,4096,2048,1,0,False,,,,,5.607
2026-05-13T17:34:06.341982+00:00,gpu3_benchmark,3,ckpt_s2048_e2048,correctness,2048,2048,2048,1,0,True,,,,,7.917
2026-05-13T17:34:14.259767+00:00,gpu3_benchmark,3,ckpt_s2048_e2048,benchmark,2048,2048,2048,1,0,True,3432.23,60.64,60.64,60.64,9.351
2026-05-13T17:34:14.259767+00:00,gpu3_benchmark,3,ckpt_s2048_e2048,benchmark,8192,2048,2048,1,0,True,4132.78,238.32,238.32,238.32,9.351
2026-05-13T17:34:14.259767+00:00,gpu3_benchmark,3,ckpt_s2048_e2048,benchmark,32768,2048,2048,1,0,True,6934.88,1043.58,1043.58,1043.58,9.351
2026-05-13T17:34:23.611133+00:00,gpu3_benchmark,3,ckpt_s2048_e2048,benchmark,65536,2048,2048,1,0,True,11272.01,2323.81,2323.81,2323.81,9.705
2026-05-13T17:34:33.316010+00:00,gpu3_benchmark,3,ckpt_s2048_e2048,benchmark,131072,2048,2048,1,0,False,,,,,5.700
2026-05-13T17:34:39.016325+00:00,gpu3_benchmark,3,ckpt_s4096_e1024,correctness,2048,4096,1024,1,0,True,,,,,7.313
2026-05-13T17:34:46.329878+00:00,gpu3_benchmark,3,ckpt_s4096_e1024,benchmark,2048,4096,1024,1,0,True,3453.26,217.58,217.58,217.58,11.988
2026-05-13T17:34:46.329878+00:00,gpu3_benchmark,3,ckpt_s4096_e1024,benchmark,8192,4096,1024,1,0,True,4153.79,446.59,446.59,446.59,11.988
2026-05-13T17:34:46.329878+00:00,gpu3_benchmark,3,ckpt_s4096_e1024,benchmark,32768,4096,1024,1,0,True,6955.88,1926.79,1926.79,1926.79,11.988
2026-05-13T17:34:58.318243+00:00,gpu3_benchmark,3,ckpt_s4096_e1024,benchmark,65536,4096,1024,1,0,True,11272.51,4186.57,4186.57,4186.57,13.570
2026-05-13T17:35:11.888355+00:00,gpu3_benchmark,3,ckpt_s4096_e1024,benchmark,131072,4096,1024,1,0,True,21314.76,9955.57,9955.57,9955.57,26.211
2026-05-13T17:35:38.099621+00:00,gpu3_benchmark,3,ckpt_s2048_e1024,correctness,2048,2048,1024,1,0,True,,,,,8.228
2026-05-13T17:35:46.327956+00:00,gpu3_benchmark,3,ckpt_s2048_e1024,benchmark,2048,2048,1024,1,0,True,3453.26,196.24,196.24,196.24,12.211
2026-05-13T17:35:46.327956+00:00,gpu3_benchmark,3,ckpt_s2048_e1024,benchmark,8192,2048,1024,1,0,True,4153.79,414.41,414.41,414.41,12.211
2026-05-13T17:35:46.327956+00:00,gpu3_benchmark,3,ckpt_s2048_e1024,benchmark,32768,2048,1024,1,0,True,6955.88,1925.99,1925.99,1925.99,12.211
2026-05-13T17:35:58.539390+00:00,gpu3_benchmark,3,ckpt_s2048_e1024,benchmark,65536,2048,1024,1,0,True,11272.51,4259.63,4259.63,4259.63,14.057
2026-05-13T17:36:12.596708+00:00,gpu3_benchmark,3,ckpt_s2048_e1024,benchmark,131072,2048,1024,1,0,False,,,,,16.667
2026-05-13T17:36:29.264508+00:00,gpu3_benchmark,3,ckpt_s1024_e1024,correctness,2048,1024,1024,1,0,True,,,,,6.788
2026-05-13T17:36:36.053301+00:00,gpu3_benchmark,3,ckpt_s1024_e1024,benchmark,2048,1024,1024,1,0,True,3452.26,96.93,96.93,96.93,10.386
2026-05-13T17:36:36.053301+00:00,gpu3_benchmark,3,ckpt_s1024_e1024,benchmark,8192,1024,1024,1,0,True,4152.79,398.88,398.88,398.88,10.386
2026-05-13T17:36:36.053301+00:00,gpu3_benchmark,3,ckpt_s1024_e1024,benchmark,32768,1024,1024,1,0,True,6954.88,1767.14,1767.14,1767.14,10.386
2026-05-13T17:36:46.439242+00:00,gpu3_benchmark,3,ckpt_s1024_e1024,benchmark,65536,1024,1024,1,0,True,11272.01,4303.83,4303.83,4303.83,14.055
2026-05-13T17:37:00.494159+00:00,gpu3_benchmark,3,ckpt_s1024_e1024,benchmark,131072,1024,1024,1,0,False,,,,,16.179
2026-05-13T17:37:16.673623+00:00,gpu3_benchmark,3,nocp_s8192_e8192,correctness,2048,8192,8192,0,0,True,,,,,6.951
2026-05-13T17:37:23.624781+00:00,gpu3_benchmark,3,nocp_s8192_e8192,benchmark,2048,8192,8192,0,0,True,3510.1,62.26,62.26,62.26,6.859
2026-05-13T17:37:23.624781+00:00,gpu3_benchmark,3,nocp_s8192_e8192,benchmark,8192,8192,8192,0,0,True,4300.63,85.84,85.84,85.84,6.859
2026-05-13T17:37:23.624781+00:00,gpu3_benchmark,3,nocp_s8192_e8192,benchmark,32768,8192,8192,0,0,True,9328.38,375.65,375.65,375.65,6.859
2026-05-13T17:37:30.483887+00:00,gpu3_benchmark,3,nocp_s8192_e8192,benchmark,65536,8192,8192,0,0,True,17416.01,795.8,795.8,795.8,5.861
2026-05-13T17:37:36.345116+00:00,gpu3_benchmark,3,nocp_s8192_e8192,benchmark,131072,8192,8192,0,0,False,,,,,4.786
2026-05-13T17:37:41.131144+00:00,gpu3_benchmark,3,nocp_s8192_e4096,correctness,2048,8192,4096,0,0,True,,,,,6.810
2026-05-13T17:37:47.941215+00:00,gpu3_benchmark,3,nocp_s8192_e4096,benchmark,2048,8192,4096,0,0,True,3510.1,54.21,54.21,54.21,7.145
2026-05-13T17:37:47.941215+00:00,gpu3_benchmark,3,nocp_s8192_e4096,benchmark,8192,8192,4096,0,0,True,4428.77,129.87,129.87,129.87,7.145
2026-05-13T17:37:47.941215+00:00,gpu3_benchmark,3,nocp_s8192_e4096,benchmark,32768,8192,4096,0,0,True,9328.38,572.44,572.44,572.44,7.145
2026-05-13T17:37:55.086420+00:00,gpu3_benchmark,3,nocp_s8192_e4096,benchmark,65536,8192,4096,0,0,True,17416.01,1248.92,1248.92,1248.92,7.154
2026-05-13T17:38:02.240508+00:00,gpu3_benchmark,3,nocp_s8192_e4096,benchmark,131072,8192,4096,0,0,False,,,,,4.635
2026-05-13T17:38:06.875924+00:00,gpu3_benchmark,3,nocp_s4096_e4096,correctness,2048,4096,4096,0,0,True,,,,,7.163
2026-05-13T17:38:14.038732+00:00,gpu3_benchmark,3,nocp_s4096_e4096,benchmark,2048,4096,4096,0,0,True,3510.1,56.82,56.82,56.82,7.507
2026-05-13T17:38:14.038732+00:00,gpu3_benchmark,3,nocp_s4096_e4096,benchmark,8192,4096,4096,0,0,True,4428.77,131.38,131.38,131.38,7.507
2026-05-13T17:38:14.038732+00:00,gpu3_benchmark,3,nocp_s4096_e4096,benchmark,32768,4096,4096,0,0,True,9328.38,572.8,572.8,572.8,7.507
2026-05-13T17:38:21.546043+00:00,gpu3_benchmark,3,nocp_s4096_e4096,benchmark,65536,4096,4096,0,0,True,17416.01,1255.56,1255.56,1255.56,7.056
2026-05-13T17:38:28.602777+00:00,gpu3_benchmark,3,nocp_s4096_e4096,benchmark,131072,4096,4096,0,0,False,,,,,4.681
2026-05-13T17:38:33.284768+00:00,gpu3_benchmark,3,nocp_s4096_e2048,correctness,2048,4096,2048,0,0,True,,,,,7.051
2026-05-13T17:38:40.336466+00:00,gpu3_benchmark,3,nocp_s4096_e2048,benchmark,2048,4096,2048,0,0,True,3510.1,54.78,54.78,54.78,8.680
2026-05-13T17:38:40.336466+00:00,gpu3_benchmark,3,nocp_s4096_e2048,benchmark,8192,4096,2048,0,0,True,4525.78,237.8,237.8,237.8,8.680
2026-05-13T17:38:40.336466+00:00,gpu3_benchmark,3,nocp_s4096_e2048,benchmark,32768,4096,2048,0,0,True,9474.26,1001.05,1001.05,1001.05,8.680
2026-05-13T17:38:49.016912+00:00,gpu3_benchmark,3,nocp_s4096_e2048,benchmark,65536,4096,2048,0,0,True,17708.01,2183.97,2183.97,2183.97,9.228
2026-05-13T17:38:58.245276+00:00,gpu3_benchmark,3,nocp_s4096_e2048,benchmark,131072,4096,2048,0,0,False,,,,,4.763
2026-05-13T17:39:03.009157+00:00,gpu3_benchmark,3,nocp_s2048_e2048,correctness,2048,2048,2048,0,0,True,,,,,7.044
2026-05-13T17:39:10.052998+00:00,gpu3_benchmark,3,nocp_s2048_e2048,benchmark,2048,2048,2048,0,0,True,3510.1,55.38,55.38,55.38,9.111
2026-05-13T17:39:10.052998+00:00,gpu3_benchmark,3,nocp_s2048_e2048,benchmark,8192,2048,2048,0,0,True,4526.78,230.78,230.78,230.78,9.111
2026-05-13T17:39:10.052998+00:00,gpu3_benchmark,3,nocp_s2048_e2048,benchmark,32768,2048,2048,0,0,True,9476.26,1018.34,1018.34,1018.34,9.111
2026-05-13T17:39:19.164016+00:00,gpu3_benchmark,3,nocp_s2048_e2048,benchmark,65536,2048,2048,0,0,True,17708.01,2248.08,2248.08,2248.08,9.113
2026-05-13T17:39:28.276909+00:00,gpu3_benchmark,3,nocp_s2048_e2048,benchmark,131072,2048,2048,0,0,False,,,,,4.685
2026-05-13T17:39:32.962626+00:00,gpu3_benchmark,3,ckpt_s8192_e8192,correctness,2048,8192,8192,1,0,True,,,,,7.806
2026-05-13T17:39:40.769380+00:00,gpu3_benchmark,3,ckpt_s8192_e8192,benchmark,2048,8192,8192,1,0,True,3432.23,60.18,60.18,60.18,8.306
2026-05-13T17:39:40.769380+00:00,gpu3_benchmark,3,ckpt_s8192_e8192,benchmark,8192,8192,8192,1,0,True,4012.63,94.01,94.01,94.01,8.306
2026-05-13T17:39:40.769380+00:00,gpu3_benchmark,3,ckpt_s8192_e8192,benchmark,32768,8192,8192,1,0,True,6814.85,388.95,388.95,388.95,8.306
2026-05-13T17:39:49.075757+00:00,gpu3_benchmark,3,ckpt_s8192_e8192,benchmark,65536,8192,8192,1,0,True,11272.01,845.39,845.39,845.39,6.942
2026-05-13T17:39:56.018589+00:00,gpu3_benchmark,3,ckpt_s8192_e8192,benchmark,131072,8192,8192,1,0,True,21303.26,1878.52,1878.52,1878.52,9.369
2026-05-13T17:40:05.388201+00:00,gpu3_benchmark,3,ckpt_s16384_e4096,correctness,2048,16384,4096,1,0,True,,,,,7.943
2026-05-13T17:40:13.331476+00:00,gpu3_benchmark,3,ckpt_s16384_e4096,benchmark,2048,16384,4096,1,0,True,3432.23,61.66,61.66,61.66,7.608
2026-05-13T17:40:13.331476+00:00,gpu3_benchmark,3,ckpt_s16384_e4096,benchmark,8192,16384,4096,1,0,True,4092.77,139.27,139.27,139.27,7.608
2026-05-13T17:40:13.331476+00:00,gpu3_benchmark,3,ckpt_s16384_e4096,benchmark,32768,16384,4096,1,0,True,6894.87,593.54,593.54,593.54,7.608
2026-05-13T17:40:20.939711+00:00,gpu3_benchmark,3,ckpt_s16384_e4096,benchmark,65536,16384,4096,1,0,True,11272.01,1314.87,1314.87,1314.87,7.742
2026-05-13T17:40:28.681948+00:00,gpu3_benchmark,3,ckpt_s16384_e4096,benchmark,131072,16384,4096,1,0,False,,,,,8.408
2026-05-13T17:40:37.090390+00:00,gpu3_benchmark,3,ckpt_s8192_e4096,correctness,2048,8192,4096,1,0,True,,,,,7.333
2026-05-13T17:40:44.423634+00:00,gpu3_benchmark,3,ckpt_s8192_e4096,benchmark,2048,8192,4096,1,0,True,3432.23,56.93,56.93,56.93,7.814
2026-05-13T17:40:44.423634+00:00,gpu3_benchmark,3,ckpt_s8192_e4096,benchmark,8192,8192,4096,1,0,True,4092.77,133.59,133.59,133.59,7.814
2026-05-13T17:40:44.423634+00:00,gpu3_benchmark,3,ckpt_s8192_e4096,benchmark,32768,8192,4096,1,0,True,6894.87,594.18,594.18,594.18,7.814
2026-05-13T17:40:52.238302+00:00,gpu3_benchmark,3,ckpt_s8192_e4096,benchmark,65536,8192,4096,1,0,True,11272.01,1301.82,1301.82,1301.82,7.432
2026-05-13T17:40:59.670325+00:00,gpu3_benchmark,3,ckpt_s8192_e4096,benchmark,131072,8192,4096,1,0,False,,,,,8.792
2026-05-13T17:41:08.463046+00:00,gpu3_benchmark,3,ckpt_s4096_e4096,correctness,2048,4096,4096,1,0,True,,,,,7.636
2026-05-13T17:41:16.099300+00:00,gpu3_benchmark,3,ckpt_s4096_e4096,benchmark,2048,4096,4096,1,0,True,3432.23,57.56,57.56,57.56,8.119
2026-05-13T17:41:16.099300+00:00,gpu3_benchmark,3,ckpt_s4096_e4096,benchmark,8192,4096,4096,1,0,True,4092.77,145.05,145.05,145.05,8.119
2026-05-13T17:41:16.099300+00:00,gpu3_benchmark,3,ckpt_s4096_e4096,benchmark,32768,4096,4096,1,0,True,6894.87,610.62,610.62,610.62,8.119
2026-05-13T17:41:24.218209+00:00,gpu3_benchmark,3,ckpt_s4096_e4096,benchmark,65536,4096,4096,1,0,True,11272.01,1320.23,1320.23,1320.23,7.839
2026-05-13T17:41:32.057502+00:00,gpu3_benchmark,3,ckpt_s4096_e4096,benchmark,131072,4096,4096,1,0,False,,,,,9.218
2026-05-13T17:41:41.275844+00:00,gpu3_benchmark,3,ckpt_s8192_e2048,correctness,2048,8192,2048,1,0,True,,,,,7.402
2026-05-13T17:41:48.678549+00:00,gpu3_benchmark,3,ckpt_s8192_e2048,benchmark,2048,8192,2048,1,0,True,3432.23,60.94,60.94,60.94,9.802
2026-05-13T17:41:48.678549+00:00,gpu3_benchmark,3,ckpt_s8192_e2048,benchmark,8192,8192,2048,1,0,True,4132.78,241.11,241.11,241.11,9.802
2026-05-13T17:41:48.678549+00:00,gpu3_benchmark,3,ckpt_s8192_e2048,benchmark,32768,8192,2048,1,0,True,6934.88,1038.64,1038.64,1038.64,9.802
2026-05-13T17:41:58.481165+00:00,gpu3_benchmark,3,ckpt_s8192_e2048,benchmark,65536,8192,2048,1,0,True,11272.01,2296.32,2296.32,2296.32,9.926
2026-05-13T17:42:08.407782+00:00,gpu3_benchmark,3,ckpt_s8192_e2048,benchmark,131072,8192,2048,1,0,False,,,,,5.443
2026-05-13T17:42:13.851540+00:00,gpu3_benchmark,3,ckpt_s4096_e2048,correctness,2048,4096,2048,1,0,True,,,,,7.664
2026-05-13T17:42:21.515646+00:00,gpu3_benchmark,3,ckpt_s4096_e2048,benchmark,2048,4096,2048,1,0,True,3432.23,59.36,59.36,59.36,9.003
2026-05-13T17:42:21.515646+00:00,gpu3_benchmark,3,ckpt_s4096_e2048,benchmark,8192,4096,2048,1,0,True,4132.78,237.33,237.33,237.33,9.003
2026-05-13T17:42:21.515646+00:00,gpu3_benchmark,3,ckpt_s4096_e2048,benchmark,32768,4096,2048,1,0,True,6934.88,1046.2,1046.2,1046.2,9.003
2026-05-13T17:42:30.518943+00:00,gpu3_benchmark,3,ckpt_s4096_e2048,benchmark,65536,4096,2048,1,0,True,11272.01,2289.34,2289.34,2289.34,9.703
2026-05-13T17:42:40.222741+00:00,gpu3_benchmark,3,ckpt_s4096_e2048,benchmark,131072,4096,2048,1,0,False,,,,,6.099
2026-05-13T17:42:46.321917+00:00,gpu3_benchmark,3,ckpt_s2048_e2048,correctness,2048,2048,2048,1,0,True,,,,,7.530
2026-05-13T17:42:53.852614+00:00,gpu3_benchmark,3,ckpt_s2048_e2048,benchmark,2048,2048,2048,1,0,True,3432.23,58.24,58.24,58.24,8.889
2026-05-13T17:42:53.852614+00:00,gpu3_benchmark,3,ckpt_s2048_e2048,benchmark,8192,2048,2048,1,0,True,4132.78,238.93,238.93,238.93,8.889
2026-05-13T17:42:53.852614+00:00,gpu3_benchmark,3,ckpt_s2048_e2048,benchmark,32768,2048,2048,1,0,True,6934.88,1065.94,1065.94,1065.94,8.889
2026-05-13T17:43:02.742583+00:00,gpu3_benchmark,3,ckpt_s2048_e2048,benchmark,65536,2048,2048,1,0,True,11272.01,2362.64,2362.64,2362.64,10.217
2026-05-13T17:43:12.960356+00:00,gpu3_benchmark,3,ckpt_s2048_e2048,benchmark,131072,2048,2048,1,0,False,,,,,6.018
2026-05-13T17:43:18.978569+00:00,gpu3_benchmark,3,ckpt_s4096_e1024,correctness,2048,4096,1024,1,0,True,,,,,7.508
2026-05-13T17:43:26.486673+00:00,gpu3_benchmark,3,ckpt_s4096_e1024,benchmark,2048,4096,1024,1,0,True,3453.26,253.95,253.95,253.95,11.939
2026-05-13T17:43:26.486673+00:00,gpu3_benchmark,3,ckpt_s4096_e1024,benchmark,8192,4096,1024,1,0,True,4153.79,447.38,447.38,447.38,11.939
2026-05-13T17:43:26.486673+00:00,gpu3_benchmark,3,ckpt_s4096_e1024,benchmark,32768,4096,1024,1,0,True,6955.88,1943.61,1943.61,1943.61,11.939
2026-05-13T17:43:38.426556+00:00,gpu3_benchmark,3,ckpt_s4096_e1024,benchmark,65536,4096,1024,1,0,True,11272.51,4265.96,4265.96,4265.96,13.311
2026-05-13T17:43:51.738037+00:00,gpu3_benchmark,3,ckpt_s4096_e1024,benchmark,131072,4096,1024,1,0,True,21314.76,10048.79,10048.79,10048.79,25.461
2026-05-13T17:44:17.199553+00:00,gpu3_benchmark,3,ckpt_s2048_e1024,correctness,2048,2048,1024,1,0,True,,,,,7.811
2026-05-13T17:44:25.010613+00:00,gpu3_benchmark,3,ckpt_s2048_e1024,benchmark,2048,2048,1024,1,0,True,3453.26,208.68,208.68,208.68,11.324
2026-05-13T17:44:25.010613+00:00,gpu3_benchmark,3,ckpt_s2048_e1024,benchmark,8192,2048,1024,1,0,True,4153.79,442.04,442.04,442.04,11.324
2026-05-13T17:44:25.010613+00:00,gpu3_benchmark,3,ckpt_s2048_e1024,benchmark,32768,2048,1024,1,0,True,6955.88,1945.52,1945.52,1945.52,11.324
2026-05-13T17:44:36.335289+00:00,gpu3_benchmark,3,ckpt_s2048_e1024,benchmark,65536,2048,1024,1,0,True,11272.51,4235.9,4235.9,4235.9,13.837
2026-05-13T17:44:50.172669+00:00,gpu3_benchmark,3,ckpt_s2048_e1024,benchmark,131072,2048,1024,1,0,False,,,,,15.698
2026-05-13T17:45:05.871592+00:00,gpu3_benchmark,3,ckpt_s1024_e1024,correctness,2048,1024,1024,1,0,True,,,,,7.664
2026-05-13T17:45:13.536352+00:00,gpu3_benchmark,3,ckpt_s1024_e1024,benchmark,2048,1024,1024,1,0,True,3452.26,113.06,113.06,113.06,11.943
2026-05-13T17:45:13.536352+00:00,gpu3_benchmark,3,ckpt_s1024_e1024,benchmark,8192,1024,1024,1,0,True,4152.79,460.75,460.75,460.75,11.943
2026-05-13T17:45:13.536352+00:00,gpu3_benchmark,3,ckpt_s1024_e1024,benchmark,32768,1024,1024,1,0,True,6954.88,1977.25,1977.25,1977.25,11.943
2026-05-13T17:45:25.479650+00:00,gpu3_benchmark,3,ckpt_s1024_e1024,benchmark,65536,1024,1024,1,0,True,11272.01,4324.13,4324.13,4324.13,13.708
2026-05-13T17:45:39.187722+00:00,gpu3_benchmark,3,ckpt_s1024_e1024,benchmark,131072,1024,1024,1,0,False,,,,,16.767
2026-05-13T17:45:55.954633+00:00,gpu3_benchmark,3,nocp_s8192_e8192,correctness,2048,8192,8192,0,0,True,,,,,6.899
2026-05-13T17:46:02.853769+00:00,gpu3_benchmark,3,nocp_s8192_e8192,benchmark,2048,8192,8192,0,0,True,3510.1,53.21,53.21,53.21,6.936
2026-05-13T17:46:02.853769+00:00,gpu3_benchmark,3,nocp_s8192_e8192,benchmark,8192,8192,8192,0,0,True,4300.63,81.77,81.77,81.77,6.936
2026-05-13T17:46:02.853769+00:00,gpu3_benchmark,3,nocp_s8192_e8192,benchmark,32768,8192,8192,0,0,True,9328.38,363.98,363.98,363.98,6.936
2026-05-13T17:46:09.789955+00:00,gpu3_benchmark,3,nocp_s8192_e8192,benchmark,65536,8192,8192,0,0,True,17416.01,782.67,782.67,782.67,6.175
2026-05-13T17:46:15.965421+00:00,gpu3_benchmark,3,nocp_s8192_e8192,benchmark,131072,8192,8192,0,0,False,,,,,4.225
2026-05-13T17:46:20.191068+00:00,gpu3_benchmark,3,nocp_s8192_e4096,correctness,2048,8192,4096,0,0,True,,,,,6.849
2026-05-13T17:46:27.040560+00:00,gpu3_benchmark,3,nocp_s8192_e4096,benchmark,2048,8192,4096,0,0,True,3510.1,58.92,58.92,58.92,8.043
2026-05-13T17:46:27.040560+00:00,gpu3_benchmark,3,nocp_s8192_e4096,benchmark,8192,8192,4096,0,0,True,4428.77,130.94,130.94,130.94,8.043
2026-05-13T17:46:27.040560+00:00,gpu3_benchmark,3,nocp_s8192_e4096,benchmark,32768,8192,4096,0,0,True,9328.38,567.21,567.21,567.21,8.043
2026-05-13T17:46:35.084418+00:00,gpu3_benchmark,3,nocp_s8192_e4096,benchmark,65536,8192,4096,0,0,True,17416.01,1236.83,1236.83,1236.83,7.190
2026-05-13T17:46:42.275065+00:00,gpu3_benchmark,3,nocp_s8192_e4096,benchmark,131072,8192,4096,0,0,False,,,,,4.941
2026-05-13T17:46:47.216360+00:00,gpu3_benchmark,3,nocp_s4096_e4096,correctness,2048,4096,4096,0,0,True,,,,,6.655
2026-05-13T17:46:53.871995+00:00,gpu3_benchmark,3,nocp_s4096_e4096,benchmark,2048,4096,4096,0,0,True,3510.1,55.33,55.33,55.33,8.159
2026-05-13T17:46:53.871995+00:00,gpu3_benchmark,3,nocp_s4096_e4096,benchmark,8192,4096,4096,0,0,True,4428.77,128.18,128.18,128.18,8.159
2026-05-13T17:46:53.871995+00:00,gpu3_benchmark,3,nocp_s4096_e4096,benchmark,32768,4096,4096,0,0,True,9328.38,576.79,576.79,576.79,8.159
2026-05-13T17:47:02.031557+00:00,gpu3_benchmark,3,nocp_s4096_e4096,benchmark,65536,4096,4096,0,0,True,17416.01,1248.97,1248.97,1248.97,7.425
2026-05-13T17:47:09.457234+00:00,gpu3_benchmark,3,nocp_s4096_e4096,benchmark,131072,4096,4096,0,0,False,,,,,5.375
2026-05-13T17:47:14.832660+00:00,gpu3_benchmark,3,nocp_s4096_e2048,correctness,2048,4096,2048,0,0,True,,,,,6.354
2026-05-13T17:47:21.186785+00:00,gpu3_benchmark,3,nocp_s4096_e2048,benchmark,2048,4096,2048,0,0,True,3510.1,48.46,48.46,48.46,8.287
2026-05-13T17:47:21.186785+00:00,gpu3_benchmark,3,nocp_s4096_e2048,benchmark,8192,4096,2048,0,0,True,4525.78,202.91,202.91,202.91,8.287
2026-05-13T17:47:21.186785+00:00,gpu3_benchmark,3,nocp_s4096_e2048,benchmark,32768,4096,2048,0,0,True,9474.26,898.2,898.2,898.2,8.287
2026-05-13T17:47:29.474126+00:00,gpu3_benchmark,3,nocp_s4096_e2048,benchmark,65536,4096,2048,0,0,True,17708.01,1953.19,1953.19,1953.19,8.060
2026-05-13T17:47:37.534626+00:00,gpu3_benchmark,3,nocp_s4096_e2048,benchmark,131072,4096,2048,0,0,False,,,,,4.959
2026-05-13T17:47:42.494121+00:00,gpu3_benchmark,3,nocp_s2048_e2048,correctness,2048,2048,2048,0,0,True,,,,,7.029
2026-05-13T17:47:49.523290+00:00,gpu3_benchmark,3,nocp_s2048_e2048,benchmark,2048,2048,2048,0,0,True,3510.1,57.3,57.3,57.3,8.451
2026-05-13T17:47:49.523290+00:00,gpu3_benchmark,3,nocp_s2048_e2048,benchmark,8192,2048,2048,0,0,True,4526.78,226.79,226.79,226.79,8.451
2026-05-13T17:47:49.523290+00:00,gpu3_benchmark,3,nocp_s2048_e2048,benchmark,32768,2048,2048,0,0,True,9476.26,1017.39,1017.39,1017.39,8.451
2026-05-13T17:47:57.974995+00:00,gpu3_benchmark,3,nocp_s2048_e2048,benchmark,65536,2048,2048,0,0,True,17708.01,2211.73,2211.73,2211.73,9.130
2026-05-13T17:48:07.105659+00:00,gpu3_benchmark,3,nocp_s2048_e2048,benchmark,131072,2048,2048,0,0,False,,,,,4.866
2026-05-13T17:48:11.972228+00:00,gpu3_benchmark,3,ckpt_s8192_e8192,correctness,2048,8192,8192,1,0,True,,,,,7.687
2026-05-13T17:48:19.659966+00:00,gpu3_benchmark,3,ckpt_s8192_e8192,benchmark,2048,8192,8192,1,0,True,3432.23,57.6,57.6,57.6,7.551
2026-05-13T17:48:19.659966+00:00,gpu3_benchmark,3,ckpt_s8192_e8192,benchmark,8192,8192,8192,1,0,True,4012.63,90.27,90.27,90.27,7.551
2026-05-13T17:48:19.659966+00:00,gpu3_benchmark,3,ckpt_s8192_e8192,benchmark,32768,8192,8192,1,0,True,6814.85,389.75,389.75,389.75,7.551
2026-05-13T17:48:27.211708+00:00,gpu3_benchmark,3,ckpt_s8192_e8192,benchmark,65536,8192,8192,1,0,True,11272.01,844.07,844.07,844.07,6.928
2026-05-13T17:48:34.139703+00:00,gpu3_benchmark,3,ckpt_s8192_e8192,benchmark,131072,8192,8192,1,0,True,21303.26,1864.94,1864.94,1864.94,9.232
2026-05-13T17:48:43.371937+00:00,gpu3_benchmark,3,ckpt_s16384_e4096,correctness,2048,16384,4096,1,0,True,,,,,7.071
2026-05-13T17:48:50.443282+00:00,gpu3_benchmark,3,ckpt_s16384_e4096,benchmark,2048,16384,4096,1,0,True,3432.23,61.66,61.66,61.66,8.841
2026-05-13T17:48:50.443282+00:00,gpu3_benchmark,3,ckpt_s16384_e4096,benchmark,8192,16384,4096,1,0,True,4092.77,140.21,140.21,140.21,8.841
2026-05-13T17:48:50.443282+00:00,gpu3_benchmark,3,ckpt_s16384_e4096,benchmark,32768,16384,4096,1,0,True,6894.87,592.64,592.64,592.64,8.841
2026-05-13T17:48:59.284417+00:00,gpu3_benchmark,3,ckpt_s16384_e4096,benchmark,65536,16384,4096,1,0,True,11272.01,1287.1,1287.1,1287.1,7.582
2026-05-13T17:49:06.866576+00:00,gpu3_benchmark,3,ckpt_s16384_e4096,benchmark,131072,16384,4096,1,0,False,,,,,8.375
2026-05-13T17:49:15.242112+00:00,gpu3_benchmark,3,ckpt_s8192_e4096,correctness,2048,8192,4096,1,0,True,,,,,7.170
2026-05-13T17:49:22.412700+00:00,gpu3_benchmark,3,ckpt_s8192_e4096,benchmark,2048,8192,4096,1,0,True,3432.23,58.8,58.8,58.8,8.189
2026-05-13T17:49:22.412700+00:00,gpu3_benchmark,3,ckpt_s8192_e4096,benchmark,8192,8192,4096,1,0,True,4092.77,139.13,139.13,139.13,8.189
2026-05-13T17:49:22.412700+00:00,gpu3_benchmark,3,ckpt_s8192_e4096,benchmark,32768,8192,4096,1,0,True,6894.87,597.82,597.82,597.82,8.189
2026-05-13T17:49:30.602163+00:00,gpu3_benchmark,3,ckpt_s8192_e4096,benchmark,65536,8192,4096,1,0,True,11272.01,1307.46,1307.46,1307.46,7.956
2026-05-13T17:49:38.558139+00:00,gpu3_benchmark,3,ckpt_s8192_e4096,benchmark,131072,8192,4096,1,0,False,,,,,8.318
2026-05-13T17:49:46.876869+00:00,gpu3_benchmark,3,ckpt_s4096_e4096,correctness,2048,4096,4096,1,0,True,,,,,7.555
2026-05-13T17:49:54.432117+00:00,gpu3_benchmark,3,ckpt_s4096_e4096,benchmark,2048,4096,4096,1,0,True,3432.23,58.43,58.43,58.43,8.797
2026-05-13T17:49:54.432117+00:00,gpu3_benchmark,3,ckpt_s4096_e4096,benchmark,8192,4096,4096,1,0,True,4092.77,143.69,143.69,143.69,8.797
2026-05-13T17:49:54.432117+00:00,gpu3_benchmark,3,ckpt_s4096_e4096,benchmark,32768,4096,4096,1,0,True,6894.87,615.23,615.23,615.23,8.797
2026-05-13T17:50:03.229397+00:00,gpu3_benchmark,3,ckpt_s4096_e4096,benchmark,65536,4096,4096,1,0,True,11272.01,1355.88,1355.88,1355.88,7.729
2026-05-13T17:50:10.958650+00:00,gpu3_benchmark,3,ckpt_s4096_e4096,benchmark,131072,4096,4096,1,0,False,,,,,8.517
2026-05-13T17:50:19.476327+00:00,gpu3_benchmark,3,ckpt_s8192_e2048,correctness,2048,8192,2048,1,0,True,,,,,7.226
2026-05-13T17:50:26.703019+00:00,gpu3_benchmark,3,ckpt_s8192_e2048,benchmark,2048,8192,2048,1,0,True,3432.23,61.81,61.81,61.81,9.185
2026-05-13T17:50:26.703019+00:00,gpu3_benchmark,3,ckpt_s8192_e2048,benchmark,8192,8192,2048,1,0,True,4132.78,235.39,235.39,235.39,9.185
2026-05-13T17:50:26.703019+00:00,gpu3_benchmark,3,ckpt_s8192_e2048,benchmark,32768,8192,2048,1,0,True,6934.88,1048.98,1048.98,1048.98,9.185
2026-05-13T17:50:35.888910+00:00,gpu3_benchmark,3,ckpt_s8192_e2048,benchmark,65536,8192,2048,1,0,True,11272.01,2289.7,2289.7,2289.7,9.455
2026-05-13T17:50:45.344284+00:00,gpu3_benchmark,3,ckpt_s8192_e2048,benchmark,131072,8192,2048,1,0,False,,,,,5.863
2026-05-13T17:50:51.207837+00:00,gpu3_benchmark,3,ckpt_s4096_e2048,correctness,2048,4096,2048,1,0,True,,,,,7.945
2026-05-13T17:50:59.153053+00:00,gpu3_benchmark,3,ckpt_s4096_e2048,benchmark,2048,4096,2048,1,0,True,3432.23,59.58,59.58,59.58,8.987
2026-05-13T17:50:59.153053+00:00,gpu3_benchmark,3,ckpt_s4096_e2048,benchmark,8192,4096,2048,1,0,True,4132.78,239.36,239.36,239.36,8.987
2026-05-13T17:50:59.153053+00:00,gpu3_benchmark,3,ckpt_s4096_e2048,benchmark,32768,4096,2048,1,0,True,6934.88,1067.55,1067.55,1067.55,8.987
2026-05-13T17:51:08.140887+00:00,gpu3_benchmark,3,ckpt_s4096_e2048,benchmark,65536,4096,2048,1,0,True,11272.01,2275.28,2275.28,2275.28,9.672
2026-05-13T17:51:17.813532+00:00,gpu3_benchmark,3,ckpt_s4096_e2048,benchmark,131072,4096,2048,1,0,False,,,,,5.746
2026-05-13T17:51:23.559981+00:00,gpu3_benchmark,3,ckpt_s2048_e2048,correctness,2048,2048,2048,1,0,True,,,,,7.566
2026-05-13T17:51:31.126217+00:00,gpu3_benchmark,3,ckpt_s2048_e2048,benchmark,2048,2048,2048,1,0,True,3432.23,56.97,56.97,56.97,9.537
2026-05-13T17:51:31.126217+00:00,gpu3_benchmark,3,ckpt_s2048_e2048,benchmark,8192,2048,2048,1,0,True,4132.78,241.98,241.98,241.98,9.537
2026-05-13T17:51:31.126217+00:00,gpu3_benchmark,3,ckpt_s2048_e2048,benchmark,32768,2048,2048,1,0,True,6934.88,1061.68,1061.68,1061.68,9.537
2026-05-13T17:51:40.663652+00:00,gpu3_benchmark,3,ckpt_s2048_e2048,benchmark,65536,2048,2048,1,0,True,11272.01,2306.43,2306.43,2306.43,10.067
2026-05-13T17:51:50.730840+00:00,gpu3_benchmark,3,ckpt_s2048_e2048,benchmark,131072,2048,2048,1,0,False,,,,,5.785
2026-05-13T17:51:56.516415+00:00,gpu3_benchmark,3,ckpt_s4096_e1024,correctness,2048,4096,1024,1,0,True,,,,,7.299
2026-05-13T17:52:03.815864+00:00,gpu3_benchmark,3,ckpt_s4096_e1024,benchmark,2048,4096,1024,1,0,True,3453.26,223.88,223.88,223.88,11.916
2026-05-13T17:52:03.815864+00:00,gpu3_benchmark,3,ckpt_s4096_e1024,benchmark,8192,4096,1024,1,0,True,4153.79,439.42,439.42,439.42,11.916
2026-05-13T17:52:03.815864+00:00,gpu3_benchmark,3,ckpt_s4096_e1024,benchmark,32768,4096,1024,1,0,True,6955.88,1957.45,1957.45,1957.45,11.916
2026-05-13T17:52:15.732551+00:00,gpu3_benchmark,3,ckpt_s4096_e1024,benchmark,65536,4096,1024,1,0,True,11272.51,4309.56,4309.56,4309.56,14.044
2026-05-13T17:52:29.777262+00:00,gpu3_benchmark,3,ckpt_s4096_e1024,benchmark,131072,4096,1024,1,0,True,21314.76,10034.88,10034.88,10034.88,25.273
2026-05-13T17:52:55.050484+00:00,gpu3_benchmark,3,ckpt_s2048_e1024,correctness,2048,2048,1024,1,0,True,,,,,7.354
2026-05-13T17:53:02.404546+00:00,gpu3_benchmark,3,ckpt_s2048_e1024,benchmark,2048,2048,1024,1,0,True,3453.26,203.25,203.25,203.25,11.383
2026-05-13T17:53:02.404546+00:00,gpu3_benchmark,3,ckpt_s2048_e1024,benchmark,8192,2048,1024,1,0,True,4153.79,449.07,449.07,449.07,11.383
2026-05-13T17:53:02.404546+00:00,gpu3_benchmark,3,ckpt_s2048_e1024,benchmark,32768,2048,1024,1,0,True,6955.88,1935.97,1935.97,1935.97,11.383
2026-05-13T17:53:13.788266+00:00,gpu3_benchmark,3,ckpt_s2048_e1024,benchmark,65536,2048,1024,1,0,True,11272.51,4288.2,4288.2,4288.2,13.811
2026-05-13T17:53:27.599577+00:00,gpu3_benchmark,3,ckpt_s2048_e1024,benchmark,131072,2048,1024,1,0,False,,,,,15.536
2026-05-13T17:53:43.135654+00:00,gpu3_benchmark,3,ckpt_s1024_e1024,correctness,2048,1024,1024,1,0,True,,,,,7.839
2026-05-13T17:53:50.975352+00:00,gpu3_benchmark,3,ckpt_s1024_e1024,benchmark,2048,1024,1024,1,0,True,3452.26,115.79,115.79,115.79,11.798
2026-05-13T17:53:50.975352+00:00,gpu3_benchmark,3,ckpt_s1024_e1024,benchmark,8192,1024,1024,1,0,True,4152.79,447.75,447.75,447.75,11.798
2026-05-13T17:53:50.975352+00:00,gpu3_benchmark,3,ckpt_s1024_e1024,benchmark,32768,1024,1024,1,0,True,6954.88,2009.72,2009.72,2009.72,11.798
2026-05-13T17:54:02.773770+00:00,gpu3_benchmark,3,ckpt_s1024_e1024,benchmark,65536,1024,1024,1,0,True,11272.01,4368.42,4368.42,4368.42,14.118
2026-05-13T17:54:16.891690+00:00,gpu3_benchmark,3,ckpt_s1024_e1024,benchmark,131072,1024,1024,1,0,False,,,,,16.784
2026-05-13T17:54:33.676128+00:00,gpu3_benchmark,3,nocp_s8192_e8192,correctness,2048,8192,8192,0,0,True,,,,,6.723
2026-05-13T17:54:40.399006+00:00,gpu3_benchmark,3,nocp_s8192_e8192,benchmark,2048,8192,8192,0,0,True,3510.1,57.5,57.5,57.5,6.588
2026-05-13T17:54:40.399006+00:00,gpu3_benchmark,3,nocp_s8192_e8192,benchmark,8192,8192,8192,0,0,True,4300.63,81.62,81.62,81.62,6.588
2026-05-13T17:54:40.399006+00:00,gpu3_benchmark,3,nocp_s8192_e8192,benchmark,32768,8192,8192,0,0,True,9328.38,362.92,362.92,362.92,6.588
2026-05-13T17:54:46.987443+00:00,gpu3_benchmark,3,nocp_s8192_e8192,benchmark,65536,8192,8192,0,0,True,17416.01,782.59,782.59,782.59,5.861
2026-05-13T17:54:52.848771+00:00,gpu3_benchmark,3,nocp_s8192_e8192,benchmark,131072,8192,8192,0,0,False,,,,,4.933
2026-05-13T17:54:57.782777+00:00,gpu3_benchmark,3,nocp_s8192_e4096,correctness,2048,8192,4096,0,0,True,,,,,6.963
2026-05-13T17:55:04.746249+00:00,gpu3_benchmark,3,nocp_s8192_e4096,benchmark,2048,8192,4096,0,0,True,3510.1,53.98,53.98,53.98,7.487
2026-05-13T17:55:04.746249+00:00,gpu3_benchmark,3,nocp_s8192_e4096,benchmark,8192,8192,4096,0,0,True,4428.77,152.52,152.52,152.52,7.487
2026-05-13T17:55:04.746249+00:00,gpu3_benchmark,3,nocp_s8192_e4096,benchmark,32768,8192,4096,0,0,True,9328.38,569.89,569.89,569.89,7.487
2026-05-13T17:55:12.233782+00:00,gpu3_benchmark,3,nocp_s8192_e4096,benchmark,65536,8192,4096,0,0,True,17416.01,1250.53,1250.53,1250.53,6.527
2026-05-13T17:55:18.760722+00:00,gpu3_benchmark,3,nocp_s8192_e4096,benchmark,131072,8192,4096,0,0,False,,,,,4.245
2026-05-13T17:55:23.005660+00:00,gpu3_benchmark,3,nocp_s4096_e4096,correctness,2048,4096,4096,0,0,True,,,,,6.610
2026-05-13T17:55:29.616382+00:00,gpu3_benchmark,3,nocp_s4096_e4096,benchmark,2048,4096,4096,0,0,True,3510.1,54.25,54.25,54.25,7.429
2026-05-13T17:55:29.616382+00:00,gpu3_benchmark,3,nocp_s4096_e4096,benchmark,8192,4096,4096,0,0,True,4428.77,130.09,130.09,130.09,7.429
2026-05-13T17:55:29.616382+00:00,gpu3_benchmark,3,nocp_s4096_e4096,benchmark,32768,4096,4096,0,0,True,9328.38,579.54,579.54,579.54,7.429
2026-05-13T17:55:37.045797+00:00,gpu3_benchmark,3,nocp_s4096_e4096,benchmark,65536,4096,4096,0,0,True,17416.01,1255.38,1255.38,1255.38,6.859
2026-05-13T17:55:43.905173+00:00,gpu3_benchmark,3,nocp_s4096_e4096,benchmark,131072,4096,4096,0,0,False,,,,,4.855
2026-05-13T17:55:48.760934+00:00,gpu3_benchmark,3,nocp_s4096_e2048,correctness,2048,4096,2048,0,0,True,,,,,6.560
2026-05-13T17:55:55.321241+00:00,gpu3_benchmark,3,nocp_s4096_e2048,benchmark,2048,4096,2048,0,0,True,3510.1,53.9,53.9,53.9,8.555
2026-05-13T17:55:55.321241+00:00,gpu3_benchmark,3,nocp_s4096_e2048,benchmark,8192,4096,2048,0,0,True,4525.78,229.52,229.52,229.52,8.555
2026-05-13T17:55:55.321241+00:00,gpu3_benchmark,3,nocp_s4096_e2048,benchmark,32768,4096,2048,0,0,True,9474.26,1006.75,1006.75,1006.75,8.555
2026-05-13T17:56:03.876998+00:00,gpu3_benchmark,3,nocp_s4096_e2048,benchmark,65536,4096,2048,0,0,True,17708.01,2176.41,2176.41,2176.41,9.537
2026-05-13T17:56:13.414515+00:00,gpu3_benchmark,3,nocp_s4096_e2048,benchmark,131072,4096,2048,0,0,False,,,,,4.911
2026-05-13T17:56:18.325882+00:00,gpu3_benchmark,3,nocp_s2048_e2048,correctness,2048,2048,2048,0,0,True,,,,,6.741
2026-05-13T17:56:25.067561+00:00,gpu3_benchmark,3,nocp_s2048_e2048,benchmark,2048,2048,2048,0,0,True,3510.1,57.39,57.39,57.39,8.592
2026-05-13T17:56:25.067561+00:00,gpu3_benchmark,3,nocp_s2048_e2048,benchmark,8192,2048,2048,0,0,True,4526.78,226.85,226.85,226.85,8.592
2026-05-13T17:56:25.067561+00:00,gpu3_benchmark,3,nocp_s2048_e2048,benchmark,32768,2048,2048,0,0,True,9476.26,1015.15,1015.15,1015.15,8.592
2026-05-13T17:56:33.660243+00:00,gpu3_benchmark,3,nocp_s2048_e2048,benchmark,65536,2048,2048,0,0,True,17708.01,2224.43,2224.43,2224.43,8.548
2026-05-13T17:56:42.208884+00:00,gpu3_benchmark,3,nocp_s2048_e2048,benchmark,131072,2048,2048,0,0,False,,,,,5.143
2026-05-13T17:56:47.352408+00:00,gpu3_benchmark,3,ckpt_s8192_e8192,correctness,2048,8192,8192,1,0,True,,,,,6.874
2026-05-13T17:56:54.226218+00:00,gpu3_benchmark,3,ckpt_s8192_e8192,benchmark,2048,8192,8192,1,0,True,3432.23,52.48,52.48,52.48,7.656
2026-05-13T17:56:54.226218+00:00,gpu3_benchmark,3,ckpt_s8192_e8192,benchmark,8192,8192,8192,1,0,True,4012.63,88.58,88.58,88.58,7.656
2026-05-13T17:56:54.226218+00:00,gpu3_benchmark,3,ckpt_s8192_e8192,benchmark,32768,8192,8192,1,0,True,6814.85,388.24,388.24,388.24,7.656
2026-05-13T17:57:01.882394+00:00,gpu3_benchmark,3,ckpt_s8192_e8192,benchmark,65536,8192,8192,1,0,True,11272.01,833.67,833.67,833.67,6.804
2026-05-13T17:57:08.686959+00:00,gpu3_benchmark,3,ckpt_s8192_e8192,benchmark,131072,8192,8192,1,0,True,21303.26,1861.05,1861.05,1861.05,9.214
2026-05-13T17:57:17.901757+00:00,gpu3_benchmark,3,ckpt_s16384_e4096,correctness,2048,16384,4096,1,0,True,,,,,7.852
2026-05-13T17:57:25.753880+00:00,gpu3_benchmark,3,ckpt_s16384_e4096,benchmark,2048,16384,4096,1,0,True,3432.23,60.18,60.18,60.18,8.170
2026-05-13T17:57:25.753880+00:00,gpu3_benchmark,3,ckpt_s16384_e4096,benchmark,8192,16384,4096,1,0,True,4092.77,137.08,137.08,137.08,8.170
2026-05-13T17:57:25.753880+00:00,gpu3_benchmark,3,ckpt_s16384_e4096,benchmark,32768,16384,4096,1,0,True,6894.87,590.66,590.66,590.66,8.170
2026-05-13T17:57:33.924566+00:00,gpu3_benchmark,3,ckpt_s16384_e4096,benchmark,65536,16384,4096,1,0,True,11272.01,1275.34,1275.34,1275.34,8.441
2026-05-13T17:57:42.365648+00:00,gpu3_benchmark,3,ckpt_s16384_e4096,benchmark,131072,16384,4096,1,0,False,,,,,9.146
2026-05-13T17:57:51.511836+00:00,gpu3_benchmark,3,ckpt_s8192_e4096,correctness,2048,8192,4096,1,0,True,,,,,7.744
2026-05-13T17:57:59.256498+00:00,gpu3_benchmark,3,ckpt_s8192_e4096,benchmark,2048,8192,4096,1,0,True,3432.23,51.05,51.05,51.05,8.064
2026-05-13T17:57:59.256498+00:00,gpu3_benchmark,3,ckpt_s8192_e4096,benchmark,8192,8192,4096,1,0,True,4092.77,124.23,124.23,124.23,8.064
2026-05-13T17:57:59.256498+00:00,gpu3_benchmark,3,ckpt_s8192_e4096,benchmark,32768,8192,4096,1,0,True,6894.87,535.63,535.63,535.63,8.064
2026-05-13T17:58:07.320582+00:00,gpu3_benchmark,3,ckpt_s8192_e4096,benchmark,65536,8192,4096,1,0,True,11272.01,1153.31,1153.31,1153.31,7.261
2026-05-13T17:58:14.581784+00:00,gpu3_benchmark,3,ckpt_s8192_e4096,benchmark,131072,8192,4096,1,0,False,,,,,9.433
2026-05-13T17:58:24.015376+00:00,gpu3_benchmark,3,ckpt_s4096_e4096,correctness,2048,4096,4096,1,0,True,,,,,7.618
2026-05-13T17:58:31.633295+00:00,gpu3_benchmark,3,ckpt_s4096_e4096,benchmark,2048,4096,4096,1,0,True,3432.23,58.9,58.9,58.9,8.350
2026-05-13T17:58:31.633295+00:00,gpu3_benchmark,3,ckpt_s4096_e4096,benchmark,8192,4096,4096,1,0,True,4092.77,124.85,124.85,124.85,8.350
2026-05-13T17:58:31.633295+00:00,gpu3_benchmark,3,ckpt_s4096_e4096,benchmark,32768,4096,4096,1,0,True,6894.87,615.46,615.46,615.46,8.350
2026-05-13T17:58:39.983749+00:00,gpu3_benchmark,3,ckpt_s4096_e4096,benchmark,65536,4096,4096,1,0,True,11272.01,1315.66,1315.66,1315.66,7.884
2026-05-13T17:58:47.868543+00:00,gpu3_benchmark,3,ckpt_s4096_e4096,benchmark,131072,4096,4096,1,0,False,,,,,8.449
2026-05-13T17:58:56.318358+00:00,gpu3_benchmark,3,ckpt_s8192_e2048,correctness,2048,8192,2048,1,0,True,,,,,7.516
2026-05-13T17:59:03.834235+00:00,gpu3_benchmark,3,ckpt_s8192_e2048,benchmark,2048,8192,2048,1,0,True,3432.23,58.73,58.73,58.73,9.435
2026-05-13T17:59:03.834235+00:00,gpu3_benchmark,3,ckpt_s8192_e2048,benchmark,8192,8192,2048,1,0,True,4132.78,236.76,236.76,236.76,9.435
2026-05-13T17:59:03.834235+00:00,gpu3_benchmark,3,ckpt_s8192_e2048,benchmark,32768,8192,2048,1,0,True,6934.88,1030.46,1030.46,1030.46,9.435
2026-05-13T17:59:13.269446+00:00,gpu3_benchmark,3,ckpt_s8192_e2048,benchmark,65536,8192,2048,1,0,True,11272.01,2247.57,2247.57,2247.57,10.046
2026-05-13T17:59:23.316250+00:00,gpu3_benchmark,3,ckpt_s8192_e2048,benchmark,131072,8192,2048,1,0,False,,,,,5.671
2026-05-13T17:59:28.987691+00:00,gpu3_benchmark,3,ckpt_s4096_e2048,correctness,2048,4096,2048,1,0,True,,,,,7.958
2026-05-13T17:59:36.946497+00:00,gpu3_benchmark,3,ckpt_s4096_e2048,benchmark,2048,4096,2048,1,0,True,3432.23,62.7,62.7,62.7,9.387
2026-05-13T17:59:36.946497+00:00,gpu3_benchmark,3,ckpt_s4096_e2048,benchmark,8192,4096,2048,1,0,True,4132.78,239.96,239.96,239.96,9.387
2026-05-13T17:59:36.946497+00:00,gpu3_benchmark,3,ckpt_s4096_e2048,benchmark,32768,4096,2048,1,0,True,6934.88,1039.05,1039.05,1039.05,9.387
2026-05-13T17:59:46.333692+00:00,gpu3_benchmark,3,ckpt_s4096_e2048,benchmark,65536,4096,2048,1,0,True,11272.01,2304.81,2304.81,2304.81,9.785
2026-05-13T17:59:56.118868+00:00,gpu3_benchmark,3,ckpt_s4096_e2048,benchmark,131072,4096,2048,1,0,False,,,,,5.963
2026-05-13T18:00:02.082193+00:00,gpu3_benchmark,3,ckpt_s2048_e2048,correctness,2048,2048,2048,1,0,True,,,,,7.743
2026-05-13T18:00:09.825003+00:00,gpu3_benchmark,3,ckpt_s2048_e2048,benchmark,2048,2048,2048,1,0,True,3432.23,58.08,58.08,58.08,9.558
2026-05-13T18:00:09.825003+00:00,gpu3_benchmark,3,ckpt_s2048_e2048,benchmark,8192,2048,2048,1,0,True,4132.78,237.07,237.07,237.07,9.558
2026-05-13T18:00:09.825003+00:00,gpu3_benchmark,3,ckpt_s2048_e2048,benchmark,32768,2048,2048,1,0,True,6934.88,1040.63,1040.63,1040.63,9.558
2026-05-13T18:00:19.383431+00:00,gpu3_benchmark,3,ckpt_s2048_e2048,benchmark,65536,2048,2048,1,0,True,11272.01,2291.21,2291.21,2291.21,9.551
2026-05-13T18:00:28.935248+00:00,gpu3_benchmark,3,ckpt_s2048_e2048,benchmark,131072,2048,2048,1,0,False,,,,,5.595
2026-05-13T18:00:34.530561+00:00,gpu3_benchmark,3,ckpt_s4096_e1024,correctness,2048,4096,1024,1,0,True,,,,,7.866
2026-05-13T18:00:42.397310+00:00,gpu3_benchmark,3,ckpt_s4096_e1024,benchmark,2048,4096,1024,1,0,True,3453.26,233.84,233.84,233.84,11.566
2026-05-13T18:00:42.397310+00:00,gpu3_benchmark,3,ckpt_s4096_e1024,benchmark,8192,4096,1024,1,0,True,4153.79,454.13,454.13,454.13,11.566
2026-05-13T18:00:42.397310+00:00,gpu3_benchmark,3,ckpt_s4096_e1024,benchmark,32768,4096,1024,1,0,True,6955.88,1955.36,1955.36,1955.36,11.566
2026-05-13T18:00:53.963622+00:00,gpu3_benchmark,3,ckpt_s4096_e1024,benchmark,65536,4096,1024,1,0,True,11272.51,4262.33,4262.33,4262.33,13.993
2026-05-13T18:01:07.957477+00:00,gpu3_benchmark,3,ckpt_s4096_e1024,benchmark,131072,4096,1024,1,0,True,21314.76,10062.32,10062.32,10062.32,25.550
2026-05-13T18:01:33.507621+00:00,gpu3_benchmark,3,ckpt_s2048_e1024,correctness,2048,2048,1024,1,0,True,,,,,7.805
2026-05-13T18:01:41.313175+00:00,gpu3_benchmark,3,ckpt_s2048_e1024,benchmark,2048,2048,1024,1,0,True,3453.26,259.9,259.9,259.9,11.508
2026-05-13T18:01:41.313175+00:00,gpu3_benchmark,3,ckpt_s2048_e1024,benchmark,8192,2048,1024,1,0,True,4153.79,445.45,445.45,445.45,11.508
2026-05-13T18:01:41.313175+00:00,gpu3_benchmark,3,ckpt_s2048_e1024,benchmark,32768,2048,1024,1,0,True,6955.88,1945.25,1945.25,1945.25,11.508
2026-05-13T18:01:52.821727+00:00,gpu3_benchmark,3,ckpt_s2048_e1024,benchmark,65536,2048,1024,1,0,True,11272.51,4290.09,4290.09,4290.09,13.660
2026-05-13T18:02:06.481730+00:00,gpu3_benchmark,3,ckpt_s2048_e1024,benchmark,131072,2048,1024,1,0,False,,,,,16.051
2026-05-13T18:02:22.533517+00:00,gpu3_benchmark,3,ckpt_s1024_e1024,correctness,2048,1024,1024,1,0,True,,,,,7.704
2026-05-13T18:02:30.237869+00:00,gpu3_benchmark,3,ckpt_s1024_e1024,benchmark,2048,1024,1024,1,0,True,3452.26,112.68,112.68,112.68,11.700
2026-05-13T18:02:30.237869+00:00,gpu3_benchmark,3,ckpt_s1024_e1024,benchmark,8192,1024,1024,1,0,True,4152.79,443.56,443.56,443.56,11.700
2026-05-13T18:02:30.237869+00:00,gpu3_benchmark,3,ckpt_s1024_e1024,benchmark,32768,1024,1024,1,0,True,6954.88,2022.56,2022.56,2022.56,11.700
2026-05-13T18:02:41.938365+00:00,gpu3_benchmark,3,ckpt_s1024_e1024,benchmark,65536,1024,1024,1,0,True,11272.01,4304.1,4304.1,4304.1,13.274
2026-05-13T18:02:55.212181+00:00,gpu3_benchmark,3,ckpt_s1024_e1024,benchmark,131072,1024,1024,1,0,False,,,,,16.334
2026-05-13T18:03:11.546990+00:00,gpu3_benchmark,3,nocp_s8192_e8192,correctness,2048,8192,8192,0,0,True,,,,,6.941
2026-05-13T18:03:18.488419+00:00,gpu3_benchmark,3,nocp_s8192_e8192,benchmark,2048,8192,8192,0,0,True,3510.1,53.61,53.61,53.61,6.879
2026-05-13T18:03:18.488419+00:00,gpu3_benchmark,3,nocp_s8192_e8192,benchmark,8192,8192,8192,0,0,True,4300.63,87.23,87.23,87.23,6.879
2026-05-13T18:03:18.488419+00:00,gpu3_benchmark,3,nocp_s8192_e8192,benchmark,32768,8192,8192,0,0,True,9328.38,363.55,363.55,363.55,6.879
2026-05-13T18:03:25.368265+00:00,gpu3_benchmark,3,nocp_s8192_e8192,benchmark,65536,8192,8192,0,0,True,17416.01,780.88,780.88,780.88,6.210
2026-05-13T18:03:31.578239+00:00,gpu3_benchmark,3,nocp_s8192_e8192,benchmark,131072,8192,8192,0,0,False,,,,,4.655
2026-05-13T18:03:36.233839+00:00,gpu3_benchmark,3,nocp_s8192_e4096,correctness,2048,8192,4096,0,0,True,,,,,6.568
2026-05-13T18:03:42.802196+00:00,gpu3_benchmark,3,nocp_s8192_e4096,benchmark,2048,8192,4096,0,0,True,3510.1,56.5,56.5,56.5,6.949
2026-05-13T18:03:42.802196+00:00,gpu3_benchmark,3,nocp_s8192_e4096,benchmark,8192,8192,4096,0,0,True,4428.77,131.31,131.31,131.31,6.949
2026-05-13T18:03:42.802196+00:00,gpu3_benchmark,3,nocp_s8192_e4096,benchmark,32768,8192,4096,0,0,True,9328.38,570.49,570.49,570.49,6.949
2026-05-13T18:03:49.751346+00:00,gpu3_benchmark,3,nocp_s8192_e4096,benchmark,65536,8192,4096,0,0,True,17416.01,1250.99,1250.99,1250.99,6.798
2026-05-13T18:03:56.549322+00:00,gpu3_benchmark,3,nocp_s8192_e4096,benchmark,131072,8192,4096,0,0,False,,,,,4.587
2026-05-13T18:04:01.137085+00:00,gpu3_benchmark,3,nocp_s4096_e4096,correctness,2048,4096,4096,0,0,True,,,,,6.649
2026-05-13T18:04:07.786605+00:00,gpu3_benchmark,3,nocp_s4096_e4096,benchmark,2048,4096,4096,0,0,True,3510.1,57.3,57.3,57.3,7.770
2026-05-13T18:04:07.786605+00:00,gpu3_benchmark,3,nocp_s4096_e4096,benchmark,8192,4096,4096,0,0,True,4428.77,137.76,137.76,137.76,7.770
2026-05-13T18:04:07.786605+00:00,gpu3_benchmark,3,nocp_s4096_e4096,benchmark,32768,4096,4096,0,0,True,9328.38,582.53,582.53,582.53,7.770
2026-05-13T18:04:15.556922+00:00,gpu3_benchmark,3,nocp_s4096_e4096,benchmark,65536,4096,4096,0,0,True,17416.01,1267.43,1267.43,1267.43,6.735
2026-05-13T18:04:22.292642+00:00,gpu3_benchmark,3,nocp_s4096_e4096,benchmark,131072,4096,4096,0,0,False,,,,,4.407
2026-05-13T18:04:26.699724+00:00,gpu3_benchmark,3,nocp_s4096_e2048,correctness,2048,4096,2048,0,0,True,,,,,6.661
2026-05-13T18:04:33.360630+00:00,gpu3_benchmark,3,nocp_s4096_e2048,benchmark,2048,4096,2048,0,0,True,3510.1,55.37,55.37,55.37,8.771
2026-05-13T18:04:33.360630+00:00,gpu3_benchmark,3,nocp_s4096_e2048,benchmark,8192,4096,2048,0,0,True,4525.78,225.49,225.49,225.49,8.771
2026-05-13T18:04:33.360630+00:00,gpu3_benchmark,3,nocp_s4096_e2048,benchmark,32768,4096,2048,0,0,True,9474.26,1016.3,1016.3,1016.3,8.771
2026-05-13T18:04:42.131934+00:00,gpu3_benchmark,3,nocp_s4096_e2048,benchmark,65536,4096,2048,0,0,True,17708.01,2175.15,2175.15,2175.15,9.600
2026-05-13T18:04:51.732461+00:00,gpu3_benchmark,3,nocp_s4096_e2048,benchmark,131072,4096,2048,0,0,False,,,,,4.823
2026-05-13T18:04:56.556363+00:00,gpu3_benchmark,3,nocp_s2048_e2048,correctness,2048,2048,2048,0,0,True,,,,,6.845
2026-05-13T18:05:03.401447+00:00,gpu3_benchmark,3,nocp_s2048_e2048,benchmark,2048,2048,2048,0,0,True,3510.1,55.73,55.73,55.73,8.583
2026-05-13T18:05:03.401447+00:00,gpu3_benchmark,3,nocp_s2048_e2048,benchmark,8192,2048,2048,0,0,True,4526.78,227.17,227.17,227.17,8.583
2026-05-13T18:05:03.401447+00:00,gpu3_benchmark,3,nocp_s2048_e2048,benchmark,32768,2048,2048,0,0,True,9476.26,1009.58,1009.58,1009.58,8.583
2026-05-13T18:05:11.985235+00:00,gpu3_benchmark,3,nocp_s2048_e2048,benchmark,65536,2048,2048,0,0,True,17708.01,2229.03,2229.03,2229.03,8.540
2026-05-13T18:05:20.525127+00:00,gpu3_benchmark,3,nocp_s2048_e2048,benchmark,131072,2048,2048,0,0,False,,,,,4.392
2026-05-13T18:05:24.918107+00:00,gpu3_benchmark,3,ckpt_s8192_e8192,correctness,2048,8192,8192,1,0,True,,,,,7.550
2026-05-13T18:05:32.468154+00:00,gpu3_benchmark,3,ckpt_s8192_e8192,benchmark,2048,8192,8192,1,0,True,3432.23,58.93,58.93,58.93,8.774
2026-05-13T18:05:32.468154+00:00,gpu3_benchmark,3,ckpt_s8192_e8192,benchmark,8192,8192,8192,1,0,True,4012.63,91.03,91.03,91.03,8.774
2026-05-13T18:05:32.468154+00:00,gpu3_benchmark,3,ckpt_s8192_e8192,benchmark,32768,8192,8192,1,0,True,6814.85,402.55,402.55,402.55,8.774
2026-05-13T18:05:41.242297+00:00,gpu3_benchmark,3,ckpt_s8192_e8192,benchmark,65536,8192,8192,1,0,True,11272.01,831.11,831.11,831.11,6.763
2026-05-13T18:05:48.005460+00:00,gpu3_benchmark,3,ckpt_s8192_e8192,benchmark,131072,8192,8192,1,0,True,21303.26,1897.91,1897.91,1897.91,8.981
2026-05-13T18:05:56.987251+00:00,gpu3_benchmark,3,ckpt_s16384_e4096,correctness,2048,16384,4096,1,0,True,,,,,7.183
2026-05-13T18:06:04.170390+00:00,gpu3_benchmark,3,ckpt_s16384_e4096,benchmark,2048,16384,4096,1,0,True,3432.23,56.3,56.3,56.3,8.429
2026-05-13T18:06:04.170390+00:00,gpu3_benchmark,3,ckpt_s16384_e4096,benchmark,8192,16384,4096,1,0,True,4092.77,143.21,143.21,143.21,8.429
2026-05-13T18:06:04.170390+00:00,gpu3_benchmark,3,ckpt_s16384_e4096,benchmark,32768,16384,4096,1,0,True,6894.87,618.55,618.55,618.55,8.429
2026-05-13T18:06:12.600134+00:00,gpu3_benchmark,3,ckpt_s16384_e4096,benchmark,65536,16384,4096,1,0,True,11272.01,1288.72,1288.72,1288.72,8.211
2026-05-13T18:06:20.811236+00:00,gpu3_benchmark,3,ckpt_s16384_e4096,benchmark,131072,16384,4096,1,0,False,,,,,8.333
2026-05-13T18:06:29.144703+00:00,gpu3_benchmark,3,ckpt_s8192_e4096,correctness,2048,8192,4096,1,0,True,,,,,7.582
2026-05-13T18:06:36.726923+00:00,gpu3_benchmark,3,ckpt_s8192_e4096,benchmark,2048,8192,4096,1,0,True,3432.23,64.39,64.39,64.39,8.118
2026-05-13T18:06:36.726923+00:00,gpu3_benchmark,3,ckpt_s8192_e4096,benchmark,8192,8192,4096,1,0,True,4092.77,140.3,140.3,140.3,8.118
2026-05-13T18:06:36.726923+00:00,gpu3_benchmark,3,ckpt_s8192_e4096,benchmark,32768,8192,4096,1,0,True,6894.87,597.17,597.17,597.17,8.118
2026-05-13T18:06:44.845125+00:00,gpu3_benchmark,3,ckpt_s8192_e4096,benchmark,65536,8192,4096,1,0,True,11272.01,1307.15,1307.15,1307.15,7.503
2026-05-13T18:06:52.348271+00:00,gpu3_benchmark,3,ckpt_s8192_e4096,benchmark,131072,8192,4096,1,0,False,,,,,8.573
2026-05-13T18:07:00.921977+00:00,gpu3_benchmark,3,ckpt_s4096_e4096,correctness,2048,4096,4096,1,0,True,,,,,7.381
2026-05-13T18:07:08.303659+00:00,gpu3_benchmark,3,ckpt_s4096_e4096,benchmark,2048,4096,4096,1,0,True,3432.23,58.6,58.6,58.6,8.841
2026-05-13T18:07:08.303659+00:00,gpu3_benchmark,3,ckpt_s4096_e4096,benchmark,8192,4096,4096,1,0,True,4092.77,149.58,149.58,149.58,8.841
2026-05-13T18:07:08.303659+00:00,gpu3_benchmark,3,ckpt_s4096_e4096,benchmark,32768,4096,4096,1,0,True,6894.87,612.84,612.84,612.84,8.841
2026-05-13T18:07:17.144976+00:00,gpu3_benchmark,3,ckpt_s4096_e4096,benchmark,65536,4096,4096,1,0,True,11272.01,1323.11,1323.11,1323.11,8.121
2026-05-13T18:07:25.266490+00:00,gpu3_benchmark,3,ckpt_s4096_e4096,benchmark,131072,4096,4096,1,0,False,,,,,8.181
2026-05-13T18:07:33.448258+00:00,gpu3_benchmark,3,ckpt_s8192_e2048,correctness,2048,8192,2048,1,0,True,,,,,7.792
2026-05-13T18:07:41.240878+00:00,gpu3_benchmark,3,ckpt_s8192_e2048,benchmark,2048,8192,2048,1,0,True,3432.23,62.63,62.63,62.63,10.162
2026-05-13T18:07:41.240878+00:00,gpu3_benchmark,3,ckpt_s8192_e2048,benchmark,8192,8192,2048,1,0,True,4132.78,238.15,238.15,238.15,10.162
2026-05-13T18:07:41.240878+00:00,gpu3_benchmark,3,ckpt_s8192_e2048,benchmark,32768,8192,2048,1,0,True,6934.88,1023.34,1023.34,1023.34,10.162
2026-05-13T18:07:51.402953+00:00,gpu3_benchmark,3,ckpt_s8192_e2048,benchmark,65536,8192,2048,1,0,True,11272.01,2280.73,2280.73,2280.73,10.376
2026-05-13T18:08:01.779041+00:00,gpu3_benchmark,3,ckpt_s8192_e2048,benchmark,131072,8192,2048,1,0,False,,,,,5.242
2026-05-13T18:08:07.022009+00:00,gpu3_benchmark,3,ckpt_s4096_e2048,correctness,2048,4096,2048,1,0,True,,,,,7.830
2026-05-13T18:08:14.852467+00:00,gpu3_benchmark,3,ckpt_s4096_e2048,benchmark,2048,4096,2048,1,0,True,3432.23,58.66,58.66,58.66,9.656
2026-05-13T18:08:14.852467+00:00,gpu3_benchmark,3,ckpt_s4096_e2048,benchmark,8192,4096,2048,1,0,True,4132.78,236.25,236.25,236.25,9.656
2026-05-13T18:08:14.852467+00:00,gpu3_benchmark,3,ckpt_s4096_e2048,benchmark,32768,4096,2048,1,0,True,6934.88,1054.5,1054.5,1054.5,9.656
2026-05-13T18:08:24.508746+00:00,gpu3_benchmark,3,ckpt_s4096_e2048,benchmark,65536,4096,2048,1,0,True,11272.01,2038.74,2038.74,2038.74,9.586
2026-05-13T18:08:34.095228+00:00,gpu3_benchmark,3,ckpt_s4096_e2048,benchmark,131072,4096,2048,1,0,False,,,,,5.304
2026-05-13T18:08:39.399619+00:00,gpu3_benchmark,3,ckpt_s2048_e2048,correctness,2048,2048,2048,1,0,True,,,,,7.669
2026-05-13T18:08:47.068781+00:00,gpu3_benchmark,3,ckpt_s2048_e2048,benchmark,2048,2048,2048,1,0,True,3432.23,51.21,51.21,51.21,9.422
2026-05-13T18:08:47.068781+00:00,gpu3_benchmark,3,ckpt_s2048_e2048,benchmark,8192,2048,2048,1,0,True,4132.78,213.57,213.57,213.57,9.422
2026-05-13T18:08:47.068781+00:00,gpu3_benchmark,3,ckpt_s2048_e2048,benchmark,32768,2048,2048,1,0,True,6934.88,934.38,934.38,934.38,9.422
2026-05-13T18:08:56.491422+00:00,gpu3_benchmark,3,ckpt_s2048_e2048,benchmark,65536,2048,2048,1,0,True,11272.01,2326.98,2326.98,2326.98,10.183
2026-05-13T18:09:06.674905+00:00,gpu3_benchmark,3,ckpt_s2048_e2048,benchmark,131072,2048,2048,1,0,False,,,,,5.896
2026-05-13T18:09:12.571601+00:00,gpu3_benchmark,3,ckpt_s4096_e1024,correctness,2048,4096,1024,1,0,True,,,,,7.782
2026-05-13T18:09:20.353445+00:00,gpu3_benchmark,3,ckpt_s4096_e1024,benchmark,2048,4096,1024,1,0,True,3453.26,202.75,202.75,202.75,11.669
2026-05-13T18:09:20.353445+00:00,gpu3_benchmark,3,ckpt_s4096_e1024,benchmark,8192,4096,1024,1,0,True,4153.79,451.51,451.51,451.51,11.669
2026-05-13T18:09:20.353445+00:00,gpu3_benchmark,3,ckpt_s4096_e1024,benchmark,32768,4096,1024,1,0,True,6955.88,1924.32,1924.32,1924.32,11.669
2026-05-13T18:09:32.022372+00:00,gpu3_benchmark,3,ckpt_s4096_e1024,benchmark,65536,4096,1024,1,0,True,11272.51,4225.67,4225.67,4225.67,13.686
2026-05-13T18:09:45.708721+00:00,gpu3_benchmark,3,ckpt_s4096_e1024,benchmark,131072,4096,1024,1,0,True,21314.76,9943.59,9943.59,9943.59,25.287
2026-05-13T18:10:10.996245+00:00,gpu3_benchmark,3,ckpt_s2048_e1024,correctness,2048,2048,1024,1,0,True,,,,,7.903
2026-05-13T18:10:18.899640+00:00,gpu3_benchmark,3,ckpt_s2048_e1024,benchmark,2048,2048,1024,1,0,True,3453.26,220.79,220.79,220.79,11.795
2026-05-13T18:10:18.899640+00:00,gpu3_benchmark,3,ckpt_s2048_e1024,benchmark,8192,2048,1024,1,0,True,4153.79,442.08,442.08,442.08,11.795
2026-05-13T18:10:18.899640+00:00,gpu3_benchmark,3,ckpt_s2048_e1024,benchmark,32768,2048,1024,1,0,True,6955.88,1992.03,1992.03,1992.03,11.795
2026-05-13T18:10:30.695323+00:00,gpu3_benchmark,3,ckpt_s2048_e1024,benchmark,65536,2048,1024,1,0,True,11272.51,4246.46,4246.46,4246.46,14.131
2026-05-13T18:10:44.826538+00:00,gpu3_benchmark,3,ckpt_s2048_e1024,benchmark,131072,2048,1024,1,0,False,,,,,16.113
2026-05-13T18:11:00.939918+00:00,gpu3_benchmark,3,ckpt_s1024_e1024,correctness,2048,1024,1024,1,0,True,,,,,7.219
2026-05-13T18:11:08.159138+00:00,gpu3_benchmark,3,ckpt_s1024_e1024,benchmark,2048,1024,1024,1,0,True,3452.26,114.54,114.54,114.54,11.573
2026-05-13T18:11:08.159138+00:00,gpu3_benchmark,3,ckpt_s1024_e1024,benchmark,8192,1024,1024,1,0,True,4152.79,443.03,443.03,443.03,11.573
2026-05-13T18:11:08.159138+00:00,gpu3_benchmark,3,ckpt_s1024_e1024,benchmark,32768,1024,1024,1,0,True,6954.88,1982.67,1982.67,1982.67,11.573
2026-05-13T18:11:19.732618+00:00,gpu3_benchmark,3,ckpt_s1024_e1024,benchmark,65536,1024,1024,1,0,True,11272.01,4324.53,4324.53,4324.53,13.913
2026-05-13T18:11:33.645741+00:00,gpu3_benchmark,3,ckpt_s1024_e1024,benchmark,131072,1024,1024,1,0,False,,,,,16.814
2026-05-13T18:11:50.460106+00:00,gpu3_benchmark,3,nocp_s8192_e8192,correctness,2048,8192,8192,0,0,True,,,,,6.484
2026-05-13T18:11:56.944789+00:00,gpu3_benchmark,3,nocp_s8192_e8192,benchmark,2048,8192,8192,0,0,True,3510.1,54.49,54.49,54.49,6.918
2026-05-13T18:11:56.944789+00:00,gpu3_benchmark,3,nocp_s8192_e8192,benchmark,8192,8192,8192,0,0,True,4300.63,82.57,82.57,82.57,6.918
2026-05-13T18:11:56.944789+00:00,gpu3_benchmark,3,nocp_s8192_e8192,benchmark,32768,8192,8192,0,0,True,9328.38,373.01,373.01,373.01,6.918
2026-05-13T18:12:03.863274+00:00,gpu3_benchmark,3,nocp_s8192_e8192,benchmark,65536,8192,8192,0,0,True,17416.01,780.24,780.24,780.24,6.324
2026-05-13T18:12:10.188062+00:00,gpu3_benchmark,3,nocp_s8192_e8192,benchmark,131072,8192,8192,0,0,False,,,,,4.731
2026-05-13T18:12:14.919247+00:00,gpu3_benchmark,3,nocp_s8192_e4096,correctness,2048,8192,4096,0,0,True,,,,,7.533
2026-05-13T18:12:22.452296+00:00,gpu3_benchmark,3,nocp_s8192_e4096,benchmark,2048,8192,4096,0,0,True,3510.1,54.63,54.63,54.63,7.528
2026-05-13T18:12:22.452296+00:00,gpu3_benchmark,3,nocp_s8192_e4096,benchmark,8192,8192,4096,0,0,True,4428.77,147.27,147.27,147.27,7.528
2026-05-13T18:12:22.452296+00:00,gpu3_benchmark,3,nocp_s8192_e4096,benchmark,32768,8192,4096,0,0,True,9328.38,572.14,572.14,572.14,7.528
2026-05-13T18:12:29.980920+00:00,gpu3_benchmark,3,nocp_s8192_e4096,benchmark,65536,8192,4096,0,0,True,17416.01,1249.84,1249.84,1249.84,7.301
2026-05-13T18:12:37.282106+00:00,gpu3_benchmark,3,nocp_s8192_e4096,benchmark,131072,8192,4096,0,0,False,,,,,4.373
2026-05-13T18:12:41.655373+00:00,gpu3_benchmark,3,nocp_s4096_e4096,correctness,2048,4096,4096,0,0,True,,,,,6.952
2026-05-13T18:12:48.607885+00:00,gpu3_benchmark,3,nocp_s4096_e4096,benchmark,2048,4096,4096,0,0,True,3510.1,57.07,57.07,57.07,7.699
2026-05-13T18:12:48.607885+00:00,gpu3_benchmark,3,nocp_s4096_e4096,benchmark,8192,4096,4096,0,0,True,4428.77,129.93,129.93,129.93,7.699
2026-05-13T18:12:48.607885+00:00,gpu3_benchmark,3,nocp_s4096_e4096,benchmark,32768,4096,4096,0,0,True,9328.38,574.91,574.91,574.91,7.699
2026-05-13T18:12:56.307620+00:00,gpu3_benchmark,3,nocp_s4096_e4096,benchmark,65536,4096,4096,0,0,True,17416.01,1267.3,1267.3,1267.3,7.175
2026-05-13T18:13:03.483385+00:00,gpu3_benchmark,3,nocp_s4096_e4096,benchmark,131072,4096,4096,0,0,False,,,,,5.000
2026-05-13T18:13:08.483512+00:00,gpu3_benchmark,3,nocp_s4096_e2048,correctness,2048,4096,2048,0,0,True,,,,,6.853
2026-05-13T18:13:15.336977+00:00,gpu3_benchmark,3,nocp_s4096_e2048,benchmark,2048,4096,2048,0,0,True,3510.1,57.81,57.81,57.81,8.456
2026-05-13T18:13:15.336977+00:00,gpu3_benchmark,3,nocp_s4096_e2048,benchmark,8192,4096,2048,0,0,True,4525.78,236.08,236.08,236.08,8.456
2026-05-13T18:13:15.336977+00:00,gpu3_benchmark,3,nocp_s4096_e2048,benchmark,32768,4096,2048,0,0,True,9474.26,1006.9,1006.9,1006.9,8.456
2026-05-13T18:13:23.792916+00:00,gpu3_benchmark,3,nocp_s4096_e2048,benchmark,65536,4096,2048,0,0,True,17708.01,2190.2,2190.2,2190.2,8.630
2026-05-13T18:13:32.422732+00:00,gpu3_benchmark,3,nocp_s4096_e2048,benchmark,131072,4096,2048,0,0,False,,,,,5.146
2026-05-13T18:13:37.569123+00:00,gpu3_benchmark,3,nocp_s2048_e2048,correctness,2048,2048,2048,0,0,True,,,,,6.814
2026-05-13T18:13:44.383025+00:00,gpu3_benchmark,3,nocp_s2048_e2048,benchmark,2048,2048,2048,0,0,True,3510.1,53.4,53.4,53.4,8.706
2026-05-13T18:13:44.383025+00:00,gpu3_benchmark,3,nocp_s2048_e2048,benchmark,8192,2048,2048,0,0,True,4526.78,232.4,232.4,232.4,8.706
2026-05-13T18:13:44.383025+00:00,gpu3_benchmark,3,nocp_s2048_e2048,benchmark,32768,2048,2048,0,0,True,9476.26,1007.06,1007.06,1007.06,8.706
2026-05-13T18:13:53.089785+00:00,gpu3_benchmark,3,nocp_s2048_e2048,benchmark,65536,2048,2048,0,0,True,17708.01,2208.82,2208.82,2208.82,8.755
2026-05-13T18:14:01.844961+00:00,gpu3_benchmark,3,nocp_s2048_e2048,benchmark,131072,2048,2048,0,0,False,,,,,4.963
2026-05-13T18:14:06.808321+00:00,gpu3_benchmark,3,ckpt_s8192_e8192,correctness,2048,8192,8192,1,0,True,,,,,7.855
2026-05-13T18:14:14.663115+00:00,gpu3_benchmark,3,ckpt_s8192_e8192,benchmark,2048,8192,8192,1,0,True,3432.23,57.48,57.48,57.48,7.834
2026-05-13T18:14:14.663115+00:00,gpu3_benchmark,3,ckpt_s8192_e8192,benchmark,8192,8192,8192,1,0,True,4012.63,95.23,95.23,95.23,7.834
2026-05-13T18:14:14.663115+00:00,gpu3_benchmark,3,ckpt_s8192_e8192,benchmark,32768,8192,8192,1,0,True,6814.85,390.56,390.56,390.56,7.834
2026-05-13T18:14:22.498001+00:00,gpu3_benchmark,3,ckpt_s8192_e8192,benchmark,65536,8192,8192,1,0,True,11272.01,834.33,834.33,834.33,6.754
2026-05-13T18:14:29.251925+00:00,gpu3_benchmark,3,ckpt_s8192_e8192,benchmark,131072,8192,8192,1,0,True,21303.26,1865.91,1865.91,1865.91,8.622
2026-05-13T18:14:37.874252+00:00,gpu3_benchmark,3,ckpt_s16384_e4096,correctness,2048,16384,4096,1,0,True,,,,,7.642
2026-05-13T18:14:45.516812+00:00,gpu3_benchmark,3,ckpt_s16384_e4096,benchmark,2048,16384,4096,1,0,True,3432.23,57.44,57.44,57.44,8.299
2026-05-13T18:14:45.516812+00:00,gpu3_benchmark,3,ckpt_s16384_e4096,benchmark,8192,16384,4096,1,0,True,4092.77,146.41,146.41,146.41,8.299
2026-05-13T18:14:45.516812+00:00,gpu3_benchmark,3,ckpt_s16384_e4096,benchmark,32768,16384,4096,1,0,True,6894.87,606.6,606.6,606.6,8.299
2026-05-13T18:14:53.816148+00:00,gpu3_benchmark,3,ckpt_s16384_e4096,benchmark,65536,16384,4096,1,0,True,11272.01,1291.11,1291.11,1291.11,7.822
2026-05-13T18:15:01.638696+00:00,gpu3_benchmark,3,ckpt_s16384_e4096,benchmark,131072,16384,4096,1,0,False,,,,,8.312
2026-05-13T18:15:09.950740+00:00,gpu3_benchmark,3,ckpt_s8192_e4096,correctness,2048,8192,4096,1,0,True,,,,,7.838
2026-05-13T18:15:17.789071+00:00,gpu3_benchmark,3,ckpt_s8192_e4096,benchmark,2048,8192,4096,1,0,True,3432.23,57.31,57.31,57.31,8.567
2026-05-13T18:15:17.789071+00:00,gpu3_benchmark,3,ckpt_s8192_e4096,benchmark,8192,8192,4096,1,0,True,4092.77,149.43,149.43,149.43,8.567
2026-05-13T18:15:17.789071+00:00,gpu3_benchmark,3,ckpt_s8192_e4096,benchmark,32768,8192,4096,1,0,True,6894.87,598.23,598.23,598.23,8.567
2026-05-13T18:15:26.356393+00:00,gpu3_benchmark,3,ckpt_s8192_e4096,benchmark,65536,8192,4096,1,0,True,11272.01,1305.35,1305.35,1305.35,7.316
2026-05-13T18:15:33.672957+00:00,gpu3_benchmark,3,ckpt_s8192_e4096,benchmark,131072,8192,4096,1,0,False,,,,,8.746
2026-05-13T18:15:42.419281+00:00,gpu3_benchmark,3,ckpt_s4096_e4096,correctness,2048,4096,4096,1,0,True,,,,,7.580
2026-05-13T18:15:49.999905+00:00,gpu3_benchmark,3,ckpt_s4096_e4096,benchmark,2048,4096,4096,1,0,True,3432.23,62.44,62.44,62.44,8.031
2026-05-13T18:15:49.999905+00:00,gpu3_benchmark,3,ckpt_s4096_e4096,benchmark,8192,4096,4096,1,0,True,4092.77,137.19,137.19,137.19,8.031
2026-05-13T18:15:49.999905+00:00,gpu3_benchmark,3,ckpt_s4096_e4096,benchmark,32768,4096,4096,1,0,True,6894.87,655.54,655.54,655.54,8.031
2026-05-13T18:15:58.031041+00:00,gpu3_benchmark,3,ckpt_s4096_e4096,benchmark,65536,4096,4096,1,0,True,11272.01,1302.2,1302.2,1302.2,7.588
2026-05-13T18:16:05.619140+00:00,gpu3_benchmark,3,ckpt_s4096_e4096,benchmark,131072,4096,4096,1,0,False,,,,,8.846
2026-05-13T18:16:14.465739+00:00,gpu3_benchmark,3,ckpt_s8192_e2048,correctness,2048,8192,2048,1,0,True,,,,,7.460
2026-05-13T18:16:21.925942+00:00,gpu3_benchmark,3,ckpt_s8192_e2048,benchmark,2048,8192,2048,1,0,True,3432.23,60.49,60.49,60.49,8.976
2026-05-13T18:16:21.925942+00:00,gpu3_benchmark,3,ckpt_s8192_e2048,benchmark,8192,8192,2048,1,0,True,4132.78,237.39,237.39,237.39,8.976
2026-05-13T18:16:21.925942+00:00,gpu3_benchmark,3,ckpt_s8192_e2048,benchmark,32768,8192,2048,1,0,True,6934.88,1025.05,1025.05,1025.05,8.976
2026-05-13T18:16:30.901967+00:00,gpu3_benchmark,3,ckpt_s8192_e2048,benchmark,65536,8192,2048,1,0,True,11272.01,2343.95,2343.95,2343.95,10.182
2026-05-13T18:16:41.084681+00:00,gpu3_benchmark,3,ckpt_s8192_e2048,benchmark,131072,8192,2048,1,0,False,,,,,6.044
2026-05-13T18:16:47.129137+00:00,gpu3_benchmark,3,ckpt_s4096_e2048,correctness,2048,4096,2048,1,0,True,,,,,7.585
2026-05-13T18:16:54.714778+00:00,gpu3_benchmark,3,ckpt_s4096_e2048,benchmark,2048,4096,2048,1,0,True,3432.23,59.17,59.17,59.17,9.434
2026-05-13T18:16:54.714778+00:00,gpu3_benchmark,3,ckpt_s4096_e2048,benchmark,8192,4096,2048,1,0,True,4132.78,239.66,239.66,239.66,9.434
2026-05-13T18:16:54.714778+00:00,gpu3_benchmark,3,ckpt_s4096_e2048,benchmark,32768,4096,2048,1,0,True,6934.88,1056.62,1056.62,1056.62,9.434
2026-05-13T18:17:04.149032+00:00,gpu3_benchmark,3,ckpt_s4096_e2048,benchmark,65536,4096,2048,1,0,True,11272.01,2312.74,2312.74,2312.74,10.190
2026-05-13T18:17:14.339079+00:00,gpu3_benchmark,3,ckpt_s4096_e2048,benchmark,131072,4096,2048,1,0,False,,,,,5.750
2026-05-13T18:17:20.090055+00:00,gpu3_benchmark,3,ckpt_s2048_e2048,correctness,2048,2048,2048,1,0,True,,,,,7.347
2026-05-13T18:17:27.437727+00:00,gpu3_benchmark,3,ckpt_s2048_e2048,benchmark,2048,2048,2048,1,0,True,3432.23,62.36,62.36,62.36,9.425
2026-05-13T18:17:27.437727+00:00,gpu3_benchmark,3,ckpt_s2048_e2048,benchmark,8192,2048,2048,1,0,True,4132.78,241.15,241.15,241.15,9.425
2026-05-13T18:17:27.437727+00:00,gpu3_benchmark,3,ckpt_s2048_e2048,benchmark,32768,2048,2048,1,0,True,6934.88,1051.18,1051.18,1051.18,9.425
2026-05-13T18:17:36.863683+00:00,gpu3_benchmark,3,ckpt_s2048_e2048,benchmark,65536,2048,2048,1,0,True,11272.01,2321.59,2321.59,2321.59,10.261
2026-05-13T18:17:47.124566+00:00,gpu3_benchmark,3,ckpt_s2048_e2048,benchmark,131072,2048,2048,1,0,False,,,,,5.516
2026-05-13T18:17:52.641319+00:00,gpu3_benchmark,3,ckpt_s4096_e1024,correctness,2048,4096,1024,1,0,True,,,,,7.431
2026-05-13T18:18:00.072762+00:00,gpu3_benchmark,3,ckpt_s4096_e1024,benchmark,2048,4096,1024,1,0,True,3453.26,224.66,224.66,224.66,11.735
2026-05-13T18:18:00.072762+00:00,gpu3_benchmark,3,ckpt_s4096_e1024,benchmark,8192,4096,1024,1,0,True,4153.79,456.01,456.01,456.01,11.735
2026-05-13T18:18:00.072762+00:00,gpu3_benchmark,3,ckpt_s4096_e1024,benchmark,32768,4096,1024,1,0,True,6955.88,1943.27,1943.27,1943.27,11.735
2026-05-13T18:18:11.808003+00:00,gpu3_benchmark,3,ckpt_s4096_e1024,benchmark,65536,4096,1024,1,0,True,11272.51,4169.62,4169.62,4169.62,13.510
2026-05-13T18:18:25.318709+00:00,gpu3_benchmark,3,ckpt_s4096_e1024,benchmark,131072,4096,1024,1,0,True,21314.76,9958.7,9958.7,9958.7,25.464
2026-05-13T18:18:50.783409+00:00,gpu3_benchmark,3,ckpt_s2048_e1024,correctness,2048,2048,1024,1,0,True,,,,,8.129
2026-05-13T18:18:58.913084+00:00,gpu3_benchmark,3,ckpt_s2048_e1024,benchmark,2048,2048,1024,1,0,True,3453.26,276.62,276.62,276.62,11.724
2026-05-13T18:18:58.913084+00:00,gpu3_benchmark,3,ckpt_s2048_e1024,benchmark,8192,2048,1024,1,0,True,4153.79,397.6,397.6,397.6,11.724
2026-05-13T18:18:58.913084+00:00,gpu3_benchmark,3,ckpt_s2048_e1024,benchmark,32768,2048,1024,1,0,True,6955.88,1939.56,1939.56,1939.56,11.724
2026-05-13T18:19:10.637816+00:00,gpu3_benchmark,3,ckpt_s2048_e1024,benchmark,65536,2048,1024,1,0,True,11272.51,4203.65,4203.65,4203.65,13.617
2026-05-13T18:19:24.255397+00:00,gpu3_benchmark,3,ckpt_s2048_e1024,benchmark,131072,2048,1024,1,0,False,,,,,16.047
2026-05-13T18:19:40.303008+00:00,gpu3_benchmark,3,ckpt_s1024_e1024,correctness,2048,1024,1024,1,0,True,,,,,7.180
2026-05-13T18:19:47.482983+00:00,gpu3_benchmark,3,ckpt_s1024_e1024,benchmark,2048,1024,1024,1,0,True,3452.26,97.22,97.22,97.22,10.777
2026-05-13T18:19:47.482983+00:00,gpu3_benchmark,3,ckpt_s1024_e1024,benchmark,8192,1024,1024,1,0,True,4152.79,400.51,400.51,400.51,10.777
2026-05-13T18:19:47.482983+00:00,gpu3_benchmark,3,ckpt_s1024_e1024,benchmark,32768,1024,1024,1,0,True,6954.88,1769.29,1769.29,1769.29,10.777
2026-05-13T18:19:58.259833+00:00,gpu3_benchmark,3,ckpt_s1024_e1024,benchmark,65536,1024,1024,1,0,True,11272.01,4368.88,4368.88,4368.88,13.699
2026-05-13T18:20:11.959370+00:00,gpu3_benchmark,3,ckpt_s1024_e1024,benchmark,131072,1024,1024,1,0,False,,,,,16.297
2026-05-13T18:20:28.257309+00:00,gpu3_benchmark,3,nocp_s8192_e8192,correctness,2048,8192,8192,0,0,True,,,,,7.030
2026-05-13T18:20:35.287172+00:00,gpu3_benchmark,3,nocp_s8192_e8192,benchmark,2048,8192,8192,0,0,True,3510.1,58.08,58.08,58.08,6.690
2026-05-13T18:20:35.287172+00:00,gpu3_benchmark,3,nocp_s8192_e8192,benchmark,8192,8192,8192,0,0,True,4300.63,78.3,78.3,78.3,6.690
2026-05-13T18:20:35.287172+00:00,gpu3_benchmark,3,nocp_s8192_e8192,benchmark,32768,8192,8192,0,0,True,9328.38,363.49,363.49,363.49,6.690
2026-05-13T18:20:41.977771+00:00,gpu3_benchmark,3,nocp_s8192_e8192,benchmark,65536,8192,8192,0,0,True,17416.01,794.83,794.83,794.83,6.265
2026-05-13T18:20:48.243386+00:00,gpu3_benchmark,3,nocp_s8192_e8192,benchmark,131072,8192,8192,0,0,False,,,,,4.951
2026-05-13T18:20:53.194762+00:00,gpu3_benchmark,3,nocp_s8192_e4096,correctness,2048,8192,4096,0,0,True,,,,,6.454
2026-05-13T18:20:59.648978+00:00,gpu3_benchmark,3,nocp_s8192_e4096,benchmark,2048,8192,4096,0,0,True,3510.1,57.1,57.1,57.1,7.286
2026-05-13T18:20:59.648978+00:00,gpu3_benchmark,3,nocp_s8192_e4096,benchmark,8192,8192,4096,0,0,True,4428.77,129.69,129.69,129.69,7.286
2026-05-13T18:20:59.648978+00:00,gpu3_benchmark,3,nocp_s8192_e4096,benchmark,32768,8192,4096,0,0,True,9328.38,577.49,577.49,577.49,7.286
2026-05-13T18:21:06.935914+00:00,gpu3_benchmark,3,nocp_s8192_e4096,benchmark,65536,8192,4096,0,0,True,17416.01,1250.08,1250.08,1250.08,6.997
2026-05-13T18:21:13.933129+00:00,gpu3_benchmark,3,nocp_s8192_e4096,benchmark,131072,8192,4096,0,0,False,,,,,4.646
2026-05-13T18:21:18.580238+00:00,gpu3_benchmark,3,nocp_s4096_e4096,correctness,2048,4096,4096,0,0,True,,,,,7.071
2026-05-13T18:21:25.651220+00:00,gpu3_benchmark,3,nocp_s4096_e4096,benchmark,2048,4096,4096,0,0,True,3510.1,55.23,55.23,55.23,7.494
2026-05-13T18:21:25.651220+00:00,gpu3_benchmark,3,nocp_s4096_e4096,benchmark,8192,4096,4096,0,0,True,4428.77,134.61,134.61,134.61,7.494
2026-05-13T18:21:25.651220+00:00,gpu3_benchmark,3,nocp_s4096_e4096,benchmark,32768,4096,4096,0,0,True,9328.38,573.14,573.14,573.14,7.494
2026-05-13T18:21:33.145848+00:00,gpu3_benchmark,3,nocp_s4096_e4096,benchmark,65536,4096,4096,0,0,True,17416.01,1262.07,1262.07,1262.07,6.763
2026-05-13T18:21:39.908725+00:00,gpu3_benchmark,3,nocp_s4096_e4096,benchmark,131072,4096,4096,0,0,False,,,,,4.812
2026-05-13T18:21:44.720715+00:00,gpu3_benchmark,3,nocp_s4096_e2048,correctness,2048,4096,2048,0,0,True,,,,,7.488
2026-05-13T18:21:52.209543+00:00,gpu3_benchmark,3,nocp_s4096_e2048,benchmark,2048,4096,2048,0,0,True,3510.1,57.6,57.6,57.6,8.941
2026-05-13T18:21:52.209543+00:00,gpu3_benchmark,3,nocp_s4096_e2048,benchmark,8192,4096,2048,0,0,True,4525.78,224.48,224.48,224.48,8.941
2026-05-13T18:21:52.209543+00:00,gpu3_benchmark,3,nocp_s4096_e2048,benchmark,32768,4096,2048,0,0,True,9474.26,996.29,996.29,996.29,8.941
2026-05-13T18:22:01.151436+00:00,gpu3_benchmark,3,nocp_s4096_e2048,benchmark,65536,4096,2048,0,0,True,17708.01,2195.55,2195.55,2195.55,8.844
2026-05-13T18:22:09.995293+00:00,gpu3_benchmark,3,nocp_s4096_e2048,benchmark,131072,4096,2048,0,0,False,,,,,4.752
2026-05-13T18:22:14.747290+00:00,gpu3_benchmark,3,nocp_s2048_e2048,correctness,2048,2048,2048,0,0,True,,,,,7.020
2026-05-13T18:22:21.767435+00:00,gpu3_benchmark,3,nocp_s2048_e2048,benchmark,2048,2048,2048,0,0,True,3510.1,53.97,53.97,53.97,8.623
2026-05-13T18:22:21.767435+00:00,gpu3_benchmark,3,nocp_s2048_e2048,benchmark,8192,2048,2048,0,0,True,4526.78,225.76,225.76,225.76,8.623
2026-05-13T18:22:21.767435+00:00,gpu3_benchmark,3,nocp_s2048_e2048,benchmark,32768,2048,2048,0,0,True,9476.26,1009.58,1009.58,1009.58,8.623
2026-05-13T18:22:30.390692+00:00,gpu3_benchmark,3,nocp_s2048_e2048,benchmark,65536,2048,2048,0,0,True,17708.01,2200.45,2200.45,2200.45,8.692
2026-05-13T18:22:39.082899+00:00,gpu3_benchmark,3,nocp_s2048_e2048,benchmark,131072,2048,2048,0,0,False,,,,,4.546
2026-05-13T18:22:43.629213+00:00,gpu3_benchmark,3,ckpt_s8192_e8192,correctness,2048,8192,8192,1,0,True,,,,,7.297
2026-05-13T18:22:50.926752+00:00,gpu3_benchmark,3,ckpt_s8192_e8192,benchmark,2048,8192,8192,1,0,True,3432.23,57.07,57.07,57.07,7.728
2026-05-13T18:22:50.926752+00:00,gpu3_benchmark,3,ckpt_s8192_e8192,benchmark,8192,8192,8192,1,0,True,4012.63,89.39,89.39,89.39,7.728
2026-05-13T18:22:50.926752+00:00,gpu3_benchmark,3,ckpt_s8192_e8192,benchmark,32768,8192,8192,1,0,True,6814.85,388.88,388.88,388.88,7.728
2026-05-13T18:22:58.654718+00:00,gpu3_benchmark,3,ckpt_s8192_e8192,benchmark,65536,8192,8192,1,0,True,11272.01,845.76,845.76,845.76,7.100
2026-05-13T18:23:05.755402+00:00,gpu3_benchmark,3,ckpt_s8192_e8192,benchmark,131072,8192,8192,1,0,True,21303.26,1878.18,1878.18,1878.18,8.833
2026-05-13T18:23:14.588696+00:00,gpu3_benchmark,3,ckpt_s16384_e4096,correctness,2048,16384,4096,1,0,True,,,,,7.565
2026-05-13T18:23:22.154482+00:00,gpu3_benchmark,3,ckpt_s16384_e4096,benchmark,2048,16384,4096,1,0,True,3432.23,58.74,58.74,58.74,7.903
2026-05-13T18:23:22.154482+00:00,gpu3_benchmark,3,ckpt_s16384_e4096,benchmark,8192,16384,4096,1,0,True,4092.77,140.61,140.61,140.61,7.903
2026-05-13T18:23:22.154482+00:00,gpu3_benchmark,3,ckpt_s16384_e4096,benchmark,32768,16384,4096,1,0,True,6894.87,593.32,593.32,593.32,7.903
2026-05-13T18:23:30.058105+00:00,gpu3_benchmark,3,ckpt_s16384_e4096,benchmark,65536,16384,4096,1,0,True,11272.01,1284.03,1284.03,1284.03,7.496
2026-05-13T18:23:37.554488+00:00,gpu3_benchmark,3,ckpt_s16384_e4096,benchmark,131072,16384,4096,1,0,False,,,,,8.174
2026-05-13T18:23:45.729465+00:00,gpu3_benchmark,3,ckpt_s8192_e4096,correctness,2048,8192,4096,1,0,True,,,,,7.904
2026-05-13T18:23:53.633774+00:00,gpu3_benchmark,3,ckpt_s8192_e4096,benchmark,2048,8192,4096,1,0,True,3432.23,60.4,60.4,60.4,8.072
2026-05-13T18:23:53.633774+00:00,gpu3_benchmark,3,ckpt_s8192_e4096,benchmark,8192,8192,4096,1,0,True,4092.77,138.33,138.33,138.33,8.072
2026-05-13T18:23:53.633774+00:00,gpu3_benchmark,3,ckpt_s8192_e4096,benchmark,32768,8192,4096,1,0,True,6894.87,605.56,605.56,605.56,8.072
2026-05-13T18:24:01.706678+00:00,gpu3_benchmark,3,ckpt_s8192_e4096,benchmark,65536,8192,4096,1,0,True,11272.01,1304.64,1304.64,1304.64,7.807
2026-05-13T18:24:09.514095+00:00,gpu3_benchmark,3,ckpt_s8192_e4096,benchmark,131072,8192,4096,1,0,False,,,,,8.945
2026-05-13T18:24:18.459645+00:00,gpu3_benchmark,3,ckpt_s4096_e4096,correctness,2048,4096,4096,1,0,True,,,,,7.595
2026-05-13T18:24:26.054458+00:00,gpu3_benchmark,3,ckpt_s4096_e4096,benchmark,2048,4096,4096,1,0,True,3432.23,77.69,77.69,77.69,8.303
2026-05-13T18:24:26.054458+00:00,gpu3_benchmark,3,ckpt_s4096_e4096,benchmark,8192,4096,4096,1,0,True,4092.77,143.76,143.76,143.76,8.303
2026-05-13T18:24:26.054458+00:00,gpu3_benchmark,3,ckpt_s4096_e4096,benchmark,32768,4096,4096,1,0,True,6894.87,607.61,607.61,607.61,8.303
2026-05-13T18:24:34.357950+00:00,gpu3_benchmark,3,ckpt_s4096_e4096,benchmark,65536,4096,4096,1,0,True,11272.01,1316.44,1316.44,1316.44,7.785
2026-05-13T18:24:42.142898+00:00,gpu3_benchmark,3,ckpt_s4096_e4096,benchmark,131072,4096,4096,1,0,False,,,,,8.722
2026-05-13T18:24:50.865327+00:00,gpu3_benchmark,3,ckpt_s8192_e2048,correctness,2048,8192,2048,1,0,True,,,,,7.663
2026-05-13T18:24:58.528547+00:00,gpu3_benchmark,3,ckpt_s8192_e2048,benchmark,2048,8192,2048,1,0,True,3432.23,60.6,60.6,60.6,9.446
2026-05-13T18:24:58.528547+00:00,gpu3_benchmark,3,ckpt_s8192_e2048,benchmark,8192,8192,2048,1,0,True,4132.78,237.77,237.77,237.77,9.446
2026-05-13T18:24:58.528547+00:00,gpu3_benchmark,3,ckpt_s8192_e2048,benchmark,32768,8192,2048,1,0,True,6934.88,1060.19,1060.19,1060.19,9.446
2026-05-13T18:25:07.975474+00:00,gpu3_benchmark,3,ckpt_s8192_e2048,benchmark,65536,8192,2048,1,0,True,11272.01,2315.71,2315.71,2315.71,9.754
2026-05-13T18:25:17.729759+00:00,gpu3_benchmark,3,ckpt_s8192_e2048,benchmark,131072,8192,2048,1,0,False,,,,,5.503
2026-05-13T18:25:23.233493+00:00,gpu3_benchmark,3,ckpt_s4096_e2048,correctness,2048,4096,2048,1,0,True,,,,,7.754
2026-05-13T18:25:30.987933+00:00,gpu3_benchmark,3,ckpt_s4096_e2048,benchmark,2048,4096,2048,1,0,True,3432.23,59.03,59.03,59.03,9.160
2026-05-13T18:25:30.987933+00:00,gpu3_benchmark,3,ckpt_s4096_e2048,benchmark,8192,4096,2048,1,0,True,4132.78,238.15,238.15,238.15,9.160
2026-05-13T18:25:30.987933+00:00,gpu3_benchmark,3,ckpt_s4096_e2048,benchmark,32768,4096,2048,1,0,True,6934.88,1080.12,1080.12,1080.12,9.160
2026-05-13T18:25:40.147920+00:00,gpu3_benchmark,3,ckpt_s4096_e2048,benchmark,65536,4096,2048,1,0,True,11272.01,2287.78,2287.78,2287.78,9.770
2026-05-13T18:25:49.918270+00:00,gpu3_benchmark,3,ckpt_s4096_e2048,benchmark,131072,4096,2048,1,0,False,,,,,6.049
2026-05-13T18:25:55.967919+00:00,gpu3_benchmark,3,ckpt_s2048_e2048,correctness,2048,2048,2048,1,0,True,,,,,7.653
2026-05-13T18:26:03.621426+00:00,gpu3_benchmark,3,ckpt_s2048_e2048,benchmark,2048,2048,2048,1,0,True,3432.23,62.83,62.83,62.83,9.764
2026-05-13T18:26:03.621426+00:00,gpu3_benchmark,3,ckpt_s2048_e2048,benchmark,8192,2048,2048,1,0,True,4132.78,246.28,246.28,246.28,9.764
2026-05-13T18:26:03.621426+00:00,gpu3_benchmark,3,ckpt_s2048_e2048,benchmark,32768,2048,2048,1,0,True,6934.88,1080.56,1080.56,1080.56,9.764
2026-05-13T18:26:13.385711+00:00,gpu3_benchmark,3,ckpt_s2048_e2048,benchmark,65536,2048,2048,1,0,True,11272.01,2313.45,2313.45,2313.45,9.566
2026-05-13T18:26:22.951838+00:00,gpu3_benchmark,3,ckpt_s2048_e2048,benchmark,131072,2048,2048,1,0,False,,,,,5.337
2026-05-13T18:26:28.289780+00:00,gpu3_benchmark,3,ckpt_s4096_e1024,correctness,2048,4096,1024,1,0,True,,,,,7.564
2026-05-13T18:26:35.854251+00:00,gpu3_benchmark,3,ckpt_s4096_e1024,benchmark,2048,4096,1024,1,0,True,3453.26,224.22,224.22,224.22,11.895
2026-05-13T18:26:35.854251+00:00,gpu3_benchmark,3,ckpt_s4096_e1024,benchmark,8192,4096,1024,1,0,True,4153.79,454.88,454.88,454.88,11.895
2026-05-13T18:26:35.854251+00:00,gpu3_benchmark,3,ckpt_s4096_e1024,benchmark,32768,4096,1024,1,0,True,6955.88,1984.01,1984.01,1984.01,11.895
2026-05-13T18:26:47.749376+00:00,gpu3_benchmark,3,ckpt_s4096_e1024,benchmark,65536,4096,1024,1,0,True,11272.51,4347.85,4347.85,4347.85,13.910
2026-05-13T18:27:01.659291+00:00,gpu3_benchmark,3,ckpt_s4096_e1024,benchmark,131072,4096,1024,1,0,True,21314.76,9953.54,9953.54,9953.54,25.291
2026-05-13T18:27:26.950679+00:00,gpu3_benchmark,3,ckpt_s2048_e1024,correctness,2048,2048,1024,1,0,True,,,,,7.297
2026-05-13T18:27:34.248264+00:00,gpu3_benchmark,3,ckpt_s2048_e1024,benchmark,2048,2048,1024,1,0,True,3453.26,239.34,239.34,239.34,11.706
2026-05-13T18:27:34.248264+00:00,gpu3_benchmark,3,ckpt_s2048_e1024,benchmark,8192,2048,1024,1,0,True,4153.79,447.08,447.08,447.08,11.706
2026-05-13T18:27:34.248264+00:00,gpu3_benchmark,3,ckpt_s2048_e1024,benchmark,32768,2048,1024,1,0,True,6955.88,1935.95,1935.95,1935.95,11.706
2026-05-13T18:27:45.954642+00:00,gpu3_benchmark,3,ckpt_s2048_e1024,benchmark,65536,2048,1024,1,0,True,11272.51,4248.93,4248.93,4248.93,13.764
2026-05-13T18:27:59.719042+00:00,gpu3_benchmark,3,ckpt_s2048_e1024,benchmark,131072,2048,1024,1,0,False,,,,,16.072
2026-05-13T18:28:15.791475+00:00,gpu3_benchmark,3,ckpt_s1024_e1024,correctness,2048,1024,1024,1,0,True,,,,,7.622
2026-05-13T18:28:23.413339+00:00,gpu3_benchmark,3,ckpt_s1024_e1024,benchmark,2048,1024,1024,1,0,True,3452.26,108.91,108.91,108.91,12.063
2026-05-13T18:28:23.413339+00:00,gpu3_benchmark,3,ckpt_s1024_e1024,benchmark,8192,1024,1024,1,0,True,4152.79,454.46,454.46,454.46,12.063
2026-05-13T18:28:23.413339+00:00,gpu3_benchmark,3,ckpt_s1024_e1024,benchmark,32768,1024,1024,1,0,True,6954.88,1955.19,1955.19,1955.19,12.063
2026-05-13T18:28:35.477027+00:00,gpu3_benchmark,3,ckpt_s1024_e1024,benchmark,65536,1024,1024,1,0,True,11272.01,4323.18,4323.18,4323.18,13.478
2026-05-13T18:28:48.955436+00:00,gpu3_benchmark,3,ckpt_s1024_e1024,benchmark,131072,1024,1024,1,0,False,,,,,16.447
2026-05-13T18:29:05.403411+00:00,gpu3_benchmark,3,nocp_s8192_e8192,correctness,2048,8192,8192,0,0,True,,,,,6.368
2026-05-13T18:29:11.771533+00:00,gpu3_benchmark,3,nocp_s8192_e8192,benchmark,2048,8192,8192,0,0,True,3510.1,56.68,56.68,56.68,7.042
2026-05-13T18:29:11.771533+00:00,gpu3_benchmark,3,nocp_s8192_e8192,benchmark,8192,8192,8192,0,0,True,4300.63,81.55,81.55,81.55,7.042
2026-05-13T18:29:11.771533+00:00,gpu3_benchmark,3,nocp_s8192_e8192,benchmark,32768,8192,8192,0,0,True,9328.38,363.55,363.55,363.55,7.042
2026-05-13T18:29:18.814180+00:00,gpu3_benchmark,3,nocp_s8192_e8192,benchmark,65536,8192,8192,0,0,True,17416.01,781.52,781.52,781.52,5.539
2026-05-13T18:29:24.353051+00:00,gpu3_benchmark,3,nocp_s8192_e8192,benchmark,131072,8192,8192,0,0,False,,,,,4.414
2026-05-13T18:29:28.767531+00:00,gpu3_benchmark,3,nocp_s8192_e4096,correctness,2048,8192,4096,0,0,True,,,,,6.960
2026-05-13T18:29:35.727561+00:00,gpu3_benchmark,3,nocp_s8192_e4096,benchmark,2048,8192,4096,0,0,True,3510.1,54.98,54.98,54.98,7.293
2026-05-13T18:29:35.727561+00:00,gpu3_benchmark,3,nocp_s8192_e4096,benchmark,8192,8192,4096,0,0,True,4428.77,129.7,129.7,129.7,7.293
2026-05-13T18:29:35.727561+00:00,gpu3_benchmark,3,nocp_s8192_e4096,benchmark,32768,8192,4096,0,0,True,9328.38,573.03,573.03,573.03,7.293
2026-05-13T18:29:43.021517+00:00,gpu3_benchmark,3,nocp_s8192_e4096,benchmark,65536,8192,4096,0,0,True,17416.01,1229.53,1229.53,1229.53,7.083
2026-05-13T18:29:50.104469+00:00,gpu3_benchmark,3,nocp_s8192_e4096,benchmark,131072,8192,4096,0,0,False,,,,,5.345
2026-05-13T18:29:55.449877+00:00,gpu3_benchmark,3,nocp_s4096_e4096,correctness,2048,4096,4096,0,0,True,,,,,7.216
2026-05-13T18:30:02.665911+00:00,gpu3_benchmark,3,nocp_s4096_e4096,benchmark,2048,4096,4096,0,0,True,3510.1,54.08,54.08,54.08,7.964
2026-05-13T18:30:02.665911+00:00,gpu3_benchmark,3,nocp_s4096_e4096,benchmark,8192,4096,4096,0,0,True,4428.77,137.53,137.53,137.53,7.964
2026-05-13T18:30:02.665911+00:00,gpu3_benchmark,3,nocp_s4096_e4096,benchmark,32768,4096,4096,0,0,True,9328.38,573.75,573.75,573.75,7.964
2026-05-13T18:30:10.630789+00:00,gpu3_benchmark,3,nocp_s4096_e4096,benchmark,65536,4096,4096,0,0,True,17416.01,1250.1,1250.1,1250.1,7.184
2026-05-13T18:30:17.815105+00:00,gpu3_benchmark,3,nocp_s4096_e4096,benchmark,131072,4096,4096,0,0,False,,,,,4.681
2026-05-13T18:30:22.496527+00:00,gpu3_benchmark,3,nocp_s4096_e2048,correctness,2048,4096,2048,0,0,True,,,,,6.458
2026-05-13T18:30:28.955052+00:00,gpu3_benchmark,3,nocp_s4096_e2048,benchmark,2048,4096,2048,0,0,True,3510.1,48.32,48.32,48.32,7.910
2026-05-13T18:30:28.955052+00:00,gpu3_benchmark,3,nocp_s4096_e2048,benchmark,8192,4096,2048,0,0,True,4525.78,203.06,203.06,203.06,7.910
2026-05-13T18:30:28.955052+00:00,gpu3_benchmark,3,nocp_s4096_e2048,benchmark,32768,4096,2048,0,0,True,9474.26,883.62,883.62,883.62,7.910
2026-05-13T18:30:36.865448+00:00,gpu3_benchmark,3,nocp_s4096_e2048,benchmark,65536,4096,2048,0,0,True,17708.01,1932.67,1932.67,1932.67,8.569
2026-05-13T18:30:45.435051+00:00,gpu3_benchmark,3,nocp_s4096_e2048,benchmark,131072,4096,2048,0,0,False,,,,,4.932
2026-05-13T18:30:50.367667+00:00,gpu3_benchmark,3,nocp_s2048_e2048,correctness,2048,2048,2048,0,0,True,,,,,7.052
2026-05-13T18:30:57.420151+00:00,gpu3_benchmark,3,nocp_s2048_e2048,benchmark,2048,2048,2048,0,0,True,3510.1,54.03,54.03,54.03,8.824
2026-05-13T18:30:57.420151+00:00,gpu3_benchmark,3,nocp_s2048_e2048,benchmark,8192,2048,2048,0,0,True,4526.78,233.81,233.81,233.81,8.824
2026-05-13T18:30:57.420151+00:00,gpu3_benchmark,3,nocp_s2048_e2048,benchmark,32768,2048,2048,0,0,True,9476.26,1012.12,1012.12,1012.12,8.824
2026-05-13T18:31:06.245077+00:00,gpu3_benchmark,3,nocp_s2048_e2048,benchmark,65536,2048,2048,0,0,True,17708.01,2223.8,2223.8,2223.8,9.255
2026-05-13T18:31:15.500187+00:00,gpu3_benchmark,3,nocp_s2048_e2048,benchmark,131072,2048,2048,0,0,False,,,,,4.432
2026-05-13T18:31:19.933155+00:00,gpu3_benchmark,3,ckpt_s8192_e8192,correctness,2048,8192,8192,1,0,True,,,,,7.345
2026-05-13T18:31:27.278392+00:00,gpu3_benchmark,3,ckpt_s8192_e8192,benchmark,2048,8192,8192,1,0,True,3432.23,56.14,56.14,56.14,7.534
2026-05-13T18:31:27.278392+00:00,gpu3_benchmark,3,ckpt_s8192_e8192,benchmark,8192,8192,8192,1,0,True,4012.63,91.53,91.53,91.53,7.534
2026-05-13T18:31:27.278392+00:00,gpu3_benchmark,3,ckpt_s8192_e8192,benchmark,32768,8192,8192,1,0,True,6814.85,388.54,388.54,388.54,7.534
2026-05-13T18:31:34.812930+00:00,gpu3_benchmark,3,ckpt_s8192_e8192,benchmark,65536,8192,8192,1,0,True,11272.01,863.86,863.86,863.86,6.699
2026-05-13T18:31:41.512110+00:00,gpu3_benchmark,3,ckpt_s8192_e8192,benchmark,131072,8192,8192,1,0,True,21303.26,1874.11,1874.11,1874.11,9.188
2026-05-13T18:31:50.700850+00:00,gpu3_benchmark,3,ckpt_s16384_e4096,correctness,2048,16384,4096,1,0,True,,,,,8.016
2026-05-13T18:31:58.716737+00:00,gpu3_benchmark,3,ckpt_s16384_e4096,benchmark,2048,16384,4096,1,0,True,3432.23,61.76,61.76,61.76,8.217
2026-05-13T18:31:58.716737+00:00,gpu3_benchmark,3,ckpt_s16384_e4096,benchmark,8192,16384,4096,1,0,True,4092.77,139.32,139.32,139.32,8.217
2026-05-13T18:31:58.716737+00:00,gpu3_benchmark,3,ckpt_s16384_e4096,benchmark,32768,16384,4096,1,0,True,6894.87,594.19,594.19,594.19,8.217
2026-05-13T18:32:06.934131+00:00,gpu3_benchmark,3,ckpt_s16384_e4096,benchmark,65536,16384,4096,1,0,True,11272.01,1292.33,1292.33,1292.33,8.214
2026-05-13T18:32:15.148448+00:00,gpu3_benchmark,3,ckpt_s16384_e4096,benchmark,131072,16384,4096,1,0,False,,,,,8.735
2026-05-13T18:32:23.883789+00:00,gpu3_benchmark,3,ckpt_s8192_e4096,correctness,2048,8192,4096,1,0,True,,,,,7.213
2026-05-13T18:32:31.097107+00:00,gpu3_benchmark,3,ckpt_s8192_e4096,benchmark,2048,8192,4096,1,0,True,3432.23,57.28,57.28,57.28,7.885
2026-05-13T18:32:31.097107+00:00,gpu3_benchmark,3,ckpt_s8192_e4096,benchmark,8192,8192,4096,1,0,True,4092.77,143.96,143.96,143.96,7.885
2026-05-13T18:32:31.097107+00:00,gpu3_benchmark,3,ckpt_s8192_e4096,benchmark,32768,8192,4096,1,0,True,6894.87,595.57,595.57,595.57,7.885
2026-05-13T18:32:38.982302+00:00,gpu3_benchmark,3,ckpt_s8192_e4096,benchmark,65536,8192,4096,1,0,True,11272.01,1297.21,1297.21,1297.21,7.344
2026-05-13T18:32:46.326388+00:00,gpu3_benchmark,3,ckpt_s8192_e4096,benchmark,131072,8192,4096,1,0,False,,,,,9.342
2026-05-13T18:32:55.669041+00:00,gpu3_benchmark,3,ckpt_s4096_e4096,correctness,2048,4096,4096,1,0,True,,,,,7.525
2026-05-13T18:33:03.194644+00:00,gpu3_benchmark,3,ckpt_s4096_e4096,benchmark,2048,4096,4096,1,0,True,3432.23,58.21,58.21,58.21,8.061
2026-05-13T18:33:03.194644+00:00,gpu3_benchmark,3,ckpt_s4096_e4096,benchmark,8192,4096,4096,1,0,True,4092.77,138.68,138.68,138.68,8.061
2026-05-13T18:33:03.194644+00:00,gpu3_benchmark,3,ckpt_s4096_e4096,benchmark,32768,4096,4096,1,0,True,6894.87,606.31,606.31,606.31,8.061
2026-05-13T18:33:11.256090+00:00,gpu3_benchmark,3,ckpt_s4096_e4096,benchmark,65536,4096,4096,1,0,True,11272.01,1319.37,1319.37,1319.37,7.800
2026-05-13T18:33:19.056119+00:00,gpu3_benchmark,3,ckpt_s4096_e4096,benchmark,131072,4096,4096,1,0,False,,,,,8.981
2026-05-13T18:33:28.038031+00:00,gpu3_benchmark,3,ckpt_s8192_e2048,correctness,2048,8192,2048,1,0,True,,,,,7.608
2026-05-13T18:33:35.646568+00:00,gpu3_benchmark,3,ckpt_s8192_e2048,benchmark,2048,8192,2048,1,0,True,3432.23,57.37,57.37,57.37,9.000
2026-05-13T18:33:35.646568+00:00,gpu3_benchmark,3,ckpt_s8192_e2048,benchmark,8192,8192,2048,1,0,True,4132.78,239.4,239.4,239.4,9.000
2026-05-13T18:33:35.646568+00:00,gpu3_benchmark,3,ckpt_s8192_e2048,benchmark,32768,8192,2048,1,0,True,6934.88,1037.27,1037.27,1037.27,9.000
2026-05-13T18:33:44.646981+00:00,gpu3_benchmark,3,ckpt_s8192_e2048,benchmark,65536,8192,2048,1,0,True,11272.01,2332.91,2332.91,2332.91,9.704
2026-05-13T18:33:54.351555+00:00,gpu3_benchmark,3,ckpt_s8192_e2048,benchmark,131072,8192,2048,1,0,False,,,,,5.461
2026-05-13T18:33:59.813309+00:00,gpu3_benchmark,3,ckpt_s4096_e2048,correctness,2048,4096,2048,1,0,True,,,,,7.345
2026-05-13T18:34:07.158943+00:00,gpu3_benchmark,3,ckpt_s4096_e2048,benchmark,2048,4096,2048,1,0,True,3432.23,60.82,60.82,60.82,9.649
2026-05-13T18:34:07.158943+00:00,gpu3_benchmark,3,ckpt_s4096_e2048,benchmark,8192,4096,2048,1,0,True,4132.78,245.47,245.47,245.47,9.649
2026-05-13T18:34:07.158943+00:00,gpu3_benchmark,3,ckpt_s4096_e2048,benchmark,32768,4096,2048,1,0,True,6934.88,1042.08,1042.08,1042.08,9.649
2026-05-13T18:34:16.808538+00:00,gpu3_benchmark,3,ckpt_s4096_e2048,benchmark,65536,4096,2048,1,0,True,11272.01,2286.79,2286.79,2286.79,9.891
2026-05-13T18:34:26.699543+00:00,gpu3_benchmark,3,ckpt_s4096_e2048,benchmark,131072,4096,2048,1,0,False,,,,,6.036
2026-05-13T18:34:32.735827+00:00,gpu3_benchmark,3,ckpt_s2048_e2048,correctness,2048,2048,2048,1,0,True,,,,,7.583
2026-05-13T18:34:40.318870+00:00,gpu3_benchmark,3,ckpt_s2048_e2048,benchmark,2048,2048,2048,1,0,True,3432.23,61.41,61.41,61.41,9.213
2026-05-13T18:34:40.318870+00:00,gpu3_benchmark,3,ckpt_s2048_e2048,benchmark,8192,2048,2048,1,0,True,4132.78,244.04,244.04,244.04,9.213
2026-05-13T18:34:40.318870+00:00,gpu3_benchmark,3,ckpt_s2048_e2048,benchmark,32768,2048,2048,1,0,True,6934.88,1067.36,1067.36,1067.36,9.213
2026-05-13T18:34:49.532812+00:00,gpu3_benchmark,3,ckpt_s2048_e2048,benchmark,65536,2048,2048,1,0,True,11272.01,2297.27,2297.27,2297.27,9.720
2026-05-13T18:34:59.253469+00:00,gpu3_benchmark,3,ckpt_s2048_e2048,benchmark,131072,2048,2048,1,0,False,,,,,5.843
2026-05-13T18:35:05.097415+00:00,gpu3_benchmark,3,ckpt_s4096_e1024,correctness,2048,4096,1024,1,0,True,,,,,7.517
2026-05-13T18:35:12.614427+00:00,gpu3_benchmark,3,ckpt_s4096_e1024,benchmark,2048,4096,1024,1,0,True,3453.26,233.06,233.06,233.06,12.037
2026-05-13T18:35:12.614427+00:00,gpu3_benchmark,3,ckpt_s4096_e1024,benchmark,8192,4096,1024,1,0,True,4153.79,469.48,469.48,469.48,12.037
2026-05-13T18:35:12.614427+00:00,gpu3_benchmark,3,ckpt_s4096_e1024,benchmark,32768,4096,1024,1,0,True,6955.88,1947.9,1947.9,1947.9,12.037
2026-05-13T18:35:24.652241+00:00,gpu3_benchmark,3,ckpt_s4096_e1024,benchmark,65536,4096,1024,1,0,True,11272.51,4205.61,4205.61,4205.61,13.108
2026-05-13T18:35:37.760948+00:00,gpu3_benchmark,3,ckpt_s4096_e1024,benchmark,131072,4096,1024,1,0,True,21314.76,9982.33,9982.33,9982.33,25.037
2026-05-13T18:36:02.798124+00:00,gpu3_benchmark,3,ckpt_s2048_e1024,correctness,2048,2048,1024,1,0,True,,,,,7.531
2026-05-13T18:36:10.329534+00:00,gpu3_benchmark,3,ckpt_s2048_e1024,benchmark,2048,2048,1024,1,0,True,3453.26,221.89,221.89,221.89,11.851
2026-05-13T18:36:10.329534+00:00,gpu3_benchmark,3,ckpt_s2048_e1024,benchmark,8192,2048,1024,1,0,True,4153.79,442.31,442.31,442.31,11.851
2026-05-13T18:36:10.329534+00:00,gpu3_benchmark,3,ckpt_s2048_e1024,benchmark,32768,2048,1024,1,0,True,6955.88,1955.29,1955.29,1955.29,11.851
2026-05-13T18:36:22.180975+00:00,gpu3_benchmark,3,ckpt_s2048_e1024,benchmark,65536,2048,1024,1,0,True,11272.51,4252.7,4252.7,4252.7,13.411
2026-05-13T18:36:35.592365+00:00,gpu3_benchmark,3,ckpt_s2048_e1024,benchmark,131072,2048,1024,1,0,False,,,,,16.342
2026-05-13T18:36:51.934742+00:00,gpu3_benchmark,3,ckpt_s1024_e1024,correctness,2048,1024,1024,1,0,True,,,,,7.612
2026-05-13T18:36:59.547343+00:00,gpu3_benchmark,3,ckpt_s1024_e1024,benchmark,2048,1024,1024,1,0,True,3452.26,112.32,112.32,112.32,11.441
2026-05-13T18:36:59.547343+00:00,gpu3_benchmark,3,ckpt_s1024_e1024,benchmark,8192,1024,1024,1,0,True,4152.79,442.94,442.94,442.94,11.441
2026-05-13T18:36:59.547343+00:00,gpu3_benchmark,3,ckpt_s1024_e1024,benchmark,32768,1024,1024,1,0,True,6954.88,1983.03,1983.03,1983.03,11.441
2026-05-13T18:37:10.988278+00:00,gpu3_benchmark,3,ckpt_s1024_e1024,benchmark,65536,1024,1024,1,0,True,11272.01,4385.47,4385.47,4385.47,13.848
2026-05-13T18:37:24.836472+00:00,gpu3_benchmark,3,ckpt_s1024_e1024,benchmark,131072,1024,1024,1,0,False,,,,,16.105
2026-05-13T18:37:40.942000+00:00,gpu3_benchmark,3,nocp_s8192_e8192,correctness,2048,8192,8192,0,0,True,,,,,6.699
2026-05-13T18:37:47.641172+00:00,gpu3_benchmark,3,nocp_s8192_e8192,benchmark,2048,8192,8192,0,0,True,3510.1,54.18,54.18,54.18,6.829
2026-05-13T18:37:47.641172+00:00,gpu3_benchmark,3,nocp_s8192_e8192,benchmark,8192,8192,8192,0,0,True,4300.63,79.64,79.64,79.64,6.829
2026-05-13T18:37:47.641172+00:00,gpu3_benchmark,3,nocp_s8192_e8192,benchmark,32768,8192,8192,0,0,True,9328.38,381.11,381.11,381.11,6.829
2026-05-13T18:37:54.470970+00:00,gpu3_benchmark,3,nocp_s8192_e8192,benchmark,65536,8192,8192,0,0,True,17416.01,779.25,779.25,779.25,5.898
2026-05-13T18:38:00.369529+00:00,gpu3_benchmark,3,nocp_s8192_e8192,benchmark,131072,8192,8192,0,0,False,,,,,4.657
2026-05-13T18:38:05.026968+00:00,gpu3_benchmark,3,nocp_s8192_e4096,correctness,2048,8192,4096,0,0,True,,,,,6.625
2026-05-13T18:38:11.652549+00:00,gpu3_benchmark,3,nocp_s8192_e4096,benchmark,2048,8192,4096,0,0,True,3510.1,58.33,58.33,58.33,7.308
2026-05-13T18:38:11.652549+00:00,gpu3_benchmark,3,nocp_s8192_e4096,benchmark,8192,8192,4096,0,0,True,4428.77,131.13,131.13,131.13,7.308
2026-05-13T18:38:11.652549+00:00,gpu3_benchmark,3,nocp_s8192_e4096,benchmark,32768,8192,4096,0,0,True,9328.38,570.84,570.84,570.84,7.308
2026-05-13T18:38:18.960857+00:00,gpu3_benchmark,3,nocp_s8192_e4096,benchmark,65536,8192,4096,0,0,True,17416.01,1251.21,1251.21,1251.21,7.150
2026-05-13T18:38:26.110691+00:00,gpu3_benchmark,3,nocp_s8192_e4096,benchmark,131072,8192,4096,0,0,False,,,,,4.396
2026-05-13T18:38:30.507318+00:00,gpu3_benchmark,3,nocp_s4096_e4096,correctness,2048,4096,4096,0,0,True,,,,,7.008
2026-05-13T18:38:37.515689+00:00,gpu3_benchmark,3,nocp_s4096_e4096,benchmark,2048,4096,4096,0,0,True,3510.1,55.77,55.77,55.77,7.688
2026-05-13T18:38:37.515689+00:00,gpu3_benchmark,3,nocp_s4096_e4096,benchmark,8192,4096,4096,0,0,True,4428.77,129.11,129.11,129.11,7.688
2026-05-13T18:38:37.515689+00:00,gpu3_benchmark,3,nocp_s4096_e4096,benchmark,32768,4096,4096,0,0,True,9328.38,575.18,575.18,575.18,7.688
2026-05-13T18:38:45.203738+00:00,gpu3_benchmark,3,nocp_s4096_e4096,benchmark,65536,4096,4096,0,0,True,17416.01,1296.49,1296.49,1296.49,6.718
2026-05-13T18:38:51.922370+00:00,gpu3_benchmark,3,nocp_s4096_e4096,benchmark,131072,4096,4096,0,0,False,,,,,4.378
2026-05-13T18:38:56.301270+00:00,gpu3_benchmark,3,nocp_s4096_e2048,correctness,2048,4096,2048,0,0,True,,,,,6.791
2026-05-13T18:39:03.092887+00:00,gpu3_benchmark,3,nocp_s4096_e2048,benchmark,2048,4096,2048,0,0,True,3510.1,53.98,53.98,53.98,8.736
2026-05-13T18:39:03.092887+00:00,gpu3_benchmark,3,nocp_s4096_e2048,benchmark,8192,4096,2048,0,0,True,4525.78,225.0,225.0,225.0,8.736
2026-05-13T18:39:03.092887+00:00,gpu3_benchmark,3,nocp_s4096_e2048,benchmark,32768,4096,2048,0,0,True,9474.26,1001.36,1001.36,1001.36,8.736
2026-05-13T18:39:11.829785+00:00,gpu3_benchmark,3,nocp_s4096_e2048,benchmark,65536,4096,2048,0,0,True,17708.01,2205.57,2205.57,2205.57,9.127
2026-05-13T18:39:20.957474+00:00,gpu3_benchmark,3,nocp_s4096_e2048,benchmark,131072,4096,2048,0,0,False,,,,,5.113
2026-05-13T18:39:26.071079+00:00,gpu3_benchmark,3,nocp_s2048_e2048,correctness,2048,2048,2048,0,0,True,,,,,7.057
2026-05-13T18:39:33.128992+00:00,gpu3_benchmark,3,nocp_s2048_e2048,benchmark,2048,2048,2048,0,0,True,3510.1,54.49,54.49,54.49,9.025
2026-05-13T18:39:33.128992+00:00,gpu3_benchmark,3,nocp_s2048_e2048,benchmark,8192,2048,2048,0,0,True,4526.78,225.09,225.09,225.09,9.025
2026-05-13T18:39:33.128992+00:00,gpu3_benchmark,3,nocp_s2048_e2048,benchmark,32768,2048,2048,0,0,True,9476.26,1023.04,1023.04,1023.04,9.025
2026-05-13T18:39:42.154492+00:00,gpu3_benchmark,3,nocp_s2048_e2048,benchmark,65536,2048,2048,0,0,True,17708.01,2212.81,2212.81,2212.81,9.177
2026-05-13T18:39:51.332310+00:00,gpu3_benchmark,3,nocp_s2048_e2048,benchmark,131072,2048,2048,0,0,False,,,,,4.879
2026-05-13T18:39:56.212212+00:00,gpu3_benchmark,3,ckpt_s8192_e8192,correctness,2048,8192,8192,1,0,True,,,,,7.195
2026-05-13T18:40:03.407724+00:00,gpu3_benchmark,3,ckpt_s8192_e8192,benchmark,2048,8192,8192,1,0,True,3432.23,55.64,55.64,55.64,8.444
2026-05-13T18:40:03.407724+00:00,gpu3_benchmark,3,ckpt_s8192_e8192,benchmark,8192,8192,8192,1,0,True,4012.63,88.91,88.91,88.91,8.444
2026-05-13T18:40:03.407724+00:00,gpu3_benchmark,3,ckpt_s8192_e8192,benchmark,32768,8192,8192,1,0,True,6814.85,389.2,389.2,389.2,8.444
2026-05-13T18:40:11.851680+00:00,gpu3_benchmark,3,ckpt_s8192_e8192,benchmark,65536,8192,8192,1,0,True,11272.01,831.13,831.13,831.13,7.340
2026-05-13T18:40:19.192430+00:00,gpu3_benchmark,3,ckpt_s8192_e8192,benchmark,131072,8192,8192,1,0,True,21303.26,1860.27,1860.27,1860.27,9.366
2026-05-13T18:40:28.558521+00:00,gpu3_benchmark,3,ckpt_s16384_e4096,correctness,2048,16384,4096,1,0,True,,,,,7.579
2026-05-13T18:40:36.137523+00:00,gpu3_benchmark,3,ckpt_s16384_e4096,benchmark,2048,16384,4096,1,0,True,3432.23,56.71,56.71,56.71,8.694
2026-05-13T18:40:36.137523+00:00,gpu3_benchmark,3,ckpt_s16384_e4096,benchmark,8192,16384,4096,1,0,True,4092.77,140.52,140.52,140.52,8.694
2026-05-13T18:40:36.137523+00:00,gpu3_benchmark,3,ckpt_s16384_e4096,benchmark,32768,16384,4096,1,0,True,6894.87,593.83,593.83,593.83,8.694
2026-05-13T18:40:44.832058+00:00,gpu3_benchmark,3,ckpt_s16384_e4096,benchmark,65536,16384,4096,1,0,True,11272.01,1306.47,1306.47,1306.47,7.874
2026-05-13T18:40:52.706298+00:00,gpu3_benchmark,3,ckpt_s16384_e4096,benchmark,131072,16384,4096,1,0,False,,,,,8.165
2026-05-13T18:41:00.871891+00:00,gpu3_benchmark,3,ckpt_s8192_e4096,correctness,2048,8192,4096,1,0,True,,,,,7.219
2026-05-13T18:41:08.090968+00:00,gpu3_benchmark,3,ckpt_s8192_e4096,benchmark,2048,8192,4096,1,0,True,3432.23,53.88,53.88,53.88,8.039
2026-05-13T18:41:08.090968+00:00,gpu3_benchmark,3,ckpt_s8192_e4096,benchmark,8192,8192,4096,1,0,True,4092.77,123.75,123.75,123.75,8.039
2026-05-13T18:41:08.090968+00:00,gpu3_benchmark,3,ckpt_s8192_e4096,benchmark,32768,8192,4096,1,0,True,6894.87,533.96,533.96,533.96,8.039
2026-05-13T18:41:16.129989+00:00,gpu3_benchmark,3,ckpt_s8192_e4096,benchmark,65536,8192,4096,1,0,True,11272.01,1299.54,1299.54,1299.54,7.840
2026-05-13T18:41:23.969927+00:00,gpu3_benchmark,3,ckpt_s8192_e4096,benchmark,131072,8192,4096,1,0,False,,,,,9.171
2026-05-13T18:41:33.141164+00:00,gpu3_benchmark,3,ckpt_s4096_e4096,correctness,2048,4096,4096,1,0,True,,,,,7.995
2026-05-13T18:41:41.136547+00:00,gpu3_benchmark,3,ckpt_s4096_e4096,benchmark,2048,4096,4096,1,0,True,3432.23,60.5,60.5,60.5,8.431
2026-05-13T18:41:41.136547+00:00,gpu3_benchmark,3,ckpt_s4096_e4096,benchmark,8192,4096,4096,1,0,True,4092.77,137.52,137.52,137.52,8.431
2026-05-13T18:41:41.136547+00:00,gpu3_benchmark,3,ckpt_s4096_e4096,benchmark,32768,4096,4096,1,0,True,6894.87,615.06,615.06,615.06,8.431
2026-05-13T18:41:49.568374+00:00,gpu3_benchmark,3,ckpt_s4096_e4096,benchmark,65536,4096,4096,1,0,True,11272.01,1359.02,1359.02,1359.02,7.768
2026-05-13T18:41:57.336512+00:00,gpu3_benchmark,3,ckpt_s4096_e4096,benchmark,131072,4096,4096,1,0,False,,,,,9.014
2026-05-13T18:42:06.351216+00:00,gpu3_benchmark,3,ckpt_s8192_e2048,correctness,2048,8192,2048,1,0,True,,,,,7.446
2026-05-13T18:42:13.797338+00:00,gpu3_benchmark,3,ckpt_s8192_e2048,benchmark,2048,8192,2048,1,0,True,3432.23,62.43,62.43,62.43,9.434
2026-05-13T18:42:13.797338+00:00,gpu3_benchmark,3,ckpt_s8192_e2048,benchmark,8192,8192,2048,1,0,True,4132.78,243.19,243.19,243.19,9.434
2026-05-13T18:42:13.797338+00:00,gpu3_benchmark,3,ckpt_s8192_e2048,benchmark,32768,8192,2048,1,0,True,6934.88,1036.17,1036.17,1036.17,9.434
2026-05-13T18:42:23.231554+00:00,gpu3_benchmark,3,ckpt_s8192_e2048,benchmark,65536,8192,2048,1,0,True,11272.01,2265.46,2265.46,2265.46,9.934
2026-05-13T18:42:33.165748+00:00,gpu3_benchmark,3,ckpt_s8192_e2048,benchmark,131072,8192,2048,1,0,False,,,,,5.584
2026-05-13T18:42:38.750127+00:00,gpu3_benchmark,3,ckpt_s4096_e2048,correctness,2048,4096,2048,1,0,True,,,,,7.140
2026-05-13T18:42:45.890350+00:00,gpu3_benchmark,3,ckpt_s4096_e2048,benchmark,2048,4096,2048,1,0,True,3432.23,61.55,61.55,61.55,9.127
2026-05-13T18:42:45.890350+00:00,gpu3_benchmark,3,ckpt_s4096_e2048,benchmark,8192,4096,2048,1,0,True,4132.78,243.2,243.2,243.2,9.127
2026-05-13T18:42:45.890350+00:00,gpu3_benchmark,3,ckpt_s4096_e2048,benchmark,32768,4096,2048,1,0,True,6934.88,1040.78,1040.78,1040.78,9.127
2026-05-13T18:42:55.017599+00:00,gpu3_benchmark,3,ckpt_s4096_e2048,benchmark,65536,4096,2048,1,0,True,11272.01,2324.35,2324.35,2324.35,10.237
2026-05-13T18:43:05.255168+00:00,gpu3_benchmark,3,ckpt_s4096_e2048,benchmark,131072,4096,2048,1,0,False,,,,,5.942
2026-05-13T18:43:11.197936+00:00,gpu3_benchmark,3,ckpt_s2048_e2048,correctness,2048,2048,2048,1,0,True,,,,,7.682
2026-05-13T18:43:18.880520+00:00,gpu3_benchmark,3,ckpt_s2048_e2048,benchmark,2048,2048,2048,1,0,True,3432.23,58.9,58.9,58.9,8.551
2026-05-13T18:43:18.880520+00:00,gpu3_benchmark,3,ckpt_s2048_e2048,benchmark,8192,2048,2048,1,0,True,4132.78,242.23,242.23,242.23,8.551
2026-05-13T18:43:18.880520+00:00,gpu3_benchmark,3,ckpt_s2048_e2048,benchmark,32768,2048,2048,1,0,True,6934.88,1052.48,1052.48,1052.48,8.551
2026-05-13T18:43:27.431922+00:00,gpu3_benchmark,3,ckpt_s2048_e2048,benchmark,65536,2048,2048,1,0,True,11272.01,2347.37,2347.37,2347.37,10.226
2026-05-13T18:43:37.658378+00:00,gpu3_benchmark,3,ckpt_s2048_e2048,benchmark,131072,2048,2048,1,0,False,,,,,5.803
2026-05-13T18:43:43.462393+00:00,gpu3_benchmark,3,ckpt_s4096_e1024,correctness,2048,4096,1024,1,0,True,,,,,7.876
2026-05-13T18:43:51.338765+00:00,gpu3_benchmark,3,ckpt_s4096_e1024,benchmark,2048,4096,1024,1,0,True,3453.26,227.93,227.93,227.93,11.357
2026-05-13T18:43:51.338765+00:00,gpu3_benchmark,3,ckpt_s4096_e1024,benchmark,8192,4096,1024,1,0,True,4153.79,441.54,441.54,441.54,11.357
2026-05-13T18:43:51.338765+00:00,gpu3_benchmark,3,ckpt_s4096_e1024,benchmark,32768,4096,1024,1,0,True,6955.88,1950.97,1950.97,1950.97,11.357
2026-05-13T18:44:02.696090+00:00,gpu3_benchmark,3,ckpt_s4096_e1024,benchmark,65536,4096,1024,1,0,True,11272.51,4285.03,4285.03,4285.03,13.574
2026-05-13T18:44:16.270378+00:00,gpu3_benchmark,3,ckpt_s4096_e1024,benchmark,131072,4096,1024,1,0,True,21314.76,9995.15,9995.15,9995.15,25.752
2026-05-13T18:44:42.022860+00:00,gpu3_benchmark,3,ckpt_s2048_e1024,correctness,2048,2048,1024,1,0,True,,,,,7.613
2026-05-13T18:44:49.636387+00:00,gpu3_benchmark,3,ckpt_s2048_e1024,benchmark,2048,2048,1024,1,0,True,3453.26,218.06,218.06,218.06,11.571
2026-05-13T18:44:49.636387+00:00,gpu3_benchmark,3,ckpt_s2048_e1024,benchmark,8192,2048,1024,1,0,True,4153.79,455.84,455.84,455.84,11.571
2026-05-13T18:44:49.636387+00:00,gpu3_benchmark,3,ckpt_s2048_e1024,benchmark,32768,2048,1024,1,0,True,6955.88,1960.23,1960.23,1960.23,11.571
2026-05-13T18:45:01.207601+00:00,gpu3_benchmark,3,ckpt_s2048_e1024,benchmark,65536,2048,1024,1,0,True,11272.51,4231.8,4231.8,4231.8,13.887
2026-05-13T18:45:15.094567+00:00,gpu3_benchmark,3,ckpt_s2048_e1024,benchmark,131072,2048,1024,1,0,False,,,,,16.511
2026-05-13T18:45:31.606438+00:00,gpu3_benchmark,3,ckpt_s1024_e1024,correctness,2048,1024,1024,1,0,True,,,,,7.847
2026-05-13T18:45:39.454148+00:00,gpu3_benchmark,3,ckpt_s1024_e1024,benchmark,2048,1024,1024,1,0,True,3452.26,106.83,106.83,106.83,11.132
2026-05-13T18:45:39.454148+00:00,gpu3_benchmark,3,ckpt_s1024_e1024,benchmark,8192,1024,1024,1,0,True,4152.79,442.41,442.41,442.41,11.132
2026-05-13T18:45:39.454148+00:00,gpu3_benchmark,3,ckpt_s1024_e1024,benchmark,32768,1024,1024,1,0,True,6954.88,2049.65,2049.65,2049.65,11.132
2026-05-13T18:45:50.586323+00:00,gpu3_benchmark,3,ckpt_s1024_e1024,benchmark,65536,1024,1024,1,0,True,11272.01,4421.27,4421.27,4421.27,13.855
2026-05-13T18:46:04.441721+00:00,gpu3_benchmark,3,ckpt_s1024_e1024,benchmark,131072,1024,1024,1,0,False,,,,,17.001
2026-05-13T18:46:21.443565+00:00,gpu3_benchmark,3,nocp_s8192_e8192,correctness,2048,8192,8192,0,0,True,,,,,6.999
2026-05-13T18:46:28.443406+00:00,gpu3_benchmark,3,nocp_s8192_e8192,benchmark,2048,8192,8192,0,0,True,3510.1,56.42,56.42,56.42,7.122
2026-05-13T18:46:28.443406+00:00,gpu3_benchmark,3,nocp_s8192_e8192,benchmark,8192,8192,8192,0,0,True,4300.63,79.82,79.82,79.82,7.122
2026-05-13T18:46:28.443406+00:00,gpu3_benchmark,3,nocp_s8192_e8192,benchmark,32768,8192,8192,0,0,True,9328.38,376.5,376.5,376.5,7.122
2026-05-13T18:46:35.565514+00:00,gpu3_benchmark,3,nocp_s8192_e8192,benchmark,65536,8192,8192,0,0,True,17416.01,783.96,783.96,783.96,6.170
2026-05-13T18:46:41.736116+00:00,gpu3_benchmark,3,nocp_s8192_e8192,benchmark,131072,8192,8192,0,0,False,,,,,4.633
2026-05-13T18:46:46.369897+00:00,gpu3_benchmark,3,nocp_s8192_e4096,correctness,2048,8192,4096,0,0,True,,,,,6.613
2026-05-13T18:46:52.983133+00:00,gpu3_benchmark,3,nocp_s8192_e4096,benchmark,2048,8192,4096,0,0,True,3510.1,55.47,55.47,55.47,7.036
2026-05-13T18:46:52.983133+00:00,gpu3_benchmark,3,nocp_s8192_e4096,benchmark,8192,8192,4096,0,0,True,4428.77,134.72,134.72,134.72,7.036
2026-05-13T18:46:52.983133+00:00,gpu3_benchmark,3,nocp_s8192_e4096,benchmark,32768,8192,4096,0,0,True,9328.38,574.04,574.04,574.04,7.036
2026-05-13T18:47:00.019670+00:00,gpu3_benchmark,3,nocp_s8192_e4096,benchmark,65536,8192,4096,0,0,True,17416.01,1239.88,1239.88,1239.88,6.387
2026-05-13T18:47:06.406881+00:00,gpu3_benchmark,3,nocp_s8192_e4096,benchmark,131072,8192,4096,0,0,False,,,,,4.381
2026-05-13T18:47:10.788641+00:00,gpu3_benchmark,3,nocp_s4096_e4096,correctness,2048,4096,4096,0,0,True,,,,,7.095
2026-05-13T18:47:17.884311+00:00,gpu3_benchmark,3,nocp_s4096_e4096,benchmark,2048,4096,4096,0,0,True,3510.1,55.45,55.45,55.45,7.512
2026-05-13T18:47:17.884311+00:00,gpu3_benchmark,3,nocp_s4096_e4096,benchmark,8192,4096,4096,0,0,True,4428.77,140.28,140.28,140.28,7.512
2026-05-13T18:47:17.884311+00:00,gpu3_benchmark,3,nocp_s4096_e4096,benchmark,32768,4096,4096,0,0,True,9328.38,576.59,576.59,576.59,7.512
2026-05-13T18:47:25.396356+00:00,gpu3_benchmark,3,nocp_s4096_e4096,benchmark,65536,4096,4096,0,0,True,17416.01,1262.62,1262.62,1262.62,7.022
2026-05-13T18:47:32.418839+00:00,gpu3_benchmark,3,nocp_s4096_e4096,benchmark,131072,4096,4096,0,0,False,,,,,4.632
2026-05-13T18:47:37.051615+00:00,gpu3_benchmark,3,nocp_s4096_e2048,correctness,2048,4096,2048,0,0,True,,,,,7.170
2026-05-13T18:47:44.221816+00:00,gpu3_benchmark,3,nocp_s4096_e2048,benchmark,2048,4096,2048,0,0,True,3510.1,57.69,57.69,57.69,8.659
2026-05-13T18:47:44.221816+00:00,gpu3_benchmark,3,nocp_s4096_e2048,benchmark,8192,4096,2048,0,0,True,4525.78,225.39,225.39,225.39,8.659
2026-05-13T18:47:44.221816+00:00,gpu3_benchmark,3,nocp_s4096_e2048,benchmark,32768,4096,2048,0,0,True,9474.26,1005.26,1005.26,1005.26,8.659
2026-05-13T18:47:52.881018+00:00,gpu3_benchmark,3,nocp_s4096_e2048,benchmark,65536,4096,2048,0,0,True,17708.01,2184.89,2184.89,2184.89,9.177
2026-05-13T18:48:02.058431+00:00,gpu3_benchmark,3,nocp_s4096_e2048,benchmark,131072,4096,2048,0,0,False,,,,,4.611
2026-05-13T18:48:06.669600+00:00,gpu3_benchmark,3,nocp_s2048_e2048,correctness,2048,2048,2048,0,0,True,,,,,7.039
2026-05-13T18:48:13.708624+00:00,gpu3_benchmark,3,nocp_s2048_e2048,benchmark,2048,2048,2048,0,0,True,3510.1,55.83,55.83,55.83,8.389
2026-05-13T18:48:13.708624+00:00,gpu3_benchmark,3,nocp_s2048_e2048,benchmark,8192,2048,2048,0,0,True,4526.78,225.15,225.15,225.15,8.389
2026-05-13T18:48:13.708624+00:00,gpu3_benchmark,3,nocp_s2048_e2048,benchmark,32768,2048,2048,0,0,True,9476.26,1026.69,1026.69,1026.69,8.389
2026-05-13T18:48:22.097575+00:00,gpu3_benchmark,3,nocp_s2048_e2048,benchmark,65536,2048,2048,0,0,True,17708.01,2220.58,2220.58,2220.58,8.838
2026-05-13T18:48:30.935522+00:00,gpu3_benchmark,3,nocp_s2048_e2048,benchmark,131072,2048,2048,0,0,False,,,,,4.897
2026-05-13T18:48:35.832794+00:00,gpu3_benchmark,3,ckpt_s8192_e8192,correctness,2048,8192,8192,1,0,True,,,,,7.199
2026-05-13T18:48:43.031978+00:00,gpu3_benchmark,3,ckpt_s8192_e8192,benchmark,2048,8192,8192,1,0,True,3432.23,61.31,61.31,61.31,7.575
2026-05-13T18:48:43.031978+00:00,gpu3_benchmark,3,ckpt_s8192_e8192,benchmark,8192,8192,8192,1,0,True,4012.63,89.59,89.59,89.59,7.575
2026-05-13T18:48:43.031978+00:00,gpu3_benchmark,3,ckpt_s8192_e8192,benchmark,32768,8192,8192,1,0,True,6814.85,392.39,392.39,392.39,7.575
2026-05-13T18:48:50.607388+00:00,gpu3_benchmark,3,ckpt_s8192_e8192,benchmark,65536,8192,8192,1,0,True,11272.01,844.97,844.97,844.97,6.665
2026-05-13T18:48:57.272766+00:00,gpu3_benchmark,3,ckpt_s8192_e8192,benchmark,131072,8192,8192,1,0,True,21303.26,1870.65,1870.65,1870.65,8.939
2026-05-13T18:49:06.212389+00:00,gpu3_benchmark,3,ckpt_s16384_e4096,correctness,2048,16384,4096,1,0,True,,,,,7.020
2026-05-13T18:49:13.232839+00:00,gpu3_benchmark,3,ckpt_s16384_e4096,benchmark,2048,16384,4096,1,0,True,3432.23,59.78,59.78,59.78,7.876
2026-05-13T18:49:13.232839+00:00,gpu3_benchmark,3,ckpt_s16384_e4096,benchmark,8192,16384,4096,1,0,True,4092.77,139.86,139.86,139.86,7.876
2026-05-13T18:49:13.232839+00:00,gpu3_benchmark,3,ckpt_s16384_e4096,benchmark,32768,16384,4096,1,0,True,6894.87,592.2,592.2,592.2,7.876
2026-05-13T18:49:21.109333+00:00,gpu3_benchmark,3,ckpt_s16384_e4096,benchmark,65536,16384,4096,1,0,True,11272.01,1296.75,1296.75,1296.75,7.757
2026-05-13T18:49:28.866573+00:00,gpu3_benchmark,3,ckpt_s16384_e4096,benchmark,131072,16384,4096,1,0,False,,,,,8.695
2026-05-13T18:49:37.561665+00:00,gpu3_benchmark,3,ckpt_s8192_e4096,correctness,2048,8192,4096,1,0,True,,,,,7.987
2026-05-13T18:49:45.549463+00:00,gpu3_benchmark,3,ckpt_s8192_e4096,benchmark,2048,8192,4096,1,0,True,3432.23,59.64,59.64,59.64,8.107
2026-05-13T18:49:45.549463+00:00,gpu3_benchmark,3,ckpt_s8192_e4096,benchmark,8192,8192,4096,1,0,True,4092.77,140.79,140.79,140.79,8.107
2026-05-13T18:49:45.549463+00:00,gpu3_benchmark,3,ckpt_s8192_e4096,benchmark,32768,8192,4096,1,0,True,6894.87,595.28,595.28,595.28,8.107
2026-05-13T18:49:53.657355+00:00,gpu3_benchmark,3,ckpt_s8192_e4096,benchmark,65536,8192,4096,1,0,True,11272.01,1299.54,1299.54,1299.54,8.344
2026-05-13T18:50:02.001363+00:00,gpu3_benchmark,3,ckpt_s8192_e4096,benchmark,131072,8192,4096,1,0,False,,,,,8.892
2026-05-13T18:50:10.893671+00:00,gpu3_benchmark,3,ckpt_s4096_e4096,correctness,2048,4096,4096,1,0,True,,,,,7.711
2026-05-13T18:50:18.605203+00:00,gpu3_benchmark,3,ckpt_s4096_e4096,benchmark,2048,4096,4096,1,0,True,3432.23,56.99,56.99,56.99,8.302
2026-05-13T18:50:18.605203+00:00,gpu3_benchmark,3,ckpt_s4096_e4096,benchmark,8192,4096,4096,1,0,True,4092.77,136.66,136.66,136.66,8.302
2026-05-13T18:50:18.605203+00:00,gpu3_benchmark,3,ckpt_s4096_e4096,benchmark,32768,4096,4096,1,0,True,6894.87,602.81,602.81,602.81,8.302
2026-05-13T18:50:26.907880+00:00,gpu3_benchmark,3,ckpt_s4096_e4096,benchmark,65536,4096,4096,1,0,True,11272.01,1332.05,1332.05,1332.05,7.857
2026-05-13T18:50:34.765530+00:00,gpu3_benchmark,3,ckpt_s4096_e4096,benchmark,131072,4096,4096,1,0,False,,,,,8.906
2026-05-13T18:50:43.672507+00:00,gpu3_benchmark,3,ckpt_s8192_e2048,correctness,2048,8192,2048,1,0,True,,,,,8.375
2026-05-13T18:50:52.048087+00:00,gpu3_benchmark,3,ckpt_s8192_e2048,benchmark,2048,8192,2048,1,0,True,3432.23,57.57,57.57,57.57,9.990
2026-05-13T18:50:52.048087+00:00,gpu3_benchmark,3,ckpt_s8192_e2048,benchmark,8192,8192,2048,1,0,True,4132.78,239.5,239.5,239.5,9.990
2026-05-13T18:50:52.048087+00:00,gpu3_benchmark,3,ckpt_s8192_e2048,benchmark,32768,8192,2048,1,0,True,6934.88,1026.86,1026.86,1026.86,9.990
2026-05-13T18:51:02.038513+00:00,gpu3_benchmark,3,ckpt_s8192_e2048,benchmark,65536,8192,2048,1,0,True,11272.01,2289.01,2289.01,2289.01,10.035
2026-05-13T18:51:12.073714+00:00,gpu3_benchmark,3,ckpt_s8192_e2048,benchmark,131072,8192,2048,1,0,False,,,,,6.326
2026-05-13T18:51:18.399840+00:00,gpu3_benchmark,3,ckpt_s4096_e2048,correctness,2048,4096,2048,1,0,True,,,,,8.308
2026-05-13T18:51:26.708280+00:00,gpu3_benchmark,3,ckpt_s4096_e2048,benchmark,2048,4096,2048,1,0,True,3432.23,53.7,53.7,53.7,9.440
2026-05-13T18:51:26.708280+00:00,gpu3_benchmark,3,ckpt_s4096_e2048,benchmark,8192,4096,2048,1,0,True,4132.78,215.66,215.66,215.66,9.440
2026-05-13T18:51:26.708280+00:00,gpu3_benchmark,3,ckpt_s4096_e2048,benchmark,32768,4096,2048,1,0,True,6934.88,928.31,928.31,928.31,9.440
2026-05-13T18:51:36.148946+00:00,gpu3_benchmark,3,ckpt_s4096_e2048,benchmark,65536,4096,2048,1,0,True,11272.01,2020.33,2020.33,2020.33,9.327
2026-05-13T18:51:45.476308+00:00,gpu3_benchmark,3,ckpt_s4096_e2048,benchmark,131072,4096,2048,1,0,False,,,,,5.764
2026-05-13T18:51:51.240964+00:00,gpu3_benchmark,3,ckpt_s2048_e2048,correctness,2048,2048,2048,1,0,True,,,,,7.713
2026-05-13T18:51:58.954179+00:00,gpu3_benchmark,3,ckpt_s2048_e2048,benchmark,2048,2048,2048,1,0,True,3432.23,66.4,66.4,66.4,9.260
2026-05-13T18:51:58.954179+00:00,gpu3_benchmark,3,ckpt_s2048_e2048,benchmark,8192,2048,2048,1,0,True,4132.78,237.34,237.34,237.34,9.260
2026-05-13T18:51:58.954179+00:00,gpu3_benchmark,3,ckpt_s2048_e2048,benchmark,32768,2048,2048,1,0,True,6934.88,1050.44,1050.44,1050.44,9.260
2026-05-13T18:52:08.215054+00:00,gpu3_benchmark,3,ckpt_s2048_e2048,benchmark,65536,2048,2048,1,0,True,11272.01,2319.74,2319.74,2319.74,9.943
2026-05-13T18:52:18.158811+00:00,gpu3_benchmark,3,ckpt_s2048_e2048,benchmark,131072,2048,2048,1,0,False,,,,,5.443
2026-05-13T18:52:23.602040+00:00,gpu3_benchmark,3,ckpt_s4096_e1024,correctness,2048,4096,1024,1,0,True,,,,,7.288
2026-05-13T18:52:30.890334+00:00,gpu3_benchmark,3,ckpt_s4096_e1024,benchmark,2048,4096,1024,1,0,True,3453.26,239.81,239.81,239.81,11.474
2026-05-13T18:52:30.890334+00:00,gpu3_benchmark,3,ckpt_s4096_e1024,benchmark,8192,4096,1024,1,0,True,4153.79,461.15,461.15,461.15,11.474
2026-05-13T18:52:30.890334+00:00,gpu3_benchmark,3,ckpt_s4096_e1024,benchmark,32768,4096,1024,1,0,True,6955.88,1960.19,1960.19,1960.19,11.474
2026-05-13T18:52:42.364235+00:00,gpu3_benchmark,3,ckpt_s4096_e1024,benchmark,65536,4096,1024,1,0,True,11272.51,4333.77,4333.77,4333.77,13.666
2026-05-13T18:52:56.030327+00:00,gpu3_benchmark,3,ckpt_s4096_e1024,benchmark,131072,4096,1024,1,0,True,21314.76,9943.94,9943.94,9943.94,25.522
2026-05-13T18:53:21.552925+00:00,gpu3_benchmark,3,ckpt_s2048_e1024,correctness,2048,2048,1024,1,0,True,,,,,7.694
2026-05-13T18:53:29.246998+00:00,gpu3_benchmark,3,ckpt_s2048_e1024,benchmark,2048,2048,1024,1,0,True,3453.26,212.47,212.47,212.47,11.595
2026-05-13T18:53:29.246998+00:00,gpu3_benchmark,3,ckpt_s2048_e1024,benchmark,8192,2048,1024,1,0,True,4153.79,452.99,452.99,452.99,11.595
2026-05-13T18:53:29.246998+00:00,gpu3_benchmark,3,ckpt_s2048_e1024,benchmark,32768,2048,1024,1,0,True,6955.88,1952.17,1952.17,1952.17,11.595
2026-05-13T18:53:40.842045+00:00,gpu3_benchmark,3,ckpt_s2048_e1024,benchmark,65536,2048,1024,1,0,True,11272.51,4305.48,4305.48,4305.48,13.822
2026-05-13T18:53:54.664580+00:00,gpu3_benchmark,3,ckpt_s2048_e1024,benchmark,131072,2048,1024,1,0,False,,,,,16.024
2026-05-13T18:54:10.689415+00:00,gpu3_benchmark,3,ckpt_s1024_e1024,correctness,2048,1024,1024,1,0,True,,,,,7.447
2026-05-13T18:54:18.136684+00:00,gpu3_benchmark,3,ckpt_s1024_e1024,benchmark,2048,1024,1024,1,0,True,3452.26,111.93,111.93,111.93,12.022
2026-05-13T18:54:18.136684+00:00,gpu3_benchmark,3,ckpt_s1024_e1024,benchmark,8192,1024,1024,1,0,True,4152.79,478.71,478.71,478.71,12.022
2026-05-13T18:54:18.136684+00:00,gpu3_benchmark,3,ckpt_s1024_e1024,benchmark,32768,1024,1024,1,0,True,6954.88,1971.03,1971.03,1971.03,12.022
2026-05-13T18:54:30.158566+00:00,gpu3_benchmark,3,ckpt_s1024_e1024,benchmark,65536,1024,1024,1,0,True,11272.01,4424.95,4424.95,4424.95,13.760
2026-05-13T18:54:43.918491+00:00,gpu3_benchmark,3,ckpt_s1024_e1024,benchmark,131072,1024,1024,1,0,False,,,,,16.379
2026-05-13T18:55:00.297882+00:00,gpu3_benchmark,3,nocp_s8192_e8192,correctness,2048,8192,8192,0,0,True,,,,,7.002
2026-05-13T18:55:07.299749+00:00,gpu3_benchmark,3,nocp_s8192_e8192,benchmark,2048,8192,8192,0,0,True,3510.1,53.18,53.18,53.18,6.443
2026-05-13T18:55:07.299749+00:00,gpu3_benchmark,3,nocp_s8192_e8192,benchmark,8192,8192,8192,0,0,True,4300.63,89.6,89.6,89.6,6.443
2026-05-13T18:55:07.299749+00:00,gpu3_benchmark,3,nocp_s8192_e8192,benchmark,32768,8192,8192,0,0,True,9328.38,362.61,362.61,362.61,6.443
2026-05-13T18:55:13.743405+00:00,gpu3_benchmark,3,nocp_s8192_e8192,benchmark,65536,8192,8192,0,0,True,17416.01,781.24,781.24,781.24,6.021
2026-05-13T18:55:19.764299+00:00,gpu3_benchmark,3,nocp_s8192_e8192,benchmark,131072,8192,8192,0,0,False,,,,,4.744
2026-05-13T18:55:24.509254+00:00,gpu3_benchmark,3,nocp_s8192_e4096,correctness,2048,8192,4096,0,0,True,,,,,6.771
2026-05-13T18:55:31.280439+00:00,gpu3_benchmark,3,nocp_s8192_e4096,benchmark,2048,8192,4096,0,0,True,3510.1,57.27,57.27,57.27,7.333
2026-05-13T18:55:31.280439+00:00,gpu3_benchmark,3,nocp_s8192_e4096,benchmark,8192,8192,4096,0,0,True,4428.77,135.77,135.77,135.77,7.333
2026-05-13T18:55:31.280439+00:00,gpu3_benchmark,3,nocp_s8192_e4096,benchmark,32768,8192,4096,0,0,True,9328.38,572.35,572.35,572.35,7.333
2026-05-13T18:55:38.613930+00:00,gpu3_benchmark,3,nocp_s8192_e4096,benchmark,65536,8192,4096,0,0,True,17416.01,1236.97,1236.97,1236.97,6.854
2026-05-13T18:55:45.468165+00:00,gpu3_benchmark,3,nocp_s8192_e4096,benchmark,131072,8192,4096,0,0,False,,,,,4.285
2026-05-13T18:55:49.753250+00:00,gpu3_benchmark,3,nocp_s4096_e4096,correctness,2048,4096,4096,0,0,True,,,,,6.912
2026-05-13T18:55:56.665712+00:00,gpu3_benchmark,3,nocp_s4096_e4096,benchmark,2048,4096,4096,0,0,True,3510.1,53.6,53.6,53.6,6.876
2026-05-13T18:55:56.665712+00:00,gpu3_benchmark,3,nocp_s4096_e4096,benchmark,8192,4096,4096,0,0,True,4428.77,130.18,130.18,130.18,6.876
2026-05-13T18:55:56.665712+00:00,gpu3_benchmark,3,nocp_s4096_e4096,benchmark,32768,4096,4096,0,0,True,9328.38,588.49,588.49,588.49,6.876
2026-05-13T18:56:03.541789+00:00,gpu3_benchmark,3,nocp_s4096_e4096,benchmark,65536,4096,4096,0,0,True,17416.01,1268.72,1268.72,1268.72,6.677
2026-05-13T18:56:10.218635+00:00,gpu3_benchmark,3,nocp_s4096_e4096,benchmark,131072,4096,4096,0,0,False,,,,,4.838
2026-05-13T18:56:15.056980+00:00,gpu3_benchmark,3,nocp_s4096_e2048,correctness,2048,4096,2048,0,0,True,,,,,6.604
2026-05-13T18:56:21.661320+00:00,gpu3_benchmark,3,nocp_s4096_e2048,benchmark,2048,4096,2048,0,0,True,3510.1,52.21,52.21,52.21,8.261
2026-05-13T18:56:21.661320+00:00,gpu3_benchmark,3,nocp_s4096_e2048,benchmark,8192,4096,2048,0,0,True,4525.78,225.11,225.11,225.11,8.261
2026-05-13T18:56:21.661320+00:00,gpu3_benchmark,3,nocp_s4096_e2048,benchmark,32768,4096,2048,0,0,True,9474.26,1002.7,1002.7,1002.7,8.261
2026-05-13T18:56:29.923059+00:00,gpu3_benchmark,3,nocp_s4096_e2048,benchmark,65536,4096,2048,0,0,True,17708.01,2207.5,2207.5,2207.5,8.746
2026-05-13T18:56:38.669330+00:00,gpu3_benchmark,3,nocp_s4096_e2048,benchmark,131072,4096,2048,0,0,False,,,,,4.673
2026-05-13T18:56:43.342712+00:00,gpu3_benchmark,3,nocp_s2048_e2048,correctness,2048,2048,2048,0,0,True,,,,,6.346
2026-05-13T18:56:49.689346+00:00,gpu3_benchmark,3,nocp_s2048_e2048,benchmark,2048,2048,2048,0,0,True,3510.1,55.13,55.13,55.13,8.664
2026-05-13T18:56:49.689346+00:00,gpu3_benchmark,3,nocp_s2048_e2048,benchmark,8192,2048,2048,0,0,True,4526.78,224.46,224.46,224.46,8.664
2026-05-13T18:56:49.689346+00:00,gpu3_benchmark,3,nocp_s2048_e2048,benchmark,32768,2048,2048,0,0,True,9476.26,1022.42,1022.42,1022.42,8.664
2026-05-13T18:56:58.353554+00:00,gpu3_benchmark,3,nocp_s2048_e2048,benchmark,65536,2048,2048,0,0,True,17708.01,2206.57,2206.57,2206.57,8.597
2026-05-13T18:57:06.950394+00:00,gpu3_benchmark,3,nocp_s2048_e2048,benchmark,131072,2048,2048,0,0,False,,,,,4.901
2026-05-13T18:57:11.851577+00:00,gpu3_benchmark,3,ckpt_s8192_e8192,correctness,2048,8192,8192,1,0,True,,,,,7.395
2026-05-13T18:57:19.246950+00:00,gpu3_benchmark,3,ckpt_s8192_e8192,benchmark,2048,8192,8192,1,0,True,3432.23,59.45,59.45,59.45,7.532
2026-05-13T18:57:19.246950+00:00,gpu3_benchmark,3,ckpt_s8192_e8192,benchmark,8192,8192,8192,1,0,True,4012.63,95.2,95.2,95.2,7.532
2026-05-13T18:57:19.246950+00:00,gpu3_benchmark,3,ckpt_s8192_e8192,benchmark,32768,8192,8192,1,0,True,6814.85,389.98,389.98,389.98,7.532
2026-05-13T18:57:26.779256+00:00,gpu3_benchmark,3,ckpt_s8192_e8192,benchmark,65536,8192,8192,1,0,True,11272.01,846.27,846.27,846.27,6.674
2026-05-13T18:57:33.453229+00:00,gpu3_benchmark,3,ckpt_s8192_e8192,benchmark,131072,8192,8192,1,0,True,21303.26,1878.35,1878.35,1878.35,8.906
2026-05-13T18:57:42.359935+00:00,gpu3_benchmark,3,ckpt_s16384_e4096,correctness,2048,16384,4096,1,0,True,,,,,7.863
2026-05-13T18:57:50.222838+00:00,gpu3_benchmark,3,ckpt_s16384_e4096,benchmark,2048,16384,4096,1,0,True,3432.23,61.7,61.7,61.7,8.238
2026-05-13T18:57:50.222838+00:00,gpu3_benchmark,3,ckpt_s16384_e4096,benchmark,8192,16384,4096,1,0,True,4092.77,130.65,130.65,130.65,8.238
2026-05-13T18:57:50.222838+00:00,gpu3_benchmark,3,ckpt_s16384_e4096,benchmark,32768,16384,4096,1,0,True,6894.87,593.53,593.53,593.53,8.238
2026-05-13T18:57:58.460866+00:00,gpu3_benchmark,3,ckpt_s16384_e4096,benchmark,65536,16384,4096,1,0,True,11272.01,1281.41,1281.41,1281.41,7.429
2026-05-13T18:58:05.890305+00:00,gpu3_benchmark,3,ckpt_s16384_e4096,benchmark,131072,16384,4096,1,0,False,,,,,8.130
2026-05-13T18:58:14.020640+00:00,gpu3_benchmark,3,ckpt_s8192_e4096,correctness,2048,8192,4096,1,0,True,,,,,7.365
2026-05-13T18:58:21.386088+00:00,gpu3_benchmark,3,ckpt_s8192_e4096,benchmark,2048,8192,4096,1,0,True,3432.23,61.93,61.93,61.93,7.949
2026-05-13T18:58:21.386088+00:00,gpu3_benchmark,3,ckpt_s8192_e4096,benchmark,8192,8192,4096,1,0,True,4092.77,146.83,146.83,146.83,7.949
2026-05-13T18:58:21.386088+00:00,gpu3_benchmark,3,ckpt_s8192_e4096,benchmark,32768,8192,4096,1,0,True,6894.87,596.11,596.11,596.11,7.949
2026-05-13T18:58:29.335621+00:00,gpu3_benchmark,3,ckpt_s8192_e4096,benchmark,65536,8192,4096,1,0,True,11272.01,1301.81,1301.81,1301.81,8.232
2026-05-13T18:58:37.567520+00:00,gpu3_benchmark,3,ckpt_s8192_e4096,benchmark,131072,8192,4096,1,0,False,,,,,8.853
2026-05-13T18:58:46.421170+00:00,gpu3_benchmark,3,ckpt_s4096_e4096,correctness,2048,4096,4096,1,0,True,,,,,7.580
2026-05-13T18:58:54.001479+00:00,gpu3_benchmark,3,ckpt_s4096_e4096,benchmark,2048,4096,4096,1,0,True,3432.23,61.58,61.58,61.58,8.401
2026-05-13T18:58:54.001479+00:00,gpu3_benchmark,3,ckpt_s4096_e4096,benchmark,8192,4096,4096,1,0,True,4092.77,145.96,145.96,145.96,8.401
2026-05-13T18:58:54.001479+00:00,gpu3_benchmark,3,ckpt_s4096_e4096,benchmark,32768,4096,4096,1,0,True,6894.87,606.78,606.78,606.78,8.401
2026-05-13T18:59:02.402578+00:00,gpu3_benchmark,3,ckpt_s4096_e4096,benchmark,65536,4096,4096,1,0,True,11272.01,1316.53,1316.53,1316.53,8.330
2026-05-13T18:59:10.732560+00:00,gpu3_benchmark,3,ckpt_s4096_e4096,benchmark,131072,4096,4096,1,0,False,,,,,8.711
2026-05-13T18:59:19.443776+00:00,gpu3_benchmark,3,ckpt_s8192_e2048,correctness,2048,8192,2048,1,0,True,,,,,7.557
2026-05-13T18:59:27.001152+00:00,gpu3_benchmark,3,ckpt_s8192_e2048,benchmark,2048,8192,2048,1,0,True,3432.23,62.83,62.83,62.83,9.834
2026-05-13T18:59:27.001152+00:00,gpu3_benchmark,3,ckpt_s8192_e2048,benchmark,8192,8192,2048,1,0,True,4132.78,241.0,241.0,241.0,9.834
2026-05-13T18:59:27.001152+00:00,gpu3_benchmark,3,ckpt_s8192_e2048,benchmark,32768,8192,2048,1,0,True,6934.88,1040.35,1040.35,1040.35,9.834
2026-05-13T18:59:36.835168+00:00,gpu3_benchmark,3,ckpt_s8192_e2048,benchmark,65536,8192,2048,1,0,True,11272.01,2255.36,2255.36,2255.36,9.715
2026-05-13T18:59:46.550667+00:00,gpu3_benchmark,3,ckpt_s8192_e2048,benchmark,131072,8192,2048,1,0,False,,,,,5.632
2026-05-13T18:59:52.182685+00:00,gpu3_benchmark,3,ckpt_s4096_e2048,correctness,2048,4096,2048,1,0,True,,,,,7.413
2026-05-13T18:59:59.596324+00:00,gpu3_benchmark,3,ckpt_s4096_e2048,benchmark,2048,4096,2048,1,0,True,3432.23,60.46,60.46,60.46,9.125
2026-05-13T18:59:59.596324+00:00,gpu3_benchmark,3,ckpt_s4096_e2048,benchmark,8192,4096,2048,1,0,True,4132.78,240.83,240.83,240.83,9.125
2026-05-13T18:59:59.596324+00:00,gpu3_benchmark,3,ckpt_s4096_e2048,benchmark,32768,4096,2048,1,0,True,6934.88,1050.2,1050.2,1050.2,9.125
2026-05-13T19:00:08.721447+00:00,gpu3_benchmark,3,ckpt_s4096_e2048,benchmark,65536,4096,2048,1,0,True,11272.01,2296.7,2296.7,2296.7,10.237
2026-05-13T19:00:18.958992+00:00,gpu3_benchmark,3,ckpt_s4096_e2048,benchmark,131072,4096,2048,1,0,False,,,,,5.432
2026-05-13T19:00:24.391711+00:00,gpu3_benchmark,3,ckpt_s2048_e2048,correctness,2048,2048,2048,1,0,True,,,,,7.534
2026-05-13T19:00:31.926466+00:00,gpu3_benchmark,3,ckpt_s2048_e2048,benchmark,2048,2048,2048,1,0,True,3432.23,56.53,56.53,56.53,9.496
2026-05-13T19:00:31.926466+00:00,gpu3_benchmark,3,ckpt_s2048_e2048,benchmark,8192,2048,2048,1,0,True,4132.78,255.93,255.93,255.93,9.496
2026-05-13T19:00:31.926466+00:00,gpu3_benchmark,3,ckpt_s2048_e2048,benchmark,32768,2048,2048,1,0,True,6934.88,1073.37,1073.37,1073.37,9.496
2026-05-13T19:00:41.423261+00:00,gpu3_benchmark,3,ckpt_s2048_e2048,benchmark,65536,2048,2048,1,0,True,11272.01,2296.62,2296.62,2296.62,9.854
2026-05-13T19:00:51.277416+00:00,gpu3_benchmark,3,ckpt_s2048_e2048,benchmark,131072,2048,2048,1,0,False,,,,,5.518
2026-05-13T19:00:56.795604+00:00,gpu3_benchmark,3,ckpt_s4096_e1024,correctness,2048,4096,1024,1,0,True,,,,,7.725
2026-05-13T19:01:04.521383+00:00,gpu3_benchmark,3,ckpt_s4096_e1024,benchmark,2048,4096,1024,1,0,True,3453.26,247.76,247.76,247.76,11.849
2026-05-13T19:01:04.521383+00:00,gpu3_benchmark,3,ckpt_s4096_e1024,benchmark,8192,4096,1024,1,0,True,4153.79,440.18,440.18,440.18,11.849
2026-05-13T19:01:04.521383+00:00,gpu3_benchmark,3,ckpt_s4096_e1024,benchmark,32768,4096,1024,1,0,True,6955.88,1928.38,1928.38,1928.38,11.849
2026-05-13T19:01:16.370408+00:00,gpu3_benchmark,3,ckpt_s4096_e1024,benchmark,65536,4096,1024,1,0,True,11272.51,4228.05,4228.05,4228.05,14.254
2026-05-13T19:01:30.624385+00:00,gpu3_benchmark,3,ckpt_s4096_e1024,benchmark,131072,4096,1024,1,0,True,21314.76,10105.69,10105.69,10105.69,25.786
2026-05-13T19:01:56.410564+00:00,gpu3_benchmark,3,ckpt_s2048_e1024,correctness,2048,2048,1024,1,0,True,,,,,7.689
2026-05-13T19:02:04.100318+00:00,gpu3_benchmark,3,ckpt_s2048_e1024,benchmark,2048,2048,1024,1,0,True,3453.26,247.25,247.25,247.25,11.852
2026-05-13T19:02:04.100318+00:00,gpu3_benchmark,3,ckpt_s2048_e1024,benchmark,8192,2048,1024,1,0,True,4153.79,442.9,442.9,442.9,11.852
2026-05-13T19:02:04.100318+00:00,gpu3_benchmark,3,ckpt_s2048_e1024,benchmark,32768,2048,1024,1,0,True,6955.88,1917.39,1917.39,1917.39,11.852
2026-05-13T19:02:15.952556+00:00,gpu3_benchmark,3,ckpt_s2048_e1024,benchmark,65536,2048,1024,1,0,True,11272.51,4214.83,4214.83,4214.83,13.772
2026-05-13T19:02:29.725294+00:00,gpu3_benchmark,3,ckpt_s2048_e1024,benchmark,131072,2048,1024,1,0,False,,,,,16.100
2026-05-13T19:02:45.825629+00:00,gpu3_benchmark,3,ckpt_s1024_e1024,correctness,2048,1024,1024,1,0,True,,,,,7.207
2026-05-13T19:02:53.032687+00:00,gpu3_benchmark,3,ckpt_s1024_e1024,benchmark,2048,1024,1024,1,0,True,3452.26,96.85,96.85,96.85,10.893
2026-05-13T19:02:53.032687+00:00,gpu3_benchmark,3,ckpt_s1024_e1024,benchmark,8192,1024,1024,1,0,True,4152.79,403.84,403.84,403.84,10.893
2026-05-13T19:02:53.032687+00:00,gpu3_benchmark,3,ckpt_s1024_e1024,benchmark,32768,1024,1024,1,0,True,6954.88,1806.62,1806.62,1806.62,10.893
2026-05-13T19:03:03.926449+00:00,gpu3_benchmark,3,ckpt_s1024_e1024,benchmark,65536,1024,1024,1,0,True,11272.01,4463.21,4463.21,4463.21,14.047
2026-05-13T19:03:17.974300+00:00,gpu3_benchmark,3,ckpt_s1024_e1024,benchmark,131072,1024,1024,1,0,False,,,,,16.446
2026-05-13T19:03:34.421192+00:00,gpu3_benchmark,3,nocp_s8192_e8192,correctness,2048,8192,8192,0,0,True,,,,,7.252
2026-05-13T19:03:41.673910+00:00,gpu3_benchmark,3,nocp_s8192_e8192,benchmark,2048,8192,8192,0,0,True,3510.1,56.49,56.49,56.49,6.823
2026-05-13T19:03:41.673910+00:00,gpu3_benchmark,3,nocp_s8192_e8192,benchmark,8192,8192,8192,0,0,True,4300.63,78.71,78.71,78.71,6.823
2026-05-13T19:03:41.673910+00:00,gpu3_benchmark,3,nocp_s8192_e8192,benchmark,32768,8192,8192,0,0,True,9328.38,362.51,362.51,362.51,6.823
2026-05-13T19:03:48.496896+00:00,gpu3_benchmark,3,nocp_s8192_e8192,benchmark,65536,8192,8192,0,0,True,17416.01,786.38,786.38,786.38,6.019
2026-05-13T19:03:54.516090+00:00,gpu3_benchmark,3,nocp_s8192_e8192,benchmark,131072,8192,8192,0,0,False,,,,,4.513
2026-05-13T19:03:59.029903+00:00,gpu3_benchmark,3,nocp_s8192_e4096,correctness,2048,8192,4096,0,0,True,,,,,6.709
2026-05-13T19:04:05.738911+00:00,gpu3_benchmark,3,nocp_s8192_e4096,benchmark,2048,8192,4096,0,0,True,3510.1,57.33,57.33,57.33,7.320
2026-05-13T19:04:05.738911+00:00,gpu3_benchmark,3,nocp_s8192_e4096,benchmark,8192,8192,4096,0,0,True,4428.77,138.18,138.18,138.18,7.320
2026-05-13T19:04:05.738911+00:00,gpu3_benchmark,3,nocp_s8192_e4096,benchmark,32768,8192,4096,0,0,True,9328.38,576.26,576.26,576.26,7.320
2026-05-13T19:04:13.059026+00:00,gpu3_benchmark,3,nocp_s8192_e4096,benchmark,65536,8192,4096,0,0,True,17416.01,1253.63,1253.63,1253.63,6.721
2026-05-13T19:04:19.779975+00:00,gpu3_benchmark,3,nocp_s8192_e4096,benchmark,131072,8192,4096,0,0,False,,,,,4.545
2026-05-13T19:04:24.325443+00:00,gpu3_benchmark,3,nocp_s4096_e4096,correctness,2048,4096,4096,0,0,True,,,,,7.069
2026-05-13T19:04:31.394428+00:00,gpu3_benchmark,3,nocp_s4096_e4096,benchmark,2048,4096,4096,0,0,True,3510.1,54.15,54.15,54.15,7.660
2026-05-13T19:04:31.394428+00:00,gpu3_benchmark,3,nocp_s4096_e4096,benchmark,8192,4096,4096,0,0,True,4428.77,130.54,130.54,130.54,7.660
2026-05-13T19:04:31.394428+00:00,gpu3_benchmark,3,nocp_s4096_e4096,benchmark,32768,4096,4096,0,0,True,9328.38,578.38,578.38,578.38,7.660
2026-05-13T19:04:39.055323+00:00,gpu3_benchmark,3,nocp_s4096_e4096,benchmark,65536,4096,4096,0,0,True,17416.01,1264.52,1264.52,1264.52,7.216
2026-05-13T19:04:46.271364+00:00,gpu3_benchmark,3,nocp_s4096_e4096,benchmark,131072,4096,4096,0,0,False,,,,,4.659
2026-05-13T19:04:50.930707+00:00,gpu3_benchmark,3,nocp_s4096_e2048,correctness,2048,4096,2048,0,0,True,,,,,6.290
2026-05-13T19:04:57.221285+00:00,gpu3_benchmark,3,nocp_s4096_e2048,benchmark,2048,4096,2048,0,0,True,3510.1,54.22,54.22,54.22,8.703
2026-05-13T19:04:57.221285+00:00,gpu3_benchmark,3,nocp_s4096_e2048,benchmark,8192,4096,2048,0,0,True,4525.78,226.15,226.15,226.15,8.703
2026-05-13T19:04:57.221285+00:00,gpu3_benchmark,3,nocp_s4096_e2048,benchmark,32768,4096,2048,0,0,True,9474.26,1006.8,1006.8,1006.8,8.703
2026-05-13T19:05:05.924246+00:00,gpu3_benchmark,3,nocp_s4096_e2048,benchmark,65536,4096,2048,0,0,True,17708.01,2188.07,2188.07,2188.07,8.642
2026-05-13T19:05:14.566585+00:00,gpu3_benchmark,3,nocp_s4096_e2048,benchmark,131072,4096,2048,0,0,False,,,,,4.593
2026-05-13T19:05:19.160480+00:00,gpu3_benchmark,3,nocp_s2048_e2048,correctness,2048,2048,2048,0,0,True,,,,,6.839
2026-05-13T19:05:25.999912+00:00,gpu3_benchmark,3,nocp_s2048_e2048,benchmark,2048,2048,2048,0,0,True,3510.1,54.86,54.86,54.86,7.881
2026-05-13T19:05:25.999912+00:00,gpu3_benchmark,3,nocp_s2048_e2048,benchmark,8192,2048,2048,0,0,True,4526.78,226.12,226.12,226.12,7.881
2026-05-13T19:05:25.999912+00:00,gpu3_benchmark,3,nocp_s2048_e2048,benchmark,32768,2048,2048,0,0,True,9476.26,1016.15,1016.15,1016.15,7.881
2026-05-13T19:05:33.881174+00:00,gpu3_benchmark,3,nocp_s2048_e2048,benchmark,65536,2048,2048,0,0,True,17708.01,2202.38,2202.38,2202.38,8.644
2026-05-13T19:05:42.525976+00:00,gpu3_benchmark,3,nocp_s2048_e2048,benchmark,131072,2048,2048,0,0,False,,,,,4.623
2026-05-13T19:05:47.149238+00:00,gpu3_benchmark,3,ckpt_s8192_e8192,correctness,2048,8192,8192,1,0,True,,,,,7.618
2026-05-13T19:05:54.767785+00:00,gpu3_benchmark,3,ckpt_s8192_e8192,benchmark,2048,8192,8192,1,0,True,3432.23,59.24,59.24,59.24,8.024
2026-05-13T19:05:54.767785+00:00,gpu3_benchmark,3,ckpt_s8192_e8192,benchmark,8192,8192,8192,1,0,True,4012.63,94.26,94.26,94.26,8.024
2026-05-13T19:05:54.767785+00:00,gpu3_benchmark,3,ckpt_s8192_e8192,benchmark,32768,8192,8192,1,0,True,6814.85,387.99,387.99,387.99,8.024
2026-05-13T19:06:02.791726+00:00,gpu3_benchmark,3,ckpt_s8192_e8192,benchmark,65536,8192,8192,1,0,True,11272.01,829.86,829.86,829.86,6.573
2026-05-13T19:06:09.365158+00:00,gpu3_benchmark,3,ckpt_s8192_e8192,benchmark,131072,8192,8192,1,0,True,21303.26,1876.64,1876.64,1876.64,8.850
2026-05-13T19:06:18.215652+00:00,gpu3_benchmark,3,ckpt_s16384_e4096,correctness,2048,16384,4096,1,0,True,,,,,7.740
2026-05-13T19:06:25.956275+00:00,gpu3_benchmark,3,ckpt_s16384_e4096,benchmark,2048,16384,4096,1,0,True,3432.23,63.25,63.25,63.25,8.825
2026-05-13T19:06:25.956275+00:00,gpu3_benchmark,3,ckpt_s16384_e4096,benchmark,8192,16384,4096,1,0,True,4092.77,140.78,140.78,140.78,8.825
2026-05-13T19:06:25.956275+00:00,gpu3_benchmark,3,ckpt_s16384_e4096,benchmark,32768,16384,4096,1,0,True,6894.87,604.31,604.31,604.31,8.825
2026-05-13T19:06:34.781689+00:00,gpu3_benchmark,3,ckpt_s16384_e4096,benchmark,65536,16384,4096,1,0,True,11272.01,1297.52,1297.52,1297.52,7.746
2026-05-13T19:06:42.528208+00:00,gpu3_benchmark,3,ckpt_s16384_e4096,benchmark,131072,16384,4096,1,0,False,,,,,8.651
2026-05-13T19:06:51.179918+00:00,gpu3_benchmark,3,ckpt_s8192_e4096,correctness,2048,8192,4096,1,0,True,,,,,7.507
2026-05-13T19:06:58.687300+00:00,gpu3_benchmark,3,ckpt_s8192_e4096,benchmark,2048,8192,4096,1,0,True,3432.23,60.75,60.75,60.75,8.530
2026-05-13T19:06:58.687300+00:00,gpu3_benchmark,3,ckpt_s8192_e4096,benchmark,8192,8192,4096,1,0,True,4092.77,137.52,137.52,137.52,8.530
2026-05-13T19:06:58.687300+00:00,gpu3_benchmark,3,ckpt_s8192_e4096,benchmark,32768,8192,4096,1,0,True,6894.87,609.69,609.69,609.69,8.530
2026-05-13T19:07:07.217860+00:00,gpu3_benchmark,3,ckpt_s8192_e4096,benchmark,65536,8192,4096,1,0,True,11272.01,1300.21,1300.21,1300.21,7.830
2026-05-13T19:07:15.047750+00:00,gpu3_benchmark,3,ckpt_s8192_e4096,benchmark,131072,8192,4096,1,0,False,,,,,8.789
2026-05-13T19:07:23.837164+00:00,gpu3_benchmark,3,ckpt_s4096_e4096,correctness,2048,4096,4096,1,0,True,,,,,7.880
2026-05-13T19:07:31.717107+00:00,gpu3_benchmark,3,ckpt_s4096_e4096,benchmark,2048,4096,4096,1,0,True,3432.23,58.85,58.85,58.85,8.121
2026-05-13T19:07:31.717107+00:00,gpu3_benchmark,3,ckpt_s4096_e4096,benchmark,8192,4096,4096,1,0,True,4092.77,136.56,136.56,136.56,8.121
2026-05-13T19:07:31.717107+00:00,gpu3_benchmark,3,ckpt_s4096_e4096,benchmark,32768,4096,4096,1,0,True,6894.87,622.48,622.48,622.48,8.121
2026-05-13T19:07:39.838572+00:00,gpu3_benchmark,3,ckpt_s4096_e4096,benchmark,65536,4096,4096,1,0,True,11272.01,1307.14,1307.14,1307.14,7.666
2026-05-13T19:07:47.504869+00:00,gpu3_benchmark,3,ckpt_s4096_e4096,benchmark,131072,4096,4096,1,0,False,,,,,9.179
2026-05-13T19:07:56.684437+00:00,gpu3_benchmark,3,ckpt_s8192_e2048,correctness,2048,8192,2048,1,0,True,,,,,7.166
2026-05-13T19:08:03.850682+00:00,gpu3_benchmark,3,ckpt_s8192_e2048,benchmark,2048,8192,2048,1,0,True,3432.23,57.37,57.37,57.37,9.267
2026-05-13T19:08:03.850682+00:00,gpu3_benchmark,3,ckpt_s8192_e2048,benchmark,8192,8192,2048,1,0,True,4132.78,240.32,240.32,240.32,9.267
2026-05-13T19:08:03.850682+00:00,gpu3_benchmark,3,ckpt_s8192_e2048,benchmark,32768,8192,2048,1,0,True,6934.88,1054.45,1054.45,1054.45,9.267
2026-05-13T19:08:13.118247+00:00,gpu3_benchmark,3,ckpt_s8192_e2048,benchmark,65536,8192,2048,1,0,True,11272.01,2270.97,2270.97,2270.97,9.688
2026-05-13T19:08:22.806697+00:00,gpu3_benchmark,3,ckpt_s8192_e2048,benchmark,131072,8192,2048,1,0,False,,,,,5.875
2026-05-13T19:08:28.681747+00:00,gpu3_benchmark,3,ckpt_s4096_e2048,correctness,2048,4096,2048,1,0,True,,,,,7.864
2026-05-13T19:08:36.545805+00:00,gpu3_benchmark,3,ckpt_s4096_e2048,benchmark,2048,4096,2048,1,0,True,3432.23,60.66,60.66,60.66,9.386
2026-05-13T19:08:36.545805+00:00,gpu3_benchmark,3,ckpt_s4096_e2048,benchmark,8192,4096,2048,1,0,True,4132.78,241.38,241.38,241.38,9.386
2026-05-13T19:08:36.545805+00:00,gpu3_benchmark,3,ckpt_s4096_e2048,benchmark,32768,4096,2048,1,0,True,6934.88,1060.46,1060.46,1060.46,9.386
2026-05-13T19:08:45.932010+00:00,gpu3_benchmark,3,ckpt_s4096_e2048,benchmark,65536,4096,2048,1,0,True,11272.01,2267.07,2267.07,2267.07,9.725
2026-05-13T19:08:55.657302+00:00,gpu3_benchmark,3,ckpt_s4096_e2048,benchmark,131072,4096,2048,1,0,False,,,,,5.788
2026-05-13T19:09:01.445391+00:00,gpu3_benchmark,3,ckpt_s2048_e2048,correctness,2048,2048,2048,1,0,True,,,,,7.206
2026-05-13T19:09:08.651442+00:00,gpu3_benchmark,3,ckpt_s2048_e2048,benchmark,2048,2048,2048,1,0,True,3432.23,60.57,60.57,60.57,9.601
2026-05-13T19:09:08.651442+00:00,gpu3_benchmark,3,ckpt_s2048_e2048,benchmark,8192,2048,2048,1,0,True,4132.78,237.91,237.91,237.91,9.601
2026-05-13T19:09:08.651442+00:00,gpu3_benchmark,3,ckpt_s2048_e2048,benchmark,32768,2048,2048,1,0,True,6934.88,1063.74,1063.74,1063.74,9.601
2026-05-13T19:09:18.252361+00:00,gpu3_benchmark,3,ckpt_s2048_e2048,benchmark,65536,2048,2048,1,0,True,11272.01,2342.81,2342.81,2342.81,9.802
2026-05-13T19:09:28.054863+00:00,gpu3_benchmark,3,ckpt_s2048_e2048,benchmark,131072,2048,2048,1,0,False,,,,,5.917
2026-05-13T19:09:33.972145+00:00,gpu3_benchmark,3,ckpt_s4096_e1024,correctness,2048,4096,1024,1,0,True,,,,,7.442
2026-05-13T19:09:41.414021+00:00,gpu3_benchmark,3,ckpt_s4096_e1024,benchmark,2048,4096,1024,1,0,True,3453.26,213.76,213.76,213.76,11.597
2026-05-13T19:09:41.414021+00:00,gpu3_benchmark,3,ckpt_s4096_e1024,benchmark,8192,4096,1024,1,0,True,4153.79,449.68,449.68,449.68,11.597
2026-05-13T19:09:41.414021+00:00,gpu3_benchmark,3,ckpt_s4096_e1024,benchmark,32768,4096,1024,1,0,True,6955.88,1953.48,1953.48,1953.48,11.597
2026-05-13T19:09:53.011549+00:00,gpu3_benchmark,3,ckpt_s4096_e1024,benchmark,65536,4096,1024,1,0,True,11272.51,4372.45,4372.45,4372.45,13.683
2026-05-13T19:10:06.694434+00:00,gpu3_benchmark,3,ckpt_s4096_e1024,benchmark,131072,4096,1024,1,0,True,21314.76,10117.25,10117.25,10117.25,25.324
2026-05-13T19:10:32.019278+00:00,gpu3_benchmark,3,ckpt_s2048_e1024,correctness,2048,2048,1024,1,0,True,,,,,7.286
2026-05-13T19:10:39.305359+00:00,gpu3_benchmark,3,ckpt_s2048_e1024,benchmark,2048,2048,1024,1,0,True,3453.26,240.62,240.62,240.62,11.602
2026-05-13T19:10:39.305359+00:00,gpu3_benchmark,3,ckpt_s2048_e1024,benchmark,8192,2048,1024,1,0,True,4153.79,455.03,455.03,455.03,11.602
2026-05-13T19:10:39.305359+00:00,gpu3_benchmark,3,ckpt_s2048_e1024,benchmark,32768,2048,1024,1,0,True,6955.88,1937.96,1937.96,1937.96,11.602
2026-05-13T19:10:50.908145+00:00,gpu3_benchmark,3,ckpt_s2048_e1024,benchmark,65536,2048,1024,1,0,True,11272.51,4321.83,4321.83,4321.83,14.003
2026-05-13T19:11:04.911413+00:00,gpu3_benchmark,3,ckpt_s2048_e1024,benchmark,131072,2048,1024,1,0,False,,,,,16.060
2026-05-13T19:11:20.971802+00:00,gpu3_benchmark,3,ckpt_s1024_e1024,correctness,2048,1024,1024,1,0,True,,,,,8.138
2026-05-13T19:11:29.109778+00:00,gpu3_benchmark,3,ckpt_s1024_e1024,benchmark,2048,1024,1024,1,0,True,3452.26,113.06,113.06,113.06,11.902
2026-05-13T19:11:29.109778+00:00,gpu3_benchmark,3,ckpt_s1024_e1024,benchmark,8192,1024,1024,1,0,True,4152.79,474.37,474.37,474.37,11.902
2026-05-13T19:11:29.109778+00:00,gpu3_benchmark,3,ckpt_s1024_e1024,benchmark,32768,1024,1024,1,0,True,6954.88,1996.45,1996.45,1996.45,11.902
2026-05-13T19:11:41.012582+00:00,gpu3_benchmark,3,ckpt_s1024_e1024,benchmark,65536,1024,1024,1,0,True,11272.01,4310.21,4310.21,4310.21,13.595
2026-05-13T19:11:54.607978+00:00,gpu3_benchmark,3,ckpt_s1024_e1024,benchmark,131072,1024,1024,1,0,False,,,,,16.845
2026-05-13T19:12:11.452993+00:00,gpu3_benchmark,3,nocp_s8192_e8192,correctness,2048,8192,8192,0,0,True,,,,,7.036
2026-05-13T19:12:18.489696+00:00,gpu3_benchmark,3,nocp_s8192_e8192,benchmark,2048,8192,8192,0,0,True,3510.1,55.47,55.47,55.47,6.761
2026-05-13T19:12:18.489696+00:00,gpu3_benchmark,3,nocp_s8192_e8192,benchmark,8192,8192,8192,0,0,True,4300.63,86.55,86.55,86.55,6.761
2026-05-13T19:12:18.489696+00:00,gpu3_benchmark,3,nocp_s8192_e8192,benchmark,32768,8192,8192,0,0,True,9328.38,364.53,364.53,364.53,6.761
2026-05-13T19:12:25.251420+00:00,gpu3_benchmark,3,nocp_s8192_e8192,benchmark,65536,8192,8192,0,0,True,17416.01,781.06,781.06,781.06,6.349
2026-05-13T19:12:31.600347+00:00,gpu3_benchmark,3,nocp_s8192_e8192,benchmark,131072,8192,8192,0,0,False,,,,,4.548
2026-05-13T19:12:36.148812+00:00,gpu3_benchmark,3,nocp_s8192_e4096,correctness,2048,8192,4096,0,0,True,,,,,6.348
2026-05-13T19:12:42.497355+00:00,gpu3_benchmark,3,nocp_s8192_e4096,benchmark,2048,8192,4096,0,0,True,3510.1,55.2,55.2,55.2,7.850
2026-05-13T19:12:42.497355+00:00,gpu3_benchmark,3,nocp_s8192_e4096,benchmark,8192,8192,4096,0,0,True,4428.77,129.5,129.5,129.5,7.850
2026-05-13T19:12:42.497355+00:00,gpu3_benchmark,3,nocp_s8192_e4096,benchmark,32768,8192,4096,0,0,True,9328.38,574.02,574.02,574.02,7.850
2026-05-13T19:12:50.348105+00:00,gpu3_benchmark,3,nocp_s8192_e4096,benchmark,65536,8192,4096,0,0,True,17416.01,1232.49,1232.49,1232.49,7.495
2026-05-13T19:12:57.843503+00:00,gpu3_benchmark,3,nocp_s8192_e4096,benchmark,131072,8192,4096,0,0,False,,,,,4.986
2026-05-13T19:13:02.829703+00:00,gpu3_benchmark,3,nocp_s4096_e4096,correctness,2048,4096,4096,0,0,True,,,,,6.667
2026-05-13T19:13:09.496545+00:00,gpu3_benchmark,3,nocp_s4096_e4096,benchmark,2048,4096,4096,0,0,True,3510.1,54.14,54.14,54.14,7.921
2026-05-13T19:13:09.496545+00:00,gpu3_benchmark,3,nocp_s4096_e4096,benchmark,8192,4096,4096,0,0,True,4428.77,130.81,130.81,130.81,7.921
2026-05-13T19:13:09.496545+00:00,gpu3_benchmark,3,nocp_s4096_e4096,benchmark,32768,4096,4096,0,0,True,9328.38,577.32,577.32,577.32,7.921
2026-05-13T19:13:17.417804+00:00,gpu3_benchmark,3,nocp_s4096_e4096,benchmark,65536,4096,4096,0,0,True,17416.01,1248.22,1248.22,1248.22,7.107
2026-05-13T19:13:24.524935+00:00,gpu3_benchmark,3,nocp_s4096_e4096,benchmark,131072,4096,4096,0,0,False,,,,,4.753
2026-05-13T19:13:29.278508+00:00,gpu3_benchmark,3,nocp_s4096_e2048,correctness,2048,4096,2048,0,0,True,,,,,6.765
2026-05-13T19:13:36.043498+00:00,gpu3_benchmark,3,nocp_s4096_e2048,benchmark,2048,4096,2048,0,0,True,3510.1,47.96,47.96,47.96,8.840
2026-05-13T19:13:36.043498+00:00,gpu3_benchmark,3,nocp_s4096_e2048,benchmark,8192,4096,2048,0,0,True,4525.78,202.64,202.64,202.64,8.840
2026-05-13T19:13:36.043498+00:00,gpu3_benchmark,3,nocp_s4096_e2048,benchmark,32768,4096,2048,0,0,True,9474.26,894.89,894.89,894.89,8.840
2026-05-13T19:13:44.884215+00:00,gpu3_benchmark,3,nocp_s4096_e2048,benchmark,65536,4096,2048,0,0,True,17708.01,1932.53,1932.53,1932.53,8.587
2026-05-13T19:13:53.471368+00:00,gpu3_benchmark,3,nocp_s4096_e2048,benchmark,131072,4096,2048,0,0,False,,,,,4.948
2026-05-13T19:13:58.419806+00:00,gpu3_benchmark,3,nocp_s2048_e2048,correctness,2048,2048,2048,0,0,True,,,,,6.719
2026-05-13T19:14:05.138842+00:00,gpu3_benchmark,3,nocp_s2048_e2048,benchmark,2048,2048,2048,0,0,True,3510.1,54.99,54.99,54.99,8.792
2026-05-13T19:14:05.138842+00:00,gpu3_benchmark,3,nocp_s2048_e2048,benchmark,8192,2048,2048,0,0,True,4526.78,238.65,238.65,238.65,8.792
2026-05-13T19:14:05.138842+00:00,gpu3_benchmark,3,nocp_s2048_e2048,benchmark,32768,2048,2048,0,0,True,9476.26,1024.6,1024.6,1024.6,8.792
2026-05-13T19:14:13.931454+00:00,gpu3_benchmark,3,nocp_s2048_e2048,benchmark,65536,2048,2048,0,0,True,17708.01,2203.65,2203.65,2203.65,9.342
2026-05-13T19:14:23.273848+00:00,gpu3_benchmark,3,nocp_s2048_e2048,benchmark,131072,2048,2048,0,0,False,,,,,4.692
2026-05-13T19:14:27.966455+00:00,gpu3_benchmark,3,ckpt_s8192_e8192,correctness,2048,8192,8192,1,0,True,,,,,7.680
2026-05-13T19:14:35.646660+00:00,gpu3_benchmark,3,ckpt_s8192_e8192,benchmark,2048,8192,8192,1,0,True,3432.23,61.62,61.62,61.62,7.598
2026-05-13T19:14:35.646660+00:00,gpu3_benchmark,3,ckpt_s8192_e8192,benchmark,8192,8192,8192,1,0,True,4012.63,93.89,93.89,93.89,7.598
2026-05-13T19:14:35.646660+00:00,gpu3_benchmark,3,ckpt_s8192_e8192,benchmark,32768,8192,8192,1,0,True,6814.85,389.77,389.77,389.77,7.598
2026-05-13T19:14:43.244693+00:00,gpu3_benchmark,3,ckpt_s8192_e8192,benchmark,65536,8192,8192,1,0,True,11272.01,835.58,835.58,835.58,6.674
2026-05-13T19:14:49.918944+00:00,gpu3_benchmark,3,ckpt_s8192_e8192,benchmark,131072,8192,8192,1,0,True,21303.26,1874.22,1874.22,1874.22,9.126
2026-05-13T19:14:59.044962+00:00,gpu3_benchmark,3,ckpt_s16384_e4096,correctness,2048,16384,4096,1,0,True,,,,,7.247
2026-05-13T19:15:06.292643+00:00,gpu3_benchmark,3,ckpt_s16384_e4096,benchmark,2048,16384,4096,1,0,True,3432.23,62.38,62.38,62.38,7.906
2026-05-13T19:15:06.292643+00:00,gpu3_benchmark,3,ckpt_s16384_e4096,benchmark,8192,16384,4096,1,0,True,4092.77,136.97,136.97,136.97,7.906
2026-05-13T19:15:06.292643+00:00,gpu3_benchmark,3,ckpt_s16384_e4096,benchmark,32768,16384,4096,1,0,True,6894.87,631.7,631.7,631.7,7.906
2026-05-13T19:15:14.198717+00:00,gpu3_benchmark,3,ckpt_s16384_e4096,benchmark,65536,16384,4096,1,0,True,11272.01,1290.56,1290.56,1290.56,7.279
2026-05-13T19:15:21.477892+00:00,gpu3_benchmark,3,ckpt_s16384_e4096,benchmark,131072,16384,4096,1,0,False,,,,,8.506
2026-05-13T19:15:29.984421+00:00,gpu3_benchmark,3,ckpt_s8192_e4096,correctness,2048,8192,4096,1,0,True,,,,,7.670
2026-05-13T19:15:37.654586+00:00,gpu3_benchmark,3,ckpt_s8192_e4096,benchmark,2048,8192,4096,1,0,True,3432.23,60.92,60.92,60.92,7.735
2026-05-13T19:15:37.654586+00:00,gpu3_benchmark,3,ckpt_s8192_e4096,benchmark,8192,8192,4096,1,0,True,4092.77,144.98,144.98,144.98,7.735
2026-05-13T19:15:37.654586+00:00,gpu3_benchmark,3,ckpt_s8192_e4096,benchmark,32768,8192,4096,1,0,True,6894.87,602.98,602.98,602.98,7.735
2026-05-13T19:15:45.389836+00:00,gpu3_benchmark,3,ckpt_s8192_e4096,benchmark,65536,8192,4096,1,0,True,11272.01,1294.99,1294.99,1294.99,8.035
2026-05-13T19:15:53.425321+00:00,gpu3_benchmark,3,ckpt_s8192_e4096,benchmark,131072,8192,4096,1,0,False,,,,,8.564
2026-05-13T19:16:01.990084+00:00,gpu3_benchmark,3,ckpt_s4096_e4096,correctness,2048,4096,4096,1,0,True,,,,,7.632
2026-05-13T19:16:09.622144+00:00,gpu3_benchmark,3,ckpt_s4096_e4096,benchmark,2048,4096,4096,1,0,True,3432.23,59.1,59.1,59.1,8.152
2026-05-13T19:16:09.622144+00:00,gpu3_benchmark,3,ckpt_s4096_e4096,benchmark,8192,4096,4096,1,0,True,4092.77,157.29,157.29,157.29,8.152
2026-05-13T19:16:09.622144+00:00,gpu3_benchmark,3,ckpt_s4096_e4096,benchmark,32768,4096,4096,1,0,True,6894.87,601.04,601.04,601.04,8.152
2026-05-13T19:16:17.774280+00:00,gpu3_benchmark,3,ckpt_s4096_e4096,benchmark,65536,4096,4096,1,0,True,11272.01,1325.11,1325.11,1325.11,7.643
2026-05-13T19:16:25.417430+00:00,gpu3_benchmark,3,ckpt_s4096_e4096,benchmark,131072,4096,4096,1,0,False,,,,,8.624
2026-05-13T19:16:34.042055+00:00,gpu3_benchmark,3,ckpt_s8192_e2048,correctness,2048,8192,2048,1,0,True,,,,,7.538
2026-05-13T19:16:41.580490+00:00,gpu3_benchmark,3,ckpt_s8192_e2048,benchmark,2048,8192,2048,1,0,True,3432.23,59.78,59.78,59.78,9.558
2026-05-13T19:16:41.580490+00:00,gpu3_benchmark,3,ckpt_s8192_e2048,benchmark,8192,8192,2048,1,0,True,4132.78,237.4,237.4,237.4,9.558
2026-05-13T19:16:41.580490+00:00,gpu3_benchmark,3,ckpt_s8192_e2048,benchmark,32768,8192,2048,1,0,True,6934.88,1025.01,1025.01,1025.01,9.558
2026-05-13T19:16:51.139064+00:00,gpu3_benchmark,3,ckpt_s8192_e2048,benchmark,65536,8192,2048,1,0,True,11272.01,2276.98,2276.98,2276.98,10.356
2026-05-13T19:17:01.495260+00:00,gpu3_benchmark,3,ckpt_s8192_e2048,benchmark,131072,8192,2048,1,0,False,,,,,6.033
2026-05-13T19:17:07.528354+00:00,gpu3_benchmark,3,ckpt_s4096_e2048,correctness,2048,4096,2048,1,0,True,,,,,7.692
2026-05-13T19:17:15.220748+00:00,gpu3_benchmark,3,ckpt_s4096_e2048,benchmark,2048,4096,2048,1,0,True,3432.23,59.56,59.56,59.56,9.254
2026-05-13T19:17:15.220748+00:00,gpu3_benchmark,3,ckpt_s4096_e2048,benchmark,8192,4096,2048,1,0,True,4132.78,242.87,242.87,242.87,9.254
2026-05-13T19:17:15.220748+00:00,gpu3_benchmark,3,ckpt_s4096_e2048,benchmark,32768,4096,2048,1,0,True,6934.88,1070.19,1070.19,1070.19,9.254
2026-05-13T19:17:24.475461+00:00,gpu3_benchmark,3,ckpt_s4096_e2048,benchmark,65536,4096,2048,1,0,True,11272.01,2285.62,2285.62,2285.62,9.762
2026-05-13T19:17:34.237438+00:00,gpu3_benchmark,3,ckpt_s4096_e2048,benchmark,131072,4096,2048,1,0,False,,,,,5.771
2026-05-13T19:17:40.008741+00:00,gpu3_benchmark,3,ckpt_s2048_e2048,correctness,2048,2048,2048,1,0,True,,,,,7.752
2026-05-13T19:17:47.761441+00:00,gpu3_benchmark,3,ckpt_s2048_e2048,benchmark,2048,2048,2048,1,0,True,3432.23,61.34,61.34,61.34,9.703
2026-05-13T19:17:47.761441+00:00,gpu3_benchmark,3,ckpt_s2048_e2048,benchmark,8192,2048,2048,1,0,True,4132.78,236.45,236.45,236.45,9.703
2026-05-13T19:17:47.761441+00:00,gpu3_benchmark,3,ckpt_s2048_e2048,benchmark,32768,2048,2048,1,0,True,6934.88,1051.94,1051.94,1051.94,9.703
2026-05-13T19:17:57.464387+00:00,gpu3_benchmark,3,ckpt_s2048_e2048,benchmark,65536,2048,2048,1,0,True,11272.01,2314.32,2314.32,2314.32,9.552
2026-05-13T19:18:07.016561+00:00,gpu3_benchmark,3,ckpt_s2048_e2048,benchmark,131072,2048,2048,1,0,False,,,,,6.009
2026-05-13T19:18:13.025972+00:00,gpu3_benchmark,3,ckpt_s4096_e1024,correctness,2048,4096,1024,1,0,True,,,,,7.868
2026-05-13T19:18:20.894244+00:00,gpu3_benchmark,3,ckpt_s4096_e1024,benchmark,2048,4096,1024,1,0,True,3453.26,211.52,211.52,211.52,11.804
2026-05-13T19:18:20.894244+00:00,gpu3_benchmark,3,ckpt_s4096_e1024,benchmark,8192,4096,1024,1,0,True,4153.79,446.69,446.69,446.69,11.804
2026-05-13T19:18:20.894244+00:00,gpu3_benchmark,3,ckpt_s4096_e1024,benchmark,32768,4096,1024,1,0,True,6955.88,1946.91,1946.91,1946.91,11.804
2026-05-13T19:18:32.698774+00:00,gpu3_benchmark,3,ckpt_s4096_e1024,benchmark,65536,4096,1024,1,0,True,11272.51,4264.94,4264.94,4264.94,13.686
2026-05-13T19:18:46.384622+00:00,gpu3_benchmark,3,ckpt_s4096_e1024,benchmark,131072,4096,1024,1,0,True,21314.76,10119.47,10119.47,10119.47,25.428
2026-05-13T19:19:11.813576+00:00,gpu3_benchmark,3,ckpt_s2048_e1024,correctness,2048,2048,1024,1,0,True,,,,,7.581
2026-05-13T19:19:19.395272+00:00,gpu3_benchmark,3,ckpt_s2048_e1024,benchmark,2048,2048,1024,1,0,True,3453.26,239.74,239.74,239.74,12.025
2026-05-13T19:19:19.395272+00:00,gpu3_benchmark,3,ckpt_s2048_e1024,benchmark,8192,2048,1024,1,0,True,4153.79,441.77,441.77,441.77,12.025
2026-05-13T19:19:19.395272+00:00,gpu3_benchmark,3,ckpt_s2048_e1024,benchmark,32768,2048,1024,1,0,True,6955.88,1936.21,1936.21,1936.21,12.025
2026-05-13T19:19:31.420769+00:00,gpu3_benchmark,3,ckpt_s2048_e1024,benchmark,65536,2048,1024,1,0,True,11272.51,4298.87,4298.87,4298.87,13.697
2026-05-13T19:19:45.117890+00:00,gpu3_benchmark,3,ckpt_s2048_e1024,benchmark,131072,2048,1024,1,0,False,,,,,16.101
2026-05-13T19:20:01.219778+00:00,gpu3_benchmark,3,ckpt_s1024_e1024,correctness,2048,1024,1024,1,0,True,,,,,7.090
2026-05-13T19:20:08.309972+00:00,gpu3_benchmark,3,ckpt_s1024_e1024,benchmark,2048,1024,1024,1,0,True,3452.26,111.9,111.9,111.9,11.762
2026-05-13T19:20:08.309972+00:00,gpu3_benchmark,3,ckpt_s1024_e1024,benchmark,8192,1024,1024,1,0,True,4152.79,448.39,448.39,448.39,11.762
2026-05-13T19:20:08.309972+00:00,gpu3_benchmark,3,ckpt_s1024_e1024,benchmark,32768,1024,1024,1,0,True,6954.88,1994.03,1994.03,1994.03,11.762
2026-05-13T19:20:20.072523+00:00,gpu3_benchmark,3,ckpt_s1024_e1024,benchmark,65536,1024,1024,1,0,True,11272.01,4352.22,4352.22,4352.22,13.398
2026-05-13T19:20:33.471118+00:00,gpu3_benchmark,3,ckpt_s1024_e1024,benchmark,131072,1024,1024,1,0,False,,,,,15.991
2026-05-13T19:20:49.462570+00:00,gpu3_benchmark,3,nocp_s8192_e8192,correctness,2048,8192,8192,0,0,True,,,,,7.089
2026-05-13T19:20:56.551749+00:00,gpu3_benchmark,3,nocp_s8192_e8192,benchmark,2048,8192,8192,0,0,True,3510.1,58.81,58.81,58.81,7.177
2026-05-13T19:20:56.551749+00:00,gpu3_benchmark,3,nocp_s8192_e8192,benchmark,8192,8192,8192,0,0,True,4300.63,85.12,85.12,85.12,7.177
2026-05-13T19:20:56.551749+00:00,gpu3_benchmark,3,nocp_s8192_e8192,benchmark,32768,8192,8192,0,0,True,9328.38,362.52,362.52,362.52,7.177
2026-05-13T19:21:03.728771+00:00,gpu3_benchmark,3,nocp_s8192_e8192,benchmark,65536,8192,8192,0,0,True,17416.01,793.01,793.01,793.01,5.759
2026-05-13T19:21:09.488184+00:00,gpu3_benchmark,3,nocp_s8192_e8192,benchmark,131072,8192,8192,0,0,False,,,,,4.602
2026-05-13T19:21:14.090150+00:00,gpu3_benchmark,3,nocp_s8192_e4096,correctness,2048,8192,4096,0,0,True,,,,,6.852
2026-05-13T19:21:20.942057+00:00,gpu3_benchmark,3,nocp_s8192_e4096,benchmark,2048,8192,4096,0,0,True,3510.1,56.47,56.47,56.47,7.849
2026-05-13T19:21:20.942057+00:00,gpu3_benchmark,3,nocp_s8192_e4096,benchmark,8192,8192,4096,0,0,True,4428.77,153.33,153.33,153.33,7.849
2026-05-13T19:21:20.942057+00:00,gpu3_benchmark,3,nocp_s8192_e4096,benchmark,32768,8192,4096,0,0,True,9328.38,570.62,570.62,570.62,7.849
2026-05-13T19:21:28.791873+00:00,gpu3_benchmark,3,nocp_s8192_e4096,benchmark,65536,8192,4096,0,0,True,17416.01,1294.25,1294.25,1294.25,7.050
2026-05-13T19:21:35.841977+00:00,gpu3_benchmark,3,nocp_s8192_e4096,benchmark,131072,8192,4096,0,0,False,,,,,4.765
2026-05-13T19:21:40.607613+00:00,gpu3_benchmark,3,nocp_s4096_e4096,correctness,2048,4096,4096,0,0,True,,,,,7.278
2026-05-13T19:21:47.886240+00:00,gpu3_benchmark,3,nocp_s4096_e4096,benchmark,2048,4096,4096,0,0,True,3510.1,54.12,54.12,54.12,7.559
2026-05-13T19:21:47.886240+00:00,gpu3_benchmark,3,nocp_s4096_e4096,benchmark,8192,4096,4096,0,0,True,4428.77,141.18,141.18,141.18,7.559
2026-05-13T19:21:47.886240+00:00,gpu3_benchmark,3,nocp_s4096_e4096,benchmark,32768,4096,4096,0,0,True,9328.38,593.64,593.64,593.64,7.559
2026-05-13T19:21:55.445427+00:00,gpu3_benchmark,3,nocp_s4096_e4096,benchmark,65536,4096,4096,0,0,True,17416.01,1255.12,1255.12,1255.12,6.986
2026-05-13T19:22:02.431505+00:00,gpu3_benchmark,3,nocp_s4096_e4096,benchmark,131072,4096,4096,0,0,False,,,,,4.539
2026-05-13T19:22:06.971049+00:00,gpu3_benchmark,3,nocp_s4096_e2048,correctness,2048,4096,2048,0,0,True,,,,,6.662
2026-05-13T19:22:13.633131+00:00,gpu3_benchmark,3,nocp_s4096_e2048,benchmark,2048,4096,2048,0,0,True,3510.1,54.1,54.1,54.1,8.381
2026-05-13T19:22:13.633131+00:00,gpu3_benchmark,3,nocp_s4096_e2048,benchmark,8192,4096,2048,0,0,True,4525.78,227.38,227.38,227.38,8.381
2026-05-13T19:22:13.633131+00:00,gpu3_benchmark,3,nocp_s4096_e2048,benchmark,32768,4096,2048,0,0,True,9474.26,1000.76,1000.76,1000.76,8.381
2026-05-13T19:22:22.014221+00:00,gpu3_benchmark,3,nocp_s4096_e2048,benchmark,65536,4096,2048,0,0,True,17708.01,2196.04,2196.04,2196.04,8.576
2026-05-13T19:22:30.590759+00:00,gpu3_benchmark,3,nocp_s4096_e2048,benchmark,131072,4096,2048,0,0,False,,,,,5.012
2026-05-13T19:22:35.602768+00:00,gpu3_benchmark,3,nocp_s2048_e2048,correctness,2048,2048,2048,0,0,True,,,,,6.658
2026-05-13T19:22:42.261336+00:00,gpu3_benchmark,3,nocp_s2048_e2048,benchmark,2048,2048,2048,0,0,True,3510.1,54.14,54.14,54.14,9.053
2026-05-13T19:22:42.261336+00:00,gpu3_benchmark,3,nocp_s2048_e2048,benchmark,8192,2048,2048,0,0,True,4526.78,229.38,229.38,229.38,9.053
2026-05-13T19:22:42.261336+00:00,gpu3_benchmark,3,nocp_s2048_e2048,benchmark,32768,2048,2048,0,0,True,9476.26,1025.59,1025.59,1025.59,9.053
2026-05-13T19:22:51.314918+00:00,gpu3_benchmark,3,nocp_s2048_e2048,benchmark,65536,2048,2048,0,0,True,17708.01,2233.38,2233.38,2233.38,9.747
2026-05-13T19:23:01.062230+00:00,gpu3_benchmark,3,nocp_s2048_e2048,benchmark,131072,2048,2048,0,0,False,,,,,4.784
2026-05-13T19:23:05.846435+00:00,gpu3_benchmark,3,ckpt_s8192_e8192,correctness,2048,8192,8192,1,0,True,,,,,7.285
2026-05-13T19:23:13.131447+00:00,gpu3_benchmark,3,ckpt_s8192_e8192,benchmark,2048,8192,8192,1,0,True,3432.23,59.45,59.45,59.45,8.449
2026-05-13T19:23:13.131447+00:00,gpu3_benchmark,3,ckpt_s8192_e8192,benchmark,8192,8192,8192,1,0,True,4012.63,89.27,89.27,89.27,8.449
2026-05-13T19:23:13.131447+00:00,gpu3_benchmark,3,ckpt_s8192_e8192,benchmark,32768,8192,8192,1,0,True,6814.85,391.48,391.48,391.48,8.449
2026-05-13T19:23:21.580514+00:00,gpu3_benchmark,3,ckpt_s8192_e8192,benchmark,65536,8192,8192,1,0,True,11272.01,832.26,832.26,832.26,7.242
2026-05-13T19:23:28.823220+00:00,gpu3_benchmark,3,ckpt_s8192_e8192,benchmark,131072,8192,8192,1,0,True,21303.26,1861.89,1861.89,1861.89,9.291
2026-05-13T19:23:38.114673+00:00,gpu3_benchmark,3,ckpt_s16384_e4096,correctness,2048,16384,4096,1,0,True,,,,,8.027
2026-05-13T19:23:46.141767+00:00,gpu3_benchmark,3,ckpt_s16384_e4096,benchmark,2048,16384,4096,1,0,True,3432.23,59.1,59.1,59.1,8.914
2026-05-13T19:23:46.141767+00:00,gpu3_benchmark,3,ckpt_s16384_e4096,benchmark,8192,16384,4096,1,0,True,4092.77,140.62,140.62,140.62,8.914
2026-05-13T19:23:46.141767+00:00,gpu3_benchmark,3,ckpt_s16384_e4096,benchmark,32768,16384,4096,1,0,True,6894.87,599.77,599.77,599.77,8.914
2026-05-13T19:23:55.056342+00:00,gpu3_benchmark,3,ckpt_s16384_e4096,benchmark,65536,16384,4096,1,0,True,11272.01,1278.72,1278.72,1278.72,8.102
2026-05-13T19:24:03.158540+00:00,gpu3_benchmark,3,ckpt_s16384_e4096,benchmark,131072,16384,4096,1,0,False,,,,,8.381
2026-05-13T19:24:11.540443+00:00,gpu3_benchmark,3,ckpt_s8192_e4096,correctness,2048,8192,4096,1,0,True,,,,,7.032
2026-05-13T19:24:18.572770+00:00,gpu3_benchmark,3,ckpt_s8192_e4096,benchmark,2048,8192,4096,1,0,True,3432.23,52.47,52.47,52.47,7.960
2026-05-13T19:24:18.572770+00:00,gpu3_benchmark,3,ckpt_s8192_e4096,benchmark,8192,8192,4096,1,0,True,4092.77,123.36,123.36,123.36,7.960
2026-05-13T19:24:18.572770+00:00,gpu3_benchmark,3,ckpt_s8192_e4096,benchmark,32768,8192,4096,1,0,True,6894.87,536.84,536.84,536.84,7.960
2026-05-13T19:24:26.533187+00:00,gpu3_benchmark,3,ckpt_s8192_e4096,benchmark,65536,8192,4096,1,0,True,11272.01,1308.78,1308.78,1308.78,7.747
2026-05-13T19:24:34.280593+00:00,gpu3_benchmark,3,ckpt_s8192_e4096,benchmark,131072,8192,4096,1,0,False,,,,,8.311
2026-05-13T19:24:42.591967+00:00,gpu3_benchmark,3,ckpt_s4096_e4096,correctness,2048,4096,4096,1,0,True,,,,,7.932
2026-05-13T19:24:50.524014+00:00,gpu3_benchmark,3,ckpt_s4096_e4096,benchmark,2048,4096,4096,1,0,True,3432.23,61.89,61.89,61.89,8.477
2026-05-13T19:24:50.524014+00:00,gpu3_benchmark,3,ckpt_s4096_e4096,benchmark,8192,4096,4096,1,0,True,4092.77,139.71,139.71,139.71,8.477
2026-05-13T19:24:50.524014+00:00,gpu3_benchmark,3,ckpt_s4096_e4096,benchmark,32768,4096,4096,1,0,True,6894.87,601.39,601.39,601.39,8.477
2026-05-13T19:24:59.001314+00:00,gpu3_benchmark,3,ckpt_s4096_e4096,benchmark,65536,4096,4096,1,0,True,11272.01,1319.61,1319.61,1319.61,7.939
2026-05-13T19:25:06.940395+00:00,gpu3_benchmark,3,ckpt_s4096_e4096,benchmark,131072,4096,4096,1,0,False,,,,,8.382
2026-05-13T19:25:15.322617+00:00,gpu3_benchmark,3,ckpt_s8192_e2048,correctness,2048,8192,2048,1,0,True,,,,,7.583
2026-05-13T19:25:22.905572+00:00,gpu3_benchmark,3,ckpt_s8192_e2048,benchmark,2048,8192,2048,1,0,True,3432.23,63.0,63.0,63.0,9.814
2026-05-13T19:25:22.905572+00:00,gpu3_benchmark,3,ckpt_s8192_e2048,benchmark,8192,8192,2048,1,0,True,4132.78,237.26,237.26,237.26,9.814
2026-05-13T19:25:22.905572+00:00,gpu3_benchmark,3,ckpt_s8192_e2048,benchmark,32768,8192,2048,1,0,True,6934.88,1040.59,1040.59,1040.59,9.814
2026-05-13T19:25:32.720527+00:00,gpu3_benchmark,3,ckpt_s8192_e2048,benchmark,65536,8192,2048,1,0,True,11272.01,2255.03,2255.03,2255.03,9.466
2026-05-13T19:25:42.186530+00:00,gpu3_benchmark,3,ckpt_s8192_e2048,benchmark,131072,8192,2048,1,0,False,,,,,6.041
2026-05-13T19:25:48.227863+00:00,gpu3_benchmark,3,ckpt_s4096_e2048,correctness,2048,4096,2048,1,0,True,,,,,7.479
2026-05-13T19:25:55.707312+00:00,gpu3_benchmark,3,ckpt_s4096_e2048,benchmark,2048,4096,2048,1,0,True,3432.23,59.67,59.67,59.67,8.688
2026-05-13T19:25:55.707312+00:00,gpu3_benchmark,3,ckpt_s4096_e2048,benchmark,8192,4096,2048,1,0,True,4132.78,236.14,236.14,236.14,8.688
2026-05-13T19:25:55.707312+00:00,gpu3_benchmark,3,ckpt_s4096_e2048,benchmark,32768,4096,2048,1,0,True,6934.88,1071.23,1071.23,1071.23,8.688
2026-05-13T19:26:04.396194+00:00,gpu3_benchmark,3,ckpt_s4096_e2048,benchmark,65536,4096,2048,1,0,True,11272.01,2268.47,2268.47,2268.47,9.333
2026-05-13T19:26:13.729666+00:00,gpu3_benchmark,3,ckpt_s4096_e2048,benchmark,131072,4096,2048,1,0,False,,,,,5.878
2026-05-13T19:26:19.608331+00:00,gpu3_benchmark,3,ckpt_s2048_e2048,correctness,2048,2048,2048,1,0,True,,,,,7.508
2026-05-13T19:26:27.116577+00:00,gpu3_benchmark,3,ckpt_s2048_e2048,benchmark,2048,2048,2048,1,0,True,3432.23,61.81,61.81,61.81,9.847
2026-05-13T19:26:27.116577+00:00,gpu3_benchmark,3,ckpt_s2048_e2048,benchmark,8192,2048,2048,1,0,True,4132.78,263.77,263.77,263.77,9.847
2026-05-13T19:26:27.116577+00:00,gpu3_benchmark,3,ckpt_s2048_e2048,benchmark,32768,2048,2048,1,0,True,6934.88,1083.76,1083.76,1083.76,9.847
2026-05-13T19:26:36.964330+00:00,gpu3_benchmark,3,ckpt_s2048_e2048,benchmark,65536,2048,2048,1,0,True,11272.01,2323.33,2323.33,2323.33,10.376
2026-05-13T19:26:47.340528+00:00,gpu3_benchmark,3,ckpt_s2048_e2048,benchmark,131072,2048,2048,1,0,False,,,,,5.800
2026-05-13T19:26:53.141407+00:00,gpu3_benchmark,3,ckpt_s4096_e1024,correctness,2048,4096,1024,1,0,True,,,,,7.449
2026-05-13T19:27:00.590484+00:00,gpu3_benchmark,3,ckpt_s4096_e1024,benchmark,2048,4096,1024,1,0,True,3453.26,228.08,228.08,228.08,11.684
2026-05-13T19:27:00.590484+00:00,gpu3_benchmark,3,ckpt_s4096_e1024,benchmark,8192,4096,1024,1,0,True,4153.79,449.13,449.13,449.13,11.684
2026-05-13T19:27:00.590484+00:00,gpu3_benchmark,3,ckpt_s4096_e1024,benchmark,32768,4096,1024,1,0,True,6955.88,1948.76,1948.76,1948.76,11.684
2026-05-13T19:27:12.274709+00:00,gpu3_benchmark,3,ckpt_s4096_e1024,benchmark,65536,4096,1024,1,0,True,11272.51,4334.74,4334.74,4334.74,14.285
2026-05-13T19:27:26.559808+00:00,gpu3_benchmark,3,ckpt_s4096_e1024,benchmark,131072,4096,1024,1,0,True,21314.76,9934.85,9934.85,9934.85,25.572
2026-05-13T19:27:52.132402+00:00,gpu3_benchmark,3,ckpt_s2048_e1024,correctness,2048,2048,1024,1,0,True,,,,,7.315
2026-05-13T19:27:59.447400+00:00,gpu3_benchmark,3,ckpt_s2048_e1024,benchmark,2048,2048,1024,1,0,True,3453.26,230.26,230.26,230.26,11.904
2026-05-13T19:27:59.447400+00:00,gpu3_benchmark,3,ckpt_s2048_e1024,benchmark,8192,2048,1024,1,0,True,4153.79,441.86,441.86,441.86,11.904
2026-05-13T19:27:59.447400+00:00,gpu3_benchmark,3,ckpt_s2048_e1024,benchmark,32768,2048,1024,1,0,True,6955.88,1951.71,1951.71,1951.71,11.904
2026-05-13T19:28:11.351996+00:00,gpu3_benchmark,3,ckpt_s2048_e1024,benchmark,65536,2048,1024,1,0,True,11272.51,4275.85,4275.85,4275.85,13.423
2026-05-13T19:28:24.775087+00:00,gpu3_benchmark,3,ckpt_s2048_e1024,benchmark,131072,2048,1024,1,0,False,,,,,16.526
2026-05-13T19:28:41.301610+00:00,gpu3_benchmark,3,ckpt_s1024_e1024,correctness,2048,1024,1024,1,0,True,,,,,7.379
2026-05-13T19:28:48.681361+00:00,gpu3_benchmark,3,ckpt_s1024_e1024,benchmark,2048,1024,1024,1,0,True,3452.26,109.02,109.02,109.02,12.159
2026-05-13T19:28:48.681361+00:00,gpu3_benchmark,3,ckpt_s1024_e1024,benchmark,8192,1024,1024,1,0,True,4152.79,449.73,449.73,449.73,12.159
2026-05-13T19:28:48.681361+00:00,gpu3_benchmark,3,ckpt_s1024_e1024,benchmark,32768,1024,1024,1,0,True,6954.88,1954.99,1954.99,1954.99,12.159
2026-05-13T19:29:00.840884+00:00,gpu3_benchmark,3,ckpt_s1024_e1024,benchmark,65536,1024,1024,1,0,True,11272.01,4326.03,4326.03,4326.03,13.752
2026-05-13T19:29:14.592855+00:00,gpu3_benchmark,3,ckpt_s1024_e1024,benchmark,131072,1024,1024,1,0,False,,,,,16.817
2026-05-13T19:29:31.410091+00:00,gpu3_benchmark,3,nocp_s8192_e8192,correctness,2048,8192,8192,0,0,True,,,,,6.782
2026-05-13T19:29:38.192315+00:00,gpu3_benchmark,3,nocp_s8192_e8192,benchmark,2048,8192,8192,0,0,True,3510.1,54.38,54.38,54.38,7.068
2026-05-13T19:29:38.192315+00:00,gpu3_benchmark,3,nocp_s8192_e8192,benchmark,8192,8192,8192,0,0,True,4300.63,79.59,79.59,79.59,7.068
2026-05-13T19:29:38.192315+00:00,gpu3_benchmark,3,nocp_s8192_e8192,benchmark,32768,8192,8192,0,0,True,9328.38,363.77,363.77,363.77,7.068
2026-05-13T19:29:45.260949+00:00,gpu3_benchmark,3,nocp_s8192_e8192,benchmark,65536,8192,8192,0,0,True,17416.01,778.0,778.0,778.0,6.240
2026-05-13T19:29:51.500842+00:00,gpu3_benchmark,3,nocp_s8192_e8192,benchmark,131072,8192,8192,0,0,False,,,,,4.578
2026-05-13T19:29:56.079416+00:00,gpu3_benchmark,3,nocp_s8192_e4096,correctness,2048,8192,4096,0,0,True,,,,,6.566
2026-05-13T19:30:02.646201+00:00,gpu3_benchmark,3,nocp_s8192_e4096,benchmark,2048,8192,4096,0,0,True,3510.1,56.03,56.03,56.03,7.607
2026-05-13T19:30:02.646201+00:00,gpu3_benchmark,3,nocp_s8192_e4096,benchmark,8192,8192,4096,0,0,True,4428.77,138.4,138.4,138.4,7.607
2026-05-13T19:30:02.646201+00:00,gpu3_benchmark,3,nocp_s8192_e4096,benchmark,32768,8192,4096,0,0,True,9328.38,584.95,584.95,584.95,7.607
2026-05-13T19:30:10.253889+00:00,gpu3_benchmark,3,nocp_s8192_e4096,benchmark,65536,8192,4096,0,0,True,17416.01,1252.7,1252.7,1252.7,7.210
2026-05-13T19:30:17.463691+00:00,gpu3_benchmark,3,nocp_s8192_e4096,benchmark,131072,8192,4096,0,0,False,,,,,4.906
2026-05-13T19:30:22.369799+00:00,gpu3_benchmark,3,nocp_s4096_e4096,correctness,2048,4096,4096,0,0,True,,,,,6.701
2026-05-13T19:30:29.071116+00:00,gpu3_benchmark,3,nocp_s4096_e4096,benchmark,2048,4096,4096,0,0,True,3510.1,55.68,55.68,55.68,7.223
2026-05-13T19:30:29.071116+00:00,gpu3_benchmark,3,nocp_s4096_e4096,benchmark,8192,4096,4096,0,0,True,4428.77,133.15,133.15,133.15,7.223
2026-05-13T19:30:29.071116+00:00,gpu3_benchmark,3,nocp_s4096_e4096,benchmark,32768,4096,4096,0,0,True,9328.38,574.8,574.8,574.8,7.223
2026-05-13T19:30:36.294465+00:00,gpu3_benchmark,3,nocp_s4096_e4096,benchmark,65536,4096,4096,0,0,True,17416.01,1254.51,1254.51,1254.51,6.833
2026-05-13T19:30:43.127313+00:00,gpu3_benchmark,3,nocp_s4096_e4096,benchmark,131072,4096,4096,0,0,False,,,,,4.837
2026-05-13T19:30:47.964862+00:00,gpu3_benchmark,3,nocp_s4096_e2048,correctness,2048,4096,2048,0,0,True,,,,,6.620
2026-05-13T19:30:54.585014+00:00,gpu3_benchmark,3,nocp_s4096_e2048,benchmark,2048,4096,2048,0,0,True,3510.1,56.43,56.43,56.43,9.039
2026-05-13T19:30:54.585014+00:00,gpu3_benchmark,3,nocp_s4096_e2048,benchmark,8192,4096,2048,0,0,True,4525.78,234.68,234.68,234.68,9.039
2026-05-13T19:30:54.585014+00:00,gpu3_benchmark,3,nocp_s4096_e2048,benchmark,32768,4096,2048,0,0,True,9474.26,1008.11,1008.11,1008.11,9.039
2026-05-13T19:31:03.624876+00:00,gpu3_benchmark,3,nocp_s4096_e2048,benchmark,65536,4096,2048,0,0,True,17708.01,2179.39,2179.39,2179.39,9.013
2026-05-13T19:31:12.637768+00:00,gpu3_benchmark,3,nocp_s4096_e2048,benchmark,131072,4096,2048,0,0,False,,,,,4.684
2026-05-13T19:31:17.322670+00:00,gpu3_benchmark,3,nocp_s2048_e2048,correctness,2048,2048,2048,0,0,True,,,,,6.946
2026-05-13T19:31:24.269058+00:00,gpu3_benchmark,3,nocp_s2048_e2048,benchmark,2048,2048,2048,0,0,True,3510.1,56.99,56.99,56.99,9.110
2026-05-13T19:31:24.269058+00:00,gpu3_benchmark,3,nocp_s2048_e2048,benchmark,8192,2048,2048,0,0,True,4526.78,227.07,227.07,227.07,9.110
2026-05-13T19:31:24.269058+00:00,gpu3_benchmark,3,nocp_s2048_e2048,benchmark,32768,2048,2048,0,0,True,9476.26,1015.5,1015.5,1015.5,9.110
2026-05-13T19:31:33.379467+00:00,gpu3_benchmark,3,nocp_s2048_e2048,benchmark,65536,2048,2048,0,0,True,17708.01,2201.55,2201.55,2201.55,9.031
2026-05-13T19:31:42.411113+00:00,gpu3_benchmark,3,nocp_s2048_e2048,benchmark,131072,2048,2048,0,0,False,,,,,4.794
2026-05-13T19:31:47.205756+00:00,gpu3_benchmark,3,ckpt_s8192_e8192,correctness,2048,8192,8192,1,0,True,,,,,7.655
2026-05-13T19:31:54.861285+00:00,gpu3_benchmark,3,ckpt_s8192_e8192,benchmark,2048,8192,8192,1,0,True,3432.23,62.16,62.16,62.16,8.000
2026-05-13T19:31:54.861285+00:00,gpu3_benchmark,3,ckpt_s8192_e8192,benchmark,8192,8192,8192,1,0,True,4012.63,94.1,94.1,94.1,8.000
2026-05-13T19:31:54.861285+00:00,gpu3_benchmark,3,ckpt_s8192_e8192,benchmark,32768,8192,8192,1,0,True,6814.85,441.19,441.19,441.19,8.000
2026-05-13T19:32:02.861427+00:00,gpu3_benchmark,3,ckpt_s8192_e8192,benchmark,65536,8192,8192,1,0,True,11272.01,831.75,831.75,831.75,6.437
2026-05-13T19:32:09.298566+00:00,gpu3_benchmark,3,ckpt_s8192_e8192,benchmark,131072,8192,8192,1,0,True,21303.26,1879.5,1879.5,1879.5,9.199
2026-05-13T19:32:18.497695+00:00,gpu3_benchmark,3,ckpt_s16384_e4096,correctness,2048,16384,4096,1,0,True,,,,,8.008
2026-05-13T19:32:26.505516+00:00,gpu3_benchmark,3,ckpt_s16384_e4096,benchmark,2048,16384,4096,1,0,True,3432.23,58.69,58.69,58.69,8.678
2026-05-13T19:32:26.505516+00:00,gpu3_benchmark,3,ckpt_s16384_e4096,benchmark,8192,16384,4096,1,0,True,4092.77,139.38,139.38,139.38,8.678
2026-05-13T19:32:26.505516+00:00,gpu3_benchmark,3,ckpt_s16384_e4096,benchmark,32768,16384,4096,1,0,True,6894.87,614.1,614.1,614.1,8.678
2026-05-13T19:32:35.184158+00:00,gpu3_benchmark,3,ckpt_s16384_e4096,benchmark,65536,16384,4096,1,0,True,11272.01,1294.5,1294.5,1294.5,7.557
2026-05-13T19:32:42.741358+00:00,gpu3_benchmark,3,ckpt_s16384_e4096,benchmark,131072,16384,4096,1,0,False,,,,,8.213
2026-05-13T19:32:50.954855+00:00,gpu3_benchmark,3,ckpt_s8192_e4096,correctness,2048,8192,4096,1,0,True,,,,,7.407
2026-05-13T19:32:58.362667+00:00,gpu3_benchmark,3,ckpt_s8192_e4096,benchmark,2048,8192,4096,1,0,True,3432.23,61.19,61.19,61.19,8.241
2026-05-13T19:32:58.362667+00:00,gpu3_benchmark,3,ckpt_s8192_e4096,benchmark,8192,8192,4096,1,0,True,4092.77,140.66,140.66,140.66,8.241
2026-05-13T19:32:58.362667+00:00,gpu3_benchmark,3,ckpt_s8192_e4096,benchmark,32768,8192,4096,1,0,True,6894.87,595.18,595.18,595.18,8.241
2026-05-13T19:33:06.604006+00:00,gpu3_benchmark,3,ckpt_s8192_e4096,benchmark,65536,8192,4096,1,0,True,11272.01,1301.26,1301.26,1301.26,7.753
2026-05-13T19:33:14.356964+00:00,gpu3_benchmark,3,ckpt_s8192_e4096,benchmark,131072,8192,4096,1,0,False,,,,,8.833
2026-05-13T19:33:23.190514+00:00,gpu3_benchmark,3,ckpt_s4096_e4096,correctness,2048,4096,4096,1,0,True,,,,,8.033
2026-05-13T19:33:31.224272+00:00,gpu3_benchmark,3,ckpt_s4096_e4096,benchmark,2048,4096,4096,1,0,True,3432.23,57.28,57.28,57.28,8.367
2026-05-13T19:33:31.224272+00:00,gpu3_benchmark,3,ckpt_s4096_e4096,benchmark,8192,4096,4096,1,0,True,4092.77,139.61,139.61,139.61,8.367
2026-05-13T19:33:31.224272+00:00,gpu3_benchmark,3,ckpt_s4096_e4096,benchmark,32768,4096,4096,1,0,True,6894.87,618.38,618.38,618.38,8.367
2026-05-13T19:33:39.591535+00:00,gpu3_benchmark,3,ckpt_s4096_e4096,benchmark,65536,4096,4096,1,0,True,11272.01,1300.9,1300.9,1300.9,7.797
2026-05-13T19:33:47.389302+00:00,gpu3_benchmark,3,ckpt_s4096_e4096,benchmark,131072,4096,4096,1,0,False,,,,,8.992
2026-05-13T19:33:56.381318+00:00,gpu3_benchmark,3,ckpt_s8192_e2048,correctness,2048,8192,2048,1,0,True,,,,,7.893
2026-05-13T19:34:04.274312+00:00,gpu3_benchmark,3,ckpt_s8192_e2048,benchmark,2048,8192,2048,1,0,True,3432.23,58.94,58.94,58.94,9.841
2026-05-13T19:34:04.274312+00:00,gpu3_benchmark,3,ckpt_s8192_e2048,benchmark,8192,8192,2048,1,0,True,4132.78,242.23,242.23,242.23,9.841
2026-05-13T19:34:04.274312+00:00,gpu3_benchmark,3,ckpt_s8192_e2048,benchmark,32768,8192,2048,1,0,True,6934.88,936.91,936.91,936.91,9.841
2026-05-13T19:34:14.115304+00:00,gpu3_benchmark,3,ckpt_s8192_e2048,benchmark,65536,8192,2048,1,0,True,11272.01,2255.52,2255.52,2255.52,10.237
2026-05-13T19:34:24.352139+00:00,gpu3_benchmark,3,ckpt_s8192_e2048,benchmark,131072,8192,2048,1,0,False,,,,,6.081
2026-05-13T19:34:30.433994+00:00,gpu3_benchmark,3,ckpt_s4096_e2048,correctness,2048,4096,2048,1,0,True,,,,,7.518
2026-05-13T19:34:37.951907+00:00,gpu3_benchmark,3,ckpt_s4096_e2048,benchmark,2048,4096,2048,1,0,True,3432.23,52.22,52.22,52.22,9.339
2026-05-13T19:34:37.951907+00:00,gpu3_benchmark,3,ckpt_s4096_e2048,benchmark,8192,4096,2048,1,0,True,4132.78,212.97,212.97,212.97,9.339
2026-05-13T19:34:37.951907+00:00,gpu3_benchmark,3,ckpt_s4096_e2048,benchmark,32768,4096,2048,1,0,True,6934.88,926.61,926.61,926.61,9.339
2026-05-13T19:34:47.291803+00:00,gpu3_benchmark,3,ckpt_s4096_e2048,benchmark,65536,4096,2048,1,0,True,11272.01,2047.06,2047.06,2047.06,9.052
2026-05-13T19:34:56.344500+00:00,gpu3_benchmark,3,ckpt_s4096_e2048,benchmark,131072,4096,2048,1,0,False,,,,,5.830
2026-05-13T19:35:02.174738+00:00,gpu3_benchmark,3,ckpt_s2048_e2048,correctness,2048,2048,2048,1,0,True,,,,,7.893
2026-05-13T19:35:10.068311+00:00,gpu3_benchmark,3,ckpt_s2048_e2048,benchmark,2048,2048,2048,1,0,True,3432.23,57.34,57.34,57.34,9.522
2026-05-13T19:35:10.068311+00:00,gpu3_benchmark,3,ckpt_s2048_e2048,benchmark,8192,2048,2048,1,0,True,4132.78,243.49,243.49,243.49,9.522
2026-05-13T19:35:10.068311+00:00,gpu3_benchmark,3,ckpt_s2048_e2048,benchmark,32768,2048,2048,1,0,True,6934.88,1099.21,1099.21,1099.21,9.522
2026-05-13T19:35:19.591112+00:00,gpu3_benchmark,3,ckpt_s2048_e2048,benchmark,65536,2048,2048,1,0,True,11272.01,2331.32,2331.32,2331.32,9.671
2026-05-13T19:35:29.262003+00:00,gpu3_benchmark,3,ckpt_s2048_e2048,benchmark,131072,2048,2048,1,0,False,,,,,5.962
2026-05-13T19:35:35.224069+00:00,gpu3_benchmark,3,ckpt_s4096_e1024,correctness,2048,4096,1024,1,0,True,,,,,7.680
2026-05-13T19:35:42.903950+00:00,gpu3_benchmark,3,ckpt_s4096_e1024,benchmark,2048,4096,1024,1,0,True,3453.26,233.39,233.39,233.39,11.338
2026-05-13T19:35:42.903950+00:00,gpu3_benchmark,3,ckpt_s4096_e1024,benchmark,8192,4096,1024,1,0,True,4153.79,457.59,457.59,457.59,11.338
2026-05-13T19:35:42.903950+00:00,gpu3_benchmark,3,ckpt_s4096_e1024,benchmark,32768,4096,1024,1,0,True,6955.88,1929.64,1929.64,1929.64,11.338
2026-05-13T19:35:54.242504+00:00,gpu3_benchmark,3,ckpt_s4096_e1024,benchmark,65536,4096,1024,1,0,True,11272.51,4274.17,4274.17,4274.17,14.132
2026-05-13T19:36:08.375072+00:00,gpu3_benchmark,3,ckpt_s4096_e1024,benchmark,131072,4096,1024,1,0,True,21314.76,10031.75,10031.75,10031.75,24.816
2026-05-13T19:36:33.191455+00:00,gpu3_benchmark,3,ckpt_s2048_e1024,correctness,2048,2048,1024,1,0,True,,,,,7.528
2026-05-13T19:36:40.719816+00:00,gpu3_benchmark,3,ckpt_s2048_e1024,benchmark,2048,2048,1024,1,0,True,3453.26,337.62,337.62,337.62,11.523
2026-05-13T19:36:40.719816+00:00,gpu3_benchmark,3,ckpt_s2048_e1024,benchmark,8192,2048,1024,1,0,True,4153.79,442.44,442.44,442.44,11.523
2026-05-13T19:36:40.719816+00:00,gpu3_benchmark,3,ckpt_s2048_e1024,benchmark,32768,2048,1024,1,0,True,6955.88,1934.78,1934.78,1934.78,11.523
2026-05-13T19:36:52.243571+00:00,gpu3_benchmark,3,ckpt_s2048_e1024,benchmark,65536,2048,1024,1,0,True,11272.51,4295.06,4295.06,4295.06,13.871
2026-05-13T19:37:06.114885+00:00,gpu3_benchmark,3,ckpt_s2048_e1024,benchmark,131072,2048,1024,1,0,False,,,,,15.686
2026-05-13T19:37:21.801304+00:00,gpu3_benchmark,3,ckpt_s1024_e1024,correctness,2048,1024,1024,1,0,True,,,,,7.668
2026-05-13T19:37:29.469773+00:00,gpu3_benchmark,3,ckpt_s1024_e1024,benchmark,2048,1024,1024,1,0,True,3452.26,116.27,116.27,116.27,11.828
2026-05-13T19:37:29.469773+00:00,gpu3_benchmark,3,ckpt_s1024_e1024,benchmark,8192,1024,1024,1,0,True,4152.79,445.19,445.19,445.19,11.828
2026-05-13T19:37:29.469773+00:00,gpu3_benchmark,3,ckpt_s1024_e1024,benchmark,32768,1024,1024,1,0,True,6954.88,1982.1,1982.1,1982.1,11.828
2026-05-13T19:37:41.297954+00:00,gpu3_benchmark,3,ckpt_s1024_e1024,benchmark,65536,1024,1024,1,0,True,11272.01,4355.69,4355.69,4355.69,13.772
2026-05-13T19:37:55.069958+00:00,gpu3_benchmark,3,ckpt_s1024_e1024,benchmark,131072,1024,1024,1,0,False,,,,,16.541
2026-05-13T19:38:11.611566+00:00,gpu3_benchmark,3,nocp_s8192_e8192,correctness,2048,8192,8192,0,0,True,,,,,6.701
2026-05-13T19:38:18.313241+00:00,gpu3_benchmark,3,nocp_s8192_e8192,benchmark,2048,8192,8192,0,0,True,3510.1,57.46,57.46,57.46,7.098
2026-05-13T19:38:18.313241+00:00,gpu3_benchmark,3,nocp_s8192_e8192,benchmark,8192,8192,8192,0,0,True,4300.63,93.6,93.6,93.6,7.098
2026-05-13T19:38:18.313241+00:00,gpu3_benchmark,3,nocp_s8192_e8192,benchmark,32768,8192,8192,0,0,True,9328.38,363.21,363.21,363.21,7.098
2026-05-13T19:38:25.411384+00:00,gpu3_benchmark,3,nocp_s8192_e8192,benchmark,65536,8192,8192,0,0,True,17416.01,786.65,786.65,786.65,6.328
2026-05-13T19:38:31.739374+00:00,gpu3_benchmark,3,nocp_s8192_e8192,benchmark,131072,8192,8192,0,0,False,,,,,4.133
2026-05-13T19:38:35.872441+00:00,gpu3_benchmark,3,nocp_s8192_e4096,correctness,2048,8192,4096,0,0,True,,,,,6.543
2026-05-13T19:38:42.415844+00:00,gpu3_benchmark,3,nocp_s8192_e4096,benchmark,2048,8192,4096,0,0,True,3510.1,58.15,58.15,58.15,7.904
2026-05-13T19:38:42.415844+00:00,gpu3_benchmark,3,nocp_s8192_e4096,benchmark,8192,8192,4096,0,0,True,4428.77,132.44,132.44,132.44,7.904
2026-05-13T19:38:42.415844+00:00,gpu3_benchmark,3,nocp_s8192_e4096,benchmark,32768,8192,4096,0,0,True,9328.38,571.0,571.0,571.0,7.904
2026-05-13T19:38:50.320028+00:00,gpu3_benchmark,3,nocp_s8192_e4096,benchmark,65536,8192,4096,0,0,True,17416.01,1252.24,1252.24,1252.24,6.807
2026-05-13T19:38:57.127187+00:00,gpu3_benchmark,3,nocp_s8192_e4096,benchmark,131072,8192,4096,0,0,False,,,,,5.111
2026-05-13T19:39:02.238890+00:00,gpu3_benchmark,3,nocp_s4096_e4096,correctness,2048,4096,4096,0,0,True,,,,,7.224
2026-05-13T19:39:09.462901+00:00,gpu3_benchmark,3,nocp_s4096_e4096,benchmark,2048,4096,4096,0,0,True,3510.1,57.24,57.24,57.24,7.704
2026-05-13T19:39:09.462901+00:00,gpu3_benchmark,3,nocp_s4096_e4096,benchmark,8192,4096,4096,0,0,True,4428.77,131.8,131.8,131.8,7.704
2026-05-13T19:39:09.462901+00:00,gpu3_benchmark,3,nocp_s4096_e4096,benchmark,32768,4096,4096,0,0,True,9328.38,577.02,577.02,577.02,7.704
2026-05-13T19:39:17.167690+00:00,gpu3_benchmark,3,nocp_s4096_e4096,benchmark,65536,4096,4096,0,0,True,17416.01,1263.53,1263.53,1263.53,7.359
2026-05-13T19:39:24.526648+00:00,gpu3_benchmark,3,nocp_s4096_e4096,benchmark,131072,4096,4096,0,0,False,,,,,4.773
2026-05-13T19:39:29.300522+00:00,gpu3_benchmark,3,nocp_s4096_e2048,correctness,2048,4096,2048,0,0,True,,,,,6.820
2026-05-13T19:39:36.120441+00:00,gpu3_benchmark,3,nocp_s4096_e2048,benchmark,2048,4096,2048,0,0,True,3510.1,54.73,54.73,54.73,8.681
2026-05-13T19:39:36.120441+00:00,gpu3_benchmark,3,nocp_s4096_e2048,benchmark,8192,4096,2048,0,0,True,4525.78,233.2,233.2,233.2,8.681
2026-05-13T19:39:36.120441+00:00,gpu3_benchmark,3,nocp_s4096_e2048,benchmark,32768,4096,2048,0,0,True,9474.26,995.76,995.76,995.76,8.681
2026-05-13T19:39:44.801797+00:00,gpu3_benchmark,3,nocp_s4096_e2048,benchmark,65536,4096,2048,0,0,True,17708.01,2192.04,2192.04,2192.04,8.891
2026-05-13T19:39:53.693470+00:00,gpu3_benchmark,3,nocp_s4096_e2048,benchmark,131072,4096,2048,0,0,False,,,,,4.368
2026-05-13T19:39:58.062328+00:00,gpu3_benchmark,3,nocp_s2048_e2048,correctness,2048,2048,2048,0,0,True,,,,,6.825
2026-05-13T19:40:04.887528+00:00,gpu3_benchmark,3,nocp_s2048_e2048,benchmark,2048,2048,2048,0,0,True,3510.1,55.05,55.05,55.05,8.868
2026-05-13T19:40:04.887528+00:00,gpu3_benchmark,3,nocp_s2048_e2048,benchmark,8192,2048,2048,0,0,True,4526.78,226.83,226.83,226.83,8.868
2026-05-13T19:40:04.887528+00:00,gpu3_benchmark,3,nocp_s2048_e2048,benchmark,32768,2048,2048,0,0,True,9476.26,1014.14,1014.14,1014.14,8.868
2026-05-13T19:40:13.756407+00:00,gpu3_benchmark,3,nocp_s2048_e2048,benchmark,65536,2048,2048,0,0,True,17708.01,2214.61,2214.61,2214.61,8.895
2026-05-13T19:40:22.652212+00:00,gpu3_benchmark,3,nocp_s2048_e2048,benchmark,131072,2048,2048,0,0,False,,,,,4.501
2026-05-13T19:40:27.153593+00:00,gpu3_benchmark,3,ckpt_s8192_e8192,correctness,2048,8192,8192,1,0,True,,,,,8.036
2026-05-13T19:40:35.189573+00:00,gpu3_benchmark,3,ckpt_s8192_e8192,benchmark,2048,8192,8192,1,0,True,3432.23,62.24,62.24,62.24,7.902
2026-05-13T19:40:35.189573+00:00,gpu3_benchmark,3,ckpt_s8192_e8192,benchmark,8192,8192,8192,1,0,True,4012.63,94.54,94.54,94.54,7.902
2026-05-13T19:40:35.189573+00:00,gpu3_benchmark,3,ckpt_s8192_e8192,benchmark,32768,8192,8192,1,0,True,6814.85,399.67,399.67,399.67,7.902
2026-05-13T19:40:43.091490+00:00,gpu3_benchmark,3,ckpt_s8192_e8192,benchmark,65536,8192,8192,1,0,True,11272.01,847.0,847.0,847.0,6.607
2026-05-13T19:40:49.698745+00:00,gpu3_benchmark,3,ckpt_s8192_e8192,benchmark,131072,8192,8192,1,0,True,21303.26,1870.72,1870.72,1870.72,9.142
2026-05-13T19:40:58.841545+00:00,gpu3_benchmark,3,ckpt_s16384_e4096,correctness,2048,16384,4096,1,0,True,,,,,7.293
2026-05-13T19:41:06.134390+00:00,gpu3_benchmark,3,ckpt_s16384_e4096,benchmark,2048,16384,4096,1,0,True,3432.23,59.32,59.32,59.32,8.630
2026-05-13T19:41:06.134390+00:00,gpu3_benchmark,3,ckpt_s16384_e4096,benchmark,8192,16384,4096,1,0,True,4092.77,140.55,140.55,140.55,8.630
2026-05-13T19:41:06.134390+00:00,gpu3_benchmark,3,ckpt_s16384_e4096,benchmark,32768,16384,4096,1,0,True,6894.87,607.28,607.28,607.28,8.630
2026-05-13T19:41:14.764350+00:00,gpu3_benchmark,3,ckpt_s16384_e4096,benchmark,65536,16384,4096,1,0,True,11272.01,1304.41,1304.41,1304.41,8.280
2026-05-13T19:41:23.044286+00:00,gpu3_benchmark,3,ckpt_s16384_e4096,benchmark,131072,16384,4096,1,0,False,,,,,8.973
2026-05-13T19:41:32.017763+00:00,gpu3_benchmark,3,ckpt_s8192_e4096,correctness,2048,8192,4096,1,0,True,,,,,7.581
2026-05-13T19:41:39.599362+00:00,gpu3_benchmark,3,ckpt_s8192_e4096,benchmark,2048,8192,4096,1,0,True,3432.23,57.24,57.24,57.24,8.662
2026-05-13T19:41:39.599362+00:00,gpu3_benchmark,3,ckpt_s8192_e4096,benchmark,8192,8192,4096,1,0,True,4092.77,137.01,137.01,137.01,8.662
2026-05-13T19:41:39.599362+00:00,gpu3_benchmark,3,ckpt_s8192_e4096,benchmark,32768,8192,4096,1,0,True,6894.87,596.78,596.78,596.78,8.662
2026-05-13T19:41:48.261909+00:00,gpu3_benchmark,3,ckpt_s8192_e4096,benchmark,65536,8192,4096,1,0,True,11272.01,1308.9,1308.9,1308.9,7.835
2026-05-13T19:41:56.096707+00:00,gpu3_benchmark,3,ckpt_s8192_e4096,benchmark,131072,8192,4096,1,0,False,,,,,8.520
2026-05-13T19:42:04.617397+00:00,gpu3_benchmark,3,ckpt_s4096_e4096,correctness,2048,4096,4096,1,0,True,,,,,7.192
2026-05-13T19:42:11.809903+00:00,gpu3_benchmark,3,ckpt_s4096_e4096,benchmark,2048,4096,4096,1,0,True,3432.23,61.43,61.43,61.43,8.030
2026-05-13T19:42:11.809903+00:00,gpu3_benchmark,3,ckpt_s4096_e4096,benchmark,8192,4096,4096,1,0,True,4092.77,150.7,150.7,150.7,8.030
2026-05-13T19:42:11.809903+00:00,gpu3_benchmark,3,ckpt_s4096_e4096,benchmark,32768,4096,4096,1,0,True,6894.87,615.81,615.81,615.81,8.030
2026-05-13T19:42:19.840601+00:00,gpu3_benchmark,3,ckpt_s4096_e4096,benchmark,65536,4096,4096,1,0,True,11272.01,1320.75,1320.75,1320.75,7.923
2026-05-13T19:42:27.763900+00:00,gpu3_benchmark,3,ckpt_s4096_e4096,benchmark,131072,4096,4096,1,0,False,,,,,8.980
2026-05-13T19:42:36.744602+00:00,gpu3_benchmark,3,ckpt_s8192_e2048,correctness,2048,8192,2048,1,0,True,,,,,7.212
2026-05-13T19:42:43.956698+00:00,gpu3_benchmark,3,ckpt_s8192_e2048,benchmark,2048,8192,2048,1,0,True,3432.23,59.14,59.14,59.14,9.302
2026-05-13T19:42:43.956698+00:00,gpu3_benchmark,3,ckpt_s8192_e2048,benchmark,8192,8192,2048,1,0,True,4132.78,248.53,248.53,248.53,9.302
2026-05-13T19:42:43.956698+00:00,gpu3_benchmark,3,ckpt_s8192_e2048,benchmark,32768,8192,2048,1,0,True,6934.88,1040.61,1040.61,1040.61,9.302
2026-05-13T19:42:53.259404+00:00,gpu3_benchmark,3,ckpt_s8192_e2048,benchmark,65536,8192,2048,1,0,True,11272.01,2282.17,2282.17,2282.17,10.262
2026-05-13T19:43:03.522083+00:00,gpu3_benchmark,3,ckpt_s8192_e2048,benchmark,131072,8192,2048,1,0,False,,,,,5.676
2026-05-13T19:43:09.198785+00:00,gpu3_benchmark,3,ckpt_s4096_e2048,correctness,2048,4096,2048,1,0,True,,,,,8.077
2026-05-13T19:43:17.275681+00:00,gpu3_benchmark,3,ckpt_s4096_e2048,benchmark,2048,4096,2048,1,0,True,3432.23,58.77,58.77,58.77,9.440
2026-05-13T19:43:17.275681+00:00,gpu3_benchmark,3,ckpt_s4096_e2048,benchmark,8192,4096,2048,1,0,True,4132.78,266.1,266.1,266.1,9.440
2026-05-13T19:43:17.275681+00:00,gpu3_benchmark,3,ckpt_s4096_e2048,benchmark,32768,4096,2048,1,0,True,6934.88,1043.53,1043.53,1043.53,9.440
2026-05-13T19:43:26.716112+00:00,gpu3_benchmark,3,ckpt_s4096_e2048,benchmark,65536,4096,2048,1,0,True,11272.01,2322.86,2322.86,2322.86,10.280
2026-05-13T19:43:36.996644+00:00,gpu3_benchmark,3,ckpt_s4096_e2048,benchmark,131072,4096,2048,1,0,False,,,,,5.769
2026-05-13T19:43:42.766625+00:00,gpu3_benchmark,3,ckpt_s2048_e2048,correctness,2048,2048,2048,1,0,True,,,,,7.899
2026-05-13T19:43:50.665730+00:00,gpu3_benchmark,3,ckpt_s2048_e2048,benchmark,2048,2048,2048,1,0,True,3432.23,59.56,59.56,59.56,9.080
2026-05-13T19:43:50.665730+00:00,gpu3_benchmark,3,ckpt_s2048_e2048,benchmark,8192,2048,2048,1,0,True,4132.78,248.8,248.8,248.8,9.080
2026-05-13T19:43:50.665730+00:00,gpu3_benchmark,3,ckpt_s2048_e2048,benchmark,32768,2048,2048,1,0,True,6934.88,1072.54,1072.54,1072.54,9.080
2026-05-13T19:43:59.745906+00:00,gpu3_benchmark,3,ckpt_s2048_e2048,benchmark,65536,2048,2048,1,0,True,11272.01,2322.8,2322.8,2322.8,9.653
2026-05-13T19:44:09.399239+00:00,gpu3_benchmark,3,ckpt_s2048_e2048,benchmark,131072,2048,2048,1,0,False,,,,,5.596
2026-05-13T19:44:14.995232+00:00,gpu3_benchmark,3,ckpt_s4096_e1024,correctness,2048,4096,1024,1,0,True,,,,,7.153
2026-05-13T19:44:22.148379+00:00,gpu3_benchmark,3,ckpt_s4096_e1024,benchmark,2048,4096,1024,1,0,True,3453.26,214.28,214.28,214.28,12.004
2026-05-13T19:44:22.148379+00:00,gpu3_benchmark,3,ckpt_s4096_e1024,benchmark,8192,4096,1024,1,0,True,4153.79,444.34,444.34,444.34,12.004
2026-05-13T19:44:22.148379+00:00,gpu3_benchmark,3,ckpt_s4096_e1024,benchmark,32768,4096,1024,1,0,True,6955.88,1951.33,1951.33,1951.33,12.004
2026-05-13T19:44:34.152664+00:00,gpu3_benchmark,3,ckpt_s4096_e1024,benchmark,65536,4096,1024,1,0,True,11272.51,4213.96,4213.96,4213.96,13.423
2026-05-13T19:44:47.575600+00:00,gpu3_benchmark,3,ckpt_s4096_e1024,benchmark,131072,4096,1024,1,0,True,21314.76,9805.57,9805.57,9805.57,24.877
2026-05-13T19:45:12.452605+00:00,gpu3_benchmark,3,ckpt_s2048_e1024,correctness,2048,2048,1024,1,0,True,,,,,7.842
2026-05-13T19:45:20.294431+00:00,gpu3_benchmark,3,ckpt_s2048_e1024,benchmark,2048,2048,1024,1,0,True,3453.26,229.59,229.59,229.59,12.426
2026-05-13T19:45:20.294431+00:00,gpu3_benchmark,3,ckpt_s2048_e1024,benchmark,8192,2048,1024,1,0,True,4153.79,442.08,442.08,442.08,12.426
2026-05-13T19:45:20.294431+00:00,gpu3_benchmark,3,ckpt_s2048_e1024,benchmark,32768,2048,1024,1,0,True,6955.88,1960.95,1960.95,1960.95,12.426
2026-05-13T19:45:32.720897+00:00,gpu3_benchmark,3,ckpt_s2048_e1024,benchmark,65536,2048,1024,1,0,True,11272.51,3784.5,3784.5,3784.5,12.943
2026-05-13T19:45:45.664586+00:00,gpu3_benchmark,3,ckpt_s2048_e1024,benchmark,131072,2048,1024,1,0,False,,,,,15.496
2026-05-13T19:46:01.161184+00:00,gpu3_benchmark,3,ckpt_s1024_e1024,correctness,2048,1024,1024,1,0,True,,,,,7.889
2026-05-13T19:46:09.050709+00:00,gpu3_benchmark,3,ckpt_s1024_e1024,benchmark,2048,1024,1024,1,0,True,3452.26,112.42,112.42,112.42,11.622
2026-05-13T19:46:09.050709+00:00,gpu3_benchmark,3,ckpt_s1024_e1024,benchmark,8192,1024,1024,1,0,True,4152.79,442.9,442.9,442.9,11.622
2026-05-13T19:46:09.050709+00:00,gpu3_benchmark,3,ckpt_s1024_e1024,benchmark,32768,1024,1024,1,0,True,6954.88,1956.9,1956.9,1956.9,11.622
2026-05-13T19:46:20.673528+00:00,gpu3_benchmark,3,ckpt_s1024_e1024,benchmark,65536,1024,1024,1,0,True,11272.01,4361.34,4361.34,4361.34,14.186
2026-05-13T19:46:34.860108+00:00,gpu3_benchmark,3,ckpt_s1024_e1024,benchmark,131072,1024,1024,1,0,False,,,,,16.857
2026-05-13T19:46:51.717278+00:00,gpu3_benchmark,3,nocp_s8192_e8192,correctness,2048,8192,8192,0,0,True,,,,,7.079
2026-05-13T19:46:58.796766+00:00,gpu3_benchmark,3,nocp_s8192_e8192,benchmark,2048,8192,8192,0,0,True,3510.1,57.04,57.04,57.04,7.082
2026-05-13T19:46:58.796766+00:00,gpu3_benchmark,3,nocp_s8192_e8192,benchmark,8192,8192,8192,0,0,True,4300.63,83.31,83.31,83.31,7.082
2026-05-13T19:46:58.796766+00:00,gpu3_benchmark,3,nocp_s8192_e8192,benchmark,32768,8192,8192,0,0,True,9328.38,374.61,374.61,374.61,7.082
2026-05-13T19:47:05.878716+00:00,gpu3_benchmark,3,nocp_s8192_e8192,benchmark,65536,8192,8192,0,0,True,17416.01,789.19,789.19,789.19,6.001
2026-05-13T19:47:11.880220+00:00,gpu3_benchmark,3,nocp_s8192_e8192,benchmark,131072,8192,8192,0,0,False,,,,,4.457
2026-05-13T19:47:16.338119+00:00,gpu3_benchmark,3,nocp_s8192_e4096,correctness,2048,8192,4096,0,0,True,,,,,6.971
2026-05-13T19:47:23.309597+00:00,gpu3_benchmark,3,nocp_s8192_e4096,benchmark,2048,8192,4096,0,0,True,3510.1,55.08,55.08,55.08,7.286
2026-05-13T19:47:23.309597+00:00,gpu3_benchmark,3,nocp_s8192_e4096,benchmark,8192,8192,4096,0,0,True,4428.77,128.34,128.34,128.34,7.286
2026-05-13T19:47:23.309597+00:00,gpu3_benchmark,3,nocp_s8192_e4096,benchmark,32768,8192,4096,0,0,True,9328.38,571.24,571.24,571.24,7.286
2026-05-13T19:47:30.596024+00:00,gpu3_benchmark,3,nocp_s8192_e4096,benchmark,65536,8192,4096,0,0,True,17416.01,1253.51,1253.51,1253.51,7.382
2026-05-13T19:47:37.978042+00:00,gpu3_benchmark,3,nocp_s8192_e4096,benchmark,131072,8192,4096,0,0,False,,,,,5.137
2026-05-13T19:47:43.115834+00:00,gpu3_benchmark,3,nocp_s4096_e4096,correctness,2048,4096,4096,0,0,True,,,,,6.722
2026-05-13T19:47:49.838206+00:00,gpu3_benchmark,3,nocp_s4096_e4096,benchmark,2048,4096,4096,0,0,True,3510.1,53.88,53.88,53.88,7.739
2026-05-13T19:47:49.838206+00:00,gpu3_benchmark,3,nocp_s4096_e4096,benchmark,8192,4096,4096,0,0,True,4428.77,136.2,136.2,136.2,7.739
2026-05-13T19:47:49.838206+00:00,gpu3_benchmark,3,nocp_s4096_e4096,benchmark,32768,4096,4096,0,0,True,9328.38,572.44,572.44,572.44,7.739
2026-05-13T19:47:57.577629+00:00,gpu3_benchmark,3,nocp_s4096_e4096,benchmark,65536,4096,4096,0,0,True,17416.01,1266.27,1266.27,1266.27,6.960
2026-05-13T19:48:04.537455+00:00,gpu3_benchmark,3,nocp_s4096_e4096,benchmark,131072,4096,4096,0,0,False,,,,,4.833
2026-05-13T19:48:09.370836+00:00,gpu3_benchmark,3,nocp_s4096_e2048,correctness,2048,4096,2048,0,0,True,,,,,6.600
2026-05-13T19:48:15.971208+00:00,gpu3_benchmark,3,nocp_s4096_e2048,benchmark,2048,4096,2048,0,0,True,3510.1,57.39,57.39,57.39,8.628
2026-05-13T19:48:15.971208+00:00,gpu3_benchmark,3,nocp_s4096_e2048,benchmark,8192,4096,2048,0,0,True,4525.78,229.34,229.34,229.34,8.628
2026-05-13T19:48:15.971208+00:00,gpu3_benchmark,3,nocp_s4096_e2048,benchmark,32768,4096,2048,0,0,True,9474.26,1008.36,1008.36,1008.36,8.628
2026-05-13T19:48:24.599456+00:00,gpu3_benchmark,3,nocp_s4096_e2048,benchmark,65536,4096,2048,0,0,True,17708.01,2178.85,2178.85,2178.85,8.938
2026-05-13T19:48:33.538165+00:00,gpu3_benchmark,3,nocp_s4096_e2048,benchmark,131072,4096,2048,0,0,False,,,,,4.759
2026-05-13T19:48:38.297246+00:00,gpu3_benchmark,3,nocp_s2048_e2048,correctness,2048,2048,2048,0,0,True,,,,,7.031
2026-05-13T19:48:45.328382+00:00,gpu3_benchmark,3,nocp_s2048_e2048,benchmark,2048,2048,2048,0,0,True,3510.1,53.62,53.62,53.62,8.445
2026-05-13T19:48:45.328382+00:00,gpu3_benchmark,3,nocp_s2048_e2048,benchmark,8192,2048,2048,0,0,True,4526.78,227.38,227.38,227.38,8.445
2026-05-13T19:48:45.328382+00:00,gpu3_benchmark,3,nocp_s2048_e2048,benchmark,32768,2048,2048,0,0,True,9476.26,1010.79,1010.79,1010.79,8.445
2026-05-13T19:48:53.774317+00:00,gpu3_benchmark,3,nocp_s2048_e2048,benchmark,65536,2048,2048,0,0,True,17708.01,2228.54,2228.54,2228.54,9.032
2026-05-13T19:49:02.806635+00:00,gpu3_benchmark,3,nocp_s2048_e2048,benchmark,131072,2048,2048,0,0,False,,,,,5.188
2026-05-13T19:49:07.995628+00:00,gpu3_benchmark,3,ckpt_s8192_e8192,correctness,2048,8192,8192,1,0,True,,,,,8.088
2026-05-13T19:49:16.083594+00:00,gpu3_benchmark,3,ckpt_s8192_e8192,benchmark,2048,8192,8192,1,0,True,3432.23,61.31,61.31,61.31,7.896
2026-05-13T19:49:16.083594+00:00,gpu3_benchmark,3,ckpt_s8192_e8192,benchmark,8192,8192,8192,1,0,True,4012.63,93.93,93.93,93.93,7.896
2026-05-13T19:49:16.083594+00:00,gpu3_benchmark,3,ckpt_s8192_e8192,benchmark,32768,8192,8192,1,0,True,6814.85,389.98,389.98,389.98,7.896
2026-05-13T19:49:23.979752+00:00,gpu3_benchmark,3,ckpt_s8192_e8192,benchmark,65536,8192,8192,1,0,True,11272.01,831.57,831.57,831.57,6.547
2026-05-13T19:49:30.527253+00:00,gpu3_benchmark,3,ckpt_s8192_e8192,benchmark,131072,8192,8192,1,0,True,21303.26,1880.86,1880.86,1880.86,8.674
2026-05-13T19:49:39.201310+00:00,gpu3_benchmark,3,ckpt_s16384_e4096,correctness,2048,16384,4096,1,0,True,,,,,7.748
2026-05-13T19:49:46.949180+00:00,gpu3_benchmark,3,ckpt_s16384_e4096,benchmark,2048,16384,4096,1,0,True,3432.23,62.34,62.34,62.34,9.008
2026-05-13T19:49:46.949180+00:00,gpu3_benchmark,3,ckpt_s16384_e4096,benchmark,8192,16384,4096,1,0,True,4092.77,138.58,138.58,138.58,9.008
2026-05-13T19:49:46.949180+00:00,gpu3_benchmark,3,ckpt_s16384_e4096,benchmark,32768,16384,4096,1,0,True,6894.87,598.46,598.46,598.46,9.008
2026-05-13T19:49:55.957185+00:00,gpu3_benchmark,3,ckpt_s16384_e4096,benchmark,65536,16384,4096,1,0,True,11272.01,1292.85,1292.85,1292.85,8.173
2026-05-13T19:50:04.130259+00:00,gpu3_benchmark,3,ckpt_s16384_e4096,benchmark,131072,16384,4096,1,0,False,,,,,8.221
2026-05-13T19:50:12.351311+00:00,gpu3_benchmark,3,ckpt_s8192_e4096,correctness,2048,8192,4096,1,0,True,,,,,7.039
2026-05-13T19:50:19.390497+00:00,gpu3_benchmark,3,ckpt_s8192_e4096,benchmark,2048,8192,4096,1,0,True,3432.23,60.88,60.88,60.88,8.332
2026-05-13T19:50:19.390497+00:00,gpu3_benchmark,3,ckpt_s8192_e4096,benchmark,8192,8192,4096,1,0,True,4092.77,154.06,154.06,154.06,8.332
2026-05-13T19:50:19.390497+00:00,gpu3_benchmark,3,ckpt_s8192_e4096,benchmark,32768,8192,4096,1,0,True,6894.87,598.57,598.57,598.57,8.332
2026-05-13T19:50:27.723415+00:00,gpu3_benchmark,3,ckpt_s8192_e4096,benchmark,65536,8192,4096,1,0,True,11272.01,1313.88,1313.88,1313.88,8.053
2026-05-13T19:50:35.776807+00:00,gpu3_benchmark,3,ckpt_s8192_e4096,benchmark,131072,8192,4096,1,0,False,,,,,8.964
2026-05-13T19:50:44.741207+00:00,gpu3_benchmark,3,ckpt_s4096_e4096,correctness,2048,4096,4096,1,0,True,,,,,7.521
2026-05-13T19:50:52.262431+00:00,gpu3_benchmark,3,ckpt_s4096_e4096,benchmark,2048,4096,4096,1,0,True,3432.23,57.0,57.0,57.0,8.299
2026-05-13T19:50:52.262431+00:00,gpu3_benchmark,3,ckpt_s4096_e4096,benchmark,8192,4096,4096,1,0,True,4092.77,137.2,137.2,137.2,8.299
2026-05-13T19:50:52.262431+00:00,gpu3_benchmark,3,ckpt_s4096_e4096,benchmark,32768,4096,4096,1,0,True,6894.87,600.16,600.16,600.16,8.299
2026-05-13T19:51:00.561401+00:00,gpu3_benchmark,3,ckpt_s4096_e4096,benchmark,65536,4096,4096,1,0,True,11272.01,1320.88,1320.88,1320.88,7.549
2026-05-13T19:51:08.110660+00:00,gpu3_benchmark,3,ckpt_s4096_e4096,benchmark,131072,4096,4096,1,0,False,,,,,8.290
2026-05-13T19:51:16.400737+00:00,gpu3_benchmark,3,ckpt_s8192_e2048,correctness,2048,8192,2048,1,0,True,,,,,7.760
2026-05-13T19:51:24.160851+00:00,gpu3_benchmark,3,ckpt_s8192_e2048,benchmark,2048,8192,2048,1,0,True,3432.23,59.01,59.01,59.01,9.649
2026-05-13T19:51:24.160851+00:00,gpu3_benchmark,3,ckpt_s8192_e2048,benchmark,8192,8192,2048,1,0,True,4132.78,245.59,245.59,245.59,9.649
2026-05-13T19:51:24.160851+00:00,gpu3_benchmark,3,ckpt_s8192_e2048,benchmark,32768,8192,2048,1,0,True,6934.88,1068.76,1068.76,1068.76,9.649
2026-05-13T19:51:33.810140+00:00,gpu3_benchmark,3,ckpt_s8192_e2048,benchmark,65536,8192,2048,1,0,True,11272.01,2286.62,2286.62,2286.62,9.588
2026-05-13T19:51:43.398724+00:00,gpu3_benchmark,3,ckpt_s8192_e2048,benchmark,131072,8192,2048,1,0,False,,,,,5.829
2026-05-13T19:51:49.228198+00:00,gpu3_benchmark,3,ckpt_s4096_e2048,correctness,2048,4096,2048,1,0,True,,,,,7.284
2026-05-13T19:51:56.512990+00:00,gpu3_benchmark,3,ckpt_s4096_e2048,benchmark,2048,4096,2048,1,0,True,3432.23,56.41,56.41,56.41,9.587
2026-05-13T19:51:56.512990+00:00,gpu3_benchmark,3,ckpt_s4096_e2048,benchmark,8192,4096,2048,1,0,True,4132.78,240.26,240.26,240.26,9.587
2026-05-13T19:51:56.512990+00:00,gpu3_benchmark,3,ckpt_s4096_e2048,benchmark,32768,4096,2048,1,0,True,6934.88,1042.71,1042.71,1042.71,9.587
2026-05-13T19:52:06.100815+00:00,gpu3_benchmark,3,ckpt_s4096_e2048,benchmark,65536,4096,2048,1,0,True,11272.01,2289.86,2289.86,2289.86,9.636
2026-05-13T19:52:15.737414+00:00,gpu3_benchmark,3,ckpt_s4096_e2048,benchmark,131072,4096,2048,1,0,False,,,,,5.626
2026-05-13T19:52:21.363445+00:00,gpu3_benchmark,3,ckpt_s2048_e2048,correctness,2048,2048,2048,1,0,True,,,,,7.586
2026-05-13T19:52:28.949952+00:00,gpu3_benchmark,3,ckpt_s2048_e2048,benchmark,2048,2048,2048,1,0,True,3432.23,58.15,58.15,58.15,9.355
2026-05-13T19:52:28.949952+00:00,gpu3_benchmark,3,ckpt_s2048_e2048,benchmark,8192,2048,2048,1,0,True,4132.78,254.28,254.28,254.28,9.355
2026-05-13T19:52:28.949952+00:00,gpu3_benchmark,3,ckpt_s2048_e2048,benchmark,32768,2048,2048,1,0,True,6934.88,1064.17,1064.17,1064.17,9.355
2026-05-13T19:52:38.304846+00:00,gpu3_benchmark,3,ckpt_s2048_e2048,benchmark,65536,2048,2048,1,0,True,11272.01,2303.49,2303.49,2303.49,9.861
2026-05-13T19:52:48.166227+00:00,gpu3_benchmark,3,ckpt_s2048_e2048,benchmark,131072,2048,2048,1,0,False,,,,,5.778
2026-05-13T19:52:53.944939+00:00,gpu3_benchmark,3,ckpt_s4096_e1024,correctness,2048,4096,1024,1,0,True,,,,,7.115
2026-05-13T19:53:01.060008+00:00,gpu3_benchmark,3,ckpt_s4096_e1024,benchmark,2048,4096,1024,1,0,True,3453.26,207.93,207.93,207.93,11.716
2026-05-13T19:53:01.060008+00:00,gpu3_benchmark,3,ckpt_s4096_e1024,benchmark,8192,4096,1024,1,0,True,4153.79,446.83,446.83,446.83,11.716
2026-05-13T19:53:01.060008+00:00,gpu3_benchmark,3,ckpt_s4096_e1024,benchmark,32768,4096,1024,1,0,True,6955.88,1930.96,1930.96,1930.96,11.716
2026-05-13T19:53:12.776639+00:00,gpu3_benchmark,3,ckpt_s4096_e1024,benchmark,65536,4096,1024,1,0,True,11272.51,4269.11,4269.11,4269.11,13.720
2026-05-13T19:53:26.496730+00:00,gpu3_benchmark,3,ckpt_s4096_e1024,benchmark,131072,4096,1024,1,0,True,21314.76,9964.36,9964.36,9964.36,25.469
2026-05-13T19:53:51.966666+00:00,gpu3_benchmark,3,ckpt_s2048_e1024,correctness,2048,2048,1024,1,0,True,,,,,7.751
2026-05-13T19:53:59.717517+00:00,gpu3_benchmark,3,ckpt_s2048_e1024,benchmark,2048,2048,1024,1,0,True,3453.26,260.6,260.6,260.6,11.932
2026-05-13T19:53:59.717517+00:00,gpu3_benchmark,3,ckpt_s2048_e1024,benchmark,8192,2048,1024,1,0,True,4153.79,456.17,456.17,456.17,11.932
2026-05-13T19:53:59.717517+00:00,gpu3_benchmark,3,ckpt_s2048_e1024,benchmark,32768,2048,1024,1,0,True,6955.88,1935.23,1935.23,1935.23,11.932
2026-05-13T19:54:11.650254+00:00,gpu3_benchmark,3,ckpt_s2048_e1024,benchmark,65536,2048,1024,1,0,True,11272.51,4261.55,4261.55,4261.55,13.784
2026-05-13T19:54:25.434460+00:00,gpu3_benchmark,3,ckpt_s2048_e1024,benchmark,131072,2048,1024,1,0,False,,,,,15.680
2026-05-13T19:54:41.115177+00:00,gpu3_benchmark,3,ckpt_s1024_e1024,correctness,2048,1024,1024,1,0,True,,,,,7.722
2026-05-13T19:54:48.837274+00:00,gpu3_benchmark,3,ckpt_s1024_e1024,benchmark,2048,1024,1024,1,0,True,3452.26,107.89,107.89,107.89,11.879
2026-05-13T19:54:48.837274+00:00,gpu3_benchmark,3,ckpt_s1024_e1024,benchmark,8192,1024,1024,1,0,True,4152.79,453.09,453.09,453.09,11.879
2026-05-13T19:54:48.837274+00:00,gpu3_benchmark,3,ckpt_s1024_e1024,benchmark,32768,1024,1024,1,0,True,6954.88,1968.87,1968.87,1968.87,11.879
2026-05-13T19:55:00.716775+00:00,gpu3_benchmark,3,ckpt_s1024_e1024,benchmark,65536,1024,1024,1,0,True,11272.01,4349.18,4349.18,4349.18,13.923
2026-05-13T19:55:14.640264+00:00,gpu3_benchmark,3,ckpt_s1024_e1024,benchmark,131072,1024,1024,1,0,False,,,,,15.992
2026-05-13T19:55:30.632838+00:00,gpu3_benchmark,3,nocp_s8192_e8192,correctness,2048,8192,8192,0,0,True,,,,,7.239
2026-05-13T19:55:37.872405+00:00,gpu3_benchmark,3,nocp_s8192_e8192,benchmark,2048,8192,8192,0,0,True,3510.1,54.65,54.65,54.65,7.625
2026-05-13T19:55:37.872405+00:00,gpu3_benchmark,3,nocp_s8192_e8192,benchmark,8192,8192,8192,0,0,True,4300.63,82.3,82.3,82.3,7.625
2026-05-13T19:55:37.872405+00:00,gpu3_benchmark,3,nocp_s8192_e8192,benchmark,32768,8192,8192,0,0,True,9328.38,364.51,364.51,364.51,7.625
2026-05-13T19:55:45.498079+00:00,gpu3_benchmark,3,nocp_s8192_e8192,benchmark,65536,8192,8192,0,0,True,17416.01,781.7,781.7,781.7,6.575
2026-05-13T19:55:52.073758+00:00,gpu3_benchmark,3,nocp_s8192_e8192,benchmark,131072,8192,8192,0,0,False,,,,,4.471
2026-05-13T19:55:56.545628+00:00,gpu3_benchmark,3,nocp_s8192_e4096,correctness,2048,8192,4096,0,0,True,,,,,7.295
2026-05-13T19:56:03.841206+00:00,gpu3_benchmark,3,nocp_s8192_e4096,benchmark,2048,8192,4096,0,0,True,3510.1,55.33,55.33,55.33,7.390
2026-05-13T19:56:03.841206+00:00,gpu3_benchmark,3,nocp_s8192_e4096,benchmark,8192,8192,4096,0,0,True,4428.77,129.94,129.94,129.94,7.390
2026-05-13T19:56:03.841206+00:00,gpu3_benchmark,3,nocp_s8192_e4096,benchmark,32768,8192,4096,0,0,True,9328.38,569.16,569.16,569.16,7.390
2026-05-13T19:56:11.231472+00:00,gpu3_benchmark,3,nocp_s8192_e4096,benchmark,65536,8192,4096,0,0,True,17416.01,1233.95,1233.95,1233.95,7.285
2026-05-13T19:56:18.516372+00:00,gpu3_benchmark,3,nocp_s8192_e4096,benchmark,131072,8192,4096,0,0,False,,,,,4.814
2026-05-13T19:56:23.331185+00:00,gpu3_benchmark,3,nocp_s4096_e4096,correctness,2048,4096,4096,0,0,True,,,,,6.725
2026-05-13T19:56:30.056898+00:00,gpu3_benchmark,3,nocp_s4096_e4096,benchmark,2048,4096,4096,0,0,True,3510.1,48.5,48.5,48.5,7.233
2026-05-13T19:56:30.056898+00:00,gpu3_benchmark,3,nocp_s4096_e4096,benchmark,8192,4096,4096,0,0,True,4428.77,117.44,117.44,117.44,7.233
2026-05-13T19:56:30.056898+00:00,gpu3_benchmark,3,nocp_s4096_e4096,benchmark,32768,4096,4096,0,0,True,9328.38,514.61,514.61,514.61,7.233
2026-05-13T19:56:37.290578+00:00,gpu3_benchmark,3,nocp_s4096_e4096,benchmark,65536,4096,4096,0,0,True,17416.01,1121.0,1121.0,1121.0,6.871
2026-05-13T19:56:44.161763+00:00,gpu3_benchmark,3,nocp_s4096_e4096,benchmark,131072,4096,4096,0,0,False,,,,,4.593
2026-05-13T19:56:48.754894+00:00,gpu3_benchmark,3,nocp_s4096_e2048,correctness,2048,4096,2048,0,0,True,,,,,6.952
2026-05-13T19:56:55.706685+00:00,gpu3_benchmark,3,nocp_s4096_e2048,benchmark,2048,4096,2048,0,0,True,3510.1,53.4,53.4,53.4,8.608
2026-05-13T19:56:55.706685+00:00,gpu3_benchmark,3,nocp_s4096_e2048,benchmark,8192,4096,2048,0,0,True,4525.78,237.55,237.55,237.55,8.608
2026-05-13T19:56:55.706685+00:00,gpu3_benchmark,3,nocp_s4096_e2048,benchmark,32768,4096,2048,0,0,True,9474.26,1001.49,1001.49,1001.49,8.608
2026-05-13T19:57:04.315132+00:00,gpu3_benchmark,3,nocp_s4096_e2048,benchmark,65536,4096,2048,0,0,True,17708.01,2187.23,2187.23,2187.23,8.798
2026-05-13T19:57:13.113879+00:00,gpu3_benchmark,3,nocp_s4096_e2048,benchmark,131072,4096,2048,0,0,False,,,,,4.853
2026-05-13T19:57:17.967164+00:00,gpu3_benchmark,3,nocp_s2048_e2048,correctness,2048,2048,2048,0,0,True,,,,,7.141
2026-05-13T19:57:25.108378+00:00,gpu3_benchmark,3,nocp_s2048_e2048,benchmark,2048,2048,2048,0,0,True,3510.1,57.81,57.81,57.81,8.537
2026-05-13T19:57:25.108378+00:00,gpu3_benchmark,3,nocp_s2048_e2048,benchmark,8192,2048,2048,0,0,True,4526.78,225.72,225.72,225.72,8.537
2026-05-13T19:57:25.108378+00:00,gpu3_benchmark,3,nocp_s2048_e2048,benchmark,32768,2048,2048,0,0,True,9476.26,996.85,996.85,996.85,8.537
2026-05-13T19:57:33.645372+00:00,gpu3_benchmark,3,nocp_s2048_e2048,benchmark,65536,2048,2048,0,0,True,17708.01,2214.02,2214.02,2214.02,8.790
2026-05-13T19:57:42.435931+00:00,gpu3_benchmark,3,nocp_s2048_e2048,benchmark,131072,2048,2048,0,0,False,,,,,4.570
2026-05-13T19:57:47.006409+00:00,gpu3_benchmark,3,ckpt_s8192_e8192,correctness,2048,8192,8192,1,0,True,,,,,7.555
2026-05-13T19:57:54.561334+00:00,gpu3_benchmark,3,ckpt_s8192_e8192,benchmark,2048,8192,8192,1,0,True,3432.23,60.14,60.14,60.14,7.823
2026-05-13T19:57:54.561334+00:00,gpu3_benchmark,3,ckpt_s8192_e8192,benchmark,8192,8192,8192,1,0,True,4012.63,88.61,88.61,88.61,7.823
2026-05-13T19:57:54.561334+00:00,gpu3_benchmark,3,ckpt_s8192_e8192,benchmark,32768,8192,8192,1,0,True,6814.85,430.61,430.61,430.61,7.823
2026-05-13T19:58:02.384599+00:00,gpu3_benchmark,3,ckpt_s8192_e8192,benchmark,65536,8192,8192,1,0,True,11272.01,833.39,833.39,833.39,6.862
2026-05-13T19:58:09.246557+00:00,gpu3_benchmark,3,ckpt_s8192_e8192,benchmark,131072,8192,8192,1,0,True,21303.26,1872.04,1872.04,1872.04,9.037
2026-05-13T19:58:18.284304+00:00,gpu3_benchmark,3,ckpt_s16384_e4096,correctness,2048,16384,4096,1,0,True,,,,,7.506
2026-05-13T19:58:25.790560+00:00,gpu3_benchmark,3,ckpt_s16384_e4096,benchmark,2048,16384,4096,1,0,True,3432.23,60.73,60.73,60.73,8.337
2026-05-13T19:58:25.790560+00:00,gpu3_benchmark,3,ckpt_s16384_e4096,benchmark,8192,16384,4096,1,0,True,4092.77,139.04,139.04,139.04,8.337
2026-05-13T19:58:25.790560+00:00,gpu3_benchmark,3,ckpt_s16384_e4096,benchmark,32768,16384,4096,1,0,True,6894.87,597.97,597.97,597.97,8.337
2026-05-13T19:58:34.127652+00:00,gpu3_benchmark,3,ckpt_s16384_e4096,benchmark,65536,16384,4096,1,0,True,11272.01,1308.88,1308.88,1308.88,7.982
2026-05-13T19:58:42.109898+00:00,gpu3_benchmark,3,ckpt_s16384_e4096,benchmark,131072,16384,4096,1,0,False,,,,,8.741
2026-05-13T19:58:50.851088+00:00,gpu3_benchmark,3,ckpt_s8192_e4096,correctness,2048,8192,4096,1,0,True,,,,,7.928
2026-05-13T19:58:58.779626+00:00,gpu3_benchmark,3,ckpt_s8192_e4096,benchmark,2048,8192,4096,1,0,True,3432.23,59.18,59.18,59.18,8.490
2026-05-13T19:58:58.779626+00:00,gpu3_benchmark,3,ckpt_s8192_e4096,benchmark,8192,8192,4096,1,0,True,4092.77,145.25,145.25,145.25,8.490
2026-05-13T19:58:58.779626+00:00,gpu3_benchmark,3,ckpt_s8192_e4096,benchmark,32768,8192,4096,1,0,True,6894.87,598.06,598.06,598.06,8.490
2026-05-13T19:59:07.270465+00:00,gpu3_benchmark,3,ckpt_s8192_e4096,benchmark,65536,8192,4096,1,0,True,11272.01,1318.44,1318.44,1318.44,7.723
2026-05-13T19:59:14.993983+00:00,gpu3_benchmark,3,ckpt_s8192_e4096,benchmark,131072,8192,4096,1,0,False,,,,,8.666
2026-05-13T19:59:23.660829+00:00,gpu3_benchmark,3,ckpt_s4096_e4096,correctness,2048,4096,4096,1,0,True,,,,,7.462
2026-05-13T19:59:31.123324+00:00,gpu3_benchmark,3,ckpt_s4096_e4096,benchmark,2048,4096,4096,1,0,True,3432.23,59.77,59.77,59.77,7.682
2026-05-13T19:59:31.123324+00:00,gpu3_benchmark,3,ckpt_s4096_e4096,benchmark,8192,4096,4096,1,0,True,4092.77,137.51,137.51,137.51,7.682
2026-05-13T19:59:31.123324+00:00,gpu3_benchmark,3,ckpt_s4096_e4096,benchmark,32768,4096,4096,1,0,True,6894.87,610.08,610.08,610.08,7.682
2026-05-13T19:59:38.806103+00:00,gpu3_benchmark,3,ckpt_s4096_e4096,benchmark,65536,4096,4096,1,0,True,11272.01,1314.32,1314.32,1314.32,7.819
2026-05-13T19:59:46.625745+00:00,gpu3_benchmark,3,ckpt_s4096_e4096,benchmark,131072,4096,4096,1,0,False,,,,,8.618
2026-05-13T19:59:55.244041+00:00,gpu3_benchmark,3,ckpt_s8192_e2048,correctness,2048,8192,2048,1,0,True,,,,,7.685
2026-05-13T20:00:02.929483+00:00,gpu3_benchmark,3,ckpt_s8192_e2048,benchmark,2048,8192,2048,1,0,True,3432.23,60.66,60.66,60.66,8.978
2026-05-13T20:00:02.929483+00:00,gpu3_benchmark,3,ckpt_s8192_e2048,benchmark,8192,8192,2048,1,0,True,4132.78,241.02,241.02,241.02,8.978
2026-05-13T20:00:02.929483+00:00,gpu3_benchmark,3,ckpt_s8192_e2048,benchmark,32768,8192,2048,1,0,True,6934.88,1054.47,1054.47,1054.47,8.978
2026-05-13T20:00:11.907932+00:00,gpu3_benchmark,3,ckpt_s8192_e2048,benchmark,65536,8192,2048,1,0,True,11272.01,2248.83,2248.83,2248.83,9.900
2026-05-13T20:00:21.808174+00:00,gpu3_benchmark,3,ckpt_s8192_e2048,benchmark,131072,8192,2048,1,0,False,,,,,5.472
2026-05-13T20:00:27.280431+00:00,gpu3_benchmark,3,ckpt_s4096_e2048,correctness,2048,4096,2048,1,0,True,,,,,7.263
2026-05-13T20:00:34.543267+00:00,gpu3_benchmark,3,ckpt_s4096_e2048,benchmark,2048,4096,2048,1,0,True,3432.23,61.1,61.1,61.1,9.425
2026-05-13T20:00:34.543267+00:00,gpu3_benchmark,3,ckpt_s4096_e2048,benchmark,8192,4096,2048,1,0,True,4132.78,239.2,239.2,239.2,9.425
2026-05-13T20:00:34.543267+00:00,gpu3_benchmark,3,ckpt_s4096_e2048,benchmark,32768,4096,2048,1,0,True,6934.88,1053.35,1053.35,1053.35,9.425
2026-05-13T20:00:43.969032+00:00,gpu3_benchmark,3,ckpt_s4096_e2048,benchmark,65536,4096,2048,1,0,True,11272.01,2302.58,2302.58,2302.58,9.454
2026-05-13T20:00:53.422902+00:00,gpu3_benchmark,3,ckpt_s4096_e2048,benchmark,131072,4096,2048,1,0,False,,,,,5.244
2026-05-13T20:00:58.667281+00:00,gpu3_benchmark,3,ckpt_s2048_e2048,correctness,2048,2048,2048,1,0,True,,,,,7.920
2026-05-13T20:01:06.587077+00:00,gpu3_benchmark,3,ckpt_s2048_e2048,benchmark,2048,2048,2048,1,0,True,3432.23,56.84,56.84,56.84,9.783
2026-05-13T20:01:06.587077+00:00,gpu3_benchmark,3,ckpt_s2048_e2048,benchmark,8192,2048,2048,1,0,True,4132.78,245.65,245.65,245.65,9.783
2026-05-13T20:01:06.587077+00:00,gpu3_benchmark,3,ckpt_s2048_e2048,benchmark,32768,2048,2048,1,0,True,6934.88,1054.02,1054.02,1054.02,9.783
2026-05-13T20:01:16.370265+00:00,gpu3_benchmark,3,ckpt_s2048_e2048,benchmark,65536,2048,2048,1,0,True,11272.01,2361.91,2361.91,2361.91,10.168
2026-05-13T20:01:26.538173+00:00,gpu3_benchmark,3,ckpt_s2048_e2048,benchmark,131072,2048,2048,1,0,False,,,,,5.973
2026-05-13T20:01:32.511976+00:00,gpu3_benchmark,3,ckpt_s4096_e1024,correctness,2048,4096,1024,1,0,True,,,,,7.813
2026-05-13T20:01:40.325364+00:00,gpu3_benchmark,3,ckpt_s4096_e1024,benchmark,2048,4096,1024,1,0,True,3453.26,209.99,209.99,209.99,11.831
2026-05-13T20:01:40.325364+00:00,gpu3_benchmark,3,ckpt_s4096_e1024,benchmark,8192,4096,1024,1,0,True,4153.79,443.25,443.25,443.25,11.831
2026-05-13T20:01:40.325364+00:00,gpu3_benchmark,3,ckpt_s4096_e1024,benchmark,32768,4096,1024,1,0,True,6955.88,1955.26,1955.26,1955.26,11.831
2026-05-13T20:01:52.156974+00:00,gpu3_benchmark,3,ckpt_s4096_e1024,benchmark,65536,4096,1024,1,0,True,11272.51,4205.29,4205.29,4205.29,13.517
2026-05-13T20:02:05.673810+00:00,gpu3_benchmark,3,ckpt_s4096_e1024,benchmark,131072,4096,1024,1,0,True,21314.76,10104.12,10104.12,10104.12,25.431
2026-05-13T20:02:31.105723+00:00,gpu3_benchmark,3,ckpt_s2048_e1024,correctness,2048,2048,1024,1,0,True,,,,,7.470
2026-05-13T20:02:38.575874+00:00,gpu3_benchmark,3,ckpt_s2048_e1024,benchmark,2048,2048,1024,1,0,True,3453.26,216.76,216.76,216.76,11.512
2026-05-13T20:02:38.575874+00:00,gpu3_benchmark,3,ckpt_s2048_e1024,benchmark,8192,2048,1024,1,0,True,4153.79,455.74,455.74,455.74,11.512
2026-05-13T20:02:38.575874+00:00,gpu3_benchmark,3,ckpt_s2048_e1024,benchmark,32768,2048,1024,1,0,True,6955.88,1955.33,1955.33,1955.33,11.512
2026-05-13T20:02:50.087998+00:00,gpu3_benchmark,3,ckpt_s2048_e1024,benchmark,65536,2048,1024,1,0,True,11272.51,4278.67,4278.67,4278.67,13.759
2026-05-13T20:03:03.847540+00:00,gpu3_benchmark,3,ckpt_s2048_e1024,benchmark,131072,2048,1024,1,0,False,,,,,16.366
2026-05-13T20:03:20.214042+00:00,gpu3_benchmark,3,ckpt_s1024_e1024,correctness,2048,1024,1024,1,0,True,,,,,8.172
2026-05-13T20:03:28.386270+00:00,gpu3_benchmark,3,ckpt_s1024_e1024,benchmark,2048,1024,1024,1,0,True,3452.26,106.88,106.88,106.88,11.999
2026-05-13T20:03:28.386270+00:00,gpu3_benchmark,3,ckpt_s1024_e1024,benchmark,8192,1024,1024,1,0,True,4152.79,443.8,443.8,443.8,11.999
2026-05-13T20:03:28.386270+00:00,gpu3_benchmark,3,ckpt_s1024_e1024,benchmark,32768,1024,1024,1,0,True,6954.88,1978.87,1978.87,1978.87,11.999
2026-05-13T20:03:40.385852+00:00,gpu3_benchmark,3,ckpt_s1024_e1024,benchmark,65536,1024,1024,1,0,True,11272.01,4287.44,4287.44,4287.44,14.292
2026-05-13T20:03:54.677804+00:00,gpu3_benchmark,3,ckpt_s1024_e1024,benchmark,131072,1024,1024,1,0,False,,,,,16.332
2026-05-13T20:04:11.010295+00:00,gpu3_benchmark,3,nocp_s8192_e8192,correctness,2048,8192,8192,0,0,True,,,,,7.055
2026-05-13T20:04:18.065440+00:00,gpu3_benchmark,3,nocp_s8192_e8192,benchmark,2048,8192,8192,0,0,True,3510.1,66.04,66.04,66.04,6.849
2026-05-13T20:04:18.065440+00:00,gpu3_benchmark,3,nocp_s8192_e8192,benchmark,8192,8192,8192,0,0,True,4300.63,87.73,87.73,87.73,6.849
2026-05-13T20:04:18.065440+00:00,gpu3_benchmark,3,nocp_s8192_e8192,benchmark,32768,8192,8192,0,0,True,9328.38,368.58,368.58,368.58,6.849
2026-05-13T20:04:24.914807+00:00,gpu3_benchmark,3,nocp_s8192_e8192,benchmark,65536,8192,8192,0,0,True,17416.01,785.22,785.22,785.22,6.059
2026-05-13T20:04:30.974591+00:00,gpu3_benchmark,3,nocp_s8192_e8192,benchmark,131072,8192,8192,0,0,False,,,,,4.756
2026-05-13T20:04:35.731873+00:00,gpu3_benchmark,3,nocp_s8192_e4096,correctness,2048,8192,4096,0,0,True,,,,,6.872
2026-05-13T20:04:42.604368+00:00,gpu3_benchmark,3,nocp_s8192_e4096,benchmark,2048,8192,4096,0,0,True,3510.1,54.15,54.15,54.15,7.060
2026-05-13T20:04:42.604368+00:00,gpu3_benchmark,3,nocp_s8192_e4096,benchmark,8192,8192,4096,0,0,True,4428.77,128.68,128.68,128.68,7.060
2026-05-13T20:04:42.604368+00:00,gpu3_benchmark,3,nocp_s8192_e4096,benchmark,32768,8192,4096,0,0,True,9328.38,584.8,584.8,584.8,7.060
2026-05-13T20:04:49.665144+00:00,gpu3_benchmark,3,nocp_s8192_e4096,benchmark,65536,8192,4096,0,0,True,17416.01,1253.79,1253.79,1253.79,7.257
2026-05-13T20:04:56.922188+00:00,gpu3_benchmark,3,nocp_s8192_e4096,benchmark,131072,8192,4096,0,0,False,,,,,4.700
2026-05-13T20:05:01.622096+00:00,gpu3_benchmark,3,nocp_s4096_e4096,correctness,2048,4096,4096,0,0,True,,,,,6.514
2026-05-13T20:05:08.135916+00:00,gpu3_benchmark,3,nocp_s4096_e4096,benchmark,2048,4096,4096,0,0,True,3510.1,58.39,58.39,58.39,7.420
2026-05-13T20:05:08.135916+00:00,gpu3_benchmark,3,nocp_s4096_e4096,benchmark,8192,4096,4096,0,0,True,4428.77,129.05,129.05,129.05,7.420
2026-05-13T20:05:08.135916+00:00,gpu3_benchmark,3,nocp_s4096_e4096,benchmark,32768,4096,4096,0,0,True,9328.38,572.68,572.68,572.68,7.420
2026-05-13T20:05:15.556304+00:00,gpu3_benchmark,3,nocp_s4096_e4096,benchmark,65536,4096,4096,0,0,True,17416.01,1282.12,1282.12,1282.12,6.683
2026-05-13T20:05:22.239870+00:00,gpu3_benchmark,3,nocp_s4096_e4096,benchmark,131072,4096,4096,0,0,False,,,,,4.480
2026-05-13T20:05:26.720066+00:00,gpu3_benchmark,3,nocp_s4096_e2048,correctness,2048,4096,2048,0,0,True,,,,,6.781
2026-05-13T20:05:33.500913+00:00,gpu3_benchmark,3,nocp_s4096_e2048,benchmark,2048,4096,2048,0,0,True,3510.1,53.25,53.25,53.25,9.052
2026-05-13T20:05:33.500913+00:00,gpu3_benchmark,3,nocp_s4096_e2048,benchmark,8192,4096,2048,0,0,True,4525.78,226.98,226.98,226.98,9.052
2026-05-13T20:05:33.500913+00:00,gpu3_benchmark,3,nocp_s4096_e2048,benchmark,32768,4096,2048,0,0,True,9474.26,1006.05,1006.05,1006.05,9.052
2026-05-13T20:05:42.553566+00:00,gpu3_benchmark,3,nocp_s4096_e2048,benchmark,65536,4096,2048,0,0,True,17708.01,2178.74,2178.74,2178.74,8.886
2026-05-13T20:05:51.440335+00:00,gpu3_benchmark,3,nocp_s4096_e2048,benchmark,131072,4096,2048,0,0,False,,,,,4.596
2026-05-13T20:05:56.037152+00:00,gpu3_benchmark,3,nocp_s2048_e2048,correctness,2048,2048,2048,0,0,True,,,,,6.614
2026-05-13T20:06:02.651281+00:00,gpu3_benchmark,3,nocp_s2048_e2048,benchmark,2048,2048,2048,0,0,True,3510.1,55.15,55.15,55.15,9.222
2026-05-13T20:06:02.651281+00:00,gpu3_benchmark,3,nocp_s2048_e2048,benchmark,8192,2048,2048,0,0,True,4526.78,225.23,225.23,225.23,9.222
2026-05-13T20:06:02.651281+00:00,gpu3_benchmark,3,nocp_s2048_e2048,benchmark,32768,2048,2048,0,0,True,9476.26,999.6,999.6,999.6,9.222
2026-05-13T20:06:11.873589+00:00,gpu3_benchmark,3,nocp_s2048_e2048,benchmark,65536,2048,2048,0,0,True,17708.01,2185.05,2185.05,2185.05,8.836
2026-05-13T20:06:20.709580+00:00,gpu3_benchmark,3,nocp_s2048_e2048,benchmark,131072,2048,2048,0,0,False,,,,,4.929
2026-05-13T20:06:25.639491+00:00,gpu3_benchmark,3,ckpt_s8192_e8192,correctness,2048,8192,8192,1,0,True,,,,,7.163
2026-05-13T20:06:32.802578+00:00,gpu3_benchmark,3,ckpt_s8192_e8192,benchmark,2048,8192,8192,1,0,True,3432.23,61.19,61.19,61.19,8.808
2026-05-13T20:06:32.802578+00:00,gpu3_benchmark,3,ckpt_s8192_e8192,benchmark,8192,8192,8192,1,0,True,4012.63,83.04,83.04,83.04,8.808
2026-05-13T20:06:32.802578+00:00,gpu3_benchmark,3,ckpt_s8192_e8192,benchmark,32768,8192,8192,1,0,True,6814.85,389.77,389.77,389.77,8.808
2026-05-13T20:06:41.611215+00:00,gpu3_benchmark,3,ckpt_s8192_e8192,benchmark,65536,8192,8192,1,0,True,11272.01,832.69,832.69,832.69,7.175
2026-05-13T20:06:48.786688+00:00,gpu3_benchmark,3,ckpt_s8192_e8192,benchmark,131072,8192,8192,1,0,True,21303.26,1667.74,1667.74,1667.74,8.548
2026-05-13T20:06:57.334699+00:00,gpu3_benchmark,3,ckpt_s16384_e4096,correctness,2048,16384,4096,1,0,True,,,,,7.794
2026-05-13T20:07:05.128617+00:00,gpu3_benchmark,3,ckpt_s16384_e4096,benchmark,2048,16384,4096,1,0,True,3432.23,54.15,54.15,54.15,8.696
2026-05-13T20:07:05.128617+00:00,gpu3_benchmark,3,ckpt_s16384_e4096,benchmark,8192,16384,4096,1,0,True,4092.77,124.3,124.3,124.3,8.696
2026-05-13T20:07:05.128617+00:00,gpu3_benchmark,3,ckpt_s16384_e4096,benchmark,32768,16384,4096,1,0,True,6894.87,532.23,532.23,532.23,8.696
2026-05-13T20:07:13.825025+00:00,gpu3_benchmark,3,ckpt_s16384_e4096,benchmark,65536,16384,4096,1,0,True,11272.01,1278.76,1278.76,1278.76,7.811
2026-05-13T20:07:21.636065+00:00,gpu3_benchmark,3,ckpt_s16384_e4096,benchmark,131072,16384,4096,1,0,False,,,,,8.675
2026-05-13T20:07:30.311660+00:00,gpu3_benchmark,3,ckpt_s8192_e4096,correctness,2048,8192,4096,1,0,True,,,,,7.861
2026-05-13T20:07:38.172538+00:00,gpu3_benchmark,3,ckpt_s8192_e4096,benchmark,2048,8192,4096,1,0,True,3432.23,56.4,56.4,56.4,8.166
2026-05-13T20:07:38.172538+00:00,gpu3_benchmark,3,ckpt_s8192_e4096,benchmark,8192,8192,4096,1,0,True,4092.77,140.63,140.63,140.63,8.166
2026-05-13T20:07:38.172538+00:00,gpu3_benchmark,3,ckpt_s8192_e4096,benchmark,32768,8192,4096,1,0,True,6894.87,596.73,596.73,596.73,8.166
2026-05-13T20:07:46.339122+00:00,gpu3_benchmark,3,ckpt_s8192_e4096,benchmark,65536,8192,4096,1,0,True,11272.01,1302.54,1302.54,1302.54,7.249
2026-05-13T20:07:53.588359+00:00,gpu3_benchmark,3,ckpt_s8192_e4096,benchmark,131072,8192,4096,1,0,False,,,,,8.537
2026-05-13T20:08:02.125272+00:00,gpu3_benchmark,3,ckpt_s4096_e4096,correctness,2048,4096,4096,1,0,True,,,,,7.636
2026-05-13T20:08:09.761271+00:00,gpu3_benchmark,3,ckpt_s4096_e4096,benchmark,2048,4096,4096,1,0,True,3432.23,62.03,62.03,62.03,8.060
2026-05-13T20:08:09.761271+00:00,gpu3_benchmark,3,ckpt_s4096_e4096,benchmark,8192,4096,4096,1,0,True,4092.77,151.73,151.73,151.73,8.060
2026-05-13T20:08:09.761271+00:00,gpu3_benchmark,3,ckpt_s4096_e4096,benchmark,32768,4096,4096,1,0,True,6894.87,612.58,612.58,612.58,8.060
2026-05-13T20:08:17.822045+00:00,gpu3_benchmark,3,ckpt_s4096_e4096,benchmark,65536,4096,4096,1,0,True,11272.01,1316.59,1316.59,1316.59,7.594
2026-05-13T20:08:25.416672+00:00,gpu3_benchmark,3,ckpt_s4096_e4096,benchmark,131072,4096,4096,1,0,False,,,,,8.225
2026-05-13T20:08:33.642129+00:00,gpu3_benchmark,3,ckpt_s8192_e2048,correctness,2048,8192,2048,1,0,True,,,,,7.767
2026-05-13T20:08:41.409126+00:00,gpu3_benchmark,3,ckpt_s8192_e2048,benchmark,2048,8192,2048,1,0,True,3432.23,60.05,60.05,60.05,9.227
2026-05-13T20:08:41.409126+00:00,gpu3_benchmark,3,ckpt_s8192_e2048,benchmark,8192,8192,2048,1,0,True,4132.78,238.29,238.29,238.29,9.227
2026-05-13T20:08:41.409126+00:00,gpu3_benchmark,3,ckpt_s8192_e2048,benchmark,32768,8192,2048,1,0,True,6934.88,1039.69,1039.69,1039.69,9.227
2026-05-13T20:08:50.636843+00:00,gpu3_benchmark,3,ckpt_s8192_e2048,benchmark,65536,8192,2048,1,0,True,11272.01,2241.35,2241.35,2241.35,9.500
2026-05-13T20:09:00.136940+00:00,gpu3_benchmark,3,ckpt_s8192_e2048,benchmark,131072,8192,2048,1,0,False,,,,,5.692
2026-05-13T20:09:05.829565+00:00,gpu3_benchmark,3,ckpt_s4096_e2048,correctness,2048,4096,2048,1,0,True,,,,,7.637
2026-05-13T20:09:13.467226+00:00,gpu3_benchmark,3,ckpt_s4096_e2048,benchmark,2048,4096,2048,1,0,True,3432.23,60.29,60.29,60.29,9.415
2026-05-13T20:09:13.467226+00:00,gpu3_benchmark,3,ckpt_s4096_e2048,benchmark,8192,4096,2048,1,0,True,4132.78,248.96,248.96,248.96,9.415
2026-05-13T20:09:13.467226+00:00,gpu3_benchmark,3,ckpt_s4096_e2048,benchmark,32768,4096,2048,1,0,True,6934.88,1046.06,1046.06,1046.06,9.415
2026-05-13T20:09:22.882464+00:00,gpu3_benchmark,3,ckpt_s4096_e2048,benchmark,65536,4096,2048,1,0,True,11272.01,2306.29,2306.29,2306.29,9.910
2026-05-13T20:09:32.792902+00:00,gpu3_benchmark,3,ckpt_s4096_e2048,benchmark,131072,4096,2048,1,0,False,,,,,5.756
2026-05-13T20:09:38.549808+00:00,gpu3_benchmark,3,ckpt_s2048_e2048,correctness,2048,2048,2048,1,0,True,,,,,7.698
2026-05-13T20:09:46.247962+00:00,gpu3_benchmark,3,ckpt_s2048_e2048,benchmark,2048,2048,2048,1,0,True,3432.23,62.22,62.22,62.22,9.682
2026-05-13T20:09:46.247962+00:00,gpu3_benchmark,3,ckpt_s2048_e2048,benchmark,8192,2048,2048,1,0,True,4132.78,244.46,244.46,244.46,9.682
2026-05-13T20:09:46.247962+00:00,gpu3_benchmark,3,ckpt_s2048_e2048,benchmark,32768,2048,2048,1,0,True,6934.88,1068.37,1068.37,1068.37,9.682
2026-05-13T20:09:55.930209+00:00,gpu3_benchmark,3,ckpt_s2048_e2048,benchmark,65536,2048,2048,1,0,True,11272.01,2347.01,2347.01,2347.01,9.748
2026-05-13T20:10:05.678325+00:00,gpu3_benchmark,3,ckpt_s2048_e2048,benchmark,131072,2048,2048,1,0,False,,,,,5.484
2026-05-13T20:10:11.163232+00:00,gpu3_benchmark,3,ckpt_s4096_e1024,correctness,2048,4096,1024,1,0,True,,,,,7.238
2026-05-13T20:10:18.401096+00:00,gpu3_benchmark,3,ckpt_s4096_e1024,benchmark,2048,4096,1024,1,0,True,3453.26,221.49,221.49,221.49,11.894
2026-05-13T20:10:18.401096+00:00,gpu3_benchmark,3,ckpt_s4096_e1024,benchmark,8192,4096,1024,1,0,True,4153.79,448.21,448.21,448.21,11.894
2026-05-13T20:10:18.401096+00:00,gpu3_benchmark,3,ckpt_s4096_e1024,benchmark,32768,4096,1024,1,0,True,6955.88,2038.09,2038.09,2038.09,11.894
2026-05-13T20:10:30.295185+00:00,gpu3_benchmark,3,ckpt_s4096_e1024,benchmark,65536,4096,1024,1,0,True,11272.51,4163.15,4163.15,4163.15,13.015
2026-05-13T20:10:43.310745+00:00,gpu3_benchmark,3,ckpt_s4096_e1024,benchmark,131072,4096,1024,1,0,True,21314.76,9872.24,9872.24,9872.24,25.290
2026-05-13T20:11:08.600893+00:00,gpu3_benchmark,3,ckpt_s2048_e1024,correctness,2048,2048,1024,1,0,True,,,,,7.909
2026-05-13T20:11:16.509936+00:00,gpu3_benchmark,3,ckpt_s2048_e1024,benchmark,2048,2048,1024,1,0,True,3453.26,214.94,214.94,214.94,11.742
2026-05-13T20:11:16.509936+00:00,gpu3_benchmark,3,ckpt_s2048_e1024,benchmark,8192,2048,1024,1,0,True,4153.79,442.35,442.35,442.35,11.742
2026-05-13T20:11:16.509936+00:00,gpu3_benchmark,3,ckpt_s2048_e1024,benchmark,32768,2048,1024,1,0,True,6955.88,1972.7,1972.7,1972.7,11.742
2026-05-13T20:11:28.252250+00:00,gpu3_benchmark,3,ckpt_s2048_e1024,benchmark,65536,2048,1024,1,0,True,11272.51,4231.76,4231.76,4231.76,13.324
2026-05-13T20:11:41.576532+00:00,gpu3_benchmark,3,ckpt_s2048_e1024,benchmark,131072,2048,1024,1,0,False,,,,,16.029
2026-05-13T20:11:57.605578+00:00,gpu3_benchmark,3,ckpt_s1024_e1024,correctness,2048,1024,1024,1,0,True,,,,,7.979
2026-05-13T20:12:05.584547+00:00,gpu3_benchmark,3,ckpt_s1024_e1024,benchmark,2048,1024,1024,1,0,True,3452.26,111.16,111.16,111.16,11.690
2026-05-13T20:12:05.584547+00:00,gpu3_benchmark,3,ckpt_s1024_e1024,benchmark,8192,1024,1024,1,0,True,4152.79,457.31,457.31,457.31,11.690
2026-05-13T20:12:05.584547+00:00,gpu3_benchmark,3,ckpt_s1024_e1024,benchmark,32768,1024,1024,1,0,True,6954.88,1998.42,1998.42,1998.42,11.690
2026-05-13T20:12:17.275186+00:00,gpu3_benchmark,3,ckpt_s1024_e1024,benchmark,65536,1024,1024,1,0,True,11272.01,4312.39,4312.39,4312.39,13.597
2026-05-13T20:12:30.872234+00:00,gpu3_benchmark,3,ckpt_s1024_e1024,benchmark,131072,1024,1024,1,0,False,,,,,16.095
2026-05-13T20:12:46.967479+00:00,gpu3_benchmark,3,nocp_s8192_e8192,correctness,2048,8192,8192,0,0,True,,,,,6.825
2026-05-13T20:12:53.793051+00:00,gpu3_benchmark,3,nocp_s8192_e8192,benchmark,2048,8192,8192,0,0,True,3510.1,57.15,57.15,57.15,6.944
2026-05-13T20:12:53.793051+00:00,gpu3_benchmark,3,nocp_s8192_e8192,benchmark,8192,8192,8192,0,0,True,4300.63,77.18,77.18,77.18,6.944
2026-05-13T20:12:53.793051+00:00,gpu3_benchmark,3,nocp_s8192_e8192,benchmark,32768,8192,8192,0,0,True,9328.38,364.06,364.06,364.06,6.944
2026-05-13T20:13:00.737624+00:00,gpu3_benchmark,3,nocp_s8192_e8192,benchmark,65536,8192,8192,0,0,True,17416.01,782.12,782.12,782.12,6.173
2026-05-13T20:13:06.911359+00:00,gpu3_benchmark,3,nocp_s8192_e8192,benchmark,131072,8192,8192,0,0,False,,,,,4.803
2026-05-13T20:13:11.714898+00:00,gpu3_benchmark,3,nocp_s8192_e4096,correctness,2048,8192,4096,0,0,True,,,,,6.699
2026-05-13T20:13:18.414056+00:00,gpu3_benchmark,3,nocp_s8192_e4096,benchmark,2048,8192,4096,0,0,True,3510.1,59.07,59.07,59.07,7.300
2026-05-13T20:13:18.414056+00:00,gpu3_benchmark,3,nocp_s8192_e4096,benchmark,8192,8192,4096,0,0,True,4428.77,130.13,130.13,130.13,7.300
2026-05-13T20:13:18.414056+00:00,gpu3_benchmark,3,nocp_s8192_e4096,benchmark,32768,8192,4096,0,0,True,9328.38,572.56,572.56,572.56,7.300
2026-05-13T20:13:25.714480+00:00,gpu3_benchmark,3,nocp_s8192_e4096,benchmark,65536,8192,4096,0,0,True,17416.01,1248.8,1248.8,1248.8,7.116
2026-05-13T20:13:32.830743+00:00,gpu3_benchmark,3,nocp_s8192_e4096,benchmark,131072,8192,4096,0,0,False,,,,,4.465
2026-05-13T20:13:37.296737+00:00,gpu3_benchmark,3,nocp_s4096_e4096,correctness,2048,4096,4096,0,0,True,,,,,6.887
2026-05-13T20:13:44.183575+00:00,gpu3_benchmark,3,nocp_s4096_e4096,benchmark,2048,4096,4096,0,0,True,3510.1,57.66,57.66,57.66,7.605
2026-05-13T20:13:44.183575+00:00,gpu3_benchmark,3,nocp_s4096_e4096,benchmark,8192,4096,4096,0,0,True,4428.77,134.18,134.18,134.18,7.605
2026-05-13T20:13:44.183575+00:00,gpu3_benchmark,3,nocp_s4096_e4096,benchmark,32768,4096,4096,0,0,True,9328.38,573.12,573.12,573.12,7.605
2026-05-13T20:13:51.789179+00:00,gpu3_benchmark,3,nocp_s4096_e4096,benchmark,65536,4096,4096,0,0,True,17416.01,1258.82,1258.82,1258.82,7.122
2026-05-13T20:13:58.911770+00:00,gpu3_benchmark,3,nocp_s4096_e4096,benchmark,131072,4096,4096,0,0,False,,,,,4.217
2026-05-13T20:14:03.129633+00:00,gpu3_benchmark,3,nocp_s4096_e2048,correctness,2048,4096,2048,0,0,True,,,,,6.757
2026-05-13T20:14:09.886763+00:00,gpu3_benchmark,3,nocp_s4096_e2048,benchmark,2048,4096,2048,0,0,True,3510.1,54.93,54.93,54.93,8.796
2026-05-13T20:14:09.886763+00:00,gpu3_benchmark,3,nocp_s4096_e2048,benchmark,8192,4096,2048,0,0,True,4525.78,226.2,226.2,226.2,8.796
2026-05-13T20:14:09.886763+00:00,gpu3_benchmark,3,nocp_s4096_e2048,benchmark,32768,4096,2048,0,0,True,9474.26,983.55,983.55,983.55,8.796
2026-05-13T20:14:18.683537+00:00,gpu3_benchmark,3,nocp_s4096_e2048,benchmark,65536,4096,2048,0,0,True,17708.01,2189.62,2189.62,2189.62,8.962
2026-05-13T20:14:27.645529+00:00,gpu3_benchmark,3,nocp_s4096_e2048,benchmark,131072,4096,2048,0,0,False,,,,,5.330
2026-05-13T20:14:32.976376+00:00,gpu3_benchmark,3,nocp_s2048_e2048,correctness,2048,2048,2048,0,0,True,,,,,6.770
2026-05-13T20:14:39.747130+00:00,gpu3_benchmark,3,nocp_s2048_e2048,benchmark,2048,2048,2048,0,0,True,3510.1,58.99,58.99,58.99,8.940
2026-05-13T20:14:39.747130+00:00,gpu3_benchmark,3,nocp_s2048_e2048,benchmark,8192,2048,2048,0,0,True,4526.78,231.41,231.41,231.41,8.940
2026-05-13T20:14:39.747130+00:00,gpu3_benchmark,3,nocp_s2048_e2048,benchmark,32768,2048,2048,0,0,True,9476.26,1015.96,1015.96,1015.96,8.940
2026-05-13T20:14:48.687554+00:00,gpu3_benchmark,3,nocp_s2048_e2048,benchmark,65536,2048,2048,0,0,True,17708.01,2226.26,2226.26,2226.26,9.329
2026-05-13T20:14:58.017125+00:00,gpu3_benchmark,3,nocp_s2048_e2048,benchmark,131072,2048,2048,0,0,False,,,,,4.777
2026-05-13T20:15:02.794266+00:00,gpu3_benchmark,3,ckpt_s8192_e8192,correctness,2048,8192,8192,1,0,True,,,,,7.226
2026-05-13T20:15:10.020234+00:00,gpu3_benchmark,3,ckpt_s8192_e8192,benchmark,2048,8192,8192,1,0,True,3432.23,62.7,62.7,62.7,7.614
2026-05-13T20:15:10.020234+00:00,gpu3_benchmark,3,ckpt_s8192_e8192,benchmark,8192,8192,8192,1,0,True,4012.63,88.42,88.42,88.42,7.614
2026-05-13T20:15:10.020234+00:00,gpu3_benchmark,3,ckpt_s8192_e8192,benchmark,32768,8192,8192,1,0,True,6814.85,388.43,388.43,388.43,7.614
2026-05-13T20:15:17.635045+00:00,gpu3_benchmark,3,ckpt_s8192_e8192,benchmark,65536,8192,8192,1,0,True,11272.01,839.97,839.97,839.97,6.549
2026-05-13T20:15:24.184349+00:00,gpu3_benchmark,3,ckpt_s8192_e8192,benchmark,131072,8192,8192,1,0,True,21303.26,1878.87,1878.87,1878.87,8.597
2026-05-13T20:15:32.782176+00:00,gpu3_benchmark,3,ckpt_s16384_e4096,correctness,2048,16384,4096,1,0,True,,,,,8.151
2026-05-13T20:15:40.933677+00:00,gpu3_benchmark,3,ckpt_s16384_e4096,benchmark,2048,16384,4096,1,0,True,3432.23,57.33,57.33,57.33,8.343
2026-05-13T20:15:40.933677+00:00,gpu3_benchmark,3,ckpt_s16384_e4096,benchmark,8192,16384,4096,1,0,True,4092.77,148.17,148.17,148.17,8.343
2026-05-13T20:15:40.933677+00:00,gpu3_benchmark,3,ckpt_s16384_e4096,benchmark,32768,16384,4096,1,0,True,6894.87,597.39,597.39,597.39,8.343
2026-05-13T20:15:49.277312+00:00,gpu3_benchmark,3,ckpt_s16384_e4096,benchmark,65536,16384,4096,1,0,True,11272.01,1286.97,1286.97,1286.97,7.370
2026-05-13T20:15:56.647500+00:00,gpu3_benchmark,3,ckpt_s16384_e4096,benchmark,131072,16384,4096,1,0,False,,,,,8.899
2026-05-13T20:16:05.546956+00:00,gpu3_benchmark,3,ckpt_s8192_e4096,correctness,2048,8192,4096,1,0,True,,,,,7.575
2026-05-13T20:16:13.121777+00:00,gpu3_benchmark,3,ckpt_s8192_e4096,benchmark,2048,8192,4096,1,0,True,3432.23,60.96,60.96,60.96,8.710
2026-05-13T20:16:13.121777+00:00,gpu3_benchmark,3,ckpt_s8192_e4096,benchmark,8192,8192,4096,1,0,True,4092.77,138.73,138.73,138.73,8.710
2026-05-13T20:16:13.121777+00:00,gpu3_benchmark,3,ckpt_s8192_e4096,benchmark,32768,8192,4096,1,0,True,6894.87,608.22,608.22,608.22,8.710
2026-05-13T20:16:21.832225+00:00,gpu3_benchmark,3,ckpt_s8192_e4096,benchmark,65536,8192,4096,1,0,True,11272.01,1303.34,1303.34,1303.34,7.464
2026-05-13T20:16:29.296748+00:00,gpu3_benchmark,3,ckpt_s8192_e4096,benchmark,131072,8192,4096,1,0,False,,,,,8.553
2026-05-13T20:16:37.850369+00:00,gpu3_benchmark,3,ckpt_s4096_e4096,correctness,2048,4096,4096,1,0,True,,,,,7.749
2026-05-13T20:16:45.599870+00:00,gpu3_benchmark,3,ckpt_s4096_e4096,benchmark,2048,4096,4096,1,0,True,3432.23,56.78,56.78,56.78,8.314
2026-05-13T20:16:45.599870+00:00,gpu3_benchmark,3,ckpt_s4096_e4096,benchmark,8192,4096,4096,1,0,True,4092.77,140.55,140.55,140.55,8.314
2026-05-13T20:16:45.599870+00:00,gpu3_benchmark,3,ckpt_s4096_e4096,benchmark,32768,4096,4096,1,0,True,6894.87,600.21,600.21,600.21,8.314
2026-05-13T20:16:53.914737+00:00,gpu3_benchmark,3,ckpt_s4096_e4096,benchmark,65536,4096,4096,1,0,True,11272.01,1306.34,1306.34,1306.34,8.002
2026-05-13T20:17:01.917248+00:00,gpu3_benchmark,3,ckpt_s4096_e4096,benchmark,131072,4096,4096,1,0,False,,,,,8.968
2026-05-13T20:17:10.885425+00:00,gpu3_benchmark,3,ckpt_s8192_e2048,correctness,2048,8192,2048,1,0,True,,,,,8.372
2026-05-13T20:17:19.257362+00:00,gpu3_benchmark,3,ckpt_s8192_e2048,benchmark,2048,8192,2048,1,0,True,3432.23,57.37,57.37,57.37,10.037
2026-05-13T20:17:19.257362+00:00,gpu3_benchmark,3,ckpt_s8192_e2048,benchmark,8192,8192,2048,1,0,True,4132.78,235.83,235.83,235.83,10.037
2026-05-13T20:17:19.257362+00:00,gpu3_benchmark,3,ckpt_s8192_e2048,benchmark,32768,8192,2048,1,0,True,6934.88,1052.23,1052.23,1052.23,10.037
2026-05-13T20:17:29.295278+00:00,gpu3_benchmark,3,ckpt_s8192_e2048,benchmark,65536,8192,2048,1,0,True,11272.01,2065.32,2065.32,2065.32,9.132
2026-05-13T20:17:38.427227+00:00,gpu3_benchmark,3,ckpt_s8192_e2048,benchmark,131072,8192,2048,1,0,False,,,,,5.446
2026-05-13T20:17:43.874250+00:00,gpu3_benchmark,3,ckpt_s4096_e2048,correctness,2048,4096,2048,1,0,True,,,,,7.593
2026-05-13T20:17:51.467376+00:00,gpu3_benchmark,3,ckpt_s4096_e2048,benchmark,2048,4096,2048,1,0,True,3432.23,60.65,60.65,60.65,10.222
2026-05-13T20:17:51.467376+00:00,gpu3_benchmark,3,ckpt_s4096_e2048,benchmark,8192,4096,2048,1,0,True,4132.78,243.85,243.85,243.85,10.222
2026-05-13T20:17:51.467376+00:00,gpu3_benchmark,3,ckpt_s4096_e2048,benchmark,32768,4096,2048,1,0,True,6934.88,1060.51,1060.51,1060.51,10.222
2026-05-13T20:18:01.689715+00:00,gpu3_benchmark,3,ckpt_s4096_e2048,benchmark,65536,4096,2048,1,0,True,11272.01,2280.53,2280.53,2280.53,9.665
2026-05-13T20:18:11.355121+00:00,gpu3_benchmark,3,ckpt_s4096_e2048,benchmark,131072,4096,2048,1,0,False,,,,,6.209
2026-05-13T20:18:17.565085+00:00,gpu3_benchmark,3,ckpt_s2048_e2048,correctness,2048,2048,2048,1,0,True,,,,,7.819
2026-05-13T20:18:25.384216+00:00,gpu3_benchmark,3,ckpt_s2048_e2048,benchmark,2048,2048,2048,1,0,True,3432.23,60.68,60.68,60.68,8.839
2026-05-13T20:18:25.384216+00:00,gpu3_benchmark,3,ckpt_s2048_e2048,benchmark,8192,2048,2048,1,0,True,4132.78,244.08,244.08,244.08,8.839
2026-05-13T20:18:25.384216+00:00,gpu3_benchmark,3,ckpt_s2048_e2048,benchmark,32768,2048,2048,1,0,True,6934.88,1063.02,1063.02,1063.02,8.839
2026-05-13T20:18:34.224249+00:00,gpu3_benchmark,3,ckpt_s2048_e2048,benchmark,65536,2048,2048,1,0,True,11272.01,2294.57,2294.57,2294.57,9.857
2026-05-13T20:18:44.081983+00:00,gpu3_benchmark,3,ckpt_s2048_e2048,benchmark,131072,2048,2048,1,0,False,,,,,5.596
2026-05-13T20:18:49.678855+00:00,gpu3_benchmark,3,ckpt_s4096_e1024,correctness,2048,4096,1024,1,0,True,,,,,7.832
2026-05-13T20:18:57.511462+00:00,gpu3_benchmark,3,ckpt_s4096_e1024,benchmark,2048,4096,1024,1,0,True,3453.26,208.25,208.25,208.25,11.708
2026-05-13T20:18:57.511462+00:00,gpu3_benchmark,3,ckpt_s4096_e1024,benchmark,8192,4096,1024,1,0,True,4153.79,447.51,447.51,447.51,11.708
2026-05-13T20:18:57.511462+00:00,gpu3_benchmark,3,ckpt_s4096_e1024,benchmark,32768,4096,1024,1,0,True,6955.88,1945.41,1945.41,1945.41,11.708
2026-05-13T20:19:09.220396+00:00,gpu3_benchmark,3,ckpt_s4096_e1024,benchmark,65536,4096,1024,1,0,True,11272.51,4235.27,4235.27,4235.27,13.472
2026-05-13T20:19:22.692698+00:00,gpu3_benchmark,3,ckpt_s4096_e1024,benchmark,131072,4096,1024,1,0,True,21314.76,10016.41,10016.41,10016.41,25.525
2026-05-13T20:19:48.218503+00:00,gpu3_benchmark,3,ckpt_s2048_e1024,correctness,2048,2048,1024,1,0,True,,,,,7.504
2026-05-13T20:19:55.722409+00:00,gpu3_benchmark,3,ckpt_s2048_e1024,benchmark,2048,2048,1024,1,0,True,3453.26,233.55,233.55,233.55,11.232
2026-05-13T20:19:55.722409+00:00,gpu3_benchmark,3,ckpt_s2048_e1024,benchmark,8192,2048,1024,1,0,True,4153.79,447.07,447.07,447.07,11.232
2026-05-13T20:19:55.722409+00:00,gpu3_benchmark,3,ckpt_s2048_e1024,benchmark,32768,2048,1024,1,0,True,6955.88,1935.98,1935.98,1935.98,11.232
2026-05-13T20:20:06.955303+00:00,gpu3_benchmark,3,ckpt_s2048_e1024,benchmark,65536,2048,1024,1,0,True,11272.51,4346.57,4346.57,4346.57,14.502
2026-05-13T20:20:21.457254+00:00,gpu3_benchmark,3,ckpt_s2048_e1024,benchmark,131072,2048,1024,1,0,False,,,,,16.009
2026-05-13T20:20:37.467167+00:00,gpu3_benchmark,3,ckpt_s1024_e1024,correctness,2048,1024,1024,1,0,True,,,,,7.937
2026-05-13T20:20:45.404569+00:00,gpu3_benchmark,3,ckpt_s1024_e1024,benchmark,2048,1024,1024,1,0,True,3452.26,106.79,106.79,106.79,11.762
2026-05-13T20:20:45.404569+00:00,gpu3_benchmark,3,ckpt_s1024_e1024,benchmark,8192,1024,1024,1,0,True,4152.79,473.1,473.1,473.1,11.762
2026-05-13T20:20:45.404569+00:00,gpu3_benchmark,3,ckpt_s1024_e1024,benchmark,32768,1024,1024,1,0,True,6954.88,2019.37,2019.37,2019.37,11.762
2026-05-13T20:20:57.167317+00:00,gpu3_benchmark,3,ckpt_s1024_e1024,benchmark,65536,1024,1024,1,0,True,11272.01,4367.09,4367.09,4367.09,14.216
2026-05-13T20:21:11.384014+00:00,gpu3_benchmark,3,ckpt_s1024_e1024,benchmark,131072,1024,1024,1,0,False,,,,,16.452
2026-05-13T20:21:27.836553+00:00,gpu3_benchmark,3,nocp_s8192_e8192,correctness,2048,8192,8192,0,0,True,,,,,6.387
2026-05-13T20:21:34.224196+00:00,gpu3_benchmark,3,nocp_s8192_e8192,benchmark,2048,8192,8192,0,0,True,3510.1,55.65,55.65,55.65,7.060
2026-05-13T20:21:34.224196+00:00,gpu3_benchmark,3,nocp_s8192_e8192,benchmark,8192,8192,8192,0,0,True,4300.63,87.26,87.26,87.26,7.060
2026-05-13T20:21:34.224196+00:00,gpu3_benchmark,3,nocp_s8192_e8192,benchmark,32768,8192,8192,0,0,True,9328.38,377.26,377.26,377.26,7.060
2026-05-13T20:21:41.284288+00:00,gpu3_benchmark,3,nocp_s8192_e8192,benchmark,65536,8192,8192,0,0,True,17416.01,781.69,781.69,781.69,6.329
2026-05-13T20:21:47.613833+00:00,gpu3_benchmark,3,nocp_s8192_e8192,benchmark,131072,8192,8192,0,0,False,,,,,4.585
2026-05-13T20:21:52.199379+00:00,gpu3_benchmark,3,nocp_s8192_e4096,correctness,2048,8192,4096,0,0,True,,,,,7.200
2026-05-13T20:21:59.399309+00:00,gpu3_benchmark,3,nocp_s8192_e4096,benchmark,2048,8192,4096,0,0,True,3510.1,53.72,53.72,53.72,7.271
2026-05-13T20:21:59.399309+00:00,gpu3_benchmark,3,nocp_s8192_e4096,benchmark,8192,8192,4096,0,0,True,4428.77,132.06,132.06,132.06,7.271
2026-05-13T20:21:59.399309+00:00,gpu3_benchmark,3,nocp_s8192_e4096,benchmark,32768,8192,4096,0,0,True,9328.38,570.03,570.03,570.03,7.271
2026-05-13T20:22:06.670701+00:00,gpu3_benchmark,3,nocp_s8192_e4096,benchmark,65536,8192,4096,0,0,True,17416.01,1248.34,1248.34,1248.34,6.698
2026-05-13T20:22:13.369250+00:00,gpu3_benchmark,3,nocp_s8192_e4096,benchmark,131072,8192,4096,0,0,False,,,,,4.627
2026-05-13T20:22:17.996714+00:00,gpu3_benchmark,3,nocp_s4096_e4096,correctness,2048,4096,4096,0,0,True,,,,,6.639
2026-05-13T20:22:24.636092+00:00,gpu3_benchmark,3,nocp_s4096_e4096,benchmark,2048,4096,4096,0,0,True,3510.1,54.47,54.47,54.47,7.453
2026-05-13T20:22:24.636092+00:00,gpu3_benchmark,3,nocp_s4096_e4096,benchmark,8192,4096,4096,0,0,True,4428.77,130.8,130.8,130.8,7.453
2026-05-13T20:22:24.636092+00:00,gpu3_benchmark,3,nocp_s4096_e4096,benchmark,32768,4096,4096,0,0,True,9328.38,576.63,576.63,576.63,7.453
2026-05-13T20:22:32.089701+00:00,gpu3_benchmark,3,nocp_s4096_e4096,benchmark,65536,4096,4096,0,0,True,17416.01,1265.6,1265.6,1265.6,7.254
2026-05-13T20:22:39.344357+00:00,gpu3_benchmark,3,nocp_s4096_e4096,benchmark,131072,4096,4096,0,0,False,,,,,4.907
2026-05-13T20:22:44.251829+00:00,gpu3_benchmark,3,nocp_s4096_e2048,correctness,2048,4096,2048,0,0,True,,,,,6.706
2026-05-13T20:22:50.957988+00:00,gpu3_benchmark,3,nocp_s4096_e2048,benchmark,2048,4096,2048,0,0,True,3510.1,54.1,54.1,54.1,8.420
2026-05-13T20:22:50.957988+00:00,gpu3_benchmark,3,nocp_s4096_e2048,benchmark,8192,4096,2048,0,0,True,4525.78,224.7,224.7,224.7,8.420
2026-05-13T20:22:50.957988+00:00,gpu3_benchmark,3,nocp_s4096_e2048,benchmark,32768,4096,2048,0,0,True,9474.26,1019.17,1019.17,1019.17,8.420
2026-05-13T20:22:59.377904+00:00,gpu3_benchmark,3,nocp_s4096_e2048,benchmark,65536,4096,2048,0,0,True,17708.01,2179.42,2179.42,2179.42,8.609
2026-05-13T20:23:07.987454+00:00,gpu3_benchmark,3,nocp_s4096_e2048,benchmark,131072,4096,2048,0,0,False,,,,,4.925
2026-05-13T20:23:12.912535+00:00,gpu3_benchmark,3,nocp_s2048_e2048,correctness,2048,2048,2048,0,0,True,,,,,6.955
2026-05-13T20:23:19.868253+00:00,gpu3_benchmark,3,nocp_s2048_e2048,benchmark,2048,2048,2048,0,0,True,3510.1,53.79,53.79,53.79,8.437
2026-05-13T20:23:19.868253+00:00,gpu3_benchmark,3,nocp_s2048_e2048,benchmark,8192,2048,2048,0,0,True,4526.78,225.9,225.9,225.9,8.437
2026-05-13T20:23:19.868253+00:00,gpu3_benchmark,3,nocp_s2048_e2048,benchmark,32768,2048,2048,0,0,True,9476.26,1001.93,1001.93,1001.93,8.437
2026-05-13T20:23:28.305799+00:00,gpu3_benchmark,3,nocp_s2048_e2048,benchmark,65536,2048,2048,0,0,True,17708.01,2227.57,2227.57,2227.57,9.037
2026-05-13T20:23:37.342578+00:00,gpu3_benchmark,3,nocp_s2048_e2048,benchmark,131072,2048,2048,0,0,False,,,,,4.314
2026-05-13T20:23:41.657030+00:00,gpu3_benchmark,3,ckpt_s8192_e8192,correctness,2048,8192,8192,1,0,True,,,,,7.612
2026-05-13T20:23:49.269232+00:00,gpu3_benchmark,3,ckpt_s8192_e8192,benchmark,2048,8192,8192,1,0,True,3432.23,58.69,58.69,58.69,8.009
2026-05-13T20:23:49.269232+00:00,gpu3_benchmark,3,ckpt_s8192_e8192,benchmark,8192,8192,8192,1,0,True,4012.63,94.44,94.44,94.44,8.009
2026-05-13T20:23:49.269232+00:00,gpu3_benchmark,3,ckpt_s8192_e8192,benchmark,32768,8192,8192,1,0,True,6814.85,390.29,390.29,390.29,8.009
2026-05-13T20:23:57.279087+00:00,gpu3_benchmark,3,ckpt_s8192_e8192,benchmark,65536,8192,8192,1,0,True,11272.01,831.63,831.63,831.63,6.931
2026-05-13T20:24:04.210809+00:00,gpu3_benchmark,3,ckpt_s8192_e8192,benchmark,131072,8192,8192,1,0,True,21303.26,1879.25,1879.25,1879.25,9.116
2026-05-13T20:24:13.327748+00:00,gpu3_benchmark,3,ckpt_s16384_e4096,correctness,2048,16384,4096,1,0,True,,,,,8.186
2026-05-13T20:24:21.513746+00:00,gpu3_benchmark,3,ckpt_s16384_e4096,benchmark,2048,16384,4096,1,0,True,3432.23,56.9,56.9,56.9,8.132
2026-05-13T20:24:21.513746+00:00,gpu3_benchmark,3,ckpt_s16384_e4096,benchmark,8192,16384,4096,1,0,True,4092.77,138.47,138.47,138.47,8.132
2026-05-13T20:24:21.513746+00:00,gpu3_benchmark,3,ckpt_s16384_e4096,benchmark,32768,16384,4096,1,0,True,6894.87,606.6,606.6,606.6,8.132
2026-05-13T20:24:29.646474+00:00,gpu3_benchmark,3,ckpt_s16384_e4096,benchmark,65536,16384,4096,1,0,True,11272.01,1292.29,1292.29,1292.29,7.626
2026-05-13T20:24:37.273058+00:00,gpu3_benchmark,3,ckpt_s16384_e4096,benchmark,131072,16384,4096,1,0,False,,,,,8.904
2026-05-13T20:24:46.177708+00:00,gpu3_benchmark,3,ckpt_s8192_e4096,correctness,2048,8192,4096,1,0,True,,,,,7.741
2026-05-13T20:24:53.918526+00:00,gpu3_benchmark,3,ckpt_s8192_e4096,benchmark,2048,8192,4096,1,0,True,3432.23,59.99,59.99,59.99,8.529
2026-05-13T20:24:53.918526+00:00,gpu3_benchmark,3,ckpt_s8192_e4096,benchmark,8192,8192,4096,1,0,True,4092.77,143.05,143.05,143.05,8.529
2026-05-13T20:24:53.918526+00:00,gpu3_benchmark,3,ckpt_s8192_e4096,benchmark,32768,8192,4096,1,0,True,6894.87,599.46,599.46,599.46,8.529
2026-05-13T20:25:02.448154+00:00,gpu3_benchmark,3,ckpt_s8192_e4096,benchmark,65536,8192,4096,1,0,True,11272.01,1319.97,1319.97,1319.97,7.462
2026-05-13T20:25:09.910362+00:00,gpu3_benchmark,3,ckpt_s8192_e4096,benchmark,131072,8192,4096,1,0,False,,,,,8.609
2026-05-13T20:25:18.519440+00:00,gpu3_benchmark,3,ckpt_s4096_e4096,correctness,2048,4096,4096,1,0,True,,,,,7.236
2026-05-13T20:25:25.756164+00:00,gpu3_benchmark,3,ckpt_s4096_e4096,benchmark,2048,4096,4096,1,0,True,3432.23,60.36,60.36,60.36,8.263
2026-05-13T20:25:25.756164+00:00,gpu3_benchmark,3,ckpt_s4096_e4096,benchmark,8192,4096,4096,1,0,True,4092.77,136.44,136.44,136.44,8.263
2026-05-13T20:25:25.756164+00:00,gpu3_benchmark,3,ckpt_s4096_e4096,benchmark,32768,4096,4096,1,0,True,6894.87,613.31,613.31,613.31,8.263
2026-05-13T20:25:34.019278+00:00,gpu3_benchmark,3,ckpt_s4096_e4096,benchmark,65536,4096,4096,1,0,True,11272.01,1304.63,1304.63,1304.63,7.648
2026-05-13T20:25:41.667949+00:00,gpu3_benchmark,3,ckpt_s4096_e4096,benchmark,131072,4096,4096,1,0,False,,,,,8.557
2026-05-13T20:25:50.225319+00:00,gpu3_benchmark,3,ckpt_s8192_e2048,correctness,2048,8192,2048,1,0,True,,,,,8.009
2026-05-13T20:25:58.234887+00:00,gpu3_benchmark,3,ckpt_s8192_e2048,benchmark,2048,8192,2048,1,0,True,3432.23,58.91,58.91,58.91,9.377
2026-05-13T20:25:58.234887+00:00,gpu3_benchmark,3,ckpt_s8192_e2048,benchmark,8192,8192,2048,1,0,True,4132.78,239.81,239.81,239.81,9.377
2026-05-13T20:25:58.234887+00:00,gpu3_benchmark,3,ckpt_s8192_e2048,benchmark,32768,8192,2048,1,0,True,6934.88,1045.15,1045.15,1045.15,9.377
2026-05-13T20:26:07.611935+00:00,gpu3_benchmark,3,ckpt_s8192_e2048,benchmark,65536,8192,2048,1,0,True,11272.01,2277.23,2277.23,2277.23,9.707
2026-05-13T20:26:17.319596+00:00,gpu3_benchmark,3,ckpt_s8192_e2048,benchmark,131072,8192,2048,1,0,False,,,,,6.173
2026-05-13T20:26:23.493551+00:00,gpu3_benchmark,3,ckpt_s4096_e2048,correctness,2048,4096,2048,1,0,True,,,,,7.512
2026-05-13T20:26:31.005923+00:00,gpu3_benchmark,3,ckpt_s4096_e2048,benchmark,2048,4096,2048,1,0,True,3432.23,60.02,60.02,60.02,9.312
2026-05-13T20:26:31.005923+00:00,gpu3_benchmark,3,ckpt_s4096_e2048,benchmark,8192,4096,2048,1,0,True,4132.78,241.32,241.32,241.32,9.312
2026-05-13T20:26:31.005923+00:00,gpu3_benchmark,3,ckpt_s4096_e2048,benchmark,32768,4096,2048,1,0,True,6934.88,1043.53,1043.53,1043.53,9.312
2026-05-13T20:26:40.318487+00:00,gpu3_benchmark,3,ckpt_s4096_e2048,benchmark,65536,4096,2048,1,0,True,11272.01,2289.28,2289.28,2289.28,9.609
2026-05-13T20:26:49.927882+00:00,gpu3_benchmark,3,ckpt_s4096_e2048,benchmark,131072,4096,2048,1,0,False,,,,,5.822
2026-05-13T20:26:55.750071+00:00,gpu3_benchmark,3,ckpt_s2048_e2048,correctness,2048,2048,2048,1,0,True,,,,,7.449
2026-05-13T20:27:03.199247+00:00,gpu3_benchmark,3,ckpt_s2048_e2048,benchmark,2048,2048,2048,1,0,True,3432.23,52.71,52.71,52.71,9.613
2026-05-13T20:27:03.199247+00:00,gpu3_benchmark,3,ckpt_s2048_e2048,benchmark,8192,2048,2048,1,0,True,4132.78,236.63,236.63,236.63,9.613
2026-05-13T20:27:03.199247+00:00,gpu3_benchmark,3,ckpt_s2048_e2048,benchmark,32768,2048,2048,1,0,True,6934.88,1067.39,1067.39,1067.39,9.613
2026-05-13T20:27:12.812260+00:00,gpu3_benchmark,3,ckpt_s2048_e2048,benchmark,65536,2048,2048,1,0,True,11272.01,2303.6,2303.6,2303.6,9.577
2026-05-13T20:27:22.390120+00:00,gpu3_benchmark,3,ckpt_s2048_e2048,benchmark,131072,2048,2048,1,0,False,,,,,5.772
2026-05-13T20:27:28.162781+00:00,gpu3_benchmark,3,ckpt_s4096_e1024,correctness,2048,4096,1024,1,0,True,,,,,7.317
2026-05-13T20:27:35.480363+00:00,gpu3_benchmark,3,ckpt_s4096_e1024,benchmark,2048,4096,1024,1,0,True,3453.26,245.81,245.81,245.81,12.103
2026-05-13T20:27:35.480363+00:00,gpu3_benchmark,3,ckpt_s4096_e1024,benchmark,8192,4096,1024,1,0,True,4153.79,456.06,456.06,456.06,12.103
2026-05-13T20:27:35.480363+00:00,gpu3_benchmark,3,ckpt_s4096_e1024,benchmark,32768,4096,1024,1,0,True,6955.88,1936.22,1936.22,1936.22,12.103
2026-05-13T20:27:47.583520+00:00,gpu3_benchmark,3,ckpt_s4096_e1024,benchmark,65536,4096,1024,1,0,True,11272.51,4230.97,4230.97,4230.97,14.438
2026-05-13T20:28:02.022097+00:00,gpu3_benchmark,3,ckpt_s4096_e1024,benchmark,131072,4096,1024,1,0,True,21314.76,8912.9,8912.9,8912.9,22.986
2026-05-13T20:28:25.008385+00:00,gpu3_benchmark,3,ckpt_s2048_e1024,correctness,2048,2048,1024,1,0,True,,,,,6.949
2026-05-13T20:28:31.957346+00:00,gpu3_benchmark,3,ckpt_s2048_e1024,benchmark,2048,2048,1024,1,0,True,3453.26,242.6,242.6,242.6,12.006
2026-05-13T20:28:31.957346+00:00,gpu3_benchmark,3,ckpt_s2048_e1024,benchmark,8192,2048,1024,1,0,True,4153.79,440.27,440.27,440.27,12.006
2026-05-13T20:28:31.957346+00:00,gpu3_benchmark,3,ckpt_s2048_e1024,benchmark,32768,2048,1024,1,0,True,6955.88,1954.23,1954.23,1954.23,12.006
2026-05-13T20:28:43.963844+00:00,gpu3_benchmark,3,ckpt_s2048_e1024,benchmark,65536,2048,1024,1,0,True,11272.51,4275.81,4275.81,4275.81,13.870
2026-05-13T20:28:57.833948+00:00,gpu3_benchmark,3,ckpt_s2048_e1024,benchmark,131072,2048,1024,1,0,False,,,,,16.059
2026-05-13T20:29:13.893564+00:00,gpu3_benchmark,3,ckpt_s1024_e1024,correctness,2048,1024,1024,1,0,True,,,,,7.739
2026-05-13T20:29:21.633211+00:00,gpu3_benchmark,3,ckpt_s1024_e1024,benchmark,2048,1024,1024,1,0,True,3452.26,114.6,114.6,114.6,11.536
2026-05-13T20:29:21.633211+00:00,gpu3_benchmark,3,ckpt_s1024_e1024,benchmark,8192,1024,1024,1,0,True,4152.79,454.22,454.22,454.22,11.536
2026-05-13T20:29:21.633211+00:00,gpu3_benchmark,3,ckpt_s1024_e1024,benchmark,32768,1024,1024,1,0,True,6954.88,1979.27,1979.27,1979.27,11.536
2026-05-13T20:29:33.169167+00:00,gpu3_benchmark,3,ckpt_s1024_e1024,benchmark,65536,1024,1024,1,0,True,11272.01,4422.9,4422.9,4422.9,14.292
2026-05-13T20:29:47.461949+00:00,gpu3_benchmark,3,ckpt_s1024_e1024,benchmark,131072,1024,1024,1,0,False,,,,,15.714
2026-05-13T20:30:03.176198+00:00,gpu3_benchmark,3,nocp_s8192_e8192,correctness,2048,8192,8192,0,0,True,,,,,6.662
2026-05-13T20:30:09.838377+00:00,gpu3_benchmark,3,nocp_s8192_e8192,benchmark,2048,8192,8192,0,0,True,3510.1,58.92,58.92,58.92,7.041
2026-05-13T20:30:09.838377+00:00,gpu3_benchmark,3,nocp_s8192_e8192,benchmark,8192,8192,8192,0,0,True,4300.63,87.43,87.43,87.43,7.041
2026-05-13T20:30:09.838377+00:00,gpu3_benchmark,3,nocp_s8192_e8192,benchmark,32768,8192,8192,0,0,True,9328.38,366.72,366.72,366.72,7.041
2026-05-13T20:30:16.879735+00:00,gpu3_benchmark,3,nocp_s8192_e8192,benchmark,65536,8192,8192,0,0,True,17416.01,779.94,779.94,779.94,5.927
2026-05-13T20:30:22.807216+00:00,gpu3_benchmark,3,nocp_s8192_e8192,benchmark,131072,8192,8192,0,0,False,,,,,4.425
2026-05-13T20:30:27.233278+00:00,gpu3_benchmark,3,nocp_s8192_e4096,correctness,2048,8192,4096,0,0,True,,,,,6.760
2026-05-13T20:30:33.993965+00:00,gpu3_benchmark,3,nocp_s8192_e4096,benchmark,2048,8192,4096,0,0,True,3510.1,54.67,54.67,54.67,7.394
2026-05-13T20:30:33.993965+00:00,gpu3_benchmark,3,nocp_s8192_e4096,benchmark,8192,8192,4096,0,0,True,4428.77,130.03,130.03,130.03,7.394
2026-05-13T20:30:33.993965+00:00,gpu3_benchmark,3,nocp_s8192_e4096,benchmark,32768,8192,4096,0,0,True,9328.38,571.2,571.2,571.2,7.394
2026-05-13T20:30:41.388240+00:00,gpu3_benchmark,3,nocp_s8192_e4096,benchmark,65536,8192,4096,0,0,True,17416.01,1252.33,1252.33,1252.33,7.409
2026-05-13T20:30:48.797543+00:00,gpu3_benchmark,3,nocp_s8192_e4096,benchmark,131072,8192,4096,0,0,False,,,,,4.669
2026-05-13T20:30:53.466974+00:00,gpu3_benchmark,3,nocp_s4096_e4096,correctness,2048,4096,4096,0,0,True,,,,,6.676
2026-05-13T20:31:00.143618+00:00,gpu3_benchmark,3,nocp_s4096_e4096,benchmark,2048,4096,4096,0,0,True,3510.1,53.93,53.93,53.93,7.727
2026-05-13T20:31:00.143618+00:00,gpu3_benchmark,3,nocp_s4096_e4096,benchmark,8192,4096,4096,0,0,True,4428.77,130.51,130.51,130.51,7.727
2026-05-13T20:31:00.143618+00:00,gpu3_benchmark,3,nocp_s4096_e4096,benchmark,32768,4096,4096,0,0,True,9328.38,574.28,574.28,574.28,7.727
2026-05-13T20:31:07.870655+00:00,gpu3_benchmark,3,nocp_s4096_e4096,benchmark,65536,4096,4096,0,0,True,17416.01,1268.52,1268.52,1268.52,7.067
2026-05-13T20:31:14.938391+00:00,gpu3_benchmark,3,nocp_s4096_e4096,benchmark,131072,4096,4096,0,0,False,,,,,4.617
2026-05-13T20:31:19.555500+00:00,gpu3_benchmark,3,nocp_s4096_e2048,correctness,2048,4096,2048,0,0,True,,,,,6.465
2026-05-13T20:31:26.020612+00:00,gpu3_benchmark,3,nocp_s4096_e2048,benchmark,2048,4096,2048,0,0,True,3510.1,55.72,55.72,55.72,8.178
2026-05-13T20:31:26.020612+00:00,gpu3_benchmark,3,nocp_s4096_e2048,benchmark,8192,4096,2048,0,0,True,4525.78,240.51,240.51,240.51,8.178
2026-05-13T20:31:26.020612+00:00,gpu3_benchmark,3,nocp_s4096_e2048,benchmark,32768,4096,2048,0,0,True,9474.26,1005.59,1005.59,1005.59,8.178
2026-05-13T20:31:34.199444+00:00,gpu3_benchmark,3,nocp_s4096_e2048,benchmark,65536,4096,2048,0,0,True,17708.01,2180.47,2180.47,2180.47,9.353
2026-05-13T20:31:43.552595+00:00,gpu3_benchmark,3,nocp_s4096_e2048,benchmark,131072,4096,2048,0,0,False,,,,,5.216
2026-05-13T20:31:48.769314+00:00,gpu3_benchmark,3,nocp_s2048_e2048,correctness,2048,2048,2048,0,0,True,,,,,6.819
2026-05-13T20:31:55.588471+00:00,gpu3_benchmark,3,nocp_s2048_e2048,benchmark,2048,2048,2048,0,0,True,3510.1,57.15,57.15,57.15,8.348
2026-05-13T20:31:55.588471+00:00,gpu3_benchmark,3,nocp_s2048_e2048,benchmark,8192,2048,2048,0,0,True,4526.78,226.21,226.21,226.21,8.348
2026-05-13T20:31:55.588471+00:00,gpu3_benchmark,3,nocp_s2048_e2048,benchmark,32768,2048,2048,0,0,True,9476.26,1015.5,1015.5,1015.5,8.348
2026-05-13T20:32:03.936973+00:00,gpu3_benchmark,3,nocp_s2048_e2048,benchmark,65536,2048,2048,0,0,True,17708.01,2213.74,2213.74,2213.74,8.726
2026-05-13T20:32:12.662950+00:00,gpu3_benchmark,3,nocp_s2048_e2048,benchmark,131072,2048,2048,0,0,False,,,,,5.004
2026-05-13T20:32:17.667295+00:00,gpu3_benchmark,3,ckpt_s8192_e8192,correctness,2048,8192,8192,1,0,True,,,,,6.892
2026-05-13T20:32:24.559389+00:00,gpu3_benchmark,3,ckpt_s8192_e8192,benchmark,2048,8192,8192,1,0,True,3432.23,58.55,58.55,58.55,8.113
2026-05-13T20:32:24.559389+00:00,gpu3_benchmark,3,ckpt_s8192_e8192,benchmark,8192,8192,8192,1,0,True,4012.63,88.56,88.56,88.56,8.113
2026-05-13T20:32:24.559389+00:00,gpu3_benchmark,3,ckpt_s8192_e8192,benchmark,32768,8192,8192,1,0,True,6814.85,388.74,388.74,388.74,8.113
2026-05-13T20:32:32.673255+00:00,gpu3_benchmark,3,ckpt_s8192_e8192,benchmark,65536,8192,8192,1,0,True,11272.01,848.97,848.97,848.97,6.436
2026-05-13T20:32:39.109377+00:00,gpu3_benchmark,3,ckpt_s8192_e8192,benchmark,131072,8192,8192,1,0,True,21303.26,1871.26,1871.26,1871.26,9.536
2026-05-13T20:32:48.645377+00:00,gpu3_benchmark,3,ckpt_s16384_e4096,correctness,2048,16384,4096,1,0,True,,,,,7.783
2026-05-13T20:32:56.428541+00:00,gpu3_benchmark,3,ckpt_s16384_e4096,benchmark,2048,16384,4096,1,0,True,3432.23,59.29,59.29,59.29,8.621
2026-05-13T20:32:56.428541+00:00,gpu3_benchmark,3,ckpt_s16384_e4096,benchmark,8192,16384,4096,1,0,True,4092.77,137.95,137.95,137.95,8.621
2026-05-13T20:32:56.428541+00:00,gpu3_benchmark,3,ckpt_s16384_e4096,benchmark,32768,16384,4096,1,0,True,6894.87,601.08,601.08,601.08,8.621
2026-05-13T20:33:05.049556+00:00,gpu3_benchmark,3,ckpt_s16384_e4096,benchmark,65536,16384,4096,1,0,True,11272.01,1294.12,1294.12,1294.12,7.809
2026-05-13T20:33:12.858945+00:00,gpu3_benchmark,3,ckpt_s16384_e4096,benchmark,131072,16384,4096,1,0,False,,,,,8.935
2026-05-13T20:33:21.794172+00:00,gpu3_benchmark,3,ckpt_s8192_e4096,correctness,2048,8192,4096,1,0,True,,,,,7.670
2026-05-13T20:33:29.464879+00:00,gpu3_benchmark,3,ckpt_s8192_e4096,benchmark,2048,8192,4096,1,0,True,3432.23,61.69,61.69,61.69,7.659
2026-05-13T20:33:29.464879+00:00,gpu3_benchmark,3,ckpt_s8192_e4096,benchmark,8192,8192,4096,1,0,True,4092.77,144.07,144.07,144.07,7.659
2026-05-13T20:33:29.464879+00:00,gpu3_benchmark,3,ckpt_s8192_e4096,benchmark,32768,8192,4096,1,0,True,6894.87,596.75,596.75,596.75,7.659
2026-05-13T20:33:37.124412+00:00,gpu3_benchmark,3,ckpt_s8192_e4096,benchmark,65536,8192,4096,1,0,True,11272.01,1298.58,1298.58,1298.58,7.661
2026-05-13T20:33:44.786097+00:00,gpu3_benchmark,3,ckpt_s8192_e4096,benchmark,131072,8192,4096,1,0,False,,,,,7.969
2026-05-13T20:33:52.755468+00:00,gpu3_benchmark,3,ckpt_s4096_e4096,correctness,2048,4096,4096,1,0,True,,,,,7.620
2026-05-13T20:34:00.375357+00:00,gpu3_benchmark,3,ckpt_s4096_e4096,benchmark,2048,4096,4096,1,0,True,3432.23,60.07,60.07,60.07,8.411
2026-05-13T20:34:00.375357+00:00,gpu3_benchmark,3,ckpt_s4096_e4096,benchmark,8192,4096,4096,1,0,True,4092.77,140.0,140.0,140.0,8.411
2026-05-13T20:34:00.375357+00:00,gpu3_benchmark,3,ckpt_s4096_e4096,benchmark,32768,4096,4096,1,0,True,6894.87,615.62,615.62,615.62,8.411
2026-05-13T20:34:08.787348+00:00,gpu3_benchmark,3,ckpt_s4096_e4096,benchmark,65536,4096,4096,1,0,True,11272.01,1319.69,1319.69,1319.69,7.886
2026-05-13T20:34:16.673556+00:00,gpu3_benchmark,3,ckpt_s4096_e4096,benchmark,131072,4096,4096,1,0,False,,,,,8.392
2026-05-13T20:34:25.066183+00:00,gpu3_benchmark,3,ckpt_s8192_e2048,correctness,2048,8192,2048,1,0,True,,,,,7.469
2026-05-13T20:34:32.535640+00:00,gpu3_benchmark,3,ckpt_s8192_e2048,benchmark,2048,8192,2048,1,0,True,3432.23,59.25,59.25,59.25,9.464
2026-05-13T20:34:32.535640+00:00,gpu3_benchmark,3,ckpt_s8192_e2048,benchmark,8192,8192,2048,1,0,True,4132.78,240.91,240.91,240.91,9.464
2026-05-13T20:34:32.535640+00:00,gpu3_benchmark,3,ckpt_s8192_e2048,benchmark,32768,8192,2048,1,0,True,6934.88,1037.89,1037.89,1037.89,9.464
2026-05-13T20:34:41.999562+00:00,gpu3_benchmark,3,ckpt_s8192_e2048,benchmark,65536,8192,2048,1,0,True,11272.01,2279.8,2279.8,2279.8,9.494
2026-05-13T20:34:51.493774+00:00,gpu3_benchmark,3,ckpt_s8192_e2048,benchmark,131072,8192,2048,1,0,False,,,,,5.982
2026-05-13T20:34:57.476341+00:00,gpu3_benchmark,3,ckpt_s4096_e2048,correctness,2048,4096,2048,1,0,True,,,,,7.463
2026-05-13T20:35:04.939145+00:00,gpu3_benchmark,3,ckpt_s4096_e2048,benchmark,2048,4096,2048,1,0,True,3432.23,63.23,63.23,63.23,9.478
2026-05-13T20:35:04.939145+00:00,gpu3_benchmark,3,ckpt_s4096_e2048,benchmark,8192,4096,2048,1,0,True,4132.78,248.23,248.23,248.23,9.478
2026-05-13T20:35:04.939145+00:00,gpu3_benchmark,3,ckpt_s4096_e2048,benchmark,32768,4096,2048,1,0,True,6934.88,1041.81,1041.81,1041.81,9.478
2026-05-13T20:35:14.417919+00:00,gpu3_benchmark,3,ckpt_s4096_e2048,benchmark,65536,4096,2048,1,0,True,11272.01,2296.0,2296.0,2296.0,9.898
2026-05-13T20:35:24.315938+00:00,gpu3_benchmark,3,ckpt_s4096_e2048,benchmark,131072,4096,2048,1,0,False,,,,,5.564
2026-05-13T20:35:29.880780+00:00,gpu3_benchmark,3,ckpt_s2048_e2048,correctness,2048,2048,2048,1,0,True,,,,,8.224
2026-05-13T20:35:38.105327+00:00,gpu3_benchmark,3,ckpt_s2048_e2048,benchmark,2048,2048,2048,1,0,True,3432.23,57.4,57.4,57.4,9.778
2026-05-13T20:35:38.105327+00:00,gpu3_benchmark,3,ckpt_s2048_e2048,benchmark,8192,2048,2048,1,0,True,4132.78,247.19,247.19,247.19,9.778
2026-05-13T20:35:38.105327+00:00,gpu3_benchmark,3,ckpt_s2048_e2048,benchmark,32768,2048,2048,1,0,True,6934.88,1037.89,1037.89,1037.89,9.778
2026-05-13T20:35:47.883795+00:00,gpu3_benchmark,3,ckpt_s2048_e2048,benchmark,65536,2048,2048,1,0,True,11272.01,2314.56,2314.56,2314.56,9.742
2026-05-13T20:35:57.626471+00:00,gpu3_benchmark,3,ckpt_s2048_e2048,benchmark,131072,2048,2048,1,0,False,,,,,5.855
2026-05-13T20:36:03.482151+00:00,gpu3_benchmark,3,ckpt_s4096_e1024,correctness,2048,4096,1024,1,0,True,,,,,7.615
2026-05-13T20:36:11.097887+00:00,gpu3_benchmark,3,ckpt_s4096_e1024,benchmark,2048,4096,1024,1,0,True,3453.26,233.03,233.03,233.03,12.101
2026-05-13T20:36:11.097887+00:00,gpu3_benchmark,3,ckpt_s4096_e1024,benchmark,8192,4096,1024,1,0,True,4153.79,455.5,455.5,455.5,12.101
2026-05-13T20:36:11.097887+00:00,gpu3_benchmark,3,ckpt_s4096_e1024,benchmark,32768,4096,1024,1,0,True,6955.88,1954.22,1954.22,1954.22,12.101
2026-05-13T20:36:23.199610+00:00,gpu3_benchmark,3,ckpt_s4096_e1024,benchmark,65536,4096,1024,1,0,True,11272.51,4274.42,4274.42,4274.42,13.424
2026-05-13T20:36:36.624049+00:00,gpu3_benchmark,3,ckpt_s4096_e1024,benchmark,131072,4096,1024,1,0,True,21314.76,9995.87,9995.87,9995.87,25.197
2026-05-13T20:37:01.821234+00:00,gpu3_benchmark,3,ckpt_s2048_e1024,correctness,2048,2048,1024,1,0,True,,,,,7.247
2026-05-13T20:37:09.068531+00:00,gpu3_benchmark,3,ckpt_s2048_e1024,benchmark,2048,2048,1024,1,0,True,3453.26,222.69,222.69,222.69,11.773
2026-05-13T20:37:09.068531+00:00,gpu3_benchmark,3,ckpt_s2048_e1024,benchmark,8192,2048,1024,1,0,True,4153.79,471.51,471.51,471.51,11.773
2026-05-13T20:37:09.068531+00:00,gpu3_benchmark,3,ckpt_s2048_e1024,benchmark,32768,2048,1024,1,0,True,6955.88,1951.29,1951.29,1951.29,11.773
2026-05-13T20:37:20.841598+00:00,gpu3_benchmark,3,ckpt_s2048_e1024,benchmark,65536,2048,1024,1,0,True,11272.51,4248.09,4248.09,4248.09,13.610
2026-05-13T20:37:34.452286+00:00,gpu3_benchmark,3,ckpt_s2048_e1024,benchmark,131072,2048,1024,1,0,False,,,,,16.164
2026-05-13T20:37:50.616377+00:00,gpu3_benchmark,3,ckpt_s1024_e1024,correctness,2048,1024,1024,1,0,True,,,,,8.286
2026-05-13T20:37:58.902584+00:00,gpu3_benchmark,3,ckpt_s1024_e1024,benchmark,2048,1024,1024,1,0,True,3452.26,98.69,98.69,98.69,11.901
2026-05-13T20:37:58.902584+00:00,gpu3_benchmark,3,ckpt_s1024_e1024,benchmark,8192,1024,1024,1,0,True,4152.79,414.74,414.74,414.74,11.901
2026-05-13T20:37:58.902584+00:00,gpu3_benchmark,3,ckpt_s1024_e1024,benchmark,32768,1024,1024,1,0,True,6954.88,1950.24,1950.24,1950.24,11.901
2026-05-13T20:38:10.803771+00:00,gpu3_benchmark,3,ckpt_s1024_e1024,benchmark,65536,1024,1024,1,0,True,11272.01,4314.77,4314.77,4314.77,14.527
2026-05-13T20:38:25.331542+00:00,gpu3_benchmark,3,ckpt_s1024_e1024,benchmark,131072,1024,1024,1,0,False,,,,,16.925
2026-05-13T20:38:42.256801+00:00,gpu3_benchmark,3,nocp_s8192_e8192,correctness,2048,8192,8192,0,0,True,,,,,6.820
2026-05-13T20:38:49.076873+00:00,gpu3_benchmark,3,nocp_s8192_e8192,benchmark,2048,8192,8192,0,0,True,3510.1,54.53,54.53,54.53,7.185
2026-05-13T20:38:49.076873+00:00,gpu3_benchmark,3,nocp_s8192_e8192,benchmark,8192,8192,8192,0,0,True,4300.63,90.68,90.68,90.68,7.185
2026-05-13T20:38:49.076873+00:00,gpu3_benchmark,3,nocp_s8192_e8192,benchmark,32768,8192,8192,0,0,True,9328.38,363.27,363.27,363.27,7.185
2026-05-13T20:38:56.261905+00:00,gpu3_benchmark,3,nocp_s8192_e8192,benchmark,65536,8192,8192,0,0,True,17416.01,780.03,780.03,780.03,6.433
2026-05-13T20:39:02.695737+00:00,gpu3_benchmark,3,nocp_s8192_e8192,benchmark,131072,8192,8192,0,0,False,,,,,5.134
2026-05-13T20:39:07.830553+00:00,gpu3_benchmark,3,nocp_s8192_e4096,correctness,2048,8192,4096,0,0,True,,,,,6.022
2026-05-13T20:39:13.852464+00:00,gpu3_benchmark,3,nocp_s8192_e4096,benchmark,2048,8192,4096,0,0,True,3510.1,48.5,48.5,48.5,7.035
2026-05-13T20:39:13.852464+00:00,gpu3_benchmark,3,nocp_s8192_e4096,benchmark,8192,8192,4096,0,0,True,4428.77,127.83,127.83,127.83,7.035
2026-05-13T20:39:13.852464+00:00,gpu3_benchmark,3,nocp_s8192_e4096,benchmark,32768,8192,4096,0,0,True,9328.38,510.68,510.68,510.68,7.035
2026-05-13T20:39:20.888000+00:00,gpu3_benchmark,3,nocp_s8192_e4096,benchmark,65536,8192,4096,0,0,True,17416.01,1105.68,1105.68,1105.68,6.885
2026-05-13T20:39:27.773700+00:00,gpu3_benchmark,3,nocp_s8192_e4096,benchmark,131072,8192,4096,0,0,False,,,,,4.683
2026-05-13T20:39:32.457341+00:00,gpu3_benchmark,3,nocp_s4096_e4096,correctness,2048,4096,4096,0,0,True,,,,,7.119
2026-05-13T20:39:39.576682+00:00,gpu3_benchmark,3,nocp_s4096_e4096,benchmark,2048,4096,4096,0,0,True,3510.1,56.27,56.27,56.27,7.783
2026-05-13T20:39:39.576682+00:00,gpu3_benchmark,3,nocp_s4096_e4096,benchmark,8192,4096,4096,0,0,True,4428.77,140.33,140.33,140.33,7.783
2026-05-13T20:39:39.576682+00:00,gpu3_benchmark,3,nocp_s4096_e4096,benchmark,32768,4096,4096,0,0,True,9328.38,574.83,574.83,574.83,7.783
2026-05-13T20:39:47.360510+00:00,gpu3_benchmark,3,nocp_s4096_e4096,benchmark,65536,4096,4096,0,0,True,17416.01,1261.41,1261.41,1261.41,6.890
2026-05-13T20:39:54.250454+00:00,gpu3_benchmark,3,nocp_s4096_e4096,benchmark,131072,4096,4096,0,0,False,,,,,4.503
2026-05-13T20:39:58.754035+00:00,gpu3_benchmark,3,nocp_s4096_e2048,correctness,2048,4096,2048,0,0,True,,,,,6.649
2026-05-13T20:40:05.403168+00:00,gpu3_benchmark,3,nocp_s4096_e2048,benchmark,2048,4096,2048,0,0,True,3510.1,54.87,54.87,54.87,8.407
2026-05-13T20:40:05.403168+00:00,gpu3_benchmark,3,nocp_s4096_e2048,benchmark,8192,4096,2048,0,0,True,4525.78,230.53,230.53,230.53,8.407
2026-05-13T20:40:05.403168+00:00,gpu3_benchmark,3,nocp_s4096_e2048,benchmark,32768,4096,2048,0,0,True,9474.26,994.9,994.9,994.9,8.407
2026-05-13T20:40:13.810979+00:00,gpu3_benchmark,3,nocp_s4096_e2048,benchmark,65536,4096,2048,0,0,True,17708.01,2201.65,2201.65,2201.65,9.189
2026-05-13T20:40:23.000515+00:00,gpu3_benchmark,3,nocp_s4096_e2048,benchmark,131072,4096,2048,0,0,False,,,,,4.457
2026-05-13T20:40:27.457554+00:00,gpu3_benchmark,3,nocp_s2048_e2048,correctness,2048,2048,2048,0,0,True,,,,,6.628
2026-05-13T20:40:34.085807+00:00,gpu3_benchmark,3,nocp_s2048_e2048,benchmark,2048,2048,2048,0,0,True,3510.1,56.33,56.33,56.33,8.478
2026-05-13T20:40:34.085807+00:00,gpu3_benchmark,3,nocp_s2048_e2048,benchmark,8192,2048,2048,0,0,True,4526.78,229.59,229.59,229.59,8.478
2026-05-13T20:40:34.085807+00:00,gpu3_benchmark,3,nocp_s2048_e2048,benchmark,32768,2048,2048,0,0,True,9476.26,998.91,998.91,998.91,8.478
2026-05-13T20:40:42.564609+00:00,gpu3_benchmark,3,nocp_s2048_e2048,benchmark,65536,2048,2048,0,0,True,17708.01,2224.98,2224.98,2224.98,8.909
2026-05-13T20:40:51.473599+00:00,gpu3_benchmark,3,nocp_s2048_e2048,benchmark,131072,2048,2048,0,0,False,,,,,5.025
2026-05-13T20:40:56.499437+00:00,gpu3_benchmark,3,ckpt_s8192_e8192,correctness,2048,8192,8192,1,0,True,,,,,7.626
2026-05-13T20:41:04.125355+00:00,gpu3_benchmark,3,ckpt_s8192_e8192,benchmark,2048,8192,8192,1,0,True,3432.23,56.66,56.66,56.66,7.688
2026-05-13T20:41:04.125355+00:00,gpu3_benchmark,3,ckpt_s8192_e8192,benchmark,8192,8192,8192,1,0,True,4012.63,93.33,93.33,93.33,7.688
2026-05-13T20:41:04.125355+00:00,gpu3_benchmark,3,ckpt_s8192_e8192,benchmark,32768,8192,8192,1,0,True,6814.85,388.15,388.15,388.15,7.688
2026-05-13T20:41:11.814229+00:00,gpu3_benchmark,3,ckpt_s8192_e8192,benchmark,65536,8192,8192,1,0,True,11272.01,837.04,837.04,837.04,7.426
2026-05-13T20:41:19.240367+00:00,gpu3_benchmark,3,ckpt_s8192_e8192,benchmark,131072,8192,8192,1,0,True,21303.26,1871.21,1871.21,1871.21,8.957
2026-05-13T20:41:28.197909+00:00,gpu3_benchmark,3,ckpt_s16384_e4096,correctness,2048,16384,4096,1,0,True,,,,,7.797
2026-05-13T20:41:35.995086+00:00,gpu3_benchmark,3,ckpt_s16384_e4096,benchmark,2048,16384,4096,1,0,True,3432.23,59.87,59.87,59.87,8.182
2026-05-13T20:41:35.995086+00:00,gpu3_benchmark,3,ckpt_s16384_e4096,benchmark,8192,16384,4096,1,0,True,4092.77,149.12,149.12,149.12,8.182
2026-05-13T20:41:35.995086+00:00,gpu3_benchmark,3,ckpt_s16384_e4096,benchmark,32768,16384,4096,1,0,True,6894.87,592.73,592.73,592.73,8.182
2026-05-13T20:41:44.177585+00:00,gpu3_benchmark,3,ckpt_s16384_e4096,benchmark,65536,16384,4096,1,0,True,11272.01,1292.82,1292.82,1292.82,8.086
2026-05-13T20:41:52.264348+00:00,gpu3_benchmark,3,ckpt_s16384_e4096,benchmark,131072,16384,4096,1,0,False,,,,,8.786
2026-05-13T20:42:01.050362+00:00,gpu3_benchmark,3,ckpt_s8192_e4096,correctness,2048,8192,4096,1,0,True,,,,,7.516
2026-05-13T20:42:08.567104+00:00,gpu3_benchmark,3,ckpt_s8192_e4096,benchmark,2048,8192,4096,1,0,True,3432.23,61.07,61.07,61.07,7.995
2026-05-13T20:42:08.567104+00:00,gpu3_benchmark,3,ckpt_s8192_e4096,benchmark,8192,8192,4096,1,0,True,4092.77,141.52,141.52,141.52,7.995
2026-05-13T20:42:08.567104+00:00,gpu3_benchmark,3,ckpt_s8192_e4096,benchmark,32768,8192,4096,1,0,True,6894.87,631.45,631.45,631.45,7.995
2026-05-13T20:42:16.562040+00:00,gpu3_benchmark,3,ckpt_s8192_e4096,benchmark,65536,8192,4096,1,0,True,11272.01,1338.57,1338.57,1338.57,7.689
2026-05-13T20:42:24.251003+00:00,gpu3_benchmark,3,ckpt_s8192_e4096,benchmark,131072,8192,4096,1,0,False,,,,,8.171
2026-05-13T20:42:32.422173+00:00,gpu3_benchmark,3,ckpt_s4096_e4096,correctness,2048,4096,4096,1,0,True,,,,,7.661
2026-05-13T20:42:40.083663+00:00,gpu3_benchmark,3,ckpt_s4096_e4096,benchmark,2048,4096,4096,1,0,True,3432.23,58.42,58.42,58.42,7.779
2026-05-13T20:42:40.083663+00:00,gpu3_benchmark,3,ckpt_s4096_e4096,benchmark,8192,4096,4096,1,0,True,4092.77,145.26,145.26,145.26,7.779
2026-05-13T20:42:40.083663+00:00,gpu3_benchmark,3,ckpt_s4096_e4096,benchmark,32768,4096,4096,1,0,True,6894.87,617.11,617.11,617.11,7.779
2026-05-13T20:42:47.862719+00:00,gpu3_benchmark,3,ckpt_s4096_e4096,benchmark,65536,4096,4096,1,0,True,11272.01,1353.08,1353.08,1353.08,7.551
2026-05-13T20:42:55.413667+00:00,gpu3_benchmark,3,ckpt_s4096_e4096,benchmark,131072,4096,4096,1,0,False,,,,,8.723
2026-05-13T20:43:04.137155+00:00,gpu3_benchmark,3,ckpt_s8192_e2048,correctness,2048,8192,2048,1,0,True,,,,,7.378
2026-05-13T20:43:11.515785+00:00,gpu3_benchmark,3,ckpt_s8192_e2048,benchmark,2048,8192,2048,1,0,True,3432.23,60.62,60.62,60.62,9.561
2026-05-13T20:43:11.515785+00:00,gpu3_benchmark,3,ckpt_s8192_e2048,benchmark,8192,8192,2048,1,0,True,4132.78,244.52,244.52,244.52,9.561
2026-05-13T20:43:11.515785+00:00,gpu3_benchmark,3,ckpt_s8192_e2048,benchmark,32768,8192,2048,1,0,True,6934.88,1052.93,1052.93,1052.93,9.561
2026-05-13T20:43:21.076660+00:00,gpu3_benchmark,3,ckpt_s8192_e2048,benchmark,65536,8192,2048,1,0,True,11272.01,2312.1,2312.1,2312.1,10.509
2026-05-13T20:43:31.586413+00:00,gpu3_benchmark,3,ckpt_s8192_e2048,benchmark,131072,8192,2048,1,0,False,,,,,5.431
2026-05-13T20:43:37.017750+00:00,gpu3_benchmark,3,ckpt_s4096_e2048,correctness,2048,4096,2048,1,0,True,,,,,7.289
2026-05-13T20:43:44.307006+00:00,gpu3_benchmark,3,ckpt_s4096_e2048,benchmark,2048,4096,2048,1,0,True,3432.23,61.93,61.93,61.93,9.769
2026-05-13T20:43:44.307006+00:00,gpu3_benchmark,3,ckpt_s4096_e2048,benchmark,8192,4096,2048,1,0,True,4132.78,252.71,252.71,252.71,9.769
2026-05-13T20:43:44.307006+00:00,gpu3_benchmark,3,ckpt_s4096_e2048,benchmark,32768,4096,2048,1,0,True,6934.88,1042.36,1042.36,1042.36,9.769
2026-05-13T20:43:54.076461+00:00,gpu3_benchmark,3,ckpt_s4096_e2048,benchmark,65536,4096,2048,1,0,True,11272.01,2306.59,2306.59,2306.59,10.067
2026-05-13T20:44:04.143718+00:00,gpu3_benchmark,3,ckpt_s4096_e2048,benchmark,131072,4096,2048,1,0,False,,,,,5.551
2026-05-13T20:44:09.695351+00:00,gpu3_benchmark,3,ckpt_s2048_e2048,correctness,2048,2048,2048,1,0,True,,,,,7.418
2026-05-13T20:44:17.113697+00:00,gpu3_benchmark,3,ckpt_s2048_e2048,benchmark,2048,2048,2048,1,0,True,3432.23,61.41,61.41,61.41,9.210
2026-05-13T20:44:17.113697+00:00,gpu3_benchmark,3,ckpt_s2048_e2048,benchmark,8192,2048,2048,1,0,True,4132.78,237.38,237.38,237.38,9.210
2026-05-13T20:44:17.113697+00:00,gpu3_benchmark,3,ckpt_s2048_e2048,benchmark,32768,2048,2048,1,0,True,6934.88,1043.51,1043.51,1043.51,9.210
2026-05-13T20:44:26.323929+00:00,gpu3_benchmark,3,ckpt_s2048_e2048,benchmark,65536,2048,2048,1,0,True,11272.01,2300.92,2300.92,2300.92,9.947
2026-05-13T20:44:36.271556+00:00,gpu3_benchmark,3,ckpt_s2048_e2048,benchmark,131072,2048,2048,1,0,False,,,,,5.772
2026-05-13T20:44:42.044092+00:00,gpu3_benchmark,3,ckpt_s4096_e1024,correctness,2048,4096,1024,1,0,True,,,,,7.661
2026-05-13T20:44:49.705221+00:00,gpu3_benchmark,3,ckpt_s4096_e1024,benchmark,2048,4096,1024,1,0,True,3453.26,228.78,228.78,228.78,11.395
2026-05-13T20:44:49.705221+00:00,gpu3_benchmark,3,ckpt_s4096_e1024,benchmark,8192,4096,1024,1,0,True,4153.79,450.41,450.41,450.41,11.395
2026-05-13T20:44:49.705221+00:00,gpu3_benchmark,3,ckpt_s4096_e1024,benchmark,32768,4096,1024,1,0,True,6955.88,1931.37,1931.37,1931.37,11.395
2026-05-13T20:45:01.100350+00:00,gpu3_benchmark,3,ckpt_s4096_e1024,benchmark,65536,4096,1024,1,0,True,11272.51,4206.42,4206.42,4206.42,13.471
2026-05-13T20:45:14.571303+00:00,gpu3_benchmark,3,ckpt_s4096_e1024,benchmark,131072,4096,1024,1,0,True,21314.76,9960.75,9960.75,9960.75,25.461
2026-05-13T20:45:40.032897+00:00,gpu3_benchmark,3,ckpt_s2048_e1024,correctness,2048,2048,1024,1,0,True,,,,,7.748
2026-05-13T20:45:47.781140+00:00,gpu3_benchmark,3,ckpt_s2048_e1024,benchmark,2048,2048,1024,1,0,True,3453.26,222.91,222.91,222.91,11.518
2026-05-13T20:45:47.781140+00:00,gpu3_benchmark,3,ckpt_s2048_e1024,benchmark,8192,2048,1024,1,0,True,4153.79,452.36,452.36,452.36,11.518
2026-05-13T20:45:47.781140+00:00,gpu3_benchmark,3,ckpt_s2048_e1024,benchmark,32768,2048,1024,1,0,True,6955.88,1932.34,1932.34,1932.34,11.518
2026-05-13T20:45:59.299519+00:00,gpu3_benchmark,3,ckpt_s2048_e1024,benchmark,65536,2048,1024,1,0,True,11272.51,4225.9,4225.9,4225.9,13.630
2026-05-13T20:46:12.929964+00:00,gpu3_benchmark,3,ckpt_s2048_e1024,benchmark,131072,2048,1024,1,0,False,,,,,15.637
2026-05-13T20:46:28.567085+00:00,gpu3_benchmark,3,ckpt_s1024_e1024,correctness,2048,1024,1024,1,0,True,,,,,7.636
2026-05-13T20:46:36.203149+00:00,gpu3_benchmark,3,ckpt_s1024_e1024,benchmark,2048,1024,1024,1,0,True,3452.26,113.42,113.42,113.42,11.539
2026-05-13T20:46:36.203149+00:00,gpu3_benchmark,3,ckpt_s1024_e1024,benchmark,8192,1024,1024,1,0,True,4152.79,446.57,446.57,446.57,11.539
2026-05-13T20:46:36.203149+00:00,gpu3_benchmark,3,ckpt_s1024_e1024,benchmark,32768,1024,1024,1,0,True,6954.88,2001.02,2001.02,2001.02,11.539
2026-05-13T20:46:47.742548+00:00,gpu3_benchmark,3,ckpt_s1024_e1024,benchmark,65536,1024,1024,1,0,True,11272.01,4313.51,4313.51,4313.51,13.762
2026-05-13T20:47:01.504653+00:00,gpu3_benchmark,3,ckpt_s1024_e1024,benchmark,131072,1024,1024,1,0,False,,,,,16.336
2026-05-13T20:47:17.841266+00:00,gpu3_benchmark,3,nocp_s8192_e8192,correctness,2048,8192,8192,0,0,True,,,,,6.947
2026-05-13T20:47:24.788625+00:00,gpu3_benchmark,3,nocp_s8192_e8192,benchmark,2048,8192,8192,0,0,True,3510.1,59.48,59.48,59.48,6.487
2026-05-13T20:47:24.788625+00:00,gpu3_benchmark,3,nocp_s8192_e8192,benchmark,8192,8192,8192,0,0,True,4300.63,82.14,82.14,82.14,6.487
2026-05-13T20:47:24.788625+00:00,gpu3_benchmark,3,nocp_s8192_e8192,benchmark,32768,8192,8192,0,0,True,9328.38,361.97,361.97,361.97,6.487
2026-05-13T20:47:31.276481+00:00,gpu3_benchmark,3,nocp_s8192_e8192,benchmark,65536,8192,8192,0,0,True,17416.01,780.89,780.89,780.89,6.023
2026-05-13T20:47:37.299738+00:00,gpu3_benchmark,3,nocp_s8192_e8192,benchmark,131072,8192,8192,0,0,False,,,,,4.572
2026-05-13T20:47:41.872337+00:00,gpu3_benchmark,3,nocp_s8192_e4096,correctness,2048,8192,4096,0,0,True,,,,,6.654
2026-05-13T20:47:48.526509+00:00,gpu3_benchmark,3,nocp_s8192_e4096,benchmark,2048,8192,4096,0,0,True,3510.1,59.73,59.73,59.73,7.639
2026-05-13T20:47:48.526509+00:00,gpu3_benchmark,3,nocp_s8192_e4096,benchmark,8192,8192,4096,0,0,True,4428.77,130.66,130.66,130.66,7.639
2026-05-13T20:47:48.526509+00:00,gpu3_benchmark,3,nocp_s8192_e4096,benchmark,32768,8192,4096,0,0,True,9328.38,569.69,569.69,569.69,7.639
2026-05-13T20:47:56.166403+00:00,gpu3_benchmark,3,nocp_s8192_e4096,benchmark,65536,8192,4096,0,0,True,17416.01,1250.34,1250.34,1250.34,6.667
2026-05-13T20:48:02.833381+00:00,gpu3_benchmark,3,nocp_s8192_e4096,benchmark,131072,8192,4096,0,0,False,,,,,4.407
2026-05-13T20:48:07.241275+00:00,gpu3_benchmark,3,nocp_s4096_e4096,correctness,2048,4096,4096,0,0,True,,,,,6.622
2026-05-13T20:48:13.863981+00:00,gpu3_benchmark,3,nocp_s4096_e4096,benchmark,2048,4096,4096,0,0,True,3510.1,53.33,53.33,53.33,6.907
2026-05-13T20:48:13.863981+00:00,gpu3_benchmark,3,nocp_s4096_e4096,benchmark,8192,4096,4096,0,0,True,4428.77,140.4,140.4,140.4,6.907
2026-05-13T20:48:13.863981+00:00,gpu3_benchmark,3,nocp_s4096_e4096,benchmark,32768,4096,4096,0,0,True,9328.38,573.62,573.62,573.62,6.907
2026-05-13T20:48:20.771082+00:00,gpu3_benchmark,3,nocp_s4096_e4096,benchmark,65536,4096,4096,0,0,True,17416.01,1268.23,1268.23,1268.23,6.790
2026-05-13T20:48:27.561342+00:00,gpu3_benchmark,3,nocp_s4096_e4096,benchmark,131072,4096,4096,0,0,False,,,,,4.784
2026-05-13T20:48:32.346013+00:00,gpu3_benchmark,3,nocp_s4096_e2048,correctness,2048,4096,2048,0,0,True,,,,,7.640
2026-05-13T20:48:39.986310+00:00,gpu3_benchmark,3,nocp_s4096_e2048,benchmark,2048,4096,2048,0,0,True,3510.1,53.24,53.24,53.24,8.160
2026-05-13T20:48:39.986310+00:00,gpu3_benchmark,3,nocp_s4096_e2048,benchmark,8192,4096,2048,0,0,True,4525.78,203.18,203.18,203.18,8.160
2026-05-13T20:48:39.986310+00:00,gpu3_benchmark,3,nocp_s4096_e2048,benchmark,32768,4096,2048,0,0,True,9474.26,889.99,889.99,889.99,8.160
2026-05-13T20:48:48.146677+00:00,gpu3_benchmark,3,nocp_s4096_e2048,benchmark,65536,4096,2048,0,0,True,17708.01,2162.53,2162.53,2162.53,8.976
2026-05-13T20:48:57.122545+00:00,gpu3_benchmark,3,nocp_s4096_e2048,benchmark,131072,4096,2048,0,0,False,,,,,5.091
2026-05-13T20:49:02.213729+00:00,gpu3_benchmark,3,nocp_s2048_e2048,correctness,2048,2048,2048,0,0,True,,,,,7.672
2026-05-13T20:49:09.886589+00:00,gpu3_benchmark,3,nocp_s2048_e2048,benchmark,2048,2048,2048,0,0,True,3510.1,48.28,48.28,48.28,8.418
2026-05-13T20:49:09.886589+00:00,gpu3_benchmark,3,nocp_s2048_e2048,benchmark,8192,2048,2048,0,0,True,4526.78,202.56,202.56,202.56,8.418
2026-05-13T20:49:09.886589+00:00,gpu3_benchmark,3,nocp_s2048_e2048,benchmark,32768,2048,2048,0,0,True,9476.26,1029.63,1029.63,1029.63,8.418
2026-05-13T20:49:18.305459+00:00,gpu3_benchmark,3,nocp_s2048_e2048,benchmark,65536,2048,2048,0,0,True,17708.01,2193.01,2193.01,2193.01,9.124
2026-05-13T20:49:27.429549+00:00,gpu3_benchmark,3,nocp_s2048_e2048,benchmark,131072,2048,2048,0,0,False,,,,,5.337
2026-05-13T20:49:32.767513+00:00,gpu3_benchmark,3,ckpt_s8192_e8192,correctness,2048,8192,8192,1,0,True,,,,,7.749
2026-05-13T20:49:40.517385+00:00,gpu3_benchmark,3,ckpt_s8192_e8192,benchmark,2048,8192,8192,1,0,True,3432.23,51.23,51.23,51.23,7.690
2026-05-13T20:49:40.517385+00:00,gpu3_benchmark,3,ckpt_s8192_e8192,benchmark,8192,8192,8192,1,0,True,4012.63,80.35,80.35,80.35,7.690
2026-05-13T20:49:40.517385+00:00,gpu3_benchmark,3,ckpt_s8192_e8192,benchmark,32768,8192,8192,1,0,True,6814.85,350.32,350.32,350.32,7.690
2026-05-13T20:49:48.208308+00:00,gpu3_benchmark,3,ckpt_s8192_e8192,benchmark,65536,8192,8192,1,0,True,11272.01,745.02,745.02,745.02,6.867
2026-05-13T20:49:55.075377+00:00,gpu3_benchmark,3,ckpt_s8192_e8192,benchmark,131072,8192,8192,1,0,True,21303.26,1842.07,1842.07,1842.07,8.903
2026-05-13T20:50:03.979171+00:00,gpu3_benchmark,3,ckpt_s16384_e4096,correctness,2048,16384,4096,1,0,True,,,,,7.649
2026-05-13T20:50:11.627974+00:00,gpu3_benchmark,3,ckpt_s16384_e4096,benchmark,2048,16384,4096,1,0,True,3432.23,56.88,56.88,56.88,8.308
2026-05-13T20:50:11.627974+00:00,gpu3_benchmark,3,ckpt_s16384_e4096,benchmark,8192,16384,4096,1,0,True,4092.77,138.44,138.44,138.44,8.308
2026-05-13T20:50:11.627974+00:00,gpu3_benchmark,3,ckpt_s16384_e4096,benchmark,32768,16384,4096,1,0,True,6894.87,591.53,591.53,591.53,8.308
2026-05-13T20:50:19.936244+00:00,gpu3_benchmark,3,ckpt_s16384_e4096,benchmark,65536,16384,4096,1,0,True,11272.01,1291.79,1291.79,1291.79,7.360
2026-05-13T20:50:27.296240+00:00,gpu3_benchmark,3,ckpt_s16384_e4096,benchmark,131072,16384,4096,1,0,False,,,,,8.117
2026-05-13T20:50:35.414005+00:00,gpu3_benchmark,3,ckpt_s8192_e4096,correctness,2048,8192,4096,1,0,True,,,,,7.636
2026-05-13T20:50:43.050477+00:00,gpu3_benchmark,3,ckpt_s8192_e4096,benchmark,2048,8192,4096,1,0,True,3432.23,70.47,70.47,70.47,8.284
2026-05-13T20:50:43.050477+00:00,gpu3_benchmark,3,ckpt_s8192_e4096,benchmark,8192,8192,4096,1,0,True,4092.77,144.89,144.89,144.89,8.284
2026-05-13T20:50:43.050477+00:00,gpu3_benchmark,3,ckpt_s8192_e4096,benchmark,32768,8192,4096,1,0,True,6894.87,596.51,596.51,596.51,8.284
2026-05-13T20:50:51.334485+00:00,gpu3_benchmark,3,ckpt_s8192_e4096,benchmark,65536,8192,4096,1,0,True,11272.01,1297.5,1297.5,1297.5,7.511
2026-05-13T20:50:58.845431+00:00,gpu3_benchmark,3,ckpt_s8192_e4096,benchmark,131072,8192,4096,1,0,False,,,,,8.500
2026-05-13T20:51:07.345794+00:00,gpu3_benchmark,3,ckpt_s4096_e4096,correctness,2048,4096,4096,1,0,True,,,,,7.894
2026-05-13T20:51:15.239870+00:00,gpu3_benchmark,3,ckpt_s4096_e4096,benchmark,2048,4096,4096,1,0,True,3432.23,56.77,56.77,56.77,8.125
2026-05-13T20:51:15.239870+00:00,gpu3_benchmark,3,ckpt_s4096_e4096,benchmark,8192,4096,4096,1,0,True,4092.77,139.74,139.74,139.74,8.125
2026-05-13T20:51:15.239870+00:00,gpu3_benchmark,3,ckpt_s4096_e4096,benchmark,32768,4096,4096,1,0,True,6894.87,599.37,599.37,599.37,8.125
2026-05-13T20:51:23.365893+00:00,gpu3_benchmark,3,ckpt_s4096_e4096,benchmark,65536,4096,4096,1,0,True,11272.01,1337.1,1337.1,1337.1,7.865
2026-05-13T20:51:31.230965+00:00,gpu3_benchmark,3,ckpt_s4096_e4096,benchmark,131072,4096,4096,1,0,False,,,,,8.523
2026-05-13T20:51:39.754676+00:00,gpu3_benchmark,3,ckpt_s8192_e2048,correctness,2048,8192,2048,1,0,True,,,,,7.858
2026-05-13T20:51:47.613329+00:00,gpu3_benchmark,3,ckpt_s8192_e2048,benchmark,2048,8192,2048,1,0,True,3432.23,66.1,66.1,66.1,8.682
2026-05-13T20:51:47.613329+00:00,gpu3_benchmark,3,ckpt_s8192_e2048,benchmark,8192,8192,2048,1,0,True,4132.78,241.64,241.64,241.64,8.682
2026-05-13T20:51:47.613329+00:00,gpu3_benchmark,3,ckpt_s8192_e2048,benchmark,32768,8192,2048,1,0,True,6934.88,1053.94,1053.94,1053.94,8.682
2026-05-13T20:51:56.295485+00:00,gpu3_benchmark,3,ckpt_s8192_e2048,benchmark,65536,8192,2048,1,0,True,11272.01,2264.98,2264.98,2264.98,9.226
2026-05-13T20:52:05.522173+00:00,gpu3_benchmark,3,ckpt_s8192_e2048,benchmark,131072,8192,2048,1,0,False,,,,,5.967
2026-05-13T20:52:11.489315+00:00,gpu3_benchmark,3,ckpt_s4096_e2048,correctness,2048,4096,2048,1,0,True,,,,,7.869
2026-05-13T20:52:19.358562+00:00,gpu3_benchmark,3,ckpt_s4096_e2048,benchmark,2048,4096,2048,1,0,True,3432.23,57.41,57.41,57.41,9.469
2026-05-13T20:52:19.358562+00:00,gpu3_benchmark,3,ckpt_s4096_e2048,benchmark,8192,4096,2048,1,0,True,4132.78,240.54,240.54,240.54,9.469
2026-05-13T20:52:19.358562+00:00,gpu3_benchmark,3,ckpt_s4096_e2048,benchmark,32768,4096,2048,1,0,True,6934.88,1058.4,1058.4,1058.4,9.469
2026-05-13T20:52:28.828314+00:00,gpu3_benchmark,3,ckpt_s4096_e2048,benchmark,65536,4096,2048,1,0,True,11272.01,2295.17,2295.17,2295.17,9.264
2026-05-13T20:52:38.092703+00:00,gpu3_benchmark,3,ckpt_s4096_e2048,benchmark,131072,4096,2048,1,0,False,,,,,5.723
2026-05-13T20:52:43.816601+00:00,gpu3_benchmark,3,ckpt_s2048_e2048,correctness,2048,2048,2048,1,0,True,,,,,7.984
2026-05-13T20:52:51.801368+00:00,gpu3_benchmark,3,ckpt_s2048_e2048,benchmark,2048,2048,2048,1,0,True,3432.23,58.02,58.02,58.02,8.873
2026-05-13T20:52:51.801368+00:00,gpu3_benchmark,3,ckpt_s2048_e2048,benchmark,8192,2048,2048,1,0,True,4132.78,240.75,240.75,240.75,8.873
2026-05-13T20:52:51.801368+00:00,gpu3_benchmark,3,ckpt_s2048_e2048,benchmark,32768,2048,2048,1,0,True,6934.88,1044.88,1044.88,1044.88,8.873
2026-05-13T20:53:00.674875+00:00,gpu3_benchmark,3,ckpt_s2048_e2048,benchmark,65536,2048,2048,1,0,True,11272.01,2293.82,2293.82,2293.82,9.636
2026-05-13T20:53:10.311425+00:00,gpu3_benchmark,3,ckpt_s2048_e2048,benchmark,131072,2048,2048,1,0,False,,,,,6.073
2026-05-13T20:53:16.385321+00:00,gpu3_benchmark,3,ckpt_s4096_e1024,correctness,2048,4096,1024,1,0,True,,,,,8.179
2026-05-13T20:53:24.564319+00:00,gpu3_benchmark,3,ckpt_s4096_e1024,benchmark,2048,4096,1024,1,0,True,3453.26,230.4,230.4,230.4,11.644
2026-05-13T20:53:24.564319+00:00,gpu3_benchmark,3,ckpt_s4096_e1024,benchmark,8192,4096,1024,1,0,True,4153.79,455.56,455.56,455.56,11.644
2026-05-13T20:53:24.564319+00:00,gpu3_benchmark,3,ckpt_s4096_e1024,benchmark,32768,4096,1024,1,0,True,6955.88,1931.31,1931.31,1931.31,11.644
2026-05-13T20:53:36.208710+00:00,gpu3_benchmark,3,ckpt_s4096_e1024,benchmark,65536,4096,1024,1,0,True,11272.51,4241.69,4241.69,4241.69,13.939
2026-05-13T20:53:50.147932+00:00,gpu3_benchmark,3,ckpt_s4096_e1024,benchmark,131072,4096,1024,1,0,True,21314.76,10037.79,10037.79,10037.79,24.943
2026-05-13T20:54:15.090876+00:00,gpu3_benchmark,3,ckpt_s2048_e1024,correctness,2048,2048,1024,1,0,True,,,,,7.374
2026-05-13T20:54:22.465000+00:00,gpu3_benchmark,3,ckpt_s2048_e1024,benchmark,2048,2048,1024,1,0,True,3453.26,232.67,232.67,232.67,12.095
2026-05-13T20:54:22.465000+00:00,gpu3_benchmark,3,ckpt_s2048_e1024,benchmark,8192,2048,1024,1,0,True,4153.79,449.41,449.41,449.41,12.095
2026-05-13T20:54:22.465000+00:00,gpu3_benchmark,3,ckpt_s2048_e1024,benchmark,32768,2048,1024,1,0,True,6955.88,1954.95,1954.95,1954.95,12.095
2026-05-13T20:54:34.560549+00:00,gpu3_benchmark,3,ckpt_s2048_e1024,benchmark,65536,2048,1024,1,0,True,11272.51,4416.05,4416.05,4416.05,13.752
2026-05-13T20:54:48.312790+00:00,gpu3_benchmark,3,ckpt_s2048_e1024,benchmark,131072,2048,1024,1,0,False,,,,,16.383
2026-05-13T20:55:04.696446+00:00,gpu3_benchmark,3,ckpt_s1024_e1024,correctness,2048,1024,1024,1,0,True,,,,,7.624
2026-05-13T20:55:12.320748+00:00,gpu3_benchmark,3,ckpt_s1024_e1024,benchmark,2048,1024,1024,1,0,True,3452.26,109.92,109.92,109.92,12.106
2026-05-13T20:55:12.320748+00:00,gpu3_benchmark,3,ckpt_s1024_e1024,benchmark,8192,1024,1024,1,0,True,4152.79,463.21,463.21,463.21,12.106
2026-05-13T20:55:12.320748+00:00,gpu3_benchmark,3,ckpt_s1024_e1024,benchmark,32768,1024,1024,1,0,True,6954.88,2068.9,2068.9,2068.9,12.106
2026-05-13T20:55:24.427054+00:00,gpu3_benchmark,3,ckpt_s1024_e1024,benchmark,65536,1024,1024,1,0,True,11272.01,4374.82,4374.82,4374.82,13.650
2026-05-13T20:55:38.077576+00:00,gpu3_benchmark,3,ckpt_s1024_e1024,benchmark,131072,1024,1024,1,0,False,,,,,16.437
2026-05-13T20:55:54.515307+00:00,gpu3_benchmark,3,nocp_s8192_e8192,correctness,2048,8192,8192,0,0,True,,,,,7.086
2026-05-13T20:56:01.601238+00:00,gpu3_benchmark,3,nocp_s8192_e8192,benchmark,2048,8192,8192,0,0,True,3510.1,54.39,54.39,54.39,6.626
2026-05-13T20:56:01.601238+00:00,gpu3_benchmark,3,nocp_s8192_e8192,benchmark,8192,8192,8192,0,0,True,4300.63,80.84,80.84,80.84,6.626
2026-05-13T20:56:01.601238+00:00,gpu3_benchmark,3,nocp_s8192_e8192,benchmark,32768,8192,8192,0,0,True,9328.38,362.81,362.81,362.81,6.626
2026-05-13T20:56:08.227934+00:00,gpu3_benchmark,3,nocp_s8192_e8192,benchmark,65536,8192,8192,0,0,True,17416.01,796.87,796.87,796.87,6.138
2026-05-13T20:56:14.366626+00:00,gpu3_benchmark,3,nocp_s8192_e8192,benchmark,131072,8192,8192,0,0,False,,,,,4.900
2026-05-13T20:56:19.267300+00:00,gpu3_benchmark,3,nocp_s8192_e4096,correctness,2048,8192,4096,0,0,True,,,,,7.063
2026-05-13T20:56:26.330166+00:00,gpu3_benchmark,3,nocp_s8192_e4096,benchmark,2048,8192,4096,0,0,True,3510.1,61.52,61.52,61.52,7.798
2026-05-13T20:56:26.330166+00:00,gpu3_benchmark,3,nocp_s8192_e4096,benchmark,8192,8192,4096,0,0,True,4428.77,130.35,130.35,130.35,7.798
2026-05-13T20:56:26.330166+00:00,gpu3_benchmark,3,nocp_s8192_e4096,benchmark,32768,8192,4096,0,0,True,9328.38,570.72,570.72,570.72,7.798
2026-05-13T20:56:34.128969+00:00,gpu3_benchmark,3,nocp_s8192_e4096,benchmark,65536,8192,4096,0,0,True,17416.01,1250.41,1250.41,1250.41,6.862
2026-05-13T20:56:40.991007+00:00,gpu3_benchmark,3,nocp_s8192_e4096,benchmark,131072,8192,4096,0,0,False,,,,,4.607
2026-05-13T20:56:45.598834+00:00,gpu3_benchmark,3,nocp_s4096_e4096,correctness,2048,4096,4096,0,0,True,,,,,7.099
2026-05-13T20:56:52.698437+00:00,gpu3_benchmark,3,nocp_s4096_e4096,benchmark,2048,4096,4096,0,0,True,3510.1,55.53,55.53,55.53,7.268
2026-05-13T20:56:52.698437+00:00,gpu3_benchmark,3,nocp_s4096_e4096,benchmark,8192,4096,4096,0,0,True,4428.77,130.6,130.6,130.6,7.268
2026-05-13T20:56:52.698437+00:00,gpu3_benchmark,3,nocp_s4096_e4096,benchmark,32768,4096,4096,0,0,True,9328.38,573.81,573.81,573.81,7.268
2026-05-13T20:56:59.966911+00:00,gpu3_benchmark,3,nocp_s4096_e4096,benchmark,65536,4096,4096,0,0,True,17416.01,1263.56,1263.56,1263.56,7.099
2026-05-13T20:57:07.066337+00:00,gpu3_benchmark,3,nocp_s4096_e4096,benchmark,131072,4096,4096,0,0,False,,,,,4.588
2026-05-13T20:57:11.654392+00:00,gpu3_benchmark,3,nocp_s4096_e2048,correctness,2048,4096,2048,0,0,True,,,,,6.838
2026-05-13T20:57:18.493064+00:00,gpu3_benchmark,3,nocp_s4096_e2048,benchmark,2048,4096,2048,0,0,True,3510.1,57.41,57.41,57.41,9.094
2026-05-13T20:57:18.493064+00:00,gpu3_benchmark,3,nocp_s4096_e2048,benchmark,8192,4096,2048,0,0,True,4525.78,231.71,231.71,231.71,9.094
2026-05-13T20:57:18.493064+00:00,gpu3_benchmark,3,nocp_s4096_e2048,benchmark,32768,4096,2048,0,0,True,9474.26,997.8,997.8,997.8,9.094
2026-05-13T20:57:27.587339+00:00,gpu3_benchmark,3,nocp_s4096_e2048,benchmark,65536,4096,2048,0,0,True,17708.01,2170.97,2170.97,2170.97,8.943
2026-05-13T20:57:36.530258+00:00,gpu3_benchmark,3,nocp_s4096_e2048,benchmark,131072,4096,2048,0,0,False,,,,,4.304
2026-05-13T20:57:40.835200+00:00,gpu3_benchmark,3,nocp_s2048_e2048,correctness,2048,2048,2048,0,0,True,,,,,6.830
2026-05-13T20:57:47.665694+00:00,gpu3_benchmark,3,nocp_s2048_e2048,benchmark,2048,2048,2048,0,0,True,3510.1,54.14,54.14,54.14,9.272
2026-05-13T20:57:47.665694+00:00,gpu3_benchmark,3,nocp_s2048_e2048,benchmark,8192,2048,2048,0,0,True,4526.78,226.93,226.93,226.93,9.272
2026-05-13T20:57:47.665694+00:00,gpu3_benchmark,3,nocp_s2048_e2048,benchmark,32768,2048,2048,0,0,True,9476.26,1008.04,1008.04,1008.04,9.272
2026-05-13T20:57:56.938243+00:00,gpu3_benchmark,3,nocp_s2048_e2048,benchmark,65536,2048,2048,0,0,True,17708.01,2237.87,2237.87,2237.87,9.368
2026-05-13T20:58:06.306905+00:00,gpu3_benchmark,3,nocp_s2048_e2048,benchmark,131072,2048,2048,0,0,False,,,,,4.968
2026-05-13T20:58:11.275361+00:00,gpu3_benchmark,3,ckpt_s8192_e8192,correctness,2048,8192,8192,1,0,True,,,,,7.473
2026-05-13T20:58:18.748417+00:00,gpu3_benchmark,3,ckpt_s8192_e8192,benchmark,2048,8192,8192,1,0,True,3432.23,56.87,56.87,56.87,8.350
2026-05-13T20:58:18.748417+00:00,gpu3_benchmark,3,ckpt_s8192_e8192,benchmark,8192,8192,8192,1,0,True,4012.63,94.28,94.28,94.28,8.350
2026-05-13T20:58:18.748417+00:00,gpu3_benchmark,3,ckpt_s8192_e8192,benchmark,32768,8192,8192,1,0,True,6814.85,386.5,386.5,386.5,8.350
2026-05-13T20:58:27.098310+00:00,gpu3_benchmark,3,ckpt_s8192_e8192,benchmark,65536,8192,8192,1,0,True,11272.01,831.53,831.53,831.53,6.793
2026-05-13T20:58:33.891798+00:00,gpu3_benchmark,3,ckpt_s8192_e8192,benchmark,131072,8192,8192,1,0,True,21303.26,1880.84,1880.84,1880.84,8.864
2026-05-13T20:58:42.756354+00:00,gpu3_benchmark,3,ckpt_s16384_e4096,correctness,2048,16384,4096,1,0,True,,,,,7.641
2026-05-13T20:58:50.397660+00:00,gpu3_benchmark,3,ckpt_s16384_e4096,benchmark,2048,16384,4096,1,0,True,3432.23,56.6,56.6,56.6,8.300
2026-05-13T20:58:50.397660+00:00,gpu3_benchmark,3,ckpt_s16384_e4096,benchmark,8192,16384,4096,1,0,True,4092.77,139.35,139.35,139.35,8.300
2026-05-13T20:58:50.397660+00:00,gpu3_benchmark,3,ckpt_s16384_e4096,benchmark,32768,16384,4096,1,0,True,6894.87,592.05,592.05,592.05,8.300
2026-05-13T20:58:58.698415+00:00,gpu3_benchmark,3,ckpt_s16384_e4096,benchmark,65536,16384,4096,1,0,True,11272.01,1290.19,1290.19,1290.19,7.630
2026-05-13T20:59:06.328494+00:00,gpu3_benchmark,3,ckpt_s16384_e4096,benchmark,131072,16384,4096,1,0,False,,,,,8.213
2026-05-13T20:59:14.542172+00:00,gpu3_benchmark,3,ckpt_s8192_e4096,correctness,2048,8192,4096,1,0,True,,,,,8.027
2026-05-13T20:59:22.569445+00:00,gpu3_benchmark,3,ckpt_s8192_e4096,benchmark,2048,8192,4096,1,0,True,3432.23,59.51,59.51,59.51,8.623
2026-05-13T20:59:22.569445+00:00,gpu3_benchmark,3,ckpt_s8192_e4096,benchmark,8192,8192,4096,1,0,True,4092.77,137.0,137.0,137.0,8.623
2026-05-13T20:59:22.569445+00:00,gpu3_benchmark,3,ckpt_s8192_e4096,benchmark,32768,8192,4096,1,0,True,6894.87,594.49,594.49,594.49,8.623
2026-05-13T20:59:31.193317+00:00,gpu3_benchmark,3,ckpt_s8192_e4096,benchmark,65536,8192,4096,1,0,True,11272.01,1286.32,1286.32,1286.32,8.011
2026-05-13T20:59:39.204441+00:00,gpu3_benchmark,3,ckpt_s8192_e4096,benchmark,131072,8192,4096,1,0,False,,,,,8.959
2026-05-13T20:59:48.164189+00:00,gpu3_benchmark,3,ckpt_s4096_e4096,correctness,2048,4096,4096,1,0,True,,,,,8.346
2026-05-13T20:59:56.510686+00:00,gpu3_benchmark,3,ckpt_s4096_e4096,benchmark,2048,4096,4096,1,0,True,3432.23,52.89,52.89,52.89,8.974
2026-05-13T20:59:56.510686+00:00,gpu3_benchmark,3,ckpt_s4096_e4096,benchmark,8192,4096,4096,1,0,True,4092.77,140.13,140.13,140.13,8.974
2026-05-13T20:59:56.510686+00:00,gpu3_benchmark,3,ckpt_s4096_e4096,benchmark,32768,4096,4096,1,0,True,6894.87,600.76,600.76,600.76,8.974
2026-05-13T21:00:05.485476+00:00,gpu3_benchmark,3,ckpt_s4096_e4096,benchmark,65536,4096,4096,1,0,True,11272.01,1320.67,1320.67,1320.67,8.051
2026-05-13T21:00:13.537017+00:00,gpu3_benchmark,3,ckpt_s4096_e4096,benchmark,131072,4096,4096,1,0,False,,,,,8.346
2026-05-13T21:00:21.883573+00:00,gpu3_benchmark,3,ckpt_s8192_e2048,correctness,2048,8192,2048,1,0,True,,,,,7.320
2026-05-13T21:00:29.203837+00:00,gpu3_benchmark,3,ckpt_s8192_e2048,benchmark,2048,8192,2048,1,0,True,3432.23,51.2,51.2,51.2,8.550
2026-05-13T21:00:29.203837+00:00,gpu3_benchmark,3,ckpt_s8192_e2048,benchmark,8192,8192,2048,1,0,True,4132.78,212.6,212.6,212.6,8.550
2026-05-13T21:00:29.203837+00:00,gpu3_benchmark,3,ckpt_s8192_e2048,benchmark,32768,8192,2048,1,0,True,6934.88,947.7,947.7,947.7,8.550
2026-05-13T21:00:37.754219+00:00,gpu3_benchmark,3,ckpt_s8192_e2048,benchmark,65536,8192,2048,1,0,True,11272.01,2269.75,2269.75,2269.75,9.551
2026-05-13T21:00:47.305340+00:00,gpu3_benchmark,3,ckpt_s8192_e2048,benchmark,131072,8192,2048,1,0,False,,,,,6.160
2026-05-13T21:00:53.465843+00:00,gpu3_benchmark,3,ckpt_s4096_e2048,correctness,2048,4096,2048,1,0,True,,,,,7.855
2026-05-13T21:01:01.321044+00:00,gpu3_benchmark,3,ckpt_s4096_e2048,benchmark,2048,4096,2048,1,0,True,3432.23,61.32,61.32,61.32,9.513
2026-05-13T21:01:01.321044+00:00,gpu3_benchmark,3,ckpt_s4096_e2048,benchmark,8192,4096,2048,1,0,True,4132.78,243.68,243.68,243.68,9.513
2026-05-13T21:01:01.321044+00:00,gpu3_benchmark,3,ckpt_s4096_e2048,benchmark,32768,4096,2048,1,0,True,6934.88,1061.73,1061.73,1061.73,9.513
2026-05-13T21:01:10.834938+00:00,gpu3_benchmark,3,ckpt_s4096_e2048,benchmark,65536,4096,2048,1,0,True,11272.01,2297.45,2297.45,2297.45,9.162
2026-05-13T21:01:19.997156+00:00,gpu3_benchmark,3,ckpt_s4096_e2048,benchmark,131072,4096,2048,1,0,False,,,,,6.053
2026-05-13T21:01:26.050601+00:00,gpu3_benchmark,3,ckpt_s2048_e2048,correctness,2048,2048,2048,1,0,True,,,,,7.270
2026-05-13T21:01:33.321259+00:00,gpu3_benchmark,3,ckpt_s2048_e2048,benchmark,2048,2048,2048,1,0,True,3432.23,59.33,59.33,59.33,9.485
2026-05-13T21:01:33.321259+00:00,gpu3_benchmark,3,ckpt_s2048_e2048,benchmark,8192,2048,2048,1,0,True,4132.78,236.44,236.44,236.44,9.485
2026-05-13T21:01:33.321259+00:00,gpu3_benchmark,3,ckpt_s2048_e2048,benchmark,32768,2048,2048,1,0,True,6934.88,1037.77,1037.77,1037.77,9.485
2026-05-13T21:01:42.806593+00:00,gpu3_benchmark,3,ckpt_s2048_e2048,benchmark,65536,2048,2048,1,0,True,11272.01,2328.34,2328.34,2328.34,9.744
2026-05-13T21:01:52.551172+00:00,gpu3_benchmark,3,ckpt_s2048_e2048,benchmark,131072,2048,2048,1,0,False,,,,,5.424
2026-05-13T21:01:57.975895+00:00,gpu3_benchmark,3,ckpt_s4096_e1024,correctness,2048,4096,1024,1,0,True,,,,,8.012
2026-05-13T21:02:05.988359+00:00,gpu3_benchmark,3,ckpt_s4096_e1024,benchmark,2048,4096,1024,1,0,True,3453.26,233.89,233.89,233.89,12.148
2026-05-13T21:02:05.988359+00:00,gpu3_benchmark,3,ckpt_s4096_e1024,benchmark,8192,4096,1024,1,0,True,4153.79,472.89,472.89,472.89,12.148
2026-05-13T21:02:05.988359+00:00,gpu3_benchmark,3,ckpt_s4096_e1024,benchmark,32768,4096,1024,1,0,True,6955.88,1958.02,1958.02,1958.02,12.148
2026-05-13T21:02:18.136368+00:00,gpu3_benchmark,3,ckpt_s4096_e1024,benchmark,65536,4096,1024,1,0,True,11272.51,4256.33,4256.33,4256.33,13.797
2026-05-13T21:02:31.933505+00:00,gpu3_benchmark,3,ckpt_s4096_e1024,benchmark,131072,4096,1024,1,0,True,21314.76,9939.51,9939.51,9939.51,25.595
2026-05-13T21:02:57.528738+00:00,gpu3_benchmark,3,ckpt_s2048_e1024,correctness,2048,2048,1024,1,0,True,,,,,7.611
2026-05-13T21:03:05.140425+00:00,gpu3_benchmark,3,ckpt_s2048_e1024,benchmark,2048,2048,1024,1,0,True,3453.26,204.06,204.06,204.06,11.449
2026-05-13T21:03:05.140425+00:00,gpu3_benchmark,3,ckpt_s2048_e1024,benchmark,8192,2048,1024,1,0,True,4153.79,471.99,471.99,471.99,11.449
2026-05-13T21:03:05.140425+00:00,gpu3_benchmark,3,ckpt_s2048_e1024,benchmark,32768,2048,1024,1,0,True,6955.88,1971.52,1971.52,1971.52,11.449
2026-05-13T21:03:16.590063+00:00,gpu3_benchmark,3,ckpt_s2048_e1024,benchmark,65536,2048,1024,1,0,True,11272.51,4259.67,4259.67,4259.67,13.247
2026-05-13T21:03:29.837693+00:00,gpu3_benchmark,3,ckpt_s2048_e1024,benchmark,131072,2048,1024,1,0,False,,,,,15.715
2026-05-13T21:03:45.553021+00:00,gpu3_benchmark,3,ckpt_s1024_e1024,correctness,2048,1024,1024,1,0,True,,,,,7.839
2026-05-13T21:03:53.392274+00:00,gpu3_benchmark,3,ckpt_s1024_e1024,benchmark,2048,1024,1024,1,0,True,3452.26,109.4,109.4,109.4,11.557
2026-05-13T21:03:53.392274+00:00,gpu3_benchmark,3,ckpt_s1024_e1024,benchmark,8192,1024,1024,1,0,True,4152.79,448.5,448.5,448.5,11.557
2026-05-13T21:03:53.392274+00:00,gpu3_benchmark,3,ckpt_s1024_e1024,benchmark,32768,1024,1024,1,0,True,6954.88,2003.91,2003.91,2003.91,11.557
2026-05-13T21:04:04.949342+00:00,gpu3_benchmark,3,ckpt_s1024_e1024,benchmark,65536,1024,1024,1,0,True,11272.01,4315.98,4315.98,4315.98,13.868
2026-05-13T21:04:18.818005+00:00,gpu3_benchmark,3,ckpt_s1024_e1024,benchmark,131072,1024,1024,1,0,False,,,,,16.224
2026-05-13T21:04:35.042431+00:00,gpu3_benchmark,3,nocp_s8192_e8192,correctness,2048,8192,8192,0,0,True,,,,,6.966
2026-05-13T21:04:42.009093+00:00,gpu3_benchmark,3,nocp_s8192_e8192,benchmark,2048,8192,8192,0,0,True,3510.1,54.59,54.59,54.59,6.602
2026-05-13T21:04:42.009093+00:00,gpu3_benchmark,3,nocp_s8192_e8192,benchmark,8192,8192,8192,0,0,True,4300.63,81.26,81.26,81.26,6.602
2026-05-13T21:04:42.009093+00:00,gpu3_benchmark,3,nocp_s8192_e8192,benchmark,32768,8192,8192,0,0,True,9328.38,366.65,366.65,366.65,6.602
2026-05-13T21:04:48.611366+00:00,gpu3_benchmark,3,nocp_s8192_e8192,benchmark,65536,8192,8192,0,0,True,17416.01,780.89,780.89,780.89,6.122
2026-05-13T21:04:54.733597+00:00,gpu3_benchmark,3,nocp_s8192_e8192,benchmark,131072,8192,8192,0,0,False,,,,,4.820
2026-05-13T21:04:59.553963+00:00,gpu3_benchmark,3,nocp_s8192_e4096,correctness,2048,8192,4096,0,0,True,,,,,6.965
2026-05-13T21:05:06.518918+00:00,gpu3_benchmark,3,nocp_s8192_e4096,benchmark,2048,8192,4096,0,0,True,3510.1,56.37,56.37,56.37,7.852
2026-05-13T21:05:06.518918+00:00,gpu3_benchmark,3,nocp_s8192_e4096,benchmark,8192,8192,4096,0,0,True,4428.77,129.0,129.0,129.0,7.852
2026-05-13T21:05:06.518918+00:00,gpu3_benchmark,3,nocp_s8192_e4096,benchmark,32768,8192,4096,0,0,True,9328.38,577.86,577.86,577.86,7.852
2026-05-13T21:05:14.371125+00:00,gpu3_benchmark,3,nocp_s8192_e4096,benchmark,65536,8192,4096,0,0,True,17416.01,1248.68,1248.68,1248.68,7.098
2026-05-13T21:05:21.468939+00:00,gpu3_benchmark,3,nocp_s8192_e4096,benchmark,131072,8192,4096,0,0,False,,,,,4.606
2026-05-13T21:05:26.075402+00:00,gpu3_benchmark,3,nocp_s4096_e4096,correctness,2048,4096,4096,0,0,True,,,,,6.453
2026-05-13T21:05:32.528949+00:00,gpu3_benchmark,3,nocp_s4096_e4096,benchmark,2048,4096,4096,0,0,True,3510.1,58.19,58.19,58.19,7.912
2026-05-13T21:05:32.528949+00:00,gpu3_benchmark,3,nocp_s4096_e4096,benchmark,8192,4096,4096,0,0,True,4428.77,147.72,147.72,147.72,7.912
2026-05-13T21:05:32.528949+00:00,gpu3_benchmark,3,nocp_s4096_e4096,benchmark,32768,4096,4096,0,0,True,9328.38,574.46,574.46,574.46,7.912
2026-05-13T21:05:40.440923+00:00,gpu3_benchmark,3,nocp_s4096_e4096,benchmark,65536,4096,4096,0,0,True,17416.01,1262.99,1262.99,1262.99,7.415
2026-05-13T21:05:47.856360+00:00,gpu3_benchmark,3,nocp_s4096_e4096,benchmark,131072,4096,4096,0,0,False,,,,,4.505
2026-05-13T21:05:52.361595+00:00,gpu3_benchmark,3,nocp_s4096_e2048,correctness,2048,4096,2048,0,0,True,,,,,6.737
2026-05-13T21:05:59.099313+00:00,gpu3_benchmark,3,nocp_s4096_e2048,benchmark,2048,4096,2048,0,0,True,3510.1,53.95,53.95,53.95,8.595
2026-05-13T21:05:59.099313+00:00,gpu3_benchmark,3,nocp_s4096_e2048,benchmark,8192,4096,2048,0,0,True,4525.78,226.81,226.81,226.81,8.595
2026-05-13T21:05:59.099313+00:00,gpu3_benchmark,3,nocp_s4096_e2048,benchmark,32768,4096,2048,0,0,True,9474.26,993.5,993.5,993.5,8.595
2026-05-13T21:06:07.694965+00:00,gpu3_benchmark,3,nocp_s4096_e2048,benchmark,65536,4096,2048,0,0,True,17708.01,2175.47,2175.47,2175.47,9.016
2026-05-13T21:06:16.711260+00:00,gpu3_benchmark,3,nocp_s4096_e2048,benchmark,131072,4096,2048,0,0,False,,,,,4.835
2026-05-13T21:06:21.546904+00:00,gpu3_benchmark,3,nocp_s2048_e2048,correctness,2048,2048,2048,0,0,True,,,,,6.839
2026-05-13T21:06:28.385902+00:00,gpu3_benchmark,3,nocp_s2048_e2048,benchmark,2048,2048,2048,0,0,True,3510.1,53.97,53.97,53.97,8.340
2026-05-13T21:06:28.385902+00:00,gpu3_benchmark,3,nocp_s2048_e2048,benchmark,8192,2048,2048,0,0,True,4526.78,229.69,229.69,229.69,8.340
2026-05-13T21:06:28.385902+00:00,gpu3_benchmark,3,nocp_s2048_e2048,benchmark,32768,2048,2048,0,0,True,9476.26,1016.42,1016.42,1016.42,8.340
2026-05-13T21:06:36.726219+00:00,gpu3_benchmark,3,nocp_s2048_e2048,benchmark,65536,2048,2048,0,0,True,17708.01,2218.19,2218.19,2218.19,8.849
2026-05-13T21:06:45.575904+00:00,gpu3_benchmark,3,nocp_s2048_e2048,benchmark,131072,2048,2048,0,0,False,,,,,4.898
2026-05-13T21:06:50.474539+00:00,gpu3_benchmark,3,ckpt_s8192_e8192,correctness,2048,8192,8192,1,0,True,,,,,7.729
2026-05-13T21:06:58.203507+00:00,gpu3_benchmark,3,ckpt_s8192_e8192,benchmark,2048,8192,8192,1,0,True,3432.23,59.67,59.67,59.67,7.662
2026-05-13T21:06:58.203507+00:00,gpu3_benchmark,3,ckpt_s8192_e8192,benchmark,8192,8192,8192,1,0,True,4012.63,94.21,94.21,94.21,7.662
2026-05-13T21:06:58.203507+00:00,gpu3_benchmark,3,ckpt_s8192_e8192,benchmark,32768,8192,8192,1,0,True,6814.85,422.15,422.15,422.15,7.662
2026-05-13T21:07:05.865642+00:00,gpu3_benchmark,3,ckpt_s8192_e8192,benchmark,65536,8192,8192,1,0,True,11272.01,857.45,857.45,857.45,6.609
2026-05-13T21:07:12.475130+00:00,gpu3_benchmark,3,ckpt_s8192_e8192,benchmark,131072,8192,8192,1,0,True,21303.26,1882.94,1882.94,1882.94,8.733
2026-05-13T21:07:21.208609+00:00,gpu3_benchmark,3,ckpt_s16384_e4096,correctness,2048,16384,4096,1,0,True,,,,,7.113
2026-05-13T21:07:28.321445+00:00,gpu3_benchmark,3,ckpt_s16384_e4096,benchmark,2048,16384,4096,1,0,True,3432.23,60.77,60.77,60.77,7.557
2026-05-13T21:07:28.321445+00:00,gpu3_benchmark,3,ckpt_s16384_e4096,benchmark,8192,16384,4096,1,0,True,4092.77,143.81,143.81,143.81,7.557
2026-05-13T21:07:28.321445+00:00,gpu3_benchmark,3,ckpt_s16384_e4096,benchmark,32768,16384,4096,1,0,True,6894.87,652.64,652.64,652.64,7.557
2026-05-13T21:07:35.878645+00:00,gpu3_benchmark,3,ckpt_s16384_e4096,benchmark,65536,16384,4096,1,0,True,11272.01,1284.49,1284.49,1284.49,7.226
2026-05-13T21:07:43.105340+00:00,gpu3_benchmark,3,ckpt_s16384_e4096,benchmark,131072,16384,4096,1,0,False,,,,,8.324
2026-05-13T21:07:51.429567+00:00,gpu3_benchmark,3,ckpt_s8192_e4096,correctness,2048,8192,4096,1,0,True,,,,,7.329
2026-05-13T21:07:58.759354+00:00,gpu3_benchmark,3,ckpt_s8192_e4096,benchmark,2048,8192,4096,1,0,True,3432.23,58.12,58.12,58.12,7.805
2026-05-13T21:07:58.759354+00:00,gpu3_benchmark,3,ckpt_s8192_e4096,benchmark,8192,8192,4096,1,0,True,4092.77,139.98,139.98,139.98,7.805
2026-05-13T21:07:58.759354+00:00,gpu3_benchmark,3,ckpt_s8192_e4096,benchmark,32768,8192,4096,1,0,True,6894.87,599.46,599.46,599.46,7.805
2026-05-13T21:08:06.564923+00:00,gpu3_benchmark,3,ckpt_s8192_e4096,benchmark,65536,8192,4096,1,0,True,11272.01,1295.01,1295.01,1295.01,7.482
2026-05-13T21:08:14.047367+00:00,gpu3_benchmark,3,ckpt_s8192_e4096,benchmark,131072,8192,4096,1,0,False,,,,,8.273
2026-05-13T21:08:22.320736+00:00,gpu3_benchmark,3,ckpt_s4096_e4096,correctness,2048,4096,4096,1,0,True,,,,,7.476
2026-05-13T21:08:29.796786+00:00,gpu3_benchmark,3,ckpt_s4096_e4096,benchmark,2048,4096,4096,1,0,True,3432.23,57.47,57.47,57.47,8.240
2026-05-13T21:08:29.796786+00:00,gpu3_benchmark,3,ckpt_s4096_e4096,benchmark,8192,4096,4096,1,0,True,4092.77,137.92,137.92,137.92,8.240
2026-05-13T21:08:29.796786+00:00,gpu3_benchmark,3,ckpt_s4096_e4096,benchmark,32768,4096,4096,1,0,True,6894.87,607.04,607.04,607.04,8.240
2026-05-13T21:08:38.037332+00:00,gpu3_benchmark,3,ckpt_s4096_e4096,benchmark,65536,4096,4096,1,0,True,11272.01,1313.59,1313.59,1313.59,8.144
2026-05-13T21:08:46.181243+00:00,gpu3_benchmark,3,ckpt_s4096_e4096,benchmark,131072,4096,4096,1,0,False,,,,,8.085
2026-05-13T21:08:54.267105+00:00,gpu3_benchmark,3,ckpt_s8192_e2048,correctness,2048,8192,2048,1,0,True,,,,,7.518
2026-05-13T21:09:01.785757+00:00,gpu3_benchmark,3,ckpt_s8192_e2048,benchmark,2048,8192,2048,1,0,True,3432.23,63.05,63.05,63.05,8.962
2026-05-13T21:09:01.785757+00:00,gpu3_benchmark,3,ckpt_s8192_e2048,benchmark,8192,8192,2048,1,0,True,4132.78,244.09,244.09,244.09,8.962
2026-05-13T21:09:01.785757+00:00,gpu3_benchmark,3,ckpt_s8192_e2048,benchmark,32768,8192,2048,1,0,True,6934.88,1031.9,1031.9,1031.9,8.962
2026-05-13T21:09:10.748086+00:00,gpu3_benchmark,3,ckpt_s8192_e2048,benchmark,65536,8192,2048,1,0,True,11272.01,2277.83,2277.83,2277.83,9.860
2026-05-13T21:09:20.608590+00:00,gpu3_benchmark,3,ckpt_s8192_e2048,benchmark,131072,8192,2048,1,0,False,,,,,5.714
2026-05-13T21:09:26.323340+00:00,gpu3_benchmark,3,ckpt_s4096_e2048,correctness,2048,4096,2048,1,0,True,,,,,7.978
2026-05-13T21:09:34.301573+00:00,gpu3_benchmark,3,ckpt_s4096_e2048,benchmark,2048,4096,2048,1,0,True,3432.23,60.5,60.5,60.5,9.359
2026-05-13T21:09:34.301573+00:00,gpu3_benchmark,3,ckpt_s4096_e2048,benchmark,8192,4096,2048,1,0,True,4132.78,242.9,242.9,242.9,9.359
2026-05-13T21:09:34.301573+00:00,gpu3_benchmark,3,ckpt_s4096_e2048,benchmark,32768,4096,2048,1,0,True,6934.88,1075.11,1075.11,1075.11,9.359
2026-05-13T21:09:43.661285+00:00,gpu3_benchmark,3,ckpt_s4096_e2048,benchmark,65536,4096,2048,1,0,True,11272.01,2313.07,2313.07,2313.07,9.448
2026-05-13T21:09:53.109259+00:00,gpu3_benchmark,3,ckpt_s4096_e2048,benchmark,131072,4096,2048,1,0,False,,,,,5.336
2026-05-13T21:09:58.446084+00:00,gpu3_benchmark,3,ckpt_s2048_e2048,correctness,2048,2048,2048,1,0,True,,,,,8.071
2026-05-13T21:10:06.517434+00:00,gpu3_benchmark,3,ckpt_s2048_e2048,benchmark,2048,2048,2048,1,0,True,3432.23,65.49,65.49,65.49,9.563
2026-05-13T21:10:06.517434+00:00,gpu3_benchmark,3,ckpt_s2048_e2048,benchmark,8192,2048,2048,1,0,True,4132.78,236.32,236.32,236.32,9.563
2026-05-13T21:10:06.517434+00:00,gpu3_benchmark,3,ckpt_s2048_e2048,benchmark,32768,2048,2048,1,0,True,6934.88,1063.07,1063.07,1063.07,9.563
2026-05-13T21:10:16.081122+00:00,gpu3_benchmark,3,ckpt_s2048_e2048,benchmark,65536,2048,2048,1,0,True,11272.01,2302.19,2302.19,2302.19,10.264
2026-05-13T21:10:26.345261+00:00,gpu3_benchmark,3,ckpt_s2048_e2048,benchmark,131072,2048,2048,1,0,False,,,,,5.547
2026-05-13T21:10:31.892541+00:00,gpu3_benchmark,3,ckpt_s4096_e1024,correctness,2048,4096,1024,1,0,True,,,,,8.079
2026-05-13T21:10:39.971488+00:00,gpu3_benchmark,3,ckpt_s4096_e1024,benchmark,2048,4096,1024,1,0,True,3453.26,204.48,204.48,204.48,12.042
2026-05-13T21:10:39.971488+00:00,gpu3_benchmark,3,ckpt_s4096_e1024,benchmark,8192,4096,1024,1,0,True,4153.79,458.18,458.18,458.18,12.042
2026-05-13T21:10:39.971488+00:00,gpu3_benchmark,3,ckpt_s4096_e1024,benchmark,32768,4096,1024,1,0,True,6955.88,1937.27,1937.27,1937.27,12.042
2026-05-13T21:10:52.014273+00:00,gpu3_benchmark,3,ckpt_s4096_e1024,benchmark,65536,4096,1024,1,0,True,11272.51,3747.84,3747.84,3747.84,12.519
2026-05-13T21:11:04.533542+00:00,gpu3_benchmark,3,ckpt_s4096_e1024,benchmark,131072,4096,1024,1,0,True,21314.76,9994.27,9994.27,9994.27,24.467
2026-05-13T21:11:29.001583+00:00,gpu3_benchmark,3,ckpt_s2048_e1024,correctness,2048,2048,1024,1,0,True,,,,,7.204
2026-05-13T21:11:36.205672+00:00,gpu3_benchmark,3,ckpt_s2048_e1024,benchmark,2048,2048,1024,1,0,True,3453.26,204.47,204.47,204.47,11.172
2026-05-13T21:11:36.205672+00:00,gpu3_benchmark,3,ckpt_s2048_e1024,benchmark,8192,2048,1024,1,0,True,4153.79,446.04,446.04,446.04,11.172
2026-05-13T21:11:36.205672+00:00,gpu3_benchmark,3,ckpt_s2048_e1024,benchmark,32768,2048,1024,1,0,True,6955.88,1941.88,1941.88,1941.88,11.172
2026-05-13T21:11:47.378405+00:00,gpu3_benchmark,3,ckpt_s2048_e1024,benchmark,65536,2048,1024,1,0,True,11272.51,4264.88,4264.88,4264.88,13.660
2026-05-13T21:12:01.039130+00:00,gpu3_benchmark,3,ckpt_s2048_e1024,benchmark,131072,2048,1024,1,0,False,,,,,16.553
2026-05-13T21:12:17.592238+00:00,gpu3_benchmark,3,ckpt_s1024_e1024,correctness,2048,1024,1024,1,0,True,,,,,7.883
2026-05-13T21:12:25.475087+00:00,gpu3_benchmark,3,ckpt_s1024_e1024,benchmark,2048,1024,1024,1,0,True,3452.26,110.51,110.51,110.51,12.004
2026-05-13T21:12:25.475087+00:00,gpu3_benchmark,3,ckpt_s1024_e1024,benchmark,8192,1024,1024,1,0,True,4152.79,444.46,444.46,444.46,12.004
2026-05-13T21:12:25.475087+00:00,gpu3_benchmark,3,ckpt_s1024_e1024,benchmark,32768,1024,1024,1,0,True,6954.88,1958.72,1958.72,1958.72,12.004
2026-05-13T21:12:37.479274+00:00,gpu3_benchmark,3,ckpt_s1024_e1024,benchmark,65536,1024,1024,1,0,True,11272.01,4338.15,4338.15,4338.15,13.679
2026-05-13T21:12:51.159057+00:00,gpu3_benchmark,3,ckpt_s1024_e1024,benchmark,131072,1024,1024,1,0,False,,,,,16.357
2026-05-13T21:13:07.516445+00:00,gpu3_benchmark,3,nocp_s8192_e8192,correctness,2048,8192,8192,0,0,True,,,,,6.982
2026-05-13T21:13:14.498505+00:00,gpu3_benchmark,3,nocp_s8192_e8192,benchmark,2048,8192,8192,0,0,True,3510.1,53.55,53.55,53.55,6.407
2026-05-13T21:13:14.498505+00:00,gpu3_benchmark,3,nocp_s8192_e8192,benchmark,8192,8192,8192,0,0,True,4300.63,87.28,87.28,87.28,6.407
2026-05-13T21:13:14.498505+00:00,gpu3_benchmark,3,nocp_s8192_e8192,benchmark,32768,8192,8192,0,0,True,9328.38,381.88,381.88,381.88,6.407
2026-05-13T21:13:20.906263+00:00,gpu3_benchmark,3,nocp_s8192_e8192,benchmark,65536,8192,8192,0,0,True,17416.01,782.55,782.55,782.55,6.106
2026-05-13T21:13:27.012098+00:00,gpu3_benchmark,3,nocp_s8192_e8192,benchmark,131072,8192,8192,0,0,False,,,,,5.005
2026-05-13T21:13:32.018067+00:00,gpu3_benchmark,3,nocp_s8192_e4096,correctness,2048,8192,4096,0,0,True,,,,,6.854
2026-05-13T21:13:38.871916+00:00,gpu3_benchmark,3,nocp_s8192_e4096,benchmark,2048,8192,4096,0,0,True,3510.1,53.59,53.59,53.59,7.026
2026-05-13T21:13:38.871916+00:00,gpu3_benchmark,3,nocp_s8192_e4096,benchmark,8192,8192,4096,0,0,True,4428.77,129.37,129.37,129.37,7.026
2026-05-13T21:13:38.871916+00:00,gpu3_benchmark,3,nocp_s8192_e4096,benchmark,32768,8192,4096,0,0,True,9328.38,571.8,571.8,571.8,7.026
2026-05-13T21:13:45.898693+00:00,gpu3_benchmark,3,nocp_s8192_e4096,benchmark,65536,8192,4096,0,0,True,17416.01,1248.31,1248.31,1248.31,6.564
2026-05-13T21:13:52.463180+00:00,gpu3_benchmark,3,nocp_s8192_e4096,benchmark,131072,8192,4096,0,0,False,,,,,4.900
2026-05-13T21:13:57.363415+00:00,gpu3_benchmark,3,nocp_s4096_e4096,correctness,2048,4096,4096,0,0,True,,,,,6.369
2026-05-13T21:14:03.733041+00:00,gpu3_benchmark,3,nocp_s4096_e4096,benchmark,2048,4096,4096,0,0,True,3510.1,57.52,57.52,57.52,7.447
2026-05-13T21:14:03.733041+00:00,gpu3_benchmark,3,nocp_s4096_e4096,benchmark,8192,4096,4096,0,0,True,4428.77,130.08,130.08,130.08,7.447
2026-05-13T21:14:03.733041+00:00,gpu3_benchmark,3,nocp_s4096_e4096,benchmark,32768,4096,4096,0,0,True,9328.38,584.61,584.61,584.61,7.447
2026-05-13T21:14:11.180097+00:00,gpu3_benchmark,3,nocp_s4096_e4096,benchmark,65536,4096,4096,0,0,True,17416.01,1268.7,1268.7,1268.7,7.588
2026-05-13T21:14:18.769163+00:00,gpu3_benchmark,3,nocp_s4096_e4096,benchmark,131072,4096,4096,0,0,False,,,,,4.402
2026-05-13T21:14:23.171525+00:00,gpu3_benchmark,3,nocp_s4096_e2048,correctness,2048,4096,2048,0,0,True,,,,,7.122
2026-05-13T21:14:30.293524+00:00,gpu3_benchmark,3,nocp_s4096_e2048,benchmark,2048,4096,2048,0,0,True,3510.1,57.33,57.33,57.33,8.364
2026-05-13T21:14:30.293524+00:00,gpu3_benchmark,3,nocp_s4096_e2048,benchmark,8192,4096,2048,0,0,True,4525.78,227.17,227.17,227.17,8.364
2026-05-13T21:14:30.293524+00:00,gpu3_benchmark,3,nocp_s4096_e2048,benchmark,32768,4096,2048,0,0,True,9474.26,1004.37,1004.37,1004.37,8.364
2026-05-13T21:14:38.657538+00:00,gpu3_benchmark,3,nocp_s4096_e2048,benchmark,65536,4096,2048,0,0,True,17708.01,2175.36,2175.36,2175.36,9.143
2026-05-13T21:14:47.800654+00:00,gpu3_benchmark,3,nocp_s4096_e2048,benchmark,131072,4096,2048,0,0,False,,,,,4.884
2026-05-13T21:14:52.684754+00:00,gpu3_benchmark,3,nocp_s2048_e2048,correctness,2048,2048,2048,0,0,True,,,,,6.659
2026-05-13T21:14:59.343643+00:00,gpu3_benchmark,3,nocp_s2048_e2048,benchmark,2048,2048,2048,0,0,True,3510.1,57.14,57.14,57.14,8.325
2026-05-13T21:14:59.343643+00:00,gpu3_benchmark,3,nocp_s2048_e2048,benchmark,8192,2048,2048,0,0,True,4526.78,226.67,226.67,226.67,8.325
2026-05-13T21:14:59.343643+00:00,gpu3_benchmark,3,nocp_s2048_e2048,benchmark,32768,2048,2048,0,0,True,9476.26,1014.42,1014.42,1014.42,8.325
2026-05-13T21:15:07.669206+00:00,gpu3_benchmark,3,nocp_s2048_e2048,benchmark,65536,2048,2048,0,0,True,17708.01,2213.78,2213.78,2213.78,9.074
2026-05-13T21:15:16.743438+00:00,gpu3_benchmark,3,nocp_s2048_e2048,benchmark,131072,2048,2048,0,0,False,,,,,4.425
2026-05-13T21:15:21.168743+00:00,gpu3_benchmark,3,ckpt_s8192_e8192,correctness,2048,8192,8192,1,0,True,,,,,7.829
2026-05-13T21:15:28.998228+00:00,gpu3_benchmark,3,ckpt_s8192_e8192,benchmark,2048,8192,8192,1,0,True,3432.23,59.61,59.61,59.61,7.295
2026-05-13T21:15:28.998228+00:00,gpu3_benchmark,3,ckpt_s8192_e8192,benchmark,8192,8192,8192,1,0,True,4012.63,95.17,95.17,95.17,7.295
2026-05-13T21:15:28.998228+00:00,gpu3_benchmark,3,ckpt_s8192_e8192,benchmark,32768,8192,8192,1,0,True,6814.85,390.04,390.04,390.04,7.295
2026-05-13T21:15:36.293602+00:00,gpu3_benchmark,3,ckpt_s8192_e8192,benchmark,65536,8192,8192,1,0,True,11272.01,834.27,834.27,834.27,7.164
2026-05-13T21:15:43.457515+00:00,gpu3_benchmark,3,ckpt_s8192_e8192,benchmark,131072,8192,8192,1,0,True,21303.26,1879.85,1879.85,1879.85,8.759
2026-05-13T21:15:52.216643+00:00,gpu3_benchmark,3,ckpt_s16384_e4096,correctness,2048,16384,4096,1,0,True,,,,,7.360
2026-05-13T21:15:59.576744+00:00,gpu3_benchmark,3,ckpt_s16384_e4096,benchmark,2048,16384,4096,1,0,True,3432.23,63.19,63.19,63.19,8.522
2026-05-13T21:15:59.576744+00:00,gpu3_benchmark,3,ckpt_s16384_e4096,benchmark,8192,16384,4096,1,0,True,4092.77,147.46,147.46,147.46,8.522
2026-05-13T21:15:59.576744+00:00,gpu3_benchmark,3,ckpt_s16384_e4096,benchmark,32768,16384,4096,1,0,True,6894.87,591.87,591.87,591.87,8.522
2026-05-13T21:16:08.099420+00:00,gpu3_benchmark,3,ckpt_s16384_e4096,benchmark,65536,16384,4096,1,0,True,11272.01,1286.44,1286.44,1286.44,8.049
2026-05-13T21:16:16.148960+00:00,gpu3_benchmark,3,ckpt_s16384_e4096,benchmark,131072,16384,4096,1,0,False,,,,,8.391
2026-05-13T21:16:24.540102+00:00,gpu3_benchmark,3,ckpt_s8192_e4096,correctness,2048,8192,4096,1,0,True,,,,,7.643
2026-05-13T21:16:32.183803+00:00,gpu3_benchmark,3,ckpt_s8192_e4096,benchmark,2048,8192,4096,1,0,True,3432.23,66.35,66.35,66.35,8.315
2026-05-13T21:16:32.183803+00:00,gpu3_benchmark,3,ckpt_s8192_e4096,benchmark,8192,8192,4096,1,0,True,4092.77,139.02,139.02,139.02,8.315
2026-05-13T21:16:32.183803+00:00,gpu3_benchmark,3,ckpt_s8192_e4096,benchmark,32768,8192,4096,1,0,True,6894.87,599.13,599.13,599.13,8.315
2026-05-13T21:16:40.499120+00:00,gpu3_benchmark,3,ckpt_s8192_e4096,benchmark,65536,8192,4096,1,0,True,11272.01,1308.88,1308.88,1308.88,7.627
2026-05-13T21:16:48.126658+00:00,gpu3_benchmark,3,ckpt_s8192_e4096,benchmark,131072,8192,4096,1,0,False,,,,,8.721
2026-05-13T21:16:56.847924+00:00,gpu3_benchmark,3,ckpt_s4096_e4096,correctness,2048,4096,4096,1,0,True,,,,,7.322
2026-05-13T21:17:04.170573+00:00,gpu3_benchmark,3,ckpt_s4096_e4096,benchmark,2048,4096,4096,1,0,True,3432.23,60.06,60.06,60.06,7.753
2026-05-13T21:17:04.170573+00:00,gpu3_benchmark,3,ckpt_s4096_e4096,benchmark,8192,4096,4096,1,0,True,4092.77,143.35,143.35,143.35,7.753
2026-05-13T21:17:04.170573+00:00,gpu3_benchmark,3,ckpt_s4096_e4096,benchmark,32768,4096,4096,1,0,True,6894.87,600.92,600.92,600.92,7.753
2026-05-13T21:17:11.923806+00:00,gpu3_benchmark,3,ckpt_s4096_e4096,benchmark,65536,4096,4096,1,0,True,11272.01,1326.93,1326.93,1326.93,7.900
2026-05-13T21:17:19.823867+00:00,gpu3_benchmark,3,ckpt_s4096_e4096,benchmark,131072,4096,4096,1,0,False,,,,,8.935
2026-05-13T21:17:28.759545+00:00,gpu3_benchmark,3,ckpt_s8192_e2048,correctness,2048,8192,2048,1,0,True,,,,,7.693
2026-05-13T21:17:36.453150+00:00,gpu3_benchmark,3,ckpt_s8192_e2048,benchmark,2048,8192,2048,1,0,True,3432.23,58.45,58.45,58.45,9.296
2026-05-13T21:17:36.453150+00:00,gpu3_benchmark,3,ckpt_s8192_e2048,benchmark,8192,8192,2048,1,0,True,4132.78,235.84,235.84,235.84,9.296
2026-05-13T21:17:36.453150+00:00,gpu3_benchmark,3,ckpt_s8192_e2048,benchmark,32768,8192,2048,1,0,True,6934.88,1062.66,1062.66,1062.66,9.296
2026-05-13T21:17:45.749281+00:00,gpu3_benchmark,3,ckpt_s8192_e2048,benchmark,65536,8192,2048,1,0,True,11272.01,2338.39,2338.39,2338.39,9.530
2026-05-13T21:17:55.279611+00:00,gpu3_benchmark,3,ckpt_s8192_e2048,benchmark,131072,8192,2048,1,0,False,,,,,5.860
2026-05-13T21:18:01.140634+00:00,gpu3_benchmark,3,ckpt_s4096_e2048,correctness,2048,4096,2048,1,0,True,,,,,7.508
2026-05-13T21:18:08.649082+00:00,gpu3_benchmark,3,ckpt_s4096_e2048,benchmark,2048,4096,2048,1,0,True,3432.23,57.07,57.07,57.07,9.034
2026-05-13T21:18:08.649082+00:00,gpu3_benchmark,3,ckpt_s4096_e2048,benchmark,8192,4096,2048,1,0,True,4132.78,240.82,240.82,240.82,9.034
2026-05-13T21:18:08.649082+00:00,gpu3_benchmark,3,ckpt_s4096_e2048,benchmark,32768,4096,2048,1,0,True,6934.88,1042.65,1042.65,1042.65,9.034
2026-05-13T21:18:17.683108+00:00,gpu3_benchmark,3,ckpt_s4096_e2048,benchmark,65536,4096,2048,1,0,True,11272.01,2273.9,2273.9,2273.9,9.629
2026-05-13T21:18:27.312860+00:00,gpu3_benchmark,3,ckpt_s4096_e2048,benchmark,131072,4096,2048,1,0,False,,,,,6.240
2026-05-13T21:18:33.553064+00:00,gpu3_benchmark,3,ckpt_s2048_e2048,correctness,2048,2048,2048,1,0,True,,,,,8.006
2026-05-13T21:18:41.559455+00:00,gpu3_benchmark,3,ckpt_s2048_e2048,benchmark,2048,2048,2048,1,0,True,3432.23,59.1,59.1,59.1,9.358
2026-05-13T21:18:41.559455+00:00,gpu3_benchmark,3,ckpt_s2048_e2048,benchmark,8192,2048,2048,1,0,True,4132.78,237.55,237.55,237.55,9.358
2026-05-13T21:18:41.559455+00:00,gpu3_benchmark,3,ckpt_s2048_e2048,benchmark,32768,2048,2048,1,0,True,6934.88,1048.23,1048.23,1048.23,9.358
2026-05-13T21:18:50.917457+00:00,gpu3_benchmark,3,ckpt_s2048_e2048,benchmark,65536,2048,2048,1,0,True,11272.01,2315.48,2315.48,2315.48,9.806
2026-05-13T21:19:00.723425+00:00,gpu3_benchmark,3,ckpt_s2048_e2048,benchmark,131072,2048,2048,1,0,False,,,,,5.599
2026-05-13T21:19:06.322582+00:00,gpu3_benchmark,3,ckpt_s4096_e1024,correctness,2048,4096,1024,1,0,True,,,,,7.654
2026-05-13T21:19:13.977105+00:00,gpu3_benchmark,3,ckpt_s4096_e1024,benchmark,2048,4096,1024,1,0,True,3453.26,193.79,193.79,193.79,11.967
2026-05-13T21:19:13.977105+00:00,gpu3_benchmark,3,ckpt_s4096_e1024,benchmark,8192,4096,1024,1,0,True,4153.79,450.32,450.32,450.32,11.967
2026-05-13T21:19:13.977105+00:00,gpu3_benchmark,3,ckpt_s4096_e1024,benchmark,32768,4096,1024,1,0,True,6955.88,1947.98,1947.98,1947.98,11.967
2026-05-13T21:19:25.944654+00:00,gpu3_benchmark,3,ckpt_s4096_e1024,benchmark,65536,4096,1024,1,0,True,11272.51,4257.92,4257.92,4257.92,13.529
2026-05-13T21:19:39.473613+00:00,gpu3_benchmark,3,ckpt_s4096_e1024,benchmark,131072,4096,1024,1,0,True,21314.76,9991.65,9991.65,9991.65,25.279
2026-05-13T21:20:04.752518+00:00,gpu3_benchmark,3,ckpt_s2048_e1024,correctness,2048,2048,1024,1,0,True,,,,,6.936
2026-05-13T21:20:11.689009+00:00,gpu3_benchmark,3,ckpt_s2048_e1024,benchmark,2048,2048,1024,1,0,True,3453.26,230.71,230.71,230.71,11.800
2026-05-13T21:20:11.689009+00:00,gpu3_benchmark,3,ckpt_s2048_e1024,benchmark,8192,2048,1024,1,0,True,4153.79,442.41,442.41,442.41,11.800
2026-05-13T21:20:11.689009+00:00,gpu3_benchmark,3,ckpt_s2048_e1024,benchmark,32768,2048,1024,1,0,True,6955.88,1958.94,1958.94,1958.94,11.800
2026-05-13T21:20:23.489525+00:00,gpu3_benchmark,3,ckpt_s2048_e1024,benchmark,65536,2048,1024,1,0,True,11272.51,4247.23,4247.23,4247.23,13.542
2026-05-13T21:20:37.032032+00:00,gpu3_benchmark,3,ckpt_s2048_e1024,benchmark,131072,2048,1024,1,0,False,,,,,16.638
2026-05-13T21:20:53.670074+00:00,gpu3_benchmark,3,ckpt_s1024_e1024,correctness,2048,1024,1024,1,0,True,,,,,7.204
2026-05-13T21:21:00.874078+00:00,gpu3_benchmark,3,ckpt_s1024_e1024,benchmark,2048,1024,1024,1,0,True,3452.26,107.18,107.18,107.18,12.094
2026-05-13T21:21:00.874078+00:00,gpu3_benchmark,3,ckpt_s1024_e1024,benchmark,8192,1024,1024,1,0,True,4152.79,449.45,449.45,449.45,12.094
2026-05-13T21:21:00.874078+00:00,gpu3_benchmark,3,ckpt_s1024_e1024,benchmark,32768,1024,1024,1,0,True,6954.88,1948.57,1948.57,1948.57,12.094
2026-05-13T21:21:12.968330+00:00,gpu3_benchmark,3,ckpt_s1024_e1024,benchmark,65536,1024,1024,1,0,True,11272.01,4344.78,4344.78,4344.78,14.021
2026-05-13T21:21:26.989906+00:00,gpu3_benchmark,3,ckpt_s1024_e1024,benchmark,131072,1024,1024,1,0,False,,,,,16.174
2026-05-13T21:21:43.164057+00:00,gpu3_benchmark,3,nocp_s8192_e8192,correctness,2048,8192,8192,0,0,True,,,,,7.113
2026-05-13T21:21:50.277493+00:00,gpu3_benchmark,3,nocp_s8192_e8192,benchmark,2048,8192,8192,0,0,True,3510.1,53.62,53.62,53.62,7.597
2026-05-13T21:21:50.277493+00:00,gpu3_benchmark,3,nocp_s8192_e8192,benchmark,8192,8192,8192,0,0,True,4300.63,82.16,82.16,82.16,7.597
2026-05-13T21:21:50.277493+00:00,gpu3_benchmark,3,nocp_s8192_e8192,benchmark,32768,8192,8192,0,0,True,9328.38,362.96,362.96,362.96,7.597
2026-05-13T21:21:57.874785+00:00,gpu3_benchmark,3,nocp_s8192_e8192,benchmark,65536,8192,8192,0,0,True,17416.01,779.74,779.74,779.74,6.589
2026-05-13T21:22:04.463800+00:00,gpu3_benchmark,3,nocp_s8192_e8192,benchmark,131072,8192,8192,0,0,False,,,,,4.702
2026-05-13T21:22:09.166401+00:00,gpu3_benchmark,3,nocp_s8192_e4096,correctness,2048,8192,4096,0,0,True,,,,,6.350
2026-05-13T21:22:15.517219+00:00,gpu3_benchmark,3,nocp_s8192_e4096,benchmark,2048,8192,4096,0,0,True,3510.1,48.84,48.84,48.84,7.628
2026-05-13T21:22:15.517219+00:00,gpu3_benchmark,3,nocp_s8192_e4096,benchmark,8192,8192,4096,0,0,True,4428.77,117.48,117.48,117.48,7.628
2026-05-13T21:22:15.517219+00:00,gpu3_benchmark,3,nocp_s8192_e4096,benchmark,32768,8192,4096,0,0,True,9328.38,511.23,511.23,511.23,7.628
2026-05-13T21:22:23.145789+00:00,gpu3_benchmark,3,nocp_s8192_e4096,benchmark,65536,8192,4096,0,0,True,17416.01,1106.83,1106.83,1106.83,6.982
2026-05-13T21:22:30.128647+00:00,gpu3_benchmark,3,nocp_s8192_e4096,benchmark,131072,8192,4096,0,0,False,,,,,5.268
2026-05-13T21:22:35.397003+00:00,gpu3_benchmark,3,nocp_s4096_e4096,correctness,2048,4096,4096,0,0,True,,,,,6.957
2026-05-13T21:22:42.353887+00:00,gpu3_benchmark,3,nocp_s4096_e4096,benchmark,2048,4096,4096,0,0,True,3510.1,54.22,54.22,54.22,8.364
2026-05-13T21:22:42.353887+00:00,gpu3_benchmark,3,nocp_s4096_e4096,benchmark,8192,4096,4096,0,0,True,4428.77,132.52,132.52,132.52,8.364
2026-05-13T21:22:42.353887+00:00,gpu3_benchmark,3,nocp_s4096_e4096,benchmark,32768,4096,4096,0,0,True,9328.38,573.91,573.91,573.91,8.364
2026-05-13T21:22:50.718701+00:00,gpu3_benchmark,3,nocp_s4096_e4096,benchmark,65536,4096,4096,0,0,True,17416.01,1274.6,1274.6,1274.6,7.133
2026-05-13T21:22:57.852422+00:00,gpu3_benchmark,3,nocp_s4096_e4096,benchmark,131072,4096,4096,0,0,False,,,,,4.601
2026-05-13T21:23:02.454367+00:00,gpu3_benchmark,3,nocp_s4096_e2048,correctness,2048,4096,2048,0,0,True,,,,,6.691
2026-05-13T21:23:09.146083+00:00,gpu3_benchmark,3,nocp_s4096_e2048,benchmark,2048,4096,2048,0,0,True,3510.1,58.07,58.07,58.07,8.374
2026-05-13T21:23:09.146083+00:00,gpu3_benchmark,3,nocp_s4096_e2048,benchmark,8192,4096,2048,0,0,True,4525.78,234.77,234.77,234.77,8.374
2026-05-13T21:23:09.146083+00:00,gpu3_benchmark,3,nocp_s4096_e2048,benchmark,32768,4096,2048,0,0,True,9474.26,1004.91,1004.91,1004.91,8.374
2026-05-13T21:23:17.520847+00:00,gpu3_benchmark,3,nocp_s4096_e2048,benchmark,65536,4096,2048,0,0,True,17708.01,2176.37,2176.37,2176.37,8.984
2026-05-13T21:23:26.505500+00:00,gpu3_benchmark,3,nocp_s4096_e2048,benchmark,131072,4096,2048,0,0,False,,,,,4.758
2026-05-13T21:23:31.264099+00:00,gpu3_benchmark,3,nocp_s2048_e2048,correctness,2048,2048,2048,0,0,True,,,,,6.649
2026-05-13T21:23:37.913577+00:00,gpu3_benchmark,3,nocp_s2048_e2048,benchmark,2048,2048,2048,0,0,True,3510.1,55.31,55.31,55.31,8.857
2026-05-13T21:23:37.913577+00:00,gpu3_benchmark,3,nocp_s2048_e2048,benchmark,8192,2048,2048,0,0,True,4526.78,230.16,230.16,230.16,8.857
2026-05-13T21:23:37.913577+00:00,gpu3_benchmark,3,nocp_s2048_e2048,benchmark,32768,2048,2048,0,0,True,9476.26,1020.34,1020.34,1020.34,8.857
2026-05-13T21:23:46.770932+00:00,gpu3_benchmark,3,nocp_s2048_e2048,benchmark,65536,2048,2048,0,0,True,17708.01,2199.65,2199.65,2199.65,8.970
2026-05-13T21:23:55.741400+00:00,gpu3_benchmark,3,nocp_s2048_e2048,benchmark,131072,2048,2048,0,0,False,,,,,4.623
2026-05-13T21:24:00.364529+00:00,gpu3_benchmark,3,ckpt_s8192_e8192,correctness,2048,8192,8192,1,0,True,,,,,7.600
2026-05-13T21:24:07.964810+00:00,gpu3_benchmark,3,ckpt_s8192_e8192,benchmark,2048,8192,8192,1,0,True,3432.23,59.65,59.65,59.65,7.827
2026-05-13T21:24:07.964810+00:00,gpu3_benchmark,3,ckpt_s8192_e8192,benchmark,8192,8192,8192,1,0,True,4012.63,88.64,88.64,88.64,7.827
2026-05-13T21:24:07.964810+00:00,gpu3_benchmark,3,ckpt_s8192_e8192,benchmark,32768,8192,8192,1,0,True,6814.85,398.95,398.95,398.95,7.827
2026-05-13T21:24:15.792316+00:00,gpu3_benchmark,3,ckpt_s8192_e8192,benchmark,65536,8192,8192,1,0,True,11272.01,850.31,850.31,850.31,6.658
2026-05-13T21:24:22.450249+00:00,gpu3_benchmark,3,ckpt_s8192_e8192,benchmark,131072,8192,8192,1,0,True,21303.26,1878.39,1878.39,1878.39,8.604
2026-05-13T21:24:31.054199+00:00,gpu3_benchmark,3,ckpt_s16384_e4096,correctness,2048,16384,4096,1,0,True,,,,,7.312
2026-05-13T21:24:38.366882+00:00,gpu3_benchmark,3,ckpt_s16384_e4096,benchmark,2048,16384,4096,1,0,True,3432.23,60.81,60.81,60.81,8.629
2026-05-13T21:24:38.366882+00:00,gpu3_benchmark,3,ckpt_s16384_e4096,benchmark,8192,16384,4096,1,0,True,4092.77,139.57,139.57,139.57,8.629
2026-05-13T21:24:38.366882+00:00,gpu3_benchmark,3,ckpt_s16384_e4096,benchmark,32768,16384,4096,1,0,True,6894.87,592.57,592.57,592.57,8.629
2026-05-13T21:24:46.996778+00:00,gpu3_benchmark,3,ckpt_s16384_e4096,benchmark,65536,16384,4096,1,0,True,11272.01,1294.23,1294.23,1294.23,7.968
2026-05-13T21:24:54.964975+00:00,gpu3_benchmark,3,ckpt_s16384_e4096,benchmark,131072,16384,4096,1,0,False,,,,,8.234
2026-05-13T21:25:03.199470+00:00,gpu3_benchmark,3,ckpt_s8192_e4096,correctness,2048,8192,4096,1,0,True,,,,,7.392
2026-05-13T21:25:10.591955+00:00,gpu3_benchmark,3,ckpt_s8192_e4096,benchmark,2048,8192,4096,1,0,True,3432.23,59.62,59.62,59.62,8.411
2026-05-13T21:25:10.591955+00:00,gpu3_benchmark,3,ckpt_s8192_e4096,benchmark,8192,8192,4096,1,0,True,4092.77,137.24,137.24,137.24,8.411
2026-05-13T21:25:10.591955+00:00,gpu3_benchmark,3,ckpt_s8192_e4096,benchmark,32768,8192,4096,1,0,True,6894.87,608.39,608.39,608.39,8.411
2026-05-13T21:25:19.003786+00:00,gpu3_benchmark,3,ckpt_s8192_e4096,benchmark,65536,8192,4096,1,0,True,11272.01,1300.67,1300.67,1300.67,7.542
2026-05-13T21:25:26.546060+00:00,gpu3_benchmark,3,ckpt_s8192_e4096,benchmark,131072,8192,4096,1,0,False,,,,,8.566
2026-05-13T21:25:35.112100+00:00,gpu3_benchmark,3,ckpt_s4096_e4096,correctness,2048,4096,4096,1,0,True,,,,,7.474
2026-05-13T21:25:42.586373+00:00,gpu3_benchmark,3,ckpt_s4096_e4096,benchmark,2048,4096,4096,1,0,True,3432.23,58.08,58.08,58.08,8.956
2026-05-13T21:25:42.586373+00:00,gpu3_benchmark,3,ckpt_s4096_e4096,benchmark,8192,4096,4096,1,0,True,4092.77,146.19,146.19,146.19,8.956
2026-05-13T21:25:42.586373+00:00,gpu3_benchmark,3,ckpt_s4096_e4096,benchmark,32768,4096,4096,1,0,True,6894.87,601.37,601.37,601.37,8.956
2026-05-13T21:25:51.543074+00:00,gpu3_benchmark,3,ckpt_s4096_e4096,benchmark,65536,4096,4096,1,0,True,11272.01,1305.85,1305.85,1305.85,7.888
2026-05-13T21:25:59.431583+00:00,gpu3_benchmark,3,ckpt_s4096_e4096,benchmark,131072,4096,4096,1,0,False,,,,,8.255
2026-05-13T21:26:07.686720+00:00,gpu3_benchmark,3,ckpt_s8192_e2048,correctness,2048,8192,2048,1,0,True,,,,,7.429
2026-05-13T21:26:15.115605+00:00,gpu3_benchmark,3,ckpt_s8192_e2048,benchmark,2048,8192,2048,1,0,True,3432.23,58.89,58.89,58.89,9.614
2026-05-13T21:26:15.115605+00:00,gpu3_benchmark,3,ckpt_s8192_e2048,benchmark,8192,8192,2048,1,0,True,4132.78,240.34,240.34,240.34,9.614
2026-05-13T21:26:15.115605+00:00,gpu3_benchmark,3,ckpt_s8192_e2048,benchmark,32768,8192,2048,1,0,True,6934.88,1071.95,1071.95,1071.95,9.614
2026-05-13T21:26:24.730162+00:00,gpu3_benchmark,3,ckpt_s8192_e2048,benchmark,65536,8192,2048,1,0,True,11272.01,2265.66,2265.66,2265.66,9.550
2026-05-13T21:26:34.280952+00:00,gpu3_benchmark,3,ckpt_s8192_e2048,benchmark,131072,8192,2048,1,0,False,,,,,5.438
2026-05-13T21:26:39.719630+00:00,gpu3_benchmark,3,ckpt_s4096_e2048,correctness,2048,4096,2048,1,0,True,,,,,7.731
2026-05-13T21:26:47.450457+00:00,gpu3_benchmark,3,ckpt_s4096_e2048,benchmark,2048,4096,2048,1,0,True,3432.23,56.41,56.41,56.41,9.498
2026-05-13T21:26:47.450457+00:00,gpu3_benchmark,3,ckpt_s4096_e2048,benchmark,8192,4096,2048,1,0,True,4132.78,244.22,244.22,244.22,9.498
2026-05-13T21:26:47.450457+00:00,gpu3_benchmark,3,ckpt_s4096_e2048,benchmark,32768,4096,2048,1,0,True,6934.88,1048.72,1048.72,1048.72,9.498
2026-05-13T21:26:56.948743+00:00,gpu3_benchmark,3,ckpt_s4096_e2048,benchmark,65536,4096,2048,1,0,True,11272.01,2307.17,2307.17,2307.17,9.389
2026-05-13T21:27:06.337948+00:00,gpu3_benchmark,3,ckpt_s4096_e2048,benchmark,131072,4096,2048,1,0,False,,,,,6.041
2026-05-13T21:27:12.379229+00:00,gpu3_benchmark,3,ckpt_s2048_e2048,correctness,2048,2048,2048,1,0,True,,,,,7.706
2026-05-13T21:27:20.085534+00:00,gpu3_benchmark,3,ckpt_s2048_e2048,benchmark,2048,2048,2048,1,0,True,3432.23,58.39,58.39,58.39,9.468
2026-05-13T21:27:20.085534+00:00,gpu3_benchmark,3,ckpt_s2048_e2048,benchmark,8192,2048,2048,1,0,True,4132.78,239.21,239.21,239.21,9.468
2026-05-13T21:27:20.085534+00:00,gpu3_benchmark,3,ckpt_s2048_e2048,benchmark,32768,2048,2048,1,0,True,6934.88,1047.18,1047.18,1047.18,9.468
2026-05-13T21:27:29.554218+00:00,gpu3_benchmark,3,ckpt_s2048_e2048,benchmark,65536,2048,2048,1,0,True,11272.01,2359.37,2359.37,2359.37,9.328
2026-05-13T21:27:38.882228+00:00,gpu3_benchmark,3,ckpt_s2048_e2048,benchmark,131072,2048,2048,1,0,False,,,,,5.562
2026-05-13T21:27:44.444640+00:00,gpu3_benchmark,3,ckpt_s4096_e1024,correctness,2048,4096,1024,1,0,True,,,,,7.688
2026-05-13T21:27:52.133351+00:00,gpu3_benchmark,3,ckpt_s4096_e1024,benchmark,2048,4096,1024,1,0,True,3453.26,244.6,244.6,244.6,11.311
2026-05-13T21:27:52.133351+00:00,gpu3_benchmark,3,ckpt_s4096_e1024,benchmark,8192,4096,1024,1,0,True,4153.79,449.67,449.67,449.67,11.311
2026-05-13T21:27:52.133351+00:00,gpu3_benchmark,3,ckpt_s4096_e1024,benchmark,32768,4096,1024,1,0,True,6955.88,1955.54,1955.54,1955.54,11.311
2026-05-13T21:28:03.444575+00:00,gpu3_benchmark,3,ckpt_s4096_e1024,benchmark,65536,4096,1024,1,0,True,11272.51,4208.45,4208.45,4208.45,14.225
2026-05-13T21:28:17.670272+00:00,gpu3_benchmark,3,ckpt_s4096_e1024,benchmark,131072,4096,1024,1,0,True,21314.76,9922.52,9922.52,9922.52,25.225
2026-05-13T21:28:42.895989+00:00,gpu3_benchmark,3,ckpt_s2048_e1024,correctness,2048,2048,1024,1,0,True,,,,,7.889
2026-05-13T21:28:50.785408+00:00,gpu3_benchmark,3,ckpt_s2048_e1024,benchmark,2048,2048,1024,1,0,True,3453.26,232.96,232.96,232.96,11.773
2026-05-13T21:28:50.785408+00:00,gpu3_benchmark,3,ckpt_s2048_e1024,benchmark,8192,2048,1024,1,0,True,4153.79,445.24,445.24,445.24,11.773
2026-05-13T21:28:50.785408+00:00,gpu3_benchmark,3,ckpt_s2048_e1024,benchmark,32768,2048,1024,1,0,True,6955.88,1962.15,1962.15,1962.15,11.773
2026-05-13T21:29:02.558499+00:00,gpu3_benchmark,3,ckpt_s2048_e1024,benchmark,65536,2048,1024,1,0,True,11272.51,4254.83,4254.83,4254.83,13.713
2026-05-13T21:29:16.271460+00:00,gpu3_benchmark,3,ckpt_s2048_e1024,benchmark,131072,2048,1024,1,0,False,,,,,16.211
2026-05-13T21:29:32.482863+00:00,gpu3_benchmark,3,ckpt_s1024_e1024,correctness,2048,1024,1024,1,0,True,,,,,7.875
2026-05-13T21:29:40.358495+00:00,gpu3_benchmark,3,ckpt_s1024_e1024,benchmark,2048,1024,1024,1,0,True,3452.26,112.98,112.98,112.98,11.653
2026-05-13T21:29:40.358495+00:00,gpu3_benchmark,3,ckpt_s1024_e1024,benchmark,8192,1024,1024,1,0,True,4152.79,456.42,456.42,456.42,11.653
2026-05-13T21:29:40.358495+00:00,gpu3_benchmark,3,ckpt_s1024_e1024,benchmark,32768,1024,1024,1,0,True,6954.88,1971.7,1971.7,1971.7,11.653
2026-05-13T21:29:52.011861+00:00,gpu3_benchmark,3,ckpt_s1024_e1024,benchmark,65536,1024,1024,1,0,True,11272.01,4394.75,4394.75,4394.75,13.877
2026-05-13T21:30:05.889395+00:00,gpu3_benchmark,3,ckpt_s1024_e1024,benchmark,131072,1024,1024,1,0,False,,,,,16.023
2026-05-13T21:30:21.912925+00:00,gpu3_benchmark,3,nocp_s8192_e8192,correctness,2048,8192,8192,0,0,True,,,,,7.255
2026-05-13T21:30:29.167848+00:00,gpu3_benchmark,3,nocp_s8192_e8192,benchmark,2048,8192,8192,0,0,True,3510.1,57.48,57.48,57.48,7.229
2026-05-13T21:30:29.167848+00:00,gpu3_benchmark,3,nocp_s8192_e8192,benchmark,8192,8192,8192,0,0,True,4300.63,81.95,81.95,81.95,7.229
2026-05-13T21:30:29.167848+00:00,gpu3_benchmark,3,nocp_s8192_e8192,benchmark,32768,8192,8192,0,0,True,9328.38,363.19,363.19,363.19,7.229
2026-05-13T21:30:36.397071+00:00,gpu3_benchmark,3,nocp_s8192_e8192,benchmark,65536,8192,8192,0,0,True,17416.01,783.49,783.49,783.49,5.768
2026-05-13T21:30:42.165595+00:00,gpu3_benchmark,3,nocp_s8192_e8192,benchmark,131072,8192,8192,0,0,False,,,,,4.609
2026-05-13T21:30:46.775209+00:00,gpu3_benchmark,3,nocp_s8192_e4096,correctness,2048,8192,4096,0,0,True,,,,,6.763
2026-05-13T21:30:53.538007+00:00,gpu3_benchmark,3,nocp_s8192_e4096,benchmark,2048,8192,4096,0,0,True,3510.1,53.78,53.78,53.78,7.335
2026-05-13T21:30:53.538007+00:00,gpu3_benchmark,3,nocp_s8192_e4096,benchmark,8192,8192,4096,0,0,True,4428.77,128.83,128.83,128.83,7.335
2026-05-13T21:30:53.538007+00:00,gpu3_benchmark,3,nocp_s8192_e4096,benchmark,32768,8192,4096,0,0,True,9328.38,569.01,569.01,569.01,7.335
2026-05-13T21:31:00.873344+00:00,gpu3_benchmark,3,nocp_s8192_e4096,benchmark,65536,8192,4096,0,0,True,17416.01,1245.93,1245.93,1245.93,7.192
2026-05-13T21:31:08.065428+00:00,gpu3_benchmark,3,nocp_s8192_e4096,benchmark,131072,8192,4096,0,0,False,,,,,4.682
2026-05-13T21:31:12.748034+00:00,gpu3_benchmark,3,nocp_s4096_e4096,correctness,2048,4096,4096,0,0,True,,,,,6.894
2026-05-13T21:31:19.641887+00:00,gpu3_benchmark,3,nocp_s4096_e4096,benchmark,2048,4096,4096,0,0,True,3510.1,54.12,54.12,54.12,7.685
2026-05-13T21:31:19.641887+00:00,gpu3_benchmark,3,nocp_s4096_e4096,benchmark,8192,4096,4096,0,0,True,4428.77,146.24,146.24,146.24,7.685
2026-05-13T21:31:19.641887+00:00,gpu3_benchmark,3,nocp_s4096_e4096,benchmark,32768,4096,4096,0,0,True,9328.38,575.58,575.58,575.58,7.685
2026-05-13T21:31:27.326837+00:00,gpu3_benchmark,3,nocp_s4096_e4096,benchmark,65536,4096,4096,0,0,True,17416.01,1292.67,1292.67,1292.67,6.897
2026-05-13T21:31:34.223732+00:00,gpu3_benchmark,3,nocp_s4096_e4096,benchmark,131072,4096,4096,0,0,False,,,,,4.550
2026-05-13T21:31:38.774265+00:00,gpu3_benchmark,3,nocp_s4096_e2048,correctness,2048,4096,2048,0,0,True,,,,,6.999
2026-05-13T21:31:45.773331+00:00,gpu3_benchmark,3,nocp_s4096_e2048,benchmark,2048,4096,2048,0,0,True,3510.1,49.6,49.6,49.6,8.888
2026-05-13T21:31:45.773331+00:00,gpu3_benchmark,3,nocp_s4096_e2048,benchmark,8192,4096,2048,0,0,True,4525.78,224.86,224.86,224.86,8.888
2026-05-13T21:31:45.773331+00:00,gpu3_benchmark,3,nocp_s4096_e2048,benchmark,32768,4096,2048,0,0,True,9474.26,993.28,993.28,993.28,8.888
2026-05-13T21:31:54.661249+00:00,gpu3_benchmark,3,nocp_s4096_e2048,benchmark,65536,4096,2048,0,0,True,17708.01,2157.97,2157.97,2157.97,8.828
2026-05-13T21:32:03.489778+00:00,gpu3_benchmark,3,nocp_s4096_e2048,benchmark,131072,4096,2048,0,0,False,,,,,5.475
2026-05-13T21:32:08.965055+00:00,gpu3_benchmark,3,nocp_s2048_e2048,correctness,2048,2048,2048,0,0,True,,,,,6.969
2026-05-13T21:32:15.934129+00:00,gpu3_benchmark,3,nocp_s2048_e2048,benchmark,2048,2048,2048,0,0,True,3510.1,48.8,48.8,48.8,8.440
2026-05-13T21:32:15.934129+00:00,gpu3_benchmark,3,nocp_s2048_e2048,benchmark,8192,2048,2048,0,0,True,4526.78,202.78,202.78,202.78,8.440
2026-05-13T21:32:15.934129+00:00,gpu3_benchmark,3,nocp_s2048_e2048,benchmark,32768,2048,2048,0,0,True,9476.26,995.92,995.92,995.92,8.440
2026-05-13T21:32:24.374629+00:00,gpu3_benchmark,3,nocp_s2048_e2048,benchmark,65536,2048,2048,0,0,True,17708.01,2184.65,2184.65,2184.65,9.482
2026-05-13T21:32:33.856805+00:00,gpu3_benchmark,3,nocp_s2048_e2048,benchmark,131072,2048,2048,0,0,False,,,,,5.300
2026-05-13T21:32:39.157482+00:00,gpu3_benchmark,3,ckpt_s8192_e8192,correctness,2048,8192,8192,1,0,True,,,,,8.016
2026-05-13T21:32:47.173381+00:00,gpu3_benchmark,3,ckpt_s8192_e8192,benchmark,2048,8192,8192,1,0,True,3432.23,52.43,52.43,52.43,7.340
2026-05-13T21:32:47.173381+00:00,gpu3_benchmark,3,ckpt_s8192_e8192,benchmark,8192,8192,8192,1,0,True,4012.63,80.58,80.58,80.58,7.340
2026-05-13T21:32:47.173381+00:00,gpu3_benchmark,3,ckpt_s8192_e8192,benchmark,32768,8192,8192,1,0,True,6814.85,359.75,359.75,359.75,7.340
2026-05-13T21:32:54.514245+00:00,gpu3_benchmark,3,ckpt_s8192_e8192,benchmark,65536,8192,8192,1,0,True,11272.01,745.5,745.5,745.5,6.636
2026-05-13T21:33:01.150834+00:00,gpu3_benchmark,3,ckpt_s8192_e8192,benchmark,131072,8192,8192,1,0,True,21303.26,1668.96,1668.96,1668.96,8.930
2026-05-13T21:33:10.081594+00:00,gpu3_benchmark,3,ckpt_s16384_e4096,correctness,2048,16384,4096,1,0,True,,,,,7.320
2026-05-13T21:33:17.401934+00:00,gpu3_benchmark,3,ckpt_s16384_e4096,benchmark,2048,16384,4096,1,0,True,3432.23,61.28,61.28,61.28,8.198
2026-05-13T21:33:17.401934+00:00,gpu3_benchmark,3,ckpt_s16384_e4096,benchmark,8192,16384,4096,1,0,True,4092.77,142.18,142.18,142.18,8.198
2026-05-13T21:33:17.401934+00:00,gpu3_benchmark,3,ckpt_s16384_e4096,benchmark,32768,16384,4096,1,0,True,6894.87,605.11,605.11,605.11,8.198
2026-05-13T21:33:25.600435+00:00,gpu3_benchmark,3,ckpt_s16384_e4096,benchmark,65536,16384,4096,1,0,True,11272.01,1290.35,1290.35,1290.35,7.274
2026-05-13T21:33:32.875072+00:00,gpu3_benchmark,3,ckpt_s16384_e4096,benchmark,131072,16384,4096,1,0,False,,,,,8.489
2026-05-13T21:33:41.364909+00:00,gpu3_benchmark,3,ckpt_s8192_e4096,correctness,2048,8192,4096,1,0,True,,,,,7.738
2026-05-13T21:33:49.103366+00:00,gpu3_benchmark,3,ckpt_s8192_e4096,benchmark,2048,8192,4096,1,0,True,3432.23,59.81,59.81,59.81,7.840
2026-05-13T21:33:49.103366+00:00,gpu3_benchmark,3,ckpt_s8192_e4096,benchmark,8192,8192,4096,1,0,True,4092.77,136.61,136.61,136.61,7.840
2026-05-13T21:33:49.103366+00:00,gpu3_benchmark,3,ckpt_s8192_e4096,benchmark,32768,8192,4096,1,0,True,6894.87,610.5,610.5,610.5,7.840
2026-05-13T21:33:56.943557+00:00,gpu3_benchmark,3,ckpt_s8192_e4096,benchmark,65536,8192,4096,1,0,True,11272.01,1316.06,1316.06,1316.06,7.383
2026-05-13T21:34:04.326737+00:00,gpu3_benchmark,3,ckpt_s8192_e4096,benchmark,131072,8192,4096,1,0,False,,,,,8.034
2026-05-13T21:34:12.361666+00:00,gpu3_benchmark,3,ckpt_s4096_e4096,correctness,2048,4096,4096,1,0,True,,,,,7.458
2026-05-13T21:34:19.820031+00:00,gpu3_benchmark,3,ckpt_s4096_e4096,benchmark,2048,4096,4096,1,0,True,3432.23,61.94,61.94,61.94,8.342
2026-05-13T21:34:19.820031+00:00,gpu3_benchmark,3,ckpt_s4096_e4096,benchmark,8192,4096,4096,1,0,True,4092.77,137.04,137.04,137.04,8.342
2026-05-13T21:34:19.820031+00:00,gpu3_benchmark,3,ckpt_s4096_e4096,benchmark,32768,4096,4096,1,0,True,6894.87,600.82,600.82,600.82,8.342
2026-05-13T21:34:28.162520+00:00,gpu3_benchmark,3,ckpt_s4096_e4096,benchmark,65536,4096,4096,1,0,True,11272.01,1325.36,1325.36,1325.36,8.245
2026-05-13T21:34:36.407948+00:00,gpu3_benchmark,3,ckpt_s4096_e4096,benchmark,131072,4096,4096,1,0,False,,,,,8.753
2026-05-13T21:34:45.161744+00:00,gpu3_benchmark,3,ckpt_s8192_e2048,correctness,2048,8192,2048,1,0,True,,,,,7.554
2026-05-13T21:34:52.716342+00:00,gpu3_benchmark,3,ckpt_s8192_e2048,benchmark,2048,8192,2048,1,0,True,3432.23,61.38,61.38,61.38,9.340
2026-05-13T21:34:52.716342+00:00,gpu3_benchmark,3,ckpt_s8192_e2048,benchmark,8192,8192,2048,1,0,True,4132.78,251.76,251.76,251.76,9.340
2026-05-13T21:34:52.716342+00:00,gpu3_benchmark,3,ckpt_s8192_e2048,benchmark,32768,8192,2048,1,0,True,6934.88,1041.02,1041.02,1041.02,9.340
2026-05-13T21:35:02.056631+00:00,gpu3_benchmark,3,ckpt_s8192_e2048,benchmark,65536,8192,2048,1,0,True,11272.01,2254.35,2254.35,2254.35,9.967
2026-05-13T21:35:12.024038+00:00,gpu3_benchmark,3,ckpt_s8192_e2048,benchmark,131072,8192,2048,1,0,False,,,,,5.462
2026-05-13T21:35:17.486279+00:00,gpu3_benchmark,3,ckpt_s4096_e2048,correctness,2048,4096,2048,1,0,True,,,,,7.916
2026-05-13T21:35:25.403047+00:00,gpu3_benchmark,3,ckpt_s4096_e2048,benchmark,2048,4096,2048,1,0,True,3432.23,59.02,59.02,59.02,9.549
2026-05-13T21:35:25.403047+00:00,gpu3_benchmark,3,ckpt_s4096_e2048,benchmark,8192,4096,2048,1,0,True,4132.78,245.86,245.86,245.86,9.549
2026-05-13T21:35:25.403047+00:00,gpu3_benchmark,3,ckpt_s4096_e2048,benchmark,32768,4096,2048,1,0,True,6934.88,1078.59,1078.59,1078.59,9.549
2026-05-13T21:35:34.952921+00:00,gpu3_benchmark,3,ckpt_s4096_e2048,benchmark,65536,4096,2048,1,0,True,11272.01,2259.04,2259.04,2259.04,9.726
2026-05-13T21:35:44.679147+00:00,gpu3_benchmark,3,ckpt_s4096_e2048,benchmark,131072,4096,2048,1,0,False,,,,,5.438
2026-05-13T21:35:50.117615+00:00,gpu3_benchmark,3,ckpt_s2048_e2048,correctness,2048,2048,2048,1,0,True,,,,,7.066
2026-05-13T21:35:57.183557+00:00,gpu3_benchmark,3,ckpt_s2048_e2048,benchmark,2048,2048,2048,1,0,True,3432.23,59.94,59.94,59.94,10.032
2026-05-13T21:35:57.183557+00:00,gpu3_benchmark,3,ckpt_s2048_e2048,benchmark,8192,2048,2048,1,0,True,4132.78,237.76,237.76,237.76,10.032
2026-05-13T21:35:57.183557+00:00,gpu3_benchmark,3,ckpt_s2048_e2048,benchmark,32768,2048,2048,1,0,True,6934.88,1063.34,1063.34,1063.34,10.032
2026-05-13T21:36:07.216286+00:00,gpu3_benchmark,3,ckpt_s2048_e2048,benchmark,65536,2048,2048,1,0,True,11272.01,2302.77,2302.77,2302.77,9.924
2026-05-13T21:36:17.140221+00:00,gpu3_benchmark,3,ckpt_s2048_e2048,benchmark,131072,2048,2048,1,0,False,,,,,5.551
2026-05-13T21:36:22.691396+00:00,gpu3_benchmark,3,ckpt_s4096_e1024,correctness,2048,4096,1024,1,0,True,,,,,7.565
2026-05-13T21:36:30.257113+00:00,gpu3_benchmark,3,ckpt_s4096_e1024,benchmark,2048,4096,1024,1,0,True,3453.26,220.79,220.79,220.79,11.678
2026-05-13T21:36:30.257113+00:00,gpu3_benchmark,3,ckpt_s4096_e1024,benchmark,8192,4096,1024,1,0,True,4153.79,447.57,447.57,447.57,11.678
2026-05-13T21:36:30.257113+00:00,gpu3_benchmark,3,ckpt_s4096_e1024,benchmark,32768,4096,1024,1,0,True,6955.88,1963.09,1963.09,1963.09,11.678
2026-05-13T21:36:41.935017+00:00,gpu3_benchmark,3,ckpt_s4096_e1024,benchmark,65536,4096,1024,1,0,True,11272.51,4192.98,4192.98,4192.98,13.580
2026-05-13T21:36:55.515165+00:00,gpu3_benchmark,3,ckpt_s4096_e1024,benchmark,131072,4096,1024,1,0,True,21314.76,10080.03,10080.03,10080.03,25.558
2026-05-13T21:37:21.073886+00:00,gpu3_benchmark,3,ckpt_s2048_e1024,correctness,2048,2048,1024,1,0,True,,,,,7.028
2026-05-13T21:37:28.102471+00:00,gpu3_benchmark,3,ckpt_s2048_e1024,benchmark,2048,2048,1024,1,0,True,3453.26,224.05,224.05,224.05,11.974
2026-05-13T21:37:28.102471+00:00,gpu3_benchmark,3,ckpt_s2048_e1024,benchmark,8192,2048,1024,1,0,True,4153.79,447.92,447.92,447.92,11.974
2026-05-13T21:37:28.102471+00:00,gpu3_benchmark,3,ckpt_s2048_e1024,benchmark,32768,2048,1024,1,0,True,6955.88,1966.09,1966.09,1966.09,11.974
2026-05-13T21:37:40.076500+00:00,gpu3_benchmark,3,ckpt_s2048_e1024,benchmark,65536,2048,1024,1,0,True,11272.51,4377.16,4377.16,4377.16,13.585
2026-05-13T21:37:53.661352+00:00,gpu3_benchmark,3,ckpt_s2048_e1024,benchmark,131072,2048,1024,1,0,False,,,,,16.702
2026-05-13T21:38:10.364032+00:00,gpu3_benchmark,3,ckpt_s1024_e1024,correctness,2048,1024,1024,1,0,True,,,,,7.615
2026-05-13T21:38:17.979817+00:00,gpu3_benchmark,3,ckpt_s1024_e1024,benchmark,2048,1024,1024,1,0,True,3452.26,108.31,108.31,108.31,11.313
2026-05-13T21:38:17.979817+00:00,gpu3_benchmark,3,ckpt_s1024_e1024,benchmark,8192,1024,1024,1,0,True,4152.79,450.02,450.02,450.02,11.313
2026-05-13T21:38:17.979817+00:00,gpu3_benchmark,3,ckpt_s1024_e1024,benchmark,32768,1024,1024,1,0,True,6954.88,1971.32,1971.32,1971.32,11.313
2026-05-13T21:38:29.292899+00:00,gpu3_benchmark,3,ckpt_s1024_e1024,benchmark,65536,1024,1024,1,0,True,11272.01,4364.79,4364.79,4364.79,13.852
2026-05-13T21:38:43.144776+00:00,gpu3_benchmark,3,ckpt_s1024_e1024,benchmark,131072,1024,1024,1,0,False,,,,,16.965
2026-05-13T21:39:00.110677+00:00,gpu3_benchmark,3,nocp_s8192_e8192,correctness,2048,8192,8192,0,0,True,,,,,6.761
2026-05-13T21:39:06.872321+00:00,gpu3_benchmark,3,nocp_s8192_e8192,benchmark,2048,8192,8192,0,0,True,3510.1,56.95,56.95,56.95,6.913
2026-05-13T21:39:06.872321+00:00,gpu3_benchmark,3,nocp_s8192_e8192,benchmark,8192,8192,8192,0,0,True,4300.63,87.05,87.05,87.05,6.913
2026-05-13T21:39:06.872321+00:00,gpu3_benchmark,3,nocp_s8192_e8192,benchmark,32768,8192,8192,0,0,True,9328.38,362.53,362.53,362.53,6.913
2026-05-13T21:39:13.785371+00:00,gpu3_benchmark,3,nocp_s8192_e8192,benchmark,65536,8192,8192,0,0,True,17416.01,793.18,793.18,793.18,6.782
2026-05-13T21:39:20.567252+00:00,gpu3_benchmark,3,nocp_s8192_e8192,benchmark,131072,8192,8192,0,0,False,,,,,4.557
2026-05-13T21:39:25.124866+00:00,gpu3_benchmark,3,nocp_s8192_e4096,correctness,2048,8192,4096,0,0,True,,,,,7.123
2026-05-13T21:39:32.248060+00:00,gpu3_benchmark,3,nocp_s8192_e4096,benchmark,2048,8192,4096,0,0,True,3510.1,54.4,54.4,54.4,7.139
2026-05-13T21:39:32.248060+00:00,gpu3_benchmark,3,nocp_s8192_e4096,benchmark,8192,8192,4096,0,0,True,4428.77,137.0,137.0,137.0,7.139
2026-05-13T21:39:32.248060+00:00,gpu3_benchmark,3,nocp_s8192_e4096,benchmark,32768,8192,4096,0,0,True,9328.38,572.67,572.67,572.67,7.139
2026-05-13T21:39:39.387924+00:00,gpu3_benchmark,3,nocp_s8192_e4096,benchmark,65536,8192,4096,0,0,True,17416.01,1252.46,1252.46,1252.46,7.237
2026-05-13T21:39:46.625058+00:00,gpu3_benchmark,3,nocp_s8192_e4096,benchmark,131072,8192,4096,0,0,False,,,,,4.707
2026-05-13T21:39:51.332410+00:00,gpu3_benchmark,3,nocp_s4096_e4096,correctness,2048,4096,4096,0,0,True,,,,,6.719
2026-05-13T21:39:58.052118+00:00,gpu3_benchmark,3,nocp_s4096_e4096,benchmark,2048,4096,4096,0,0,True,3510.1,56.6,56.6,56.6,7.209
2026-05-13T21:39:58.052118+00:00,gpu3_benchmark,3,nocp_s4096_e4096,benchmark,8192,4096,4096,0,0,True,4428.77,128.61,128.61,128.61,7.209
2026-05-13T21:39:58.052118+00:00,gpu3_benchmark,3,nocp_s4096_e4096,benchmark,32768,4096,4096,0,0,True,9328.38,581.02,581.02,581.02,7.209
2026-05-13T21:40:05.261605+00:00,gpu3_benchmark,3,nocp_s4096_e4096,benchmark,65536,4096,4096,0,0,True,17416.01,1269.75,1269.75,1269.75,6.987
2026-05-13T21:40:12.248932+00:00,gpu3_benchmark,3,nocp_s4096_e4096,benchmark,131072,4096,4096,0,0,False,,,,,4.980
2026-05-13T21:40:17.229327+00:00,gpu3_benchmark,3,nocp_s4096_e2048,correctness,2048,4096,2048,0,0,True,,,,,7.253
2026-05-13T21:40:24.482308+00:00,gpu3_benchmark,3,nocp_s4096_e2048,benchmark,2048,4096,2048,0,0,True,3510.1,56.2,56.2,56.2,8.617
2026-05-13T21:40:24.482308+00:00,gpu3_benchmark,3,nocp_s4096_e2048,benchmark,8192,4096,2048,0,0,True,4525.78,228.44,228.44,228.44,8.617
2026-05-13T21:40:24.482308+00:00,gpu3_benchmark,3,nocp_s4096_e2048,benchmark,32768,4096,2048,0,0,True,9474.26,1003.22,1003.22,1003.22,8.617
2026-05-13T21:40:33.100023+00:00,gpu3_benchmark,3,nocp_s4096_e2048,benchmark,65536,4096,2048,0,0,True,17708.01,2174.54,2174.54,2174.54,8.644
2026-05-13T21:40:41.744692+00:00,gpu3_benchmark,3,nocp_s4096_e2048,benchmark,131072,4096,2048,0,0,False,,,,,4.858
2026-05-13T21:40:46.603179+00:00,gpu3_benchmark,3,nocp_s2048_e2048,correctness,2048,2048,2048,0,0,True,,,,,7.028
2026-05-13T21:40:53.631196+00:00,gpu3_benchmark,3,nocp_s2048_e2048,benchmark,2048,2048,2048,0,0,True,3510.1,56.27,56.27,56.27,8.167
2026-05-13T21:40:53.631196+00:00,gpu3_benchmark,3,nocp_s2048_e2048,benchmark,8192,2048,2048,0,0,True,4526.78,225.36,225.36,225.36,8.167
2026-05-13T21:40:53.631196+00:00,gpu3_benchmark,3,nocp_s2048_e2048,benchmark,32768,2048,2048,0,0,True,9476.26,1005.74,1005.74,1005.74,8.167
2026-05-13T21:41:01.798781+00:00,gpu3_benchmark,3,nocp_s2048_e2048,benchmark,65536,2048,2048,0,0,True,17708.01,2212.76,2212.76,2212.76,9.226
2026-05-13T21:41:11.024667+00:00,gpu3_benchmark,3,nocp_s2048_e2048,benchmark,131072,2048,2048,0,0,False,,,,,4.882
2026-05-13T21:41:15.906862+00:00,gpu3_benchmark,3,ckpt_s8192_e8192,correctness,2048,8192,8192,1,0,True,,,,,7.533
2026-05-13T21:41:23.439999+00:00,gpu3_benchmark,3,ckpt_s8192_e8192,benchmark,2048,8192,8192,1,0,True,3432.23,58.11,58.11,58.11,7.962
2026-05-13T21:41:23.439999+00:00,gpu3_benchmark,3,ckpt_s8192_e8192,benchmark,8192,8192,8192,1,0,True,4012.63,96.14,96.14,96.14,7.962
2026-05-13T21:41:23.439999+00:00,gpu3_benchmark,3,ckpt_s8192_e8192,benchmark,32768,8192,8192,1,0,True,6814.85,390.78,390.78,390.78,7.962
2026-05-13T21:41:31.402365+00:00,gpu3_benchmark,3,ckpt_s8192_e8192,benchmark,65536,8192,8192,1,0,True,11272.01,836.55,836.55,836.55,6.642
2026-05-13T21:41:38.044648+00:00,gpu3_benchmark,3,ckpt_s8192_e8192,benchmark,131072,8192,8192,1,0,True,21303.26,1878.93,1878.93,1878.93,8.749
2026-05-13T21:41:46.793612+00:00,gpu3_benchmark,3,ckpt_s16384_e4096,correctness,2048,16384,4096,1,0,True,,,,,7.244
2026-05-13T21:41:54.037401+00:00,gpu3_benchmark,3,ckpt_s16384_e4096,benchmark,2048,16384,4096,1,0,True,3432.23,62.99,62.99,62.99,8.256
2026-05-13T21:41:54.037401+00:00,gpu3_benchmark,3,ckpt_s16384_e4096,benchmark,8192,16384,4096,1,0,True,4092.77,138.69,138.69,138.69,8.256
2026-05-13T21:41:54.037401+00:00,gpu3_benchmark,3,ckpt_s16384_e4096,benchmark,32768,16384,4096,1,0,True,6894.87,599.03,599.03,599.03,8.256
2026-05-13T21:42:02.293628+00:00,gpu3_benchmark,3,ckpt_s16384_e4096,benchmark,65536,16384,4096,1,0,True,11272.01,1308.31,1308.31,1308.31,7.356
2026-05-13T21:42:09.649959+00:00,gpu3_benchmark,3,ckpt_s16384_e4096,benchmark,131072,16384,4096,1,0,False,,,,,8.348
2026-05-13T21:42:17.998659+00:00,gpu3_benchmark,3,ckpt_s8192_e4096,correctness,2048,8192,4096,1,0,True,,,,,7.488
2026-05-13T21:42:25.487141+00:00,gpu3_benchmark,3,ckpt_s8192_e4096,benchmark,2048,8192,4096,1,0,True,3432.23,59.12,59.12,59.12,8.204
2026-05-13T21:42:25.487141+00:00,gpu3_benchmark,3,ckpt_s8192_e4096,benchmark,8192,8192,4096,1,0,True,4092.77,124.8,124.8,124.8,8.204
2026-05-13T21:42:25.487141+00:00,gpu3_benchmark,3,ckpt_s8192_e4096,benchmark,32768,8192,4096,1,0,True,6894.87,537.38,537.38,537.38,8.204
2026-05-13T21:42:33.691450+00:00,gpu3_benchmark,3,ckpt_s8192_e4096,benchmark,65536,8192,4096,1,0,True,11272.01,1291.36,1291.36,1291.36,8.673
2026-05-13T21:42:42.365223+00:00,gpu3_benchmark,3,ckpt_s8192_e4096,benchmark,131072,8192,4096,1,0,False,,,,,9.099
2026-05-13T21:42:51.464273+00:00,gpu3_benchmark,3,ckpt_s4096_e4096,correctness,2048,4096,4096,1,0,True,,,,,7.825
2026-05-13T21:42:59.289753+00:00,gpu3_benchmark,3,ckpt_s4096_e4096,benchmark,2048,4096,4096,1,0,True,3432.23,51.09,51.09,51.09,7.949
2026-05-13T21:42:59.289753+00:00,gpu3_benchmark,3,ckpt_s4096_e4096,benchmark,8192,4096,4096,1,0,True,4092.77,123.53,123.53,123.53,7.949
2026-05-13T21:42:59.289753+00:00,gpu3_benchmark,3,ckpt_s4096_e4096,benchmark,32768,4096,4096,1,0,True,6894.87,599.63,599.63,599.63,7.949
2026-05-13T21:43:07.239665+00:00,gpu3_benchmark,3,ckpt_s4096_e4096,benchmark,65536,4096,4096,1,0,True,11272.01,1307.81,1307.81,1307.81,8.517
2026-05-13T21:43:15.756865+00:00,gpu3_benchmark,3,ckpt_s4096_e4096,benchmark,131072,4096,4096,1,0,False,,,,,9.015
2026-05-13T21:43:24.772091+00:00,gpu3_benchmark,3,ckpt_s8192_e2048,correctness,2048,8192,2048,1,0,True,,,,,6.781
2026-05-13T21:43:31.553862+00:00,gpu3_benchmark,3,ckpt_s8192_e2048,benchmark,2048,8192,2048,1,0,True,3432.23,52.33,52.33,52.33,9.341
2026-05-13T21:43:31.553862+00:00,gpu3_benchmark,3,ckpt_s8192_e2048,benchmark,8192,8192,2048,1,0,True,4132.78,220.65,220.65,220.65,9.341
2026-05-13T21:43:31.553862+00:00,gpu3_benchmark,3,ckpt_s8192_e2048,benchmark,32768,8192,2048,1,0,True,6934.88,928.25,928.25,928.25,9.341
2026-05-13T21:43:40.894910+00:00,gpu3_benchmark,3,ckpt_s8192_e2048,benchmark,65536,8192,2048,1,0,True,11272.01,2034.31,2034.31,2034.31,9.009
2026-05-13T21:43:49.904347+00:00,gpu3_benchmark,3,ckpt_s8192_e2048,benchmark,131072,8192,2048,1,0,False,,,,,5.948
2026-05-13T21:43:55.852759+00:00,gpu3_benchmark,3,ckpt_s4096_e2048,correctness,2048,4096,2048,1,0,True,,,,,7.554
2026-05-13T21:44:03.407316+00:00,gpu3_benchmark,3,ckpt_s4096_e2048,benchmark,2048,4096,2048,1,0,True,3432.23,62.57,62.57,62.57,9.781
2026-05-13T21:44:03.407316+00:00,gpu3_benchmark,3,ckpt_s4096_e2048,benchmark,8192,4096,2048,1,0,True,4132.78,241.26,241.26,241.26,9.781
2026-05-13T21:44:03.407316+00:00,gpu3_benchmark,3,ckpt_s4096_e2048,benchmark,32768,4096,2048,1,0,True,6934.88,1066.03,1066.03,1066.03,9.781
2026-05-13T21:44:13.188308+00:00,gpu3_benchmark,3,ckpt_s4096_e2048,benchmark,65536,4096,2048,1,0,True,11272.01,2267.56,2267.56,2267.56,9.604
2026-05-13T21:44:22.793113+00:00,gpu3_benchmark,3,ckpt_s4096_e2048,benchmark,131072,4096,2048,1,0,False,,,,,5.834
2026-05-13T21:44:28.627481+00:00,gpu3_benchmark,3,ckpt_s2048_e2048,correctness,2048,2048,2048,1,0,True,,,,,7.600
2026-05-13T21:44:36.227731+00:00,gpu3_benchmark,3,ckpt_s2048_e2048,benchmark,2048,2048,2048,1,0,True,3432.23,60.82,60.82,60.82,9.035
2026-05-13T21:44:36.227731+00:00,gpu3_benchmark,3,ckpt_s2048_e2048,benchmark,8192,2048,2048,1,0,True,4132.78,246.35,246.35,246.35,9.035
2026-05-13T21:44:36.227731+00:00,gpu3_benchmark,3,ckpt_s2048_e2048,benchmark,32768,2048,2048,1,0,True,6934.88,1058.32,1058.32,1058.32,9.035
2026-05-13T21:44:45.262759+00:00,gpu3_benchmark,3,ckpt_s2048_e2048,benchmark,65536,2048,2048,1,0,True,11272.01,2324.19,2324.19,2324.19,9.744
2026-05-13T21:44:55.007210+00:00,gpu3_benchmark,3,ckpt_s2048_e2048,benchmark,131072,2048,2048,1,0,False,,,,,5.942
2026-05-13T21:45:00.949873+00:00,gpu3_benchmark,3,ckpt_s4096_e1024,correctness,2048,4096,1024,1,0,True,,,,,7.998
2026-05-13T21:45:08.947827+00:00,gpu3_benchmark,3,ckpt_s4096_e1024,benchmark,2048,4096,1024,1,0,True,3453.26,265.07,265.07,265.07,11.961
2026-05-13T21:45:08.947827+00:00,gpu3_benchmark,3,ckpt_s4096_e1024,benchmark,8192,4096,1024,1,0,True,4153.79,447.7,447.7,447.7,11.961
2026-05-13T21:45:08.947827+00:00,gpu3_benchmark,3,ckpt_s4096_e1024,benchmark,32768,4096,1024,1,0,True,6955.88,1928.03,1928.03,1928.03,11.961
2026-05-13T21:45:20.909048+00:00,gpu3_benchmark,3,ckpt_s4096_e1024,benchmark,65536,4096,1024,1,0,True,11272.51,4208.38,4208.38,4208.38,13.858
2026-05-13T21:45:34.767157+00:00,gpu3_benchmark,3,ckpt_s4096_e1024,benchmark,131072,4096,1024,1,0,True,21314.76,10001.09,10001.09,10001.09,25.475
2026-05-13T21:46:00.242724+00:00,gpu3_benchmark,3,ckpt_s2048_e1024,correctness,2048,2048,1024,1,0,True,,,,,7.589
2026-05-13T21:46:07.832120+00:00,gpu3_benchmark,3,ckpt_s2048_e1024,benchmark,2048,2048,1024,1,0,True,3453.26,280.4,280.4,280.4,12.042
2026-05-13T21:46:07.832120+00:00,gpu3_benchmark,3,ckpt_s2048_e1024,benchmark,8192,2048,1024,1,0,True,4153.79,446.13,446.13,446.13,12.042
2026-05-13T21:46:07.832120+00:00,gpu3_benchmark,3,ckpt_s2048_e1024,benchmark,32768,2048,1024,1,0,True,6955.88,1952.4,1952.4,1952.4,12.042
2026-05-13T21:46:19.874124+00:00,gpu3_benchmark,3,ckpt_s2048_e1024,benchmark,65536,2048,1024,1,0,True,11272.51,4280.61,4280.61,4280.61,14.115
2026-05-13T21:46:33.989846+00:00,gpu3_benchmark,3,ckpt_s2048_e1024,benchmark,131072,2048,1024,1,0,False,,,,,16.385
2026-05-13T21:46:50.374927+00:00,gpu3_benchmark,3,ckpt_s1024_e1024,correctness,2048,1024,1024,1,0,True,,,,,7.612
2026-05-13T21:46:57.986789+00:00,gpu3_benchmark,3,ckpt_s1024_e1024,benchmark,2048,1024,1024,1,0,True,3452.26,112.52,112.52,112.52,11.486
2026-05-13T21:46:57.986789+00:00,gpu3_benchmark,3,ckpt_s1024_e1024,benchmark,8192,1024,1024,1,0,True,4152.79,449.85,449.85,449.85,11.486
2026-05-13T21:46:57.986789+00:00,gpu3_benchmark,3,ckpt_s1024_e1024,benchmark,32768,1024,1024,1,0,True,6954.88,2008.94,2008.94,2008.94,11.486
2026-05-13T21:47:09.473381+00:00,gpu3_benchmark,3,ckpt_s1024_e1024,benchmark,65536,1024,1024,1,0,True,11272.01,4353.01,4353.01,4353.01,14.130
2026-05-13T21:47:23.603420+00:00,gpu3_benchmark,3,ckpt_s1024_e1024,benchmark,131072,1024,1024,1,0,False,,,,,16.453
2026-05-13T21:47:40.056484+00:00,gpu3_benchmark,3,nocp_s8192_e8192,correctness,2048,8192,8192,0,0,True,,,,,7.026
2026-05-13T21:47:47.083199+00:00,gpu3_benchmark,3,nocp_s8192_e8192,benchmark,2048,8192,8192,0,0,True,3510.1,57.61,57.61,57.61,6.862
2026-05-13T21:47:47.083199+00:00,gpu3_benchmark,3,nocp_s8192_e8192,benchmark,8192,8192,8192,0,0,True,4300.63,85.61,85.61,85.61,6.862
2026-05-13T21:47:47.083199+00:00,gpu3_benchmark,3,nocp_s8192_e8192,benchmark,32768,8192,8192,0,0,True,9328.38,364.3,364.3,364.3,6.862
2026-05-13T21:47:53.945975+00:00,gpu3_benchmark,3,nocp_s8192_e8192,benchmark,65536,8192,8192,0,0,True,17416.01,783.42,783.42,783.42,6.045
2026-05-13T21:47:59.991411+00:00,gpu3_benchmark,3,nocp_s8192_e8192,benchmark,131072,8192,8192,0,0,False,,,,,4.401
2026-05-13T21:48:04.393378+00:00,gpu3_benchmark,3,nocp_s8192_e4096,correctness,2048,8192,4096,0,0,True,,,,,6.886
2026-05-13T21:48:11.279851+00:00,gpu3_benchmark,3,nocp_s8192_e4096,benchmark,2048,8192,4096,0,0,True,3510.1,58.05,58.05,58.05,7.183
2026-05-13T21:48:11.279851+00:00,gpu3_benchmark,3,nocp_s8192_e4096,benchmark,8192,8192,4096,0,0,True,4428.77,128.73,128.73,128.73,7.183
2026-05-13T21:48:11.279851+00:00,gpu3_benchmark,3,nocp_s8192_e4096,benchmark,32768,8192,4096,0,0,True,9328.38,572.56,572.56,572.56,7.183
2026-05-13T21:48:18.463760+00:00,gpu3_benchmark,3,nocp_s8192_e4096,benchmark,65536,8192,4096,0,0,True,17416.01,1249.11,1249.11,1249.11,7.036
2026-05-13T21:48:25.500002+00:00,gpu3_benchmark,3,nocp_s8192_e4096,benchmark,131072,8192,4096,0,0,False,,,,,4.397
2026-05-13T21:48:29.897926+00:00,gpu3_benchmark,3,nocp_s4096_e4096,correctness,2048,4096,4096,0,0,True,,,,,6.608
2026-05-13T21:48:36.506224+00:00,gpu3_benchmark,3,nocp_s4096_e4096,benchmark,2048,4096,4096,0,0,True,3510.1,53.31,53.31,53.31,7.087
2026-05-13T21:48:36.506224+00:00,gpu3_benchmark,3,nocp_s4096_e4096,benchmark,8192,4096,4096,0,0,True,4428.77,137.49,137.49,137.49,7.087
2026-05-13T21:48:36.506224+00:00,gpu3_benchmark,3,nocp_s4096_e4096,benchmark,32768,4096,4096,0,0,True,9328.38,575.51,575.51,575.51,7.087
2026-05-13T21:48:43.593769+00:00,gpu3_benchmark,3,nocp_s4096_e4096,benchmark,65536,4096,4096,0,0,True,17416.01,1264.06,1264.06,1264.06,7.053
2026-05-13T21:48:50.646671+00:00,gpu3_benchmark,3,nocp_s4096_e4096,benchmark,131072,4096,4096,0,0,False,,,,,4.513
2026-05-13T21:48:55.160225+00:00,gpu3_benchmark,3,nocp_s4096_e2048,correctness,2048,4096,2048,0,0,True,,,,,6.749
2026-05-13T21:49:01.909421+00:00,gpu3_benchmark,3,nocp_s4096_e2048,benchmark,2048,4096,2048,0,0,True,3510.1,54.88,54.88,54.88,8.050
2026-05-13T21:49:01.909421+00:00,gpu3_benchmark,3,nocp_s4096_e2048,benchmark,8192,4096,2048,0,0,True,4525.78,238.75,238.75,238.75,8.050
2026-05-13T21:49:01.909421+00:00,gpu3_benchmark,3,nocp_s4096_e2048,benchmark,32768,4096,2048,0,0,True,9474.26,1016.69,1016.69,1016.69,8.050
2026-05-13T21:49:09.959901+00:00,gpu3_benchmark,3,nocp_s4096_e2048,benchmark,65536,4096,2048,0,0,True,17708.01,2184.65,2184.65,2184.65,8.898
2026-05-13T21:49:18.858205+00:00,gpu3_benchmark,3,nocp_s4096_e2048,benchmark,131072,4096,2048,0,0,False,,,,,4.413
2026-05-13T21:49:23.272129+00:00,gpu3_benchmark,3,nocp_s2048_e2048,correctness,2048,2048,2048,0,0,True,,,,,7.075
2026-05-13T21:49:30.346977+00:00,gpu3_benchmark,3,nocp_s2048_e2048,benchmark,2048,2048,2048,0,0,True,3510.1,63.68,63.68,63.68,9.006
2026-05-13T21:49:30.346977+00:00,gpu3_benchmark,3,nocp_s2048_e2048,benchmark,8192,2048,2048,0,0,True,4526.78,227.75,227.75,227.75,9.006
2026-05-13T21:49:30.346977+00:00,gpu3_benchmark,3,nocp_s2048_e2048,benchmark,32768,2048,2048,0,0,True,9476.26,998.11,998.11,998.11,9.006
2026-05-13T21:49:39.353738+00:00,gpu3_benchmark,3,nocp_s2048_e2048,benchmark,65536,2048,2048,0,0,True,17708.01,2217.64,2217.64,2217.64,9.099
2026-05-13T21:49:48.453013+00:00,gpu3_benchmark,3,nocp_s2048_e2048,benchmark,131072,2048,2048,0,0,False,,,,,5.038
2026-05-13T21:49:53.491368+00:00,gpu3_benchmark,3,ckpt_s8192_e8192,correctness,2048,8192,8192,1,0,True,,,,,7.308
2026-05-13T21:50:00.799935+00:00,gpu3_benchmark,3,ckpt_s8192_e8192,benchmark,2048,8192,8192,1,0,True,3432.23,61.99,61.99,61.99,7.565
2026-05-13T21:50:00.799935+00:00,gpu3_benchmark,3,ckpt_s8192_e8192,benchmark,8192,8192,8192,1,0,True,4012.63,89.02,89.02,89.02,7.565
2026-05-13T21:50:00.799935+00:00,gpu3_benchmark,3,ckpt_s8192_e8192,benchmark,32768,8192,8192,1,0,True,6814.85,389.11,389.11,389.11,7.565
2026-05-13T21:50:08.365564+00:00,gpu3_benchmark,3,ckpt_s8192_e8192,benchmark,65536,8192,8192,1,0,True,11272.01,843.31,843.31,843.31,6.235
2026-05-13T21:50:14.601285+00:00,gpu3_benchmark,3,ckpt_s8192_e8192,benchmark,131072,8192,8192,1,0,True,21303.26,1880.2,1880.2,1880.2,8.549
2026-05-13T21:50:23.150314+00:00,gpu3_benchmark,3,ckpt_s16384_e4096,correctness,2048,16384,4096,1,0,True,,,,,6.908
2026-05-13T21:50:30.059038+00:00,gpu3_benchmark,3,ckpt_s16384_e4096,benchmark,2048,16384,4096,1,0,True,3432.23,58.26,58.26,58.26,7.744
2026-05-13T21:50:30.059038+00:00,gpu3_benchmark,3,ckpt_s16384_e4096,benchmark,8192,16384,4096,1,0,True,4092.77,135.48,135.48,135.48,7.744
2026-05-13T21:50:30.059038+00:00,gpu3_benchmark,3,ckpt_s16384_e4096,benchmark,32768,16384,4096,1,0,True,6894.87,597.78,597.78,597.78,7.744
2026-05-13T21:50:37.803505+00:00,gpu3_benchmark,3,ckpt_s16384_e4096,benchmark,65536,16384,4096,1,0,True,11272.01,1297.69,1297.69,1297.69,7.925
2026-05-13T21:50:45.729148+00:00,gpu3_benchmark,3,ckpt_s16384_e4096,benchmark,131072,16384,4096,1,0,False,,,,,8.883
2026-05-13T21:50:54.612915+00:00,gpu3_benchmark,3,ckpt_s8192_e4096,correctness,2048,8192,4096,1,0,True,,,,,7.733
2026-05-13T21:51:02.346597+00:00,gpu3_benchmark,3,ckpt_s8192_e4096,benchmark,2048,8192,4096,1,0,True,3432.23,61.09,61.09,61.09,8.306
2026-05-13T21:51:02.346597+00:00,gpu3_benchmark,3,ckpt_s8192_e4096,benchmark,8192,8192,4096,1,0,True,4092.77,144.41,144.41,144.41,8.306
2026-05-13T21:51:02.346597+00:00,gpu3_benchmark,3,ckpt_s8192_e4096,benchmark,32768,8192,4096,1,0,True,6894.87,604.47,604.47,604.47,8.306
2026-05-13T21:51:10.653181+00:00,gpu3_benchmark,3,ckpt_s8192_e4096,benchmark,65536,8192,4096,1,0,True,11272.01,1292.44,1292.44,1292.44,8.023
2026-05-13T21:51:18.676116+00:00,gpu3_benchmark,3,ckpt_s8192_e4096,benchmark,131072,8192,4096,1,0,False,,,,,8.374
2026-05-13T21:51:27.050285+00:00,gpu3_benchmark,3,ckpt_s4096_e4096,correctness,2048,4096,4096,1,0,True,,,,,7.195
2026-05-13T21:51:34.245227+00:00,gpu3_benchmark,3,ckpt_s4096_e4096,benchmark,2048,4096,4096,1,0,True,3432.23,62.59,62.59,62.59,8.469
2026-05-13T21:51:34.245227+00:00,gpu3_benchmark,3,ckpt_s4096_e4096,benchmark,8192,4096,4096,1,0,True,4092.77,139.15,139.15,139.15,8.469
2026-05-13T21:51:34.245227+00:00,gpu3_benchmark,3,ckpt_s4096_e4096,benchmark,32768,4096,4096,1,0,True,6894.87,618.57,618.57,618.57,8.469
2026-05-13T21:51:42.714849+00:00,gpu3_benchmark,3,ckpt_s4096_e4096,benchmark,65536,4096,4096,1,0,True,11272.01,1298.54,1298.54,1298.54,7.641
2026-05-13T21:51:50.355984+00:00,gpu3_benchmark,3,ckpt_s4096_e4096,benchmark,131072,4096,4096,1,0,False,,,,,8.826
2026-05-13T21:51:59.182043+00:00,gpu3_benchmark,3,ckpt_s8192_e2048,correctness,2048,8192,2048,1,0,True,,,,,7.739
2026-05-13T21:52:06.921151+00:00,gpu3_benchmark,3,ckpt_s8192_e2048,benchmark,2048,8192,2048,1,0,True,3432.23,60.37,60.37,60.37,9.714
2026-05-13T21:52:06.921151+00:00,gpu3_benchmark,3,ckpt_s8192_e2048,benchmark,8192,8192,2048,1,0,True,4132.78,240.56,240.56,240.56,9.714
2026-05-13T21:52:06.921151+00:00,gpu3_benchmark,3,ckpt_s8192_e2048,benchmark,32768,8192,2048,1,0,True,6934.88,1071.23,1071.23,1071.23,9.714
2026-05-13T21:52:16.635439+00:00,gpu3_benchmark,3,ckpt_s8192_e2048,benchmark,65536,8192,2048,1,0,True,11272.01,2264.92,2264.92,2264.92,9.549
2026-05-13T21:52:26.184774+00:00,gpu3_benchmark,3,ckpt_s8192_e2048,benchmark,131072,8192,2048,1,0,False,,,,,6.001
2026-05-13T21:52:32.185986+00:00,gpu3_benchmark,3,ckpt_s4096_e2048,correctness,2048,4096,2048,1,0,True,,,,,7.276
2026-05-13T21:52:39.462183+00:00,gpu3_benchmark,3,ckpt_s4096_e2048,benchmark,2048,4096,2048,1,0,True,3432.23,58.59,58.59,58.59,9.415
2026-05-13T21:52:39.462183+00:00,gpu3_benchmark,3,ckpt_s4096_e2048,benchmark,8192,4096,2048,1,0,True,4132.78,241.28,241.28,241.28,9.415
2026-05-13T21:52:39.462183+00:00,gpu3_benchmark,3,ckpt_s4096_e2048,benchmark,32768,4096,2048,1,0,True,6934.88,1065.47,1065.47,1065.47,9.415
2026-05-13T21:52:48.877507+00:00,gpu3_benchmark,3,ckpt_s4096_e2048,benchmark,65536,4096,2048,1,0,True,11272.01,2267.97,2267.97,2267.97,10.171
2026-05-13T21:52:59.048841+00:00,gpu3_benchmark,3,ckpt_s4096_e2048,benchmark,131072,4096,2048,1,0,False,,,,,6.089
2026-05-13T21:53:05.138509+00:00,gpu3_benchmark,3,ckpt_s2048_e2048,correctness,2048,2048,2048,1,0,True,,,,,8.113
2026-05-13T21:53:13.252277+00:00,gpu3_benchmark,3,ckpt_s2048_e2048,benchmark,2048,2048,2048,1,0,True,3432.23,57.67,57.67,57.67,9.204
2026-05-13T21:53:13.252277+00:00,gpu3_benchmark,3,ckpt_s2048_e2048,benchmark,8192,2048,2048,1,0,True,4132.78,242.99,242.99,242.99,9.204
2026-05-13T21:53:13.252277+00:00,gpu3_benchmark,3,ckpt_s2048_e2048,benchmark,32768,2048,2048,1,0,True,6934.88,1043.91,1043.91,1043.91,9.204
2026-05-13T21:53:22.456997+00:00,gpu3_benchmark,3,ckpt_s2048_e2048,benchmark,65536,2048,2048,1,0,True,11272.01,2274.36,2274.36,2274.36,10.203
2026-05-13T21:53:32.660338+00:00,gpu3_benchmark,3,ckpt_s2048_e2048,benchmark,131072,2048,2048,1,0,False,,,,,6.097
2026-05-13T21:53:38.758183+00:00,gpu3_benchmark,3,ckpt_s4096_e1024,correctness,2048,4096,1024,1,0,True,,,,,8.312
2026-05-13T21:53:47.070404+00:00,gpu3_benchmark,3,ckpt_s4096_e1024,benchmark,2048,4096,1024,1,0,True,3453.26,208.64,208.64,208.64,12.464
2026-05-13T21:53:47.070404+00:00,gpu3_benchmark,3,ckpt_s4096_e1024,benchmark,8192,4096,1024,1,0,True,4153.79,447.31,447.31,447.31,12.464
2026-05-13T21:53:47.070404+00:00,gpu3_benchmark,3,ckpt_s4096_e1024,benchmark,32768,4096,1024,1,0,True,6955.88,1969.29,1969.29,1969.29,12.464
2026-05-13T21:53:59.534566+00:00,gpu3_benchmark,3,ckpt_s4096_e1024,benchmark,65536,4096,1024,1,0,True,11272.51,3807.04,3807.04,3807.04,12.678
2026-05-13T21:54:12.213416+00:00,gpu3_benchmark,3,ckpt_s4096_e1024,benchmark,131072,4096,1024,1,0,True,21314.76,10119.93,10119.93,10119.93,24.763
2026-05-13T21:54:36.976599+00:00,gpu3_benchmark,3,ckpt_s2048_e1024,correctness,2048,2048,1024,1,0,True,,,,,7.192
2026-05-13T21:54:44.168613+00:00,gpu3_benchmark,3,ckpt_s2048_e1024,benchmark,2048,2048,1024,1,0,True,3453.26,242.31,242.31,242.31,11.842
2026-05-13T21:54:44.168613+00:00,gpu3_benchmark,3,ckpt_s2048_e1024,benchmark,8192,2048,1024,1,0,True,4153.79,449.69,449.69,449.69,11.842
2026-05-13T21:54:44.168613+00:00,gpu3_benchmark,3,ckpt_s2048_e1024,benchmark,32768,2048,1024,1,0,True,6955.88,1942.98,1942.98,1942.98,11.842
2026-05-13T21:54:56.011414+00:00,gpu3_benchmark,3,ckpt_s2048_e1024,benchmark,65536,2048,1024,1,0,True,11272.51,4328.36,4328.36,4328.36,13.669
2026-05-13T21:55:09.680570+00:00,gpu3_benchmark,3,ckpt_s2048_e1024,benchmark,131072,2048,1024,1,0,False,,,,,15.473
2026-05-13T21:55:25.154224+00:00,gpu3_benchmark,3,ckpt_s1024_e1024,correctness,2048,1024,1024,1,0,True,,,,,7.448
2026-05-13T21:55:32.602854+00:00,gpu3_benchmark,3,ckpt_s1024_e1024,benchmark,2048,1024,1024,1,0,True,3452.26,109.15,109.15,109.15,11.583
2026-05-13T21:55:32.602854+00:00,gpu3_benchmark,3,ckpt_s1024_e1024,benchmark,8192,1024,1024,1,0,True,4152.79,443.26,443.26,443.26,11.583
2026-05-13T21:55:32.602854+00:00,gpu3_benchmark,3,ckpt_s1024_e1024,benchmark,32768,1024,1024,1,0,True,6954.88,1947.7,1947.7,1947.7,11.583
2026-05-13T21:55:44.186158+00:00,gpu3_benchmark,3,ckpt_s1024_e1024,benchmark,65536,1024,1024,1,0,True,11272.01,4341.89,4341.89,4341.89,13.821
2026-05-13T21:55:58.007078+00:00,gpu3_benchmark,3,ckpt_s1024_e1024,benchmark,131072,1024,1024,1,0,False,,,,,16.279
2026-05-13T21:56:14.287117+00:00,gpu3_benchmark,3,nocp_s8192_e8192,correctness,2048,8192,8192,0,0,True,,,,,7.093
2026-05-13T21:56:21.380525+00:00,gpu3_benchmark,3,nocp_s8192_e8192,benchmark,2048,8192,8192,0,0,True,3510.1,55.41,55.41,55.41,6.678
2026-05-13T21:56:21.380525+00:00,gpu3_benchmark,3,nocp_s8192_e8192,benchmark,8192,8192,8192,0,0,True,4300.63,78.51,78.51,78.51,6.678
2026-05-13T21:56:21.380525+00:00,gpu3_benchmark,3,nocp_s8192_e8192,benchmark,32768,8192,8192,0,0,True,9328.38,361.99,361.99,361.99,6.678
2026-05-13T21:56:28.059186+00:00,gpu3_benchmark,3,nocp_s8192_e8192,benchmark,65536,8192,8192,0,0,True,17416.01,794.7,794.7,794.7,6.037
2026-05-13T21:56:34.097026+00:00,gpu3_benchmark,3,nocp_s8192_e8192,benchmark,131072,8192,8192,0,0,False,,,,,4.872
2026-05-13T21:56:38.969422+00:00,gpu3_benchmark,3,nocp_s8192_e4096,correctness,2048,8192,4096,0,0,True,,,,,6.903
2026-05-13T21:56:45.872725+00:00,gpu3_benchmark,3,nocp_s8192_e4096,benchmark,2048,8192,4096,0,0,True,3510.1,53.91,53.91,53.91,7.504
2026-05-13T21:56:45.872725+00:00,gpu3_benchmark,3,nocp_s8192_e4096,benchmark,8192,8192,4096,0,0,True,4428.77,129.8,129.8,129.8,7.504
2026-05-13T21:56:45.872725+00:00,gpu3_benchmark,3,nocp_s8192_e4096,benchmark,32768,8192,4096,0,0,True,9328.38,572.2,572.2,572.2,7.504
2026-05-13T21:56:53.377541+00:00,gpu3_benchmark,3,nocp_s8192_e4096,benchmark,65536,8192,4096,0,0,True,17416.01,1236.51,1236.51,1236.51,6.576
2026-05-13T21:56:59.953437+00:00,gpu3_benchmark,3,nocp_s8192_e4096,benchmark,131072,8192,4096,0,0,False,,,,,4.526
2026-05-13T21:57:04.480381+00:00,gpu3_benchmark,3,nocp_s4096_e4096,correctness,2048,4096,4096,0,0,True,,,,,6.693
2026-05-13T21:57:11.174137+00:00,gpu3_benchmark,3,nocp_s4096_e4096,benchmark,2048,4096,4096,0,0,True,3510.1,53.49,53.49,53.49,6.707
2026-05-13T21:57:11.174137+00:00,gpu3_benchmark,3,nocp_s4096_e4096,benchmark,8192,4096,4096,0,0,True,4428.77,129.83,129.83,129.83,6.707
2026-05-13T21:57:11.174137+00:00,gpu3_benchmark,3,nocp_s4096_e4096,benchmark,32768,4096,4096,0,0,True,9328.38,574.33,574.33,574.33,6.707
2026-05-13T21:57:17.881972+00:00,gpu3_benchmark,3,nocp_s4096_e4096,benchmark,65536,4096,4096,0,0,True,17416.01,1263.16,1263.16,1263.16,6.913
2026-05-13T21:57:24.794952+00:00,gpu3_benchmark,3,nocp_s4096_e4096,benchmark,131072,4096,4096,0,0,False,,,,,4.211
2026-05-13T21:57:29.006740+00:00,gpu3_benchmark,3,nocp_s4096_e2048,correctness,2048,4096,2048,0,0,True,,,,,6.956
2026-05-13T21:57:35.963188+00:00,gpu3_benchmark,3,nocp_s4096_e2048,benchmark,2048,4096,2048,0,0,True,3510.1,58.84,58.84,58.84,8.390
2026-05-13T21:57:35.963188+00:00,gpu3_benchmark,3,nocp_s4096_e2048,benchmark,8192,4096,2048,0,0,True,4525.78,231.81,231.81,231.81,8.390
2026-05-13T21:57:35.963188+00:00,gpu3_benchmark,3,nocp_s4096_e2048,benchmark,32768,4096,2048,0,0,True,9474.26,1004.26,1004.26,1004.26,8.390
2026-05-13T21:57:44.353477+00:00,gpu3_benchmark,3,nocp_s4096_e2048,benchmark,65536,4096,2048,0,0,True,17708.01,2190.15,2190.15,2190.15,9.180
2026-05-13T21:57:53.534233+00:00,gpu3_benchmark,3,nocp_s4096_e2048,benchmark,131072,4096,2048,0,0,False,,,,,4.911
2026-05-13T21:57:58.446203+00:00,gpu3_benchmark,3,nocp_s2048_e2048,correctness,2048,2048,2048,0,0,True,,,,,6.952
2026-05-13T21:58:05.398120+00:00,gpu3_benchmark,3,nocp_s2048_e2048,benchmark,2048,2048,2048,0,0,True,3510.1,54.81,54.81,54.81,8.305
2026-05-13T21:58:05.398120+00:00,gpu3_benchmark,3,nocp_s2048_e2048,benchmark,8192,2048,2048,0,0,True,4526.78,234.57,234.57,234.57,8.305
2026-05-13T21:58:05.398120+00:00,gpu3_benchmark,3,nocp_s2048_e2048,benchmark,32768,2048,2048,0,0,True,9476.26,1014.48,1014.48,1014.48,8.305
2026-05-13T21:58:13.703866+00:00,gpu3_benchmark,3,nocp_s2048_e2048,benchmark,65536,2048,2048,0,0,True,17708.01,2221.33,2221.33,2221.33,9.304
2026-05-13T21:58:23.008152+00:00,gpu3_benchmark,3,nocp_s2048_e2048,benchmark,131072,2048,2048,0,0,False,,,,,4.828
2026-05-13T21:58:27.836147+00:00,gpu3_benchmark,3,ckpt_s8192_e8192,correctness,2048,8192,8192,1,0,True,,,,,7.569
2026-05-13T21:58:35.405176+00:00,gpu3_benchmark,3,ckpt_s8192_e8192,benchmark,2048,8192,8192,1,0,True,3432.23,70.17,70.17,70.17,7.634
2026-05-13T21:58:35.405176+00:00,gpu3_benchmark,3,ckpt_s8192_e8192,benchmark,8192,8192,8192,1,0,True,4012.63,102.24,102.24,102.24,7.634
2026-05-13T21:58:35.405176+00:00,gpu3_benchmark,3,ckpt_s8192_e8192,benchmark,32768,8192,8192,1,0,True,6814.85,390.1,390.1,390.1,7.634
2026-05-13T21:58:43.039957+00:00,gpu3_benchmark,3,ckpt_s8192_e8192,benchmark,65536,8192,8192,1,0,True,11272.01,865.82,865.82,865.82,6.518
2026-05-13T21:58:49.558108+00:00,gpu3_benchmark,3,ckpt_s8192_e8192,benchmark,131072,8192,8192,1,0,True,21303.26,1864.71,1864.71,1864.71,9.167
2026-05-13T21:58:58.725944+00:00,gpu3_benchmark,3,ckpt_s16384_e4096,correctness,2048,16384,4096,1,0,True,,,,,7.869
2026-05-13T21:59:06.594957+00:00,gpu3_benchmark,3,ckpt_s16384_e4096,benchmark,2048,16384,4096,1,0,True,3432.23,57.47,57.47,57.47,8.610
2026-05-13T21:59:06.594957+00:00,gpu3_benchmark,3,ckpt_s16384_e4096,benchmark,8192,16384,4096,1,0,True,4092.77,140.24,140.24,140.24,8.610
2026-05-13T21:59:06.594957+00:00,gpu3_benchmark,3,ckpt_s16384_e4096,benchmark,32768,16384,4096,1,0,True,6894.87,613.33,613.33,613.33,8.610
2026-05-13T21:59:15.205391+00:00,gpu3_benchmark,3,ckpt_s16384_e4096,benchmark,65536,16384,4096,1,0,True,11272.01,1294.12,1294.12,1294.12,7.951
2026-05-13T21:59:23.157183+00:00,gpu3_benchmark,3,ckpt_s16384_e4096,benchmark,131072,16384,4096,1,0,False,,,,,8.268
2026-05-13T21:59:31.425486+00:00,gpu3_benchmark,3,ckpt_s8192_e4096,correctness,2048,8192,4096,1,0,True,,,,,7.385
2026-05-13T21:59:38.810653+00:00,gpu3_benchmark,3,ckpt_s8192_e4096,benchmark,2048,8192,4096,1,0,True,3432.23,60.69,60.69,60.69,8.018
2026-05-13T21:59:38.810653+00:00,gpu3_benchmark,3,ckpt_s8192_e4096,benchmark,8192,8192,4096,1,0,True,4092.77,138.98,138.98,138.98,8.018
2026-05-13T21:59:38.810653+00:00,gpu3_benchmark,3,ckpt_s8192_e4096,benchmark,32768,8192,4096,1,0,True,6894.87,633.62,633.62,633.62,8.018
2026-05-13T21:59:46.829008+00:00,gpu3_benchmark,3,ckpt_s8192_e4096,benchmark,65536,8192,4096,1,0,True,11272.01,1297.13,1297.13,1297.13,7.867
2026-05-13T21:59:54.695998+00:00,gpu3_benchmark,3,ckpt_s8192_e4096,benchmark,131072,8192,4096,1,0,False,,,,,8.272
2026-05-13T22:00:02.968868+00:00,gpu3_benchmark,3,ckpt_s4096_e4096,correctness,2048,4096,4096,1,0,True,,,,,7.468
2026-05-13T22:00:10.436951+00:00,gpu3_benchmark,3,ckpt_s4096_e4096,benchmark,2048,4096,4096,1,0,True,3432.23,62.1,62.1,62.1,8.202
2026-05-13T22:00:10.436951+00:00,gpu3_benchmark,3,ckpt_s4096_e4096,benchmark,8192,4096,4096,1,0,True,4092.77,136.87,136.87,136.87,8.202
2026-05-13T22:00:10.436951+00:00,gpu3_benchmark,3,ckpt_s4096_e4096,benchmark,32768,4096,4096,1,0,True,6894.87,652.57,652.57,652.57,8.202
2026-05-13T22:00:18.639421+00:00,gpu3_benchmark,3,ckpt_s4096_e4096,benchmark,65536,4096,4096,1,0,True,11272.01,1318.03,1318.03,1318.03,7.516
2026-05-13T22:00:26.155345+00:00,gpu3_benchmark,3,ckpt_s4096_e4096,benchmark,131072,4096,4096,1,0,False,,,,,8.721
2026-05-13T22:00:34.876449+00:00,gpu3_benchmark,3,ckpt_s8192_e2048,correctness,2048,8192,2048,1,0,True,,,,,7.739
2026-05-13T22:00:42.615795+00:00,gpu3_benchmark,3,ckpt_s8192_e2048,benchmark,2048,8192,2048,1,0,True,3432.23,57.76,57.76,57.76,9.102
2026-05-13T22:00:42.615795+00:00,gpu3_benchmark,3,ckpt_s8192_e2048,benchmark,8192,8192,2048,1,0,True,4132.78,238.85,238.85,238.85,9.102
2026-05-13T22:00:42.615795+00:00,gpu3_benchmark,3,ckpt_s8192_e2048,benchmark,32768,8192,2048,1,0,True,6934.88,1043.85,1043.85,1043.85,9.102
2026-05-13T22:00:51.718501+00:00,gpu3_benchmark,3,ckpt_s8192_e2048,benchmark,65536,8192,2048,1,0,True,11272.01,2248.54,2248.54,2248.54,9.709
2026-05-13T22:01:01.427909+00:00,gpu3_benchmark,3,ckpt_s8192_e2048,benchmark,131072,8192,2048,1,0,False,,,,,5.284
2026-05-13T22:01:06.712512+00:00,gpu3_benchmark,3,ckpt_s4096_e2048,correctness,2048,4096,2048,1,0,True,,,,,7.798
2026-05-13T22:01:14.510944+00:00,gpu3_benchmark,3,ckpt_s4096_e2048,benchmark,2048,4096,2048,1,0,True,3432.23,60.3,60.3,60.3,10.015
2026-05-13T22:01:14.510944+00:00,gpu3_benchmark,3,ckpt_s4096_e2048,benchmark,8192,4096,2048,1,0,True,4132.78,239.96,239.96,239.96,10.015
2026-05-13T22:01:14.510944+00:00,gpu3_benchmark,3,ckpt_s4096_e2048,benchmark,32768,4096,2048,1,0,True,6934.88,1089.06,1089.06,1089.06,10.015
2026-05-13T22:01:24.526837+00:00,gpu3_benchmark,3,ckpt_s4096_e2048,benchmark,65536,4096,2048,1,0,True,11272.01,2264.24,2264.24,2264.24,9.916
2026-05-13T22:01:34.443316+00:00,gpu3_benchmark,3,ckpt_s4096_e2048,benchmark,131072,4096,2048,1,0,False,,,,,5.785
2026-05-13T22:01:40.228922+00:00,gpu3_benchmark,3,ckpt_s2048_e2048,correctness,2048,2048,2048,1,0,True,,,,,7.921
2026-05-13T22:01:48.150341+00:00,gpu3_benchmark,3,ckpt_s2048_e2048,benchmark,2048,2048,2048,1,0,True,3432.23,59.07,59.07,59.07,9.424
2026-05-13T22:01:48.150341+00:00,gpu3_benchmark,3,ckpt_s2048_e2048,benchmark,8192,2048,2048,1,0,True,4132.78,245.51,245.51,245.51,9.424
2026-05-13T22:01:48.150341+00:00,gpu3_benchmark,3,ckpt_s2048_e2048,benchmark,32768,2048,2048,1,0,True,6934.88,1051.74,1051.74,1051.74,9.424
2026-05-13T22:01:57.574778+00:00,gpu3_benchmark,3,ckpt_s2048_e2048,benchmark,65536,2048,2048,1,0,True,11272.01,2304.93,2304.93,2304.93,9.376
2026-05-13T22:02:06.951427+00:00,gpu3_benchmark,3,ckpt_s2048_e2048,benchmark,131072,2048,2048,1,0,False,,,,,5.328
2026-05-13T22:02:12.280069+00:00,gpu3_benchmark,3,ckpt_s4096_e1024,correctness,2048,4096,1024,1,0,True,,,,,7.648
2026-05-13T22:02:19.928377+00:00,gpu3_benchmark,3,ckpt_s4096_e1024,benchmark,2048,4096,1024,1,0,True,3453.26,203.31,203.31,203.31,11.402
2026-05-13T22:02:19.928377+00:00,gpu3_benchmark,3,ckpt_s4096_e1024,benchmark,8192,4096,1024,1,0,True,4153.79,447.17,447.17,447.17,11.402
2026-05-13T22:02:19.928377+00:00,gpu3_benchmark,3,ckpt_s4096_e1024,benchmark,32768,4096,1024,1,0,True,6955.88,1951.86,1951.86,1951.86,11.402
2026-05-13T22:02:31.331122+00:00,gpu3_benchmark,3,ckpt_s4096_e1024,benchmark,65536,4096,1024,1,0,True,11272.51,4258.06,4258.06,4258.06,13.805
2026-05-13T22:02:45.136457+00:00,gpu3_benchmark,3,ckpt_s4096_e1024,benchmark,131072,4096,1024,1,0,True,21314.76,10119.44,10119.44,10119.44,25.356
2026-05-13T22:03:10.493119+00:00,gpu3_benchmark,3,ckpt_s2048_e1024,correctness,2048,2048,1024,1,0,True,,,,,7.737
2026-05-13T22:03:18.230271+00:00,gpu3_benchmark,3,ckpt_s2048_e1024,benchmark,2048,2048,1024,1,0,True,3453.26,205.23,205.23,205.23,11.662
2026-05-13T22:03:18.230271+00:00,gpu3_benchmark,3,ckpt_s2048_e1024,benchmark,8192,2048,1024,1,0,True,4153.79,449.65,449.65,449.65,11.662
2026-05-13T22:03:18.230271+00:00,gpu3_benchmark,3,ckpt_s2048_e1024,benchmark,32768,2048,1024,1,0,True,6955.88,1929.21,1929.21,1929.21,11.662
2026-05-13T22:03:29.892257+00:00,gpu3_benchmark,3,ckpt_s2048_e1024,benchmark,65536,2048,1024,1,0,True,11272.51,4299.71,4299.71,4299.71,14.062
2026-05-13T22:03:43.954847+00:00,gpu3_benchmark,3,ckpt_s2048_e1024,benchmark,131072,2048,1024,1,0,False,,,,,15.632
2026-05-13T22:03:59.587777+00:00,gpu3_benchmark,3,ckpt_s1024_e1024,correctness,2048,1024,1024,1,0,True,,,,,8.013
2026-05-13T22:04:07.600884+00:00,gpu3_benchmark,3,ckpt_s1024_e1024,benchmark,2048,1024,1024,1,0,True,3452.26,109.1,109.1,109.1,12.186
2026-05-13T22:04:07.600884+00:00,gpu3_benchmark,3,ckpt_s1024_e1024,benchmark,8192,1024,1024,1,0,True,4152.79,442.14,442.14,442.14,12.186
2026-05-13T22:04:07.600884+00:00,gpu3_benchmark,3,ckpt_s1024_e1024,benchmark,32768,1024,1024,1,0,True,6954.88,1945.58,1945.58,1945.58,12.186
2026-05-13T22:04:19.786872+00:00,gpu3_benchmark,3,ckpt_s1024_e1024,benchmark,65536,1024,1024,1,0,True,11272.01,4368.61,4368.61,4368.61,13.843
2026-05-13T22:04:33.630478+00:00,gpu3_benchmark,3,ckpt_s1024_e1024,benchmark,131072,1024,1024,1,0,False,,,,,17.014
2026-05-13T22:04:50.644752+00:00,gpu3_benchmark,3,nocp_s8192_e8192,correctness,2048,8192,8192,0,0,True,,,,,6.835
2026-05-13T22:04:57.480393+00:00,gpu3_benchmark,3,nocp_s8192_e8192,benchmark,2048,8192,8192,0,0,True,3510.1,53.74,53.74,53.74,7.450
2026-05-13T22:04:57.480393+00:00,gpu3_benchmark,3,nocp_s8192_e8192,benchmark,8192,8192,8192,0,0,True,4300.63,82.58,82.58,82.58,7.450
2026-05-13T22:04:57.480393+00:00,gpu3_benchmark,3,nocp_s8192_e8192,benchmark,32768,8192,8192,0,0,True,9328.38,363.49,363.49,363.49,7.450
2026-05-13T22:05:04.930629+00:00,gpu3_benchmark,3,nocp_s8192_e8192,benchmark,65536,8192,8192,0,0,True,17416.01,781.02,781.02,781.02,6.417
2026-05-13T22:05:11.347777+00:00,gpu3_benchmark,3,nocp_s8192_e8192,benchmark,131072,8192,8192,0,0,False,,,,,5.104
2026-05-13T22:05:16.451800+00:00,gpu3_benchmark,3,nocp_s8192_e4096,correctness,2048,8192,4096,0,0,True,,,,,6.312
2026-05-13T22:05:22.763705+00:00,gpu3_benchmark,3,nocp_s8192_e4096,benchmark,2048,8192,4096,0,0,True,3510.1,48.79,48.79,48.79,6.793
2026-05-13T22:05:22.763705+00:00,gpu3_benchmark,3,nocp_s8192_e4096,benchmark,8192,8192,4096,0,0,True,4428.77,116.9,116.9,116.9,6.793
2026-05-13T22:05:22.763705+00:00,gpu3_benchmark,3,nocp_s8192_e4096,benchmark,32768,8192,4096,0,0,True,9328.38,511.9,511.9,511.9,6.793
2026-05-13T22:05:29.557361+00:00,gpu3_benchmark,3,nocp_s8192_e4096,benchmark,65536,8192,4096,0,0,True,17416.01,1106.22,1106.22,1106.22,6.525
2026-05-13T22:05:36.082851+00:00,gpu3_benchmark,3,nocp_s8192_e4096,benchmark,131072,8192,4096,0,0,False,,,,,4.885
2026-05-13T22:05:40.968148+00:00,gpu3_benchmark,3,nocp_s4096_e4096,correctness,2048,4096,4096,0,0,True,,,,,7.142
2026-05-13T22:05:48.110428+00:00,gpu3_benchmark,3,nocp_s4096_e4096,benchmark,2048,4096,4096,0,0,True,3510.1,56.36,56.36,56.36,6.823
2026-05-13T22:05:48.110428+00:00,gpu3_benchmark,3,nocp_s4096_e4096,benchmark,8192,4096,4096,0,0,True,4428.77,136.03,136.03,136.03,6.823
2026-05-13T22:05:48.110428+00:00,gpu3_benchmark,3,nocp_s4096_e4096,benchmark,32768,4096,4096,0,0,True,9328.38,575.27,575.27,575.27,6.823
2026-05-13T22:05:54.933652+00:00,gpu3_benchmark,3,nocp_s4096_e4096,benchmark,65536,4096,4096,0,0,True,17416.01,1269.28,1269.28,1269.28,6.965
2026-05-13T22:06:01.899239+00:00,gpu3_benchmark,3,nocp_s4096_e4096,benchmark,131072,4096,4096,0,0,False,,,,,4.798
2026-05-13T22:06:06.698178+00:00,gpu3_benchmark,3,nocp_s4096_e2048,correctness,2048,4096,2048,0,0,True,,,,,6.727
2026-05-13T22:06:13.425041+00:00,gpu3_benchmark,3,nocp_s4096_e2048,benchmark,2048,4096,2048,0,0,True,3510.1,57.25,57.25,57.25,8.609
2026-05-13T22:06:13.425041+00:00,gpu3_benchmark,3,nocp_s4096_e2048,benchmark,8192,4096,2048,0,0,True,4525.78,227.21,227.21,227.21,8.609
2026-05-13T22:06:13.425041+00:00,gpu3_benchmark,3,nocp_s4096_e2048,benchmark,32768,4096,2048,0,0,True,9474.26,1000.39,1000.39,1000.39,8.609
2026-05-13T22:06:22.034916+00:00,gpu3_benchmark,3,nocp_s4096_e2048,benchmark,65536,4096,2048,0,0,True,17708.01,2173.5,2173.5,2173.5,8.775
2026-05-13T22:06:30.809922+00:00,gpu3_benchmark,3,nocp_s4096_e2048,benchmark,131072,4096,2048,0,0,False,,,,,5.146
2026-05-13T22:06:35.955939+00:00,gpu3_benchmark,3,nocp_s2048_e2048,correctness,2048,2048,2048,0,0,True,,,,,6.919
2026-05-13T22:06:42.875363+00:00,gpu3_benchmark,3,nocp_s2048_e2048,benchmark,2048,2048,2048,0,0,True,3510.1,55.44,55.44,55.44,8.335
2026-05-13T22:06:42.875363+00:00,gpu3_benchmark,3,nocp_s2048_e2048,benchmark,8192,2048,2048,0,0,True,4526.78,226.09,226.09,226.09,8.335
2026-05-13T22:06:42.875363+00:00,gpu3_benchmark,3,nocp_s2048_e2048,benchmark,32768,2048,2048,0,0,True,9476.26,1011.91,1011.91,1011.91,8.335
2026-05-13T22:06:51.210361+00:00,gpu3_benchmark,3,nocp_s2048_e2048,benchmark,65536,2048,2048,0,0,True,17708.01,2219.4,2219.4,2219.4,9.207
2026-05-13T22:07:00.417686+00:00,gpu3_benchmark,3,nocp_s2048_e2048,benchmark,131072,2048,2048,0,0,False,,,,,4.471
2026-05-13T22:07:04.888755+00:00,gpu3_benchmark,3,ckpt_s8192_e8192,correctness,2048,8192,8192,1,0,True,,,,,7.834
2026-05-13T22:07:12.722977+00:00,gpu3_benchmark,3,ckpt_s8192_e8192,benchmark,2048,8192,8192,1,0,True,3432.23,61.85,61.85,61.85,7.567
2026-05-13T22:07:12.722977+00:00,gpu3_benchmark,3,ckpt_s8192_e8192,benchmark,8192,8192,8192,1,0,True,4012.63,93.9,93.9,93.9,7.567
2026-05-13T22:07:12.722977+00:00,gpu3_benchmark,3,ckpt_s8192_e8192,benchmark,32768,8192,8192,1,0,True,6814.85,388.97,388.97,388.97,7.567
2026-05-13T22:07:20.290268+00:00,gpu3_benchmark,3,ckpt_s8192_e8192,benchmark,65536,8192,8192,1,0,True,11272.01,848.18,848.18,848.18,6.972
2026-05-13T22:07:27.262168+00:00,gpu3_benchmark,3,ckpt_s8192_e8192,benchmark,131072,8192,8192,1,0,True,21303.26,1876.48,1876.48,1876.48,9.610
2026-05-13T22:07:36.872359+00:00,gpu3_benchmark,3,ckpt_s16384_e4096,correctness,2048,16384,4096,1,0,True,,,,,7.564
2026-05-13T22:07:44.436517+00:00,gpu3_benchmark,3,ckpt_s16384_e4096,benchmark,2048,16384,4096,1,0,True,3432.23,58.24,58.24,58.24,7.858
2026-05-13T22:07:44.436517+00:00,gpu3_benchmark,3,ckpt_s16384_e4096,benchmark,8192,16384,4096,1,0,True,4092.77,139.48,139.48,139.48,7.858
2026-05-13T22:07:44.436517+00:00,gpu3_benchmark,3,ckpt_s16384_e4096,benchmark,32768,16384,4096,1,0,True,6894.87,591.82,591.82,591.82,7.858
2026-05-13T22:07:52.295134+00:00,gpu3_benchmark,3,ckpt_s16384_e4096,benchmark,65536,16384,4096,1,0,True,11272.01,1289.71,1289.71,1289.71,8.246
2026-05-13T22:08:00.541684+00:00,gpu3_benchmark,3,ckpt_s16384_e4096,benchmark,131072,16384,4096,1,0,False,,,,,8.502
2026-05-13T22:08:09.043749+00:00,gpu3_benchmark,3,ckpt_s8192_e4096,correctness,2048,8192,4096,1,0,True,,,,,7.543
2026-05-13T22:08:16.586700+00:00,gpu3_benchmark,3,ckpt_s8192_e4096,benchmark,2048,8192,4096,1,0,True,3432.23,57.43,57.43,57.43,8.609
2026-05-13T22:08:16.586700+00:00,gpu3_benchmark,3,ckpt_s8192_e4096,benchmark,8192,8192,4096,1,0,True,4092.77,144.76,144.76,144.76,8.609
2026-05-13T22:08:16.586700+00:00,gpu3_benchmark,3,ckpt_s8192_e4096,benchmark,32768,8192,4096,1,0,True,6894.87,629.95,629.95,629.95,8.609
2026-05-13T22:08:25.195802+00:00,gpu3_benchmark,3,ckpt_s8192_e4096,benchmark,65536,8192,4096,1,0,True,11272.01,1300.1,1300.1,1300.1,7.507
2026-05-13T22:08:32.703065+00:00,gpu3_benchmark,3,ckpt_s8192_e4096,benchmark,131072,8192,4096,1,0,False,,,,,8.443
2026-05-13T22:08:41.146465+00:00,gpu3_benchmark,3,ckpt_s4096_e4096,correctness,2048,4096,4096,1,0,True,,,,,7.752
2026-05-13T22:08:48.898503+00:00,gpu3_benchmark,3,ckpt_s4096_e4096,benchmark,2048,4096,4096,1,0,True,3432.23,70.38,70.38,70.38,8.478
2026-05-13T22:08:48.898503+00:00,gpu3_benchmark,3,ckpt_s4096_e4096,benchmark,8192,4096,4096,1,0,True,4092.77,137.48,137.48,137.48,8.478
2026-05-13T22:08:48.898503+00:00,gpu3_benchmark,3,ckpt_s4096_e4096,benchmark,32768,4096,4096,1,0,True,6894.87,602.05,602.05,602.05,8.478
2026-05-13T22:08:57.377015+00:00,gpu3_benchmark,3,ckpt_s4096_e4096,benchmark,65536,4096,4096,1,0,True,11272.01,1315.4,1315.4,1315.4,7.991
2026-05-13T22:09:05.368649+00:00,gpu3_benchmark,3,ckpt_s4096_e4096,benchmark,131072,4096,4096,1,0,False,,,,,8.605
2026-05-13T22:09:13.974205+00:00,gpu3_benchmark,3,ckpt_s8192_e2048,correctness,2048,8192,2048,1,0,True,,,,,7.812
2026-05-13T22:09:21.786402+00:00,gpu3_benchmark,3,ckpt_s8192_e2048,benchmark,2048,8192,2048,1,0,True,3432.23,56.9,56.9,56.9,9.650
2026-05-13T22:09:21.786402+00:00,gpu3_benchmark,3,ckpt_s8192_e2048,benchmark,8192,8192,2048,1,0,True,4132.78,236.82,236.82,236.82,9.650
2026-05-13T22:09:21.786402+00:00,gpu3_benchmark,3,ckpt_s8192_e2048,benchmark,32768,8192,2048,1,0,True,6934.88,1040.12,1040.12,1040.12,9.650
2026-05-13T22:09:31.436577+00:00,gpu3_benchmark,3,ckpt_s8192_e2048,benchmark,65536,8192,2048,1,0,True,11272.01,2277.93,2277.93,2277.93,10.046
2026-05-13T22:09:41.483018+00:00,gpu3_benchmark,3,ckpt_s8192_e2048,benchmark,131072,8192,2048,1,0,False,,,,,5.353
2026-05-13T22:09:46.836345+00:00,gpu3_benchmark,3,ckpt_s4096_e2048,correctness,2048,4096,2048,1,0,True,,,,,7.796
2026-05-13T22:09:54.632801+00:00,gpu3_benchmark,3,ckpt_s4096_e2048,benchmark,2048,4096,2048,1,0,True,3432.23,60.8,60.8,60.8,8.983
2026-05-13T22:09:54.632801+00:00,gpu3_benchmark,3,ckpt_s4096_e2048,benchmark,8192,4096,2048,1,0,True,4132.78,240.85,240.85,240.85,8.983
2026-05-13T22:09:54.632801+00:00,gpu3_benchmark,3,ckpt_s4096_e2048,benchmark,32768,4096,2048,1,0,True,6934.88,1025.62,1025.62,1025.62,8.983
2026-05-13T22:10:03.615877+00:00,gpu3_benchmark,3,ckpt_s4096_e2048,benchmark,65536,4096,2048,1,0,True,11272.01,2290.32,2290.32,2290.32,9.639
2026-05-13T22:10:13.254751+00:00,gpu3_benchmark,3,ckpt_s4096_e2048,benchmark,131072,4096,2048,1,0,False,,,,,5.620
2026-05-13T22:10:18.875426+00:00,gpu3_benchmark,3,ckpt_s2048_e2048,correctness,2048,2048,2048,1,0,True,,,,,7.373
2026-05-13T22:10:26.248222+00:00,gpu3_benchmark,3,ckpt_s2048_e2048,benchmark,2048,2048,2048,1,0,True,3432.23,56.72,56.72,56.72,10.143
2026-05-13T22:10:26.248222+00:00,gpu3_benchmark,3,ckpt_s2048_e2048,benchmark,8192,2048,2048,1,0,True,4132.78,241.41,241.41,241.41,10.143
2026-05-13T22:10:26.248222+00:00,gpu3_benchmark,3,ckpt_s2048_e2048,benchmark,32768,2048,2048,1,0,True,6934.88,1060.62,1060.62,1060.62,10.143
2026-05-13T22:10:36.391837+00:00,gpu3_benchmark,3,ckpt_s2048_e2048,benchmark,65536,2048,2048,1,0,True,11272.01,2338.16,2338.16,2338.16,10.139
2026-05-13T22:10:46.530615+00:00,gpu3_benchmark,3,ckpt_s2048_e2048,benchmark,131072,2048,2048,1,0,False,,,,,5.603
2026-05-13T22:10:52.134477+00:00,gpu3_benchmark,3,ckpt_s4096_e1024,correctness,2048,4096,1024,1,0,True,,,,,7.805
2026-05-13T22:10:59.940213+00:00,gpu3_benchmark,3,ckpt_s4096_e1024,benchmark,2048,4096,1024,1,0,True,3453.26,226.65,226.65,226.65,11.387
2026-05-13T22:10:59.940213+00:00,gpu3_benchmark,3,ckpt_s4096_e1024,benchmark,8192,4096,1024,1,0,True,4153.79,457.62,457.62,457.62,11.387
2026-05-13T22:10:59.940213+00:00,gpu3_benchmark,3,ckpt_s4096_e1024,benchmark,32768,4096,1024,1,0,True,6955.88,1961.82,1961.82,1961.82,11.387
2026-05-13T22:11:11.327592+00:00,gpu3_benchmark,3,ckpt_s4096_e1024,benchmark,65536,4096,1024,1,0,True,11272.51,4259.79,4259.79,4259.79,13.817
2026-05-13T22:11:25.144672+00:00,gpu3_benchmark,3,ckpt_s4096_e1024,benchmark,131072,4096,1024,1,0,True,21314.76,10078.24,10078.24,10078.24,25.019
2026-05-13T22:11:50.164215+00:00,gpu3_benchmark,3,ckpt_s2048_e1024,correctness,2048,2048,1024,1,0,True,,,,,7.250
2026-05-13T22:11:57.414299+00:00,gpu3_benchmark,3,ckpt_s2048_e1024,benchmark,2048,2048,1024,1,0,True,3453.26,214.98,214.98,214.98,11.289
2026-05-13T22:11:57.414299+00:00,gpu3_benchmark,3,ckpt_s2048_e1024,benchmark,8192,2048,1024,1,0,True,4153.79,440.62,440.62,440.62,11.289
2026-05-13T22:11:57.414299+00:00,gpu3_benchmark,3,ckpt_s2048_e1024,benchmark,32768,2048,1024,1,0,True,6955.88,1933.91,1933.91,1933.91,11.289
2026-05-13T22:12:08.703936+00:00,gpu3_benchmark,3,ckpt_s2048_e1024,benchmark,65536,2048,1024,1,0,True,11272.51,4348.54,4348.54,4348.54,13.390
2026-05-13T22:12:22.094137+00:00,gpu3_benchmark,3,ckpt_s2048_e1024,benchmark,131072,2048,1024,1,0,False,,,,,15.804
2026-05-13T22:12:37.898807+00:00,gpu3_benchmark,3,ckpt_s1024_e1024,correctness,2048,1024,1024,1,0,True,,,,,7.348
2026-05-13T22:12:45.246619+00:00,gpu3_benchmark,3,ckpt_s1024_e1024,benchmark,2048,1024,1024,1,0,True,3452.26,109.63,109.63,109.63,11.549
2026-05-13T22:12:45.246619+00:00,gpu3_benchmark,3,ckpt_s1024_e1024,benchmark,8192,1024,1024,1,0,True,4152.79,463.01,463.01,463.01,11.549
2026-05-13T22:12:45.246619+00:00,gpu3_benchmark,3,ckpt_s1024_e1024,benchmark,32768,1024,1024,1,0,True,6954.88,1953.39,1953.39,1953.39,11.549
2026-05-13T22:12:56.795866+00:00,gpu3_benchmark,3,ckpt_s1024_e1024,benchmark,65536,1024,1024,1,0,True,11272.01,4357.44,4357.44,4357.44,13.592
2026-05-13T22:13:10.388451+00:00,gpu3_benchmark,3,ckpt_s1024_e1024,benchmark,131072,1024,1024,1,0,False,,,,,16.703
2026-05-13T22:13:27.091985+00:00,gpu3_benchmark,3,nocp_s8192_e8192,correctness,2048,8192,8192,0,0,True,,,,,6.720
2026-05-13T22:13:33.812719+00:00,gpu3_benchmark,3,nocp_s8192_e8192,benchmark,2048,8192,8192,0,0,True,3510.1,54.59,54.59,54.59,6.724
2026-05-13T22:13:33.812719+00:00,gpu3_benchmark,3,nocp_s8192_e8192,benchmark,8192,8192,8192,0,0,True,4300.63,86.69,86.69,86.69,6.724
2026-05-13T22:13:33.812719+00:00,gpu3_benchmark,3,nocp_s8192_e8192,benchmark,32768,8192,8192,0,0,True,9328.38,363.46,363.46,363.46,6.724
2026-05-13T22:13:40.537138+00:00,gpu3_benchmark,3,nocp_s8192_e8192,benchmark,65536,8192,8192,0,0,True,17416.01,797.41,797.41,797.41,6.048
2026-05-13T22:13:46.585084+00:00,gpu3_benchmark,3,nocp_s8192_e8192,benchmark,131072,8192,8192,0,0,False,,,,,4.918
2026-05-13T22:13:51.503186+00:00,gpu3_benchmark,3,nocp_s8192_e4096,correctness,2048,8192,4096,0,0,True,,,,,6.749
2026-05-13T22:13:58.252663+00:00,gpu3_benchmark,3,nocp_s8192_e4096,benchmark,2048,8192,4096,0,0,True,3510.1,54.83,54.83,54.83,7.064
2026-05-13T22:13:58.252663+00:00,gpu3_benchmark,3,nocp_s8192_e4096,benchmark,8192,8192,4096,0,0,True,4428.77,129.47,129.47,129.47,7.064
2026-05-13T22:13:58.252663+00:00,gpu3_benchmark,3,nocp_s8192_e4096,benchmark,32768,8192,4096,0,0,True,9328.38,572.37,572.37,572.37,7.064
2026-05-13T22:14:05.317564+00:00,gpu3_benchmark,3,nocp_s8192_e4096,benchmark,65536,8192,4096,0,0,True,17416.01,1236.02,1236.02,1236.02,7.593
2026-05-13T22:14:12.910805+00:00,gpu3_benchmark,3,nocp_s8192_e4096,benchmark,131072,8192,4096,0,0,False,,,,,4.349
2026-05-13T22:14:17.260663+00:00,gpu3_benchmark,3,nocp_s4096_e4096,correctness,2048,4096,4096,0,0,True,,,,,6.919
2026-05-13T22:14:24.179700+00:00,gpu3_benchmark,3,nocp_s4096_e4096,benchmark,2048,4096,4096,0,0,True,3510.1,63.88,63.88,63.88,7.330
2026-05-13T22:14:24.179700+00:00,gpu3_benchmark,3,nocp_s4096_e4096,benchmark,8192,4096,4096,0,0,True,4428.77,130.95,130.95,130.95,7.330
2026-05-13T22:14:24.179700+00:00,gpu3_benchmark,3,nocp_s4096_e4096,benchmark,32768,4096,4096,0,0,True,9328.38,575.09,575.09,575.09,7.330
2026-05-13T22:14:31.510000+00:00,gpu3_benchmark,3,nocp_s4096_e4096,benchmark,65536,4096,4096,0,0,True,17416.01,1263.15,1263.15,1263.15,7.059
2026-05-13T22:14:38.569745+00:00,gpu3_benchmark,3,nocp_s4096_e4096,benchmark,131072,4096,4096,0,0,False,,,,,4.772
2026-05-13T22:14:43.342119+00:00,gpu3_benchmark,3,nocp_s4096_e2048,correctness,2048,4096,2048,0,0,True,,,,,6.874
2026-05-13T22:14:50.216692+00:00,gpu3_benchmark,3,nocp_s4096_e2048,benchmark,2048,4096,2048,0,0,True,3510.1,48.38,48.38,48.38,8.655
2026-05-13T22:14:50.216692+00:00,gpu3_benchmark,3,nocp_s4096_e2048,benchmark,8192,4096,2048,0,0,True,4525.78,227.19,227.19,227.19,8.655
2026-05-13T22:14:50.216692+00:00,gpu3_benchmark,3,nocp_s4096_e2048,benchmark,32768,4096,2048,0,0,True,9474.26,990.01,990.01,990.01,8.655
2026-05-13T22:14:58.871987+00:00,gpu3_benchmark,3,nocp_s4096_e2048,benchmark,65536,4096,2048,0,0,True,17708.01,2166.57,2166.57,2166.57,9.101
2026-05-13T22:15:07.973498+00:00,gpu3_benchmark,3,nocp_s4096_e2048,benchmark,131072,4096,2048,0,0,False,,,,,5.235
2026-05-13T22:15:13.209026+00:00,gpu3_benchmark,3,nocp_s2048_e2048,correctness,2048,2048,2048,0,0,True,,,,,7.163
2026-05-13T22:15:20.372437+00:00,gpu3_benchmark,3,nocp_s2048_e2048,benchmark,2048,2048,2048,0,0,True,3510.1,48.65,48.65,48.65,8.365
2026-05-13T22:15:20.372437+00:00,gpu3_benchmark,3,nocp_s2048_e2048,benchmark,8192,2048,2048,0,0,True,4526.78,202.96,202.96,202.96,8.365
2026-05-13T22:15:20.372437+00:00,gpu3_benchmark,3,nocp_s2048_e2048,benchmark,32768,2048,2048,0,0,True,9476.26,1000.06,1000.06,1000.06,8.365
2026-05-13T22:15:28.738318+00:00,gpu3_benchmark,3,nocp_s2048_e2048,benchmark,65536,2048,2048,0,0,True,17708.01,2196.14,2196.14,2196.14,8.865
2026-05-13T22:15:37.604013+00:00,gpu3_benchmark,3,nocp_s2048_e2048,benchmark,131072,2048,2048,0,0,False,,,,,5.145
2026-05-13T22:15:42.749422+00:00,gpu3_benchmark,3,ckpt_s8192_e8192,correctness,2048,8192,8192,1,0,True,,,,,8.080
2026-05-13T22:15:50.829467+00:00,gpu3_benchmark,3,ckpt_s8192_e8192,benchmark,2048,8192,8192,1,0,True,3432.23,53.24,53.24,53.24,7.275
2026-05-13T22:15:50.829467+00:00,gpu3_benchmark,3,ckpt_s8192_e8192,benchmark,8192,8192,8192,1,0,True,4012.63,80.54,80.54,80.54,7.275
2026-05-13T22:15:50.829467+00:00,gpu3_benchmark,3,ckpt_s8192_e8192,benchmark,32768,8192,8192,1,0,True,6814.85,392.27,392.27,392.27,7.275
2026-05-13T22:15:58.105106+00:00,gpu3_benchmark,3,ckpt_s8192_e8192,benchmark,65536,8192,8192,1,0,True,11272.01,744.97,744.97,744.97,6.589
2026-05-13T22:16:04.694591+00:00,gpu3_benchmark,3,ckpt_s8192_e8192,benchmark,131072,8192,8192,1,0,True,21303.26,1782.22,1782.22,1782.22,8.784
2026-05-13T22:16:13.479487+00:00,gpu3_benchmark,3,ckpt_s16384_e4096,correctness,2048,16384,4096,1,0,True,,,,,7.489
2026-05-13T22:16:20.968417+00:00,gpu3_benchmark,3,ckpt_s16384_e4096,benchmark,2048,16384,4096,1,0,True,3432.23,63.22,63.22,63.22,8.514
2026-05-13T22:16:20.968417+00:00,gpu3_benchmark,3,ckpt_s16384_e4096,benchmark,8192,16384,4096,1,0,True,4092.77,138.51,138.51,138.51,8.514
2026-05-13T22:16:20.968417+00:00,gpu3_benchmark,3,ckpt_s16384_e4096,benchmark,32768,16384,4096,1,0,True,6894.87,597.51,597.51,597.51,8.514
2026-05-13T22:16:29.482726+00:00,gpu3_benchmark,3,ckpt_s16384_e4096,benchmark,65536,16384,4096,1,0,True,11272.01,1289.06,1289.06,1289.06,7.888
2026-05-13T22:16:37.371339+00:00,gpu3_benchmark,3,ckpt_s16384_e4096,benchmark,131072,16384,4096,1,0,False,,,,,8.124
2026-05-13T22:16:45.495672+00:00,gpu3_benchmark,3,ckpt_s8192_e4096,correctness,2048,8192,4096,1,0,True,,,,,7.785
2026-05-13T22:16:53.280851+00:00,gpu3_benchmark,3,ckpt_s8192_e4096,benchmark,2048,8192,4096,1,0,True,3432.23,61.91,61.91,61.91,8.493
2026-05-13T22:16:53.280851+00:00,gpu3_benchmark,3,ckpt_s8192_e4096,benchmark,8192,8192,4096,1,0,True,4092.77,137.14,137.14,137.14,8.493
2026-05-13T22:16:53.280851+00:00,gpu3_benchmark,3,ckpt_s8192_e4096,benchmark,32768,8192,4096,1,0,True,6894.87,599.13,599.13,599.13,8.493
2026-05-13T22:17:01.774302+00:00,gpu3_benchmark,3,ckpt_s8192_e4096,benchmark,65536,8192,4096,1,0,True,11272.01,1308.72,1308.72,1308.72,8.575
2026-05-13T22:17:10.349342+00:00,gpu3_benchmark,3,ckpt_s8192_e4096,benchmark,131072,8192,4096,1,0,False,,,,,8.488
2026-05-13T22:17:18.838133+00:00,gpu3_benchmark,3,ckpt_s4096_e4096,correctness,2048,4096,4096,1,0,True,,,,,7.267
2026-05-13T22:17:26.105026+00:00,gpu3_benchmark,3,ckpt_s4096_e4096,benchmark,2048,4096,4096,1,0,True,3432.23,60.65,60.65,60.65,8.174
2026-05-13T22:17:26.105026+00:00,gpu3_benchmark,3,ckpt_s4096_e4096,benchmark,8192,4096,4096,1,0,True,4092.77,137.51,137.51,137.51,8.174
2026-05-13T22:17:26.105026+00:00,gpu3_benchmark,3,ckpt_s4096_e4096,benchmark,32768,4096,4096,1,0,True,6894.87,601.38,601.38,601.38,8.174
2026-05-13T22:17:34.279448+00:00,gpu3_benchmark,3,ckpt_s4096_e4096,benchmark,65536,4096,4096,1,0,True,11272.01,1323.14,1323.14,1323.14,7.558
2026-05-13T22:17:41.837992+00:00,gpu3_benchmark,3,ckpt_s4096_e4096,benchmark,131072,4096,4096,1,0,False,,,,,8.506
2026-05-13T22:17:50.344001+00:00,gpu3_benchmark,3,ckpt_s8192_e2048,correctness,2048,8192,2048,1,0,True,,,,,7.500
2026-05-13T22:17:57.844657+00:00,gpu3_benchmark,3,ckpt_s8192_e2048,benchmark,2048,8192,2048,1,0,True,3432.23,57.84,57.84,57.84,9.506
2026-05-13T22:17:57.844657+00:00,gpu3_benchmark,3,ckpt_s8192_e2048,benchmark,8192,8192,2048,1,0,True,4132.78,236.25,236.25,236.25,9.506
2026-05-13T22:17:57.844657+00:00,gpu3_benchmark,3,ckpt_s8192_e2048,benchmark,32768,8192,2048,1,0,True,6934.88,1057.34,1057.34,1057.34,9.506
2026-05-13T22:18:07.351057+00:00,gpu3_benchmark,3,ckpt_s8192_e2048,benchmark,65536,8192,2048,1,0,True,11272.01,2277.3,2277.3,2277.3,9.785
2026-05-13T22:18:17.136070+00:00,gpu3_benchmark,3,ckpt_s8192_e2048,benchmark,131072,8192,2048,1,0,False,,,,,5.710
2026-05-13T22:18:22.846408+00:00,gpu3_benchmark,3,ckpt_s4096_e2048,correctness,2048,4096,2048,1,0,True,,,,,8.071
2026-05-13T22:18:30.917856+00:00,gpu3_benchmark,3,ckpt_s4096_e2048,benchmark,2048,4096,2048,1,0,True,3432.23,84.92,84.92,84.92,9.326
2026-05-13T22:18:30.917856+00:00,gpu3_benchmark,3,ckpt_s4096_e2048,benchmark,8192,4096,2048,1,0,True,4132.78,240.55,240.55,240.55,9.326
2026-05-13T22:18:30.917856+00:00,gpu3_benchmark,3,ckpt_s4096_e2048,benchmark,32768,4096,2048,1,0,True,6934.88,1040.98,1040.98,1040.98,9.326
2026-05-13T22:18:40.244067+00:00,gpu3_benchmark,3,ckpt_s4096_e2048,benchmark,65536,4096,2048,1,0,True,11272.01,2275.49,2275.49,2275.49,10.051
2026-05-13T22:18:50.295399+00:00,gpu3_benchmark,3,ckpt_s4096_e2048,benchmark,131072,4096,2048,1,0,False,,,,,6.187
2026-05-13T22:18:56.483042+00:00,gpu3_benchmark,3,ckpt_s2048_e2048,correctness,2048,2048,2048,1,0,True,,,,,7.383
2026-05-13T22:19:03.866769+00:00,gpu3_benchmark,3,ckpt_s2048_e2048,benchmark,2048,2048,2048,1,0,True,3432.23,57.82,57.82,57.82,9.624
2026-05-13T22:19:03.866769+00:00,gpu3_benchmark,3,ckpt_s2048_e2048,benchmark,8192,2048,2048,1,0,True,4132.78,246.06,246.06,246.06,9.624
2026-05-13T22:19:03.866769+00:00,gpu3_benchmark,3,ckpt_s2048_e2048,benchmark,32768,2048,2048,1,0,True,6934.88,1039.17,1039.17,1039.17,9.624
2026-05-13T22:19:13.491427+00:00,gpu3_benchmark,3,ckpt_s2048_e2048,benchmark,65536,2048,2048,1,0,True,11272.01,2371.68,2371.68,2371.68,10.124
2026-05-13T22:19:23.616173+00:00,gpu3_benchmark,3,ckpt_s2048_e2048,benchmark,131072,2048,2048,1,0,False,,,,,6.361
2026-05-13T22:19:29.978069+00:00,gpu3_benchmark,3,ckpt_s4096_e1024,correctness,2048,4096,1024,1,0,True,,,,,7.718
2026-05-13T22:19:37.696827+00:00,gpu3_benchmark,3,ckpt_s4096_e1024,benchmark,2048,4096,1024,1,0,True,3453.26,221.19,221.19,221.19,11.334
2026-05-13T22:19:37.696827+00:00,gpu3_benchmark,3,ckpt_s4096_e1024,benchmark,8192,4096,1024,1,0,True,4153.79,466.75,466.75,466.75,11.334
2026-05-13T22:19:37.696827+00:00,gpu3_benchmark,3,ckpt_s4096_e1024,benchmark,32768,4096,1024,1,0,True,6955.88,1926.44,1926.44,1926.44,11.334
2026-05-13T22:19:49.031740+00:00,gpu3_benchmark,3,ckpt_s4096_e1024,benchmark,65536,4096,1024,1,0,True,11272.51,4226.51,4226.51,4226.51,13.476
2026-05-13T22:20:02.507654+00:00,gpu3_benchmark,3,ckpt_s4096_e1024,benchmark,131072,4096,1024,1,0,True,21314.76,9957.96,9957.96,9957.96,25.289
2026-05-13T22:20:27.797582+00:00,gpu3_benchmark,3,ckpt_s2048_e1024,correctness,2048,2048,1024,1,0,True,,,,,7.942
2026-05-13T22:20:35.740338+00:00,gpu3_benchmark,3,ckpt_s2048_e1024,benchmark,2048,2048,1024,1,0,True,3453.26,206.0,206.0,206.0,11.218
2026-05-13T22:20:35.740338+00:00,gpu3_benchmark,3,ckpt_s2048_e1024,benchmark,8192,2048,1024,1,0,True,4153.79,448.99,448.99,448.99,11.218
2026-05-13T22:20:35.740338+00:00,gpu3_benchmark,3,ckpt_s2048_e1024,benchmark,32768,2048,1024,1,0,True,6955.88,1935.44,1935.44,1935.44,11.218
2026-05-13T22:20:46.958877+00:00,gpu3_benchmark,3,ckpt_s2048_e1024,benchmark,65536,2048,1024,1,0,True,11272.51,4348.12,4348.12,4348.12,14.002
2026-05-13T22:21:00.960826+00:00,gpu3_benchmark,3,ckpt_s2048_e1024,benchmark,131072,2048,1024,1,0,False,,,,,16.008
2026-05-13T22:21:16.968980+00:00,gpu3_benchmark,3,ckpt_s1024_e1024,correctness,2048,1024,1024,1,0,True,,,,,7.287
2026-05-13T22:21:24.256433+00:00,gpu3_benchmark,3,ckpt_s1024_e1024,benchmark,2048,1024,1024,1,0,True,3452.26,108.12,108.12,108.12,11.663
2026-05-13T22:21:24.256433+00:00,gpu3_benchmark,3,ckpt_s1024_e1024,benchmark,8192,1024,1024,1,0,True,4152.79,441.93,441.93,441.93,11.663
2026-05-13T22:21:24.256433+00:00,gpu3_benchmark,3,ckpt_s1024_e1024,benchmark,32768,1024,1024,1,0,True,6954.88,1953.25,1953.25,1953.25,11.663
2026-05-13T22:21:35.920027+00:00,gpu3_benchmark,3,ckpt_s1024_e1024,benchmark,65536,1024,1024,1,0,True,11272.01,4319.48,4319.48,4319.48,13.565
2026-05-13T22:21:49.485570+00:00,gpu3_benchmark,3,ckpt_s1024_e1024,benchmark,131072,1024,1024,1,0,False,,,,,16.222
2026-05-13T22:22:05.708515+00:00,gpu3_benchmark,3,nocp_s8192_e8192,correctness,2048,8192,8192,0,0,True,,,,,6.610
2026-05-13T22:22:12.318778+00:00,gpu3_benchmark,3,nocp_s8192_e8192,benchmark,2048,8192,8192,0,0,True,3510.1,56.95,56.95,56.95,6.499
2026-05-13T22:22:12.318778+00:00,gpu3_benchmark,3,nocp_s8192_e8192,benchmark,8192,8192,8192,0,0,True,4300.63,81.67,81.67,81.67,6.499
2026-05-13T22:22:12.318778+00:00,gpu3_benchmark,3,nocp_s8192_e8192,benchmark,32768,8192,8192,0,0,True,9328.38,373.32,373.32,373.32,6.499
2026-05-13T22:22:18.817762+00:00,gpu3_benchmark,3,nocp_s8192_e8192,benchmark,65536,8192,8192,0,0,True,17416.01,794.39,794.39,794.39,6.189
2026-05-13T22:22:25.006742+00:00,gpu3_benchmark,3,nocp_s8192_e8192,benchmark,131072,8192,8192,0,0,False,,,,,4.638
2026-05-13T22:22:29.645448+00:00,gpu3_benchmark,3,nocp_s8192_e4096,correctness,2048,8192,4096,0,0,True,,,,,7.017
2026-05-13T22:22:36.663191+00:00,gpu3_benchmark,3,nocp_s8192_e4096,benchmark,2048,8192,4096,0,0,True,3510.1,57.31,57.31,57.31,7.857
2026-05-13T22:22:36.663191+00:00,gpu3_benchmark,3,nocp_s8192_e4096,benchmark,8192,8192,4096,0,0,True,4428.77,134.34,134.34,134.34,7.857
2026-05-13T22:22:36.663191+00:00,gpu3_benchmark,3,nocp_s8192_e4096,benchmark,32768,8192,4096,0,0,True,9328.38,571.36,571.36,571.36,7.857
2026-05-13T22:22:44.521033+00:00,gpu3_benchmark,3,nocp_s8192_e4096,benchmark,65536,8192,4096,0,0,True,17416.01,1239.55,1239.55,1239.55,7.191
2026-05-13T22:22:51.712420+00:00,gpu3_benchmark,3,nocp_s8192_e4096,benchmark,131072,8192,4096,0,0,False,,,,,4.320
2026-05-13T22:22:56.033232+00:00,gpu3_benchmark,3,nocp_s4096_e4096,correctness,2048,4096,4096,0,0,True,,,,,7.022
2026-05-13T22:23:03.055912+00:00,gpu3_benchmark,3,nocp_s4096_e4096,benchmark,2048,4096,4096,0,0,True,3510.1,56.84,56.84,56.84,6.916
2026-05-13T22:23:03.055912+00:00,gpu3_benchmark,3,nocp_s4096_e4096,benchmark,8192,4096,4096,0,0,True,4428.77,140.08,140.08,140.08,6.916
2026-05-13T22:23:03.055912+00:00,gpu3_benchmark,3,nocp_s4096_e4096,benchmark,32768,4096,4096,0,0,True,9328.38,573.64,573.64,573.64,6.916
2026-05-13T22:23:09.971993+00:00,gpu3_benchmark,3,nocp_s4096_e4096,benchmark,65536,4096,4096,0,0,True,17416.01,1267.89,1267.89,1267.89,6.716
2026-05-13T22:23:16.687917+00:00,gpu3_benchmark,3,nocp_s4096_e4096,benchmark,131072,4096,4096,0,0,False,,,,,4.504
2026-05-13T22:23:21.192132+00:00,gpu3_benchmark,3,nocp_s4096_e2048,correctness,2048,4096,2048,0,0,True,,,,,6.769
2026-05-13T22:23:27.961791+00:00,gpu3_benchmark,3,nocp_s4096_e2048,benchmark,2048,4096,2048,0,0,True,3510.1,57.3,57.3,57.3,8.609
2026-05-13T22:23:27.961791+00:00,gpu3_benchmark,3,nocp_s4096_e2048,benchmark,8192,4096,2048,0,0,True,4525.78,225.56,225.56,225.56,8.609
2026-05-13T22:23:27.961791+00:00,gpu3_benchmark,3,nocp_s4096_e2048,benchmark,32768,4096,2048,0,0,True,9474.26,995.99,995.99,995.99,8.609
2026-05-13T22:23:36.571205+00:00,gpu3_benchmark,3,nocp_s4096_e2048,benchmark,65536,4096,2048,0,0,True,17708.01,2190.74,2190.74,2190.74,9.374
2026-05-13T22:23:45.945573+00:00,gpu3_benchmark,3,nocp_s4096_e2048,benchmark,131072,4096,2048,0,0,False,,,,,4.523
2026-05-13T22:23:50.469366+00:00,gpu3_benchmark,3,nocp_s2048_e2048,correctness,2048,2048,2048,0,0,True,,,,,6.853
2026-05-13T22:23:57.322466+00:00,gpu3_benchmark,3,nocp_s2048_e2048,benchmark,2048,2048,2048,0,0,True,3510.1,55.07,55.07,55.07,8.520
2026-05-13T22:23:57.322466+00:00,gpu3_benchmark,3,nocp_s2048_e2048,benchmark,8192,2048,2048,0,0,True,4526.78,228.61,228.61,228.61,8.520
2026-05-13T22:23:57.322466+00:00,gpu3_benchmark,3,nocp_s2048_e2048,benchmark,32768,2048,2048,0,0,True,9476.26,1001.42,1001.42,1001.42,8.520
2026-05-13T22:24:05.842780+00:00,gpu3_benchmark,3,nocp_s2048_e2048,benchmark,65536,2048,2048,0,0,True,17708.01,2209.81,2209.81,2209.81,9.003
2026-05-13T22:24:14.846278+00:00,gpu3_benchmark,3,nocp_s2048_e2048,benchmark,131072,2048,2048,0,0,False,,,,,5.018
2026-05-13T22:24:19.864844+00:00,gpu3_benchmark,3,ckpt_s8192_e8192,correctness,2048,8192,8192,1,0,True,,,,,7.712
2026-05-13T22:24:27.577204+00:00,gpu3_benchmark,3,ckpt_s8192_e8192,benchmark,2048,8192,8192,1,0,True,3432.23,58.18,58.18,58.18,7.832
2026-05-13T22:24:27.577204+00:00,gpu3_benchmark,3,ckpt_s8192_e8192,benchmark,8192,8192,8192,1,0,True,4012.63,89.38,89.38,89.38,7.832
2026-05-13T22:24:27.577204+00:00,gpu3_benchmark,3,ckpt_s8192_e8192,benchmark,32768,8192,8192,1,0,True,6814.85,389.61,389.61,389.61,7.832
2026-05-13T22:24:35.410017+00:00,gpu3_benchmark,3,ckpt_s8192_e8192,benchmark,65536,8192,8192,1,0,True,11272.01,831.15,831.15,831.15,6.876
2026-05-13T22:24:42.286212+00:00,gpu3_benchmark,3,ckpt_s8192_e8192,benchmark,131072,8192,8192,1,0,True,21303.26,1878.14,1878.14,1878.14,9.551
2026-05-13T22:24:51.837522+00:00,gpu3_benchmark,3,ckpt_s16384_e4096,correctness,2048,16384,4096,1,0,True,,,,,7.550
2026-05-13T22:24:59.388274+00:00,gpu3_benchmark,3,ckpt_s16384_e4096,benchmark,2048,16384,4096,1,0,True,3432.23,56.52,56.52,56.52,8.013
2026-05-13T22:24:59.388274+00:00,gpu3_benchmark,3,ckpt_s16384_e4096,benchmark,8192,16384,4096,1,0,True,4092.77,146.0,146.0,146.0,8.013
2026-05-13T22:24:59.388274+00:00,gpu3_benchmark,3,ckpt_s16384_e4096,benchmark,32768,16384,4096,1,0,True,6894.87,616.48,616.48,616.48,8.013
2026-05-13T22:25:07.402088+00:00,gpu3_benchmark,3,ckpt_s16384_e4096,benchmark,65536,16384,4096,1,0,True,11272.01,1282.96,1282.96,1282.96,7.733
2026-05-13T22:25:15.135508+00:00,gpu3_benchmark,3,ckpt_s16384_e4096,benchmark,131072,16384,4096,1,0,False,,,,,8.752
2026-05-13T22:25:23.888087+00:00,gpu3_benchmark,3,ckpt_s8192_e4096,correctness,2048,8192,4096,1,0,True,,,,,7.501
2026-05-13T22:25:31.389552+00:00,gpu3_benchmark,3,ckpt_s8192_e4096,benchmark,2048,8192,4096,1,0,True,3432.23,51.17,51.17,51.17,7.973
2026-05-13T22:25:31.389552+00:00,gpu3_benchmark,3,ckpt_s8192_e4096,benchmark,8192,8192,4096,1,0,True,4092.77,138.98,138.98,138.98,7.973
2026-05-13T22:25:31.389552+00:00,gpu3_benchmark,3,ckpt_s8192_e4096,benchmark,32768,8192,4096,1,0,True,6894.87,592.78,592.78,592.78,7.973
2026-05-13T22:25:39.362882+00:00,gpu3_benchmark,3,ckpt_s8192_e4096,benchmark,65536,8192,4096,1,0,True,11272.01,1288.0,1288.0,1288.0,8.111
2026-05-13T22:25:47.473867+00:00,gpu3_benchmark,3,ckpt_s8192_e4096,benchmark,131072,8192,4096,1,0,False,,,,,8.782
2026-05-13T22:25:56.255991+00:00,gpu3_benchmark,3,ckpt_s4096_e4096,correctness,2048,4096,4096,1,0,True,,,,,7.977
2026-05-13T22:26:04.233620+00:00,gpu3_benchmark,3,ckpt_s4096_e4096,benchmark,2048,4096,4096,1,0,True,3432.23,58.87,58.87,58.87,8.716
2026-05-13T22:26:04.233620+00:00,gpu3_benchmark,3,ckpt_s4096_e4096,benchmark,8192,4096,4096,1,0,True,4092.77,139.35,139.35,139.35,8.716
2026-05-13T22:26:04.233620+00:00,gpu3_benchmark,3,ckpt_s4096_e4096,benchmark,32768,4096,4096,1,0,True,6894.87,599.05,599.05,599.05,8.716
2026-05-13T22:26:12.950311+00:00,gpu3_benchmark,3,ckpt_s4096_e4096,benchmark,65536,4096,4096,1,0,True,11272.01,1302.07,1302.07,1302.07,7.870
2026-05-13T22:26:20.820268+00:00,gpu3_benchmark,3,ckpt_s4096_e4096,benchmark,131072,4096,4096,1,0,False,,,,,8.763
2026-05-13T22:26:29.583498+00:00,gpu3_benchmark,3,ckpt_s8192_e2048,correctness,2048,8192,2048,1,0,True,,,,,7.369
2026-05-13T22:26:36.953203+00:00,gpu3_benchmark,3,ckpt_s8192_e2048,benchmark,2048,8192,2048,1,0,True,3432.23,54.04,54.04,54.04,9.031
2026-05-13T22:26:36.953203+00:00,gpu3_benchmark,3,ckpt_s8192_e2048,benchmark,8192,8192,2048,1,0,True,4132.78,215.11,215.11,215.11,9.031
2026-05-13T22:26:36.953203+00:00,gpu3_benchmark,3,ckpt_s8192_e2048,benchmark,32768,8192,2048,1,0,True,6934.88,938.12,938.12,938.12,9.031
2026-05-13T22:26:45.985026+00:00,gpu3_benchmark,3,ckpt_s8192_e2048,benchmark,65536,8192,2048,1,0,True,11272.01,2289.48,2289.48,2289.48,9.395
2026-05-13T22:26:55.380175+00:00,gpu3_benchmark,3,ckpt_s8192_e2048,benchmark,131072,8192,2048,1,0,False,,,,,5.694
2026-05-13T22:27:01.074900+00:00,gpu3_benchmark,3,ckpt_s4096_e2048,correctness,2048,4096,2048,1,0,True,,,,,7.726
2026-05-13T22:27:08.801277+00:00,gpu3_benchmark,3,ckpt_s4096_e2048,benchmark,2048,4096,2048,1,0,True,3432.23,57.04,57.04,57.04,8.641
2026-05-13T22:27:08.801277+00:00,gpu3_benchmark,3,ckpt_s4096_e2048,benchmark,8192,4096,2048,1,0,True,4132.78,235.92,235.92,235.92,8.641
2026-05-13T22:27:08.801277+00:00,gpu3_benchmark,3,ckpt_s4096_e2048,benchmark,32768,4096,2048,1,0,True,6934.88,1070.28,1070.28,1070.28,8.641
2026-05-13T22:27:17.442633+00:00,gpu3_benchmark,3,ckpt_s4096_e2048,benchmark,65536,4096,2048,1,0,True,11272.01,2374.72,2374.72,2374.72,9.226
2026-05-13T22:27:26.668547+00:00,gpu3_benchmark,3,ckpt_s4096_e2048,benchmark,131072,4096,2048,1,0,False,,,,,5.795
2026-05-13T22:27:32.464150+00:00,gpu3_benchmark,3,ckpt_s2048_e2048,correctness,2048,2048,2048,1,0,True,,,,,7.319
2026-05-13T22:27:39.783646+00:00,gpu3_benchmark,3,ckpt_s2048_e2048,benchmark,2048,2048,2048,1,0,True,3432.23,60.73,60.73,60.73,9.188
2026-05-13T22:27:39.783646+00:00,gpu3_benchmark,3,ckpt_s2048_e2048,benchmark,8192,2048,2048,1,0,True,4132.78,245.06,245.06,245.06,9.188
2026-05-13T22:27:39.783646+00:00,gpu3_benchmark,3,ckpt_s2048_e2048,benchmark,32768,2048,2048,1,0,True,6934.88,1069.72,1069.72,1069.72,9.188
2026-05-13T22:27:48.971695+00:00,gpu3_benchmark,3,ckpt_s2048_e2048,benchmark,65536,2048,2048,1,0,True,11272.01,2347.52,2347.52,2347.52,9.909
2026-05-13T22:27:58.880898+00:00,gpu3_benchmark,3,ckpt_s2048_e2048,benchmark,131072,2048,2048,1,0,False,,,,,6.081
2026-05-13T22:28:04.962154+00:00,gpu3_benchmark,3,ckpt_s4096_e1024,correctness,2048,4096,1024,1,0,True,,,,,7.693
2026-05-13T22:28:12.655473+00:00,gpu3_benchmark,3,ckpt_s4096_e1024,benchmark,2048,4096,1024,1,0,True,3453.26,232.3,232.3,232.3,11.033
2026-05-13T22:28:12.655473+00:00,gpu3_benchmark,3,ckpt_s4096_e1024,benchmark,8192,4096,1024,1,0,True,4153.79,448.47,448.47,448.47,11.033
2026-05-13T22:28:12.655473+00:00,gpu3_benchmark,3,ckpt_s4096_e1024,benchmark,32768,4096,1024,1,0,True,6955.88,1935.91,1935.91,1935.91,11.033
2026-05-13T22:28:23.689282+00:00,gpu3_benchmark,3,ckpt_s4096_e1024,benchmark,65536,4096,1024,1,0,True,11272.51,4321.8,4321.8,4321.8,13.408
2026-05-13T22:28:37.097120+00:00,gpu3_benchmark,3,ckpt_s4096_e1024,benchmark,131072,4096,1024,1,0,True,21314.76,9946.61,9946.61,9946.61,25.098
2026-05-13T22:29:02.195892+00:00,gpu3_benchmark,3,ckpt_s2048_e1024,correctness,2048,2048,1024,1,0,True,,,,,7.668
2026-05-13T22:29:09.864485+00:00,gpu3_benchmark,3,ckpt_s2048_e1024,benchmark,2048,2048,1024,1,0,True,3453.26,212.48,212.48,212.48,11.540
2026-05-13T22:29:09.864485+00:00,gpu3_benchmark,3,ckpt_s2048_e1024,benchmark,8192,2048,1024,1,0,True,4153.79,443.1,443.1,443.1,11.540
2026-05-13T22:29:09.864485+00:00,gpu3_benchmark,3,ckpt_s2048_e1024,benchmark,32768,2048,1024,1,0,True,6955.88,1997.16,1997.16,1997.16,11.540
2026-05-13T22:29:21.405202+00:00,gpu3_benchmark,3,ckpt_s2048_e1024,benchmark,65536,2048,1024,1,0,True,11272.51,4353.32,4353.32,4353.32,13.385
2026-05-13T22:29:34.790826+00:00,gpu3_benchmark,3,ckpt_s2048_e1024,benchmark,131072,2048,1024,1,0,False,,,,,16.304
2026-05-13T22:29:51.095428+00:00,gpu3_benchmark,3,ckpt_s1024_e1024,correctness,2048,1024,1024,1,0,True,,,,,7.411
2026-05-13T22:29:58.506228+00:00,gpu3_benchmark,3,ckpt_s1024_e1024,benchmark,2048,1024,1024,1,0,True,3452.26,107.29,107.29,107.29,11.746
2026-05-13T22:29:58.506228+00:00,gpu3_benchmark,3,ckpt_s1024_e1024,benchmark,8192,1024,1024,1,0,True,4152.79,475.25,475.25,475.25,11.746
2026-05-13T22:29:58.506228+00:00,gpu3_benchmark,3,ckpt_s1024_e1024,benchmark,32768,1024,1024,1,0,True,6954.88,1979.56,1979.56,1979.56,11.746
2026-05-13T22:30:10.253023+00:00,gpu3_benchmark,3,ckpt_s1024_e1024,benchmark,65536,1024,1024,1,0,True,11272.01,4362.44,4362.44,4362.44,13.766
2026-05-13T22:30:24.018962+00:00,gpu3_benchmark,3,ckpt_s1024_e1024,benchmark,131072,1024,1024,1,0,False,,,,,16.401
2026-05-13T22:30:40.420615+00:00,gpu3_benchmark,3,nocp_s8192_e8192,correctness,2048,8192,8192,0,0,True,,,,,6.741
2026-05-13T22:30:47.162424+00:00,gpu3_benchmark,3,nocp_s8192_e8192,benchmark,2048,8192,8192,0,0,True,3510.1,53.91,53.91,53.91,7.155
2026-05-13T22:30:47.162424+00:00,gpu3_benchmark,3,nocp_s8192_e8192,benchmark,8192,8192,8192,0,0,True,4300.63,82.23,82.23,82.23,7.155
2026-05-13T22:30:47.162424+00:00,gpu3_benchmark,3,nocp_s8192_e8192,benchmark,32768,8192,8192,0,0,True,9328.38,363.77,363.77,363.77,7.155
2026-05-13T22:30:54.317577+00:00,gpu3_benchmark,3,nocp_s8192_e8192,benchmark,65536,8192,8192,0,0,True,17416.01,781.74,781.74,781.74,6.061
2026-05-13T22:31:00.379332+00:00,gpu3_benchmark,3,nocp_s8192_e8192,benchmark,131072,8192,8192,0,0,False,,,,,5.172
2026-05-13T22:31:05.552322+00:00,gpu3_benchmark,3,nocp_s8192_e4096,correctness,2048,8192,4096,0,0,True,,,,,6.454
2026-05-13T22:31:12.006724+00:00,gpu3_benchmark,3,nocp_s8192_e4096,benchmark,2048,8192,4096,0,0,True,3510.1,53.62,53.62,53.62,7.029
2026-05-13T22:31:12.006724+00:00,gpu3_benchmark,3,nocp_s8192_e4096,benchmark,8192,8192,4096,0,0,True,4428.77,133.42,133.42,133.42,7.029
2026-05-13T22:31:12.006724+00:00,gpu3_benchmark,3,nocp_s8192_e4096,benchmark,32768,8192,4096,0,0,True,9328.38,568.1,568.1,568.1,7.029
2026-05-13T22:31:19.035955+00:00,gpu3_benchmark,3,nocp_s8192_e4096,benchmark,65536,8192,4096,0,0,True,17416.01,1243.81,1243.81,1243.81,6.939
2026-05-13T22:31:25.975268+00:00,gpu3_benchmark,3,nocp_s8192_e4096,benchmark,131072,8192,4096,0,0,False,,,,,4.431
2026-05-13T22:31:30.407153+00:00,gpu3_benchmark,3,nocp_s4096_e4096,correctness,2048,4096,4096,0,0,True,,,,,7.288
2026-05-13T22:31:37.695859+00:00,gpu3_benchmark,3,nocp_s4096_e4096,benchmark,2048,4096,4096,0,0,True,3510.1,52.84,52.84,52.84,6.810
2026-05-13T22:31:37.695859+00:00,gpu3_benchmark,3,nocp_s4096_e4096,benchmark,8192,4096,4096,0,0,True,4428.77,133.27,133.27,133.27,6.810
2026-05-13T22:31:37.695859+00:00,gpu3_benchmark,3,nocp_s4096_e4096,benchmark,32768,4096,4096,0,0,True,9328.38,576.88,576.88,576.88,6.810
2026-05-13T22:31:44.505994+00:00,gpu3_benchmark,3,nocp_s4096_e4096,benchmark,65536,4096,4096,0,0,True,17416.01,1270.25,1270.25,1270.25,7.064
2026-05-13T22:31:51.570088+00:00,gpu3_benchmark,3,nocp_s4096_e4096,benchmark,131072,4096,4096,0,0,False,,,,,4.625
2026-05-13T22:31:56.195170+00:00,gpu3_benchmark,3,nocp_s4096_e2048,correctness,2048,4096,2048,0,0,True,,,,,6.996
2026-05-13T22:32:03.191393+00:00,gpu3_benchmark,3,nocp_s4096_e2048,benchmark,2048,4096,2048,0,0,True,3510.1,58.49,58.49,58.49,8.061
2026-05-13T22:32:03.191393+00:00,gpu3_benchmark,3,nocp_s4096_e2048,benchmark,8192,4096,2048,0,0,True,4525.78,228.62,228.62,228.62,8.061
2026-05-13T22:32:03.191393+00:00,gpu3_benchmark,3,nocp_s4096_e2048,benchmark,32768,4096,2048,0,0,True,9474.26,1004.0,1004.0,1004.0,8.061
2026-05-13T22:32:11.253240+00:00,gpu3_benchmark,3,nocp_s4096_e2048,benchmark,65536,4096,2048,0,0,True,17708.01,2177.04,2177.04,2177.04,8.686
2026-05-13T22:32:19.939079+00:00,gpu3_benchmark,3,nocp_s4096_e2048,benchmark,131072,4096,2048,0,0,False,,,,,4.717
2026-05-13T22:32:24.656167+00:00,gpu3_benchmark,3,nocp_s2048_e2048,correctness,2048,2048,2048,0,0,True,,,,,6.162
2026-05-13T22:32:30.818419+00:00,gpu3_benchmark,3,nocp_s2048_e2048,benchmark,2048,2048,2048,0,0,True,3510.1,57.4,57.4,57.4,8.547
2026-05-13T22:32:30.818419+00:00,gpu3_benchmark,3,nocp_s2048_e2048,benchmark,8192,2048,2048,0,0,True,4526.78,226.42,226.42,226.42,8.547
2026-05-13T22:32:30.818419+00:00,gpu3_benchmark,3,nocp_s2048_e2048,benchmark,32768,2048,2048,0,0,True,9476.26,1005.07,1005.07,1005.07,8.547
2026-05-13T22:32:39.366046+00:00,gpu3_benchmark,3,nocp_s2048_e2048,benchmark,65536,2048,2048,0,0,True,17708.01,2216.59,2216.59,2216.59,8.429
2026-05-13T22:32:47.794953+00:00,gpu3_benchmark,3,nocp_s2048_e2048,benchmark,131072,2048,2048,0,0,False,,,,,5.551
2026-05-13T22:32:53.346676+00:00,gpu3_benchmark,3,ckpt_s8192_e8192,correctness,2048,8192,8192,1,0,True,,,,,7.091
2026-05-13T22:33:00.438080+00:00,gpu3_benchmark,3,ckpt_s8192_e8192,benchmark,2048,8192,8192,1,0,True,3432.23,62.83,62.83,62.83,7.375
2026-05-13T22:33:00.438080+00:00,gpu3_benchmark,3,ckpt_s8192_e8192,benchmark,8192,8192,8192,1,0,True,4012.63,97.2,97.2,97.2,7.375
2026-05-13T22:33:00.438080+00:00,gpu3_benchmark,3,ckpt_s8192_e8192,benchmark,32768,8192,8192,1,0,True,6814.85,388.43,388.43,388.43,7.375
2026-05-13T22:33:07.813219+00:00,gpu3_benchmark,3,ckpt_s8192_e8192,benchmark,65536,8192,8192,1,0,True,11272.01,847.19,847.19,847.19,6.380
2026-05-13T22:33:14.193488+00:00,gpu3_benchmark,3,ckpt_s8192_e8192,benchmark,131072,8192,8192,1,0,True,21303.26,1882.93,1882.93,1882.93,8.665
2026-05-13T22:33:22.858764+00:00,gpu3_benchmark,3,ckpt_s16384_e4096,correctness,2048,16384,4096,1,0,True,,,,,7.358
2026-05-13T22:33:30.217148+00:00,gpu3_benchmark,3,ckpt_s16384_e4096,benchmark,2048,16384,4096,1,0,True,3432.23,58.38,58.38,58.38,8.048
2026-05-13T22:33:30.217148+00:00,gpu3_benchmark,3,ckpt_s16384_e4096,benchmark,8192,16384,4096,1,0,True,4092.77,155.72,155.72,155.72,8.048
2026-05-13T22:33:30.217148+00:00,gpu3_benchmark,3,ckpt_s16384_e4096,benchmark,32768,16384,4096,1,0,True,6894.87,601.26,601.26,601.26,8.048
2026-05-13T22:33:38.266063+00:00,gpu3_benchmark,3,ckpt_s16384_e4096,benchmark,65536,16384,4096,1,0,True,11272.01,1319.25,1319.25,1319.25,7.400
2026-05-13T22:33:45.666405+00:00,gpu3_benchmark,3,ckpt_s16384_e4096,benchmark,131072,16384,4096,1,0,False,,,,,8.121
2026-05-13T22:33:53.788153+00:00,gpu3_benchmark,3,ckpt_s8192_e4096,correctness,2048,8192,4096,1,0,True,,,,,7.173
2026-05-13T22:34:00.961566+00:00,gpu3_benchmark,3,ckpt_s8192_e4096,benchmark,2048,8192,4096,1,0,True,3432.23,57.28,57.28,57.28,7.926
2026-05-13T22:34:00.961566+00:00,gpu3_benchmark,3,ckpt_s8192_e4096,benchmark,8192,8192,4096,1,0,True,4092.77,143.74,143.74,143.74,7.926
2026-05-13T22:34:00.961566+00:00,gpu3_benchmark,3,ckpt_s8192_e4096,benchmark,32768,8192,4096,1,0,True,6894.87,596.46,596.46,596.46,7.926
2026-05-13T22:34:08.887935+00:00,gpu3_benchmark,3,ckpt_s8192_e4096,benchmark,65536,8192,4096,1,0,True,11272.01,1304.13,1304.13,1304.13,8.125
2026-05-13T22:34:17.013004+00:00,gpu3_benchmark,3,ckpt_s8192_e4096,benchmark,131072,8192,4096,1,0,False,,,,,9.050
2026-05-13T22:34:26.063847+00:00,gpu3_benchmark,3,ckpt_s4096_e4096,correctness,2048,4096,4096,1,0,True,,,,,7.215
2026-05-13T22:34:33.279412+00:00,gpu3_benchmark,3,ckpt_s4096_e4096,benchmark,2048,4096,4096,1,0,True,3432.23,60.23,60.23,60.23,7.997
2026-05-13T22:34:33.279412+00:00,gpu3_benchmark,3,ckpt_s4096_e4096,benchmark,8192,4096,4096,1,0,True,4092.77,137.25,137.25,137.25,7.997
2026-05-13T22:34:33.279412+00:00,gpu3_benchmark,3,ckpt_s4096_e4096,benchmark,32768,4096,4096,1,0,True,6894.87,599.96,599.96,599.96,7.997
2026-05-13T22:34:41.277304+00:00,gpu3_benchmark,3,ckpt_s4096_e4096,benchmark,65536,4096,4096,1,0,True,11272.01,1317.3,1317.3,1317.3,7.724
2026-05-13T22:34:49.001831+00:00,gpu3_benchmark,3,ckpt_s4096_e4096,benchmark,131072,4096,4096,1,0,False,,,,,8.663
2026-05-13T22:34:57.665341+00:00,gpu3_benchmark,3,ckpt_s8192_e2048,correctness,2048,8192,2048,1,0,True,,,,,7.371
2026-05-13T22:35:05.036482+00:00,gpu3_benchmark,3,ckpt_s8192_e2048,benchmark,2048,8192,2048,1,0,True,3432.23,56.05,56.05,56.05,9.258
2026-05-13T22:35:05.036482+00:00,gpu3_benchmark,3,ckpt_s8192_e2048,benchmark,8192,8192,2048,1,0,True,4132.78,236.76,236.76,236.76,9.258
2026-05-13T22:35:05.036482+00:00,gpu3_benchmark,3,ckpt_s8192_e2048,benchmark,32768,8192,2048,1,0,True,6934.88,1072.13,1072.13,1072.13,9.258
2026-05-13T22:35:14.294315+00:00,gpu3_benchmark,3,ckpt_s8192_e2048,benchmark,65536,8192,2048,1,0,True,11272.01,2288.68,2288.68,2288.68,9.437
2026-05-13T22:35:23.731678+00:00,gpu3_benchmark,3,ckpt_s8192_e2048,benchmark,131072,8192,2048,1,0,False,,,,,5.282
2026-05-13T22:35:29.013752+00:00,gpu3_benchmark,3,ckpt_s4096_e2048,correctness,2048,4096,2048,1,0,True,,,,,7.869
2026-05-13T22:35:36.883505+00:00,gpu3_benchmark,3,ckpt_s4096_e2048,benchmark,2048,4096,2048,1,0,True,3432.23,60.47,60.47,60.47,9.813
2026-05-13T22:35:36.883505+00:00,gpu3_benchmark,3,ckpt_s4096_e2048,benchmark,8192,4096,2048,1,0,True,4132.78,244.41,244.41,244.41,9.813
2026-05-13T22:35:36.883505+00:00,gpu3_benchmark,3,ckpt_s4096_e2048,benchmark,32768,4096,2048,1,0,True,6934.88,1039.86,1039.86,1039.86,9.813
2026-05-13T22:35:46.696541+00:00,gpu3_benchmark,3,ckpt_s4096_e2048,benchmark,65536,4096,2048,1,0,True,11272.01,2293.41,2293.41,2293.41,10.230
2026-05-13T22:35:56.926595+00:00,gpu3_benchmark,3,ckpt_s4096_e2048,benchmark,131072,4096,2048,1,0,False,,,,,5.789
2026-05-13T22:36:02.716125+00:00,gpu3_benchmark,3,ckpt_s2048_e2048,correctness,2048,2048,2048,1,0,True,,,,,7.201
2026-05-13T22:36:09.917265+00:00,gpu3_benchmark,3,ckpt_s2048_e2048,benchmark,2048,2048,2048,1,0,True,3432.23,58.11,58.11,58.11,9.838
2026-05-13T22:36:09.917265+00:00,gpu3_benchmark,3,ckpt_s2048_e2048,benchmark,8192,2048,2048,1,0,True,4132.78,237.31,237.31,237.31,9.838
2026-05-13T22:36:09.917265+00:00,gpu3_benchmark,3,ckpt_s2048_e2048,benchmark,32768,2048,2048,1,0,True,6934.88,1065.35,1065.35,1065.35,9.838
2026-05-13T22:36:19.755925+00:00,gpu3_benchmark,3,ckpt_s2048_e2048,benchmark,65536,2048,2048,1,0,True,11272.01,2271.27,2271.27,2271.27,10.372
2026-05-13T22:36:30.128752+00:00,gpu3_benchmark,3,ckpt_s2048_e2048,benchmark,131072,2048,2048,1,0,False,,,,,6.276
2026-05-13T22:36:36.405726+00:00,gpu3_benchmark,3,ckpt_s4096_e1024,correctness,2048,4096,1024,1,0,True,,,,,7.099
2026-05-13T22:36:43.505280+00:00,gpu3_benchmark,3,ckpt_s4096_e1024,benchmark,2048,4096,1024,1,0,True,3453.26,198.03,198.03,198.03,11.886
2026-05-13T22:36:43.505280+00:00,gpu3_benchmark,3,ckpt_s4096_e1024,benchmark,8192,4096,1024,1,0,True,4153.79,440.02,440.02,440.02,11.886
2026-05-13T22:36:43.505280+00:00,gpu3_benchmark,3,ckpt_s4096_e1024,benchmark,32768,4096,1024,1,0,True,6955.88,1942.99,1942.99,1942.99,11.886
2026-05-13T22:36:55.391951+00:00,gpu3_benchmark,3,ckpt_s4096_e1024,benchmark,65536,4096,1024,1,0,True,11272.51,3997.9,3997.9,3997.9,13.685
2026-05-13T22:37:09.076696+00:00,gpu3_benchmark,3,ckpt_s4096_e1024,benchmark,131072,4096,1024,1,0,True,21314.76,10157.96,10157.96,10157.96,25.212
2026-05-13T22:37:34.289309+00:00,gpu3_benchmark,3,ckpt_s2048_e1024,correctness,2048,2048,1024,1,0,True,,,,,8.193
2026-05-13T22:37:42.482543+00:00,gpu3_benchmark,3,ckpt_s2048_e1024,benchmark,2048,2048,1024,1,0,True,3453.26,233.95,233.95,233.95,11.216
2026-05-13T22:37:42.482543+00:00,gpu3_benchmark,3,ckpt_s2048_e1024,benchmark,8192,2048,1024,1,0,True,4153.79,396.09,396.09,396.09,11.216
2026-05-13T22:37:42.482543+00:00,gpu3_benchmark,3,ckpt_s2048_e1024,benchmark,32768,2048,1024,1,0,True,6955.88,1750.57,1750.57,1750.57,11.216
2026-05-13T22:37:53.698642+00:00,gpu3_benchmark,3,ckpt_s2048_e1024,benchmark,65536,2048,1024,1,0,True,11272.51,3816.67,3816.67,3816.67,12.597
2026-05-13T22:38:06.296501+00:00,gpu3_benchmark,3,ckpt_s2048_e1024,benchmark,131072,2048,1024,1,0,True,21314.76,8978.24,8978.24,8978.24,23.256
2026-05-13T22:38:29.552911+00:00,gpu3_benchmark,3,ckpt_s1024_e1024,correctness,2048,1024,1024,1,0,True,,,,,7.566
2026-05-13T22:38:37.119565+00:00,gpu3_benchmark,3,ckpt_s1024_e1024,benchmark,2048,1024,1024,1,0,True,3452.26,98.49,98.49,98.49,10.818
2026-05-13T22:38:37.119565+00:00,gpu3_benchmark,3,ckpt_s1024_e1024,benchmark,8192,1024,1024,1,0,True,4152.79,398.28,398.28,398.28,10.818
2026-05-13T22:38:37.119565+00:00,gpu3_benchmark,3,ckpt_s1024_e1024,benchmark,32768,1024,1024,1,0,True,6954.88,1748.38,1748.38,1748.38,10.818
2026-05-13T22:38:47.938333+00:00,gpu3_benchmark,3,ckpt_s1024_e1024,benchmark,65536,1024,1024,1,0,True,11272.01,3879.36,3879.36,3879.36,13.004
2026-05-13T22:39:00.942513+00:00,gpu3_benchmark,3,ckpt_s1024_e1024,benchmark,131072,1024,1024,1,0,True,21314.76,9138.76,9138.76,9138.76,23.981
2026-05-13T22:39:24.924744+00:00,gpu3_benchmark,3,nocp_s8192_e8192,correctness,2048,8192,8192,0,0,True,,,,,7.584
2026-05-13T22:39:32.509439+00:00,gpu3_benchmark,3,nocp_s8192_e8192,benchmark,2048,8192,8192,0,0,True,3510.1,48.91,48.91,48.91,7.760
2026-05-13T22:39:32.509439+00:00,gpu3_benchmark,3,nocp_s8192_e8192,benchmark,8192,8192,8192,0,0,True,4300.63,92.22,92.22,92.22,7.760
2026-05-13T22:39:32.509439+00:00,gpu3_benchmark,3,nocp_s8192_e8192,benchmark,32768,8192,8192,0,0,True,9328.38,362.12,362.12,362.12,7.760
2026-05-13T22:39:40.269334+00:00,gpu3_benchmark,3,nocp_s8192_e8192,benchmark,65536,8192,8192,0,0,True,17416.01,699.31,699.31,699.31,5.957
2026-05-13T22:39:46.226948+00:00,gpu3_benchmark,3,nocp_s8192_e8192,benchmark,131072,8192,8192,0,0,False,,,,,4.798
2026-05-13T22:39:51.025707+00:00,gpu3_benchmark,3,nocp_s8192_e4096,correctness,2048,8192,4096,0,0,True,,,,,7.125
2026-05-13T22:39:58.151331+00:00,gpu3_benchmark,3,nocp_s8192_e4096,benchmark,2048,8192,4096,0,0,True,3510.1,55.24,55.24,55.24,7.727
2026-05-13T22:39:58.151331+00:00,gpu3_benchmark,3,nocp_s8192_e4096,benchmark,8192,8192,4096,0,0,True,4428.77,130.87,130.87,130.87,7.727
2026-05-13T22:39:58.151331+00:00,gpu3_benchmark,3,nocp_s8192_e4096,benchmark,32768,8192,4096,0,0,True,9328.38,571.5,571.5,571.5,7.727
2026-05-13T22:40:05.878337+00:00,gpu3_benchmark,3,nocp_s8192_e4096,benchmark,65536,8192,4096,0,0,True,17416.01,1106.91,1106.91,1106.91,6.789
2026-05-13T22:40:12.667423+00:00,gpu3_benchmark,3,nocp_s8192_e4096,benchmark,131072,8192,4096,0,0,False,,,,,4.283
2026-05-13T22:40:16.950749+00:00,gpu3_benchmark,3,nocp_s4096_e4096,correctness,2048,4096,4096,0,0,True,,,,,6.288
2026-05-13T22:40:23.238873+00:00,gpu3_benchmark,3,nocp_s4096_e4096,benchmark,2048,4096,4096,0,0,True,3510.1,48.33,48.33,48.33,6.533
2026-05-13T22:40:23.238873+00:00,gpu3_benchmark,3,nocp_s4096_e4096,benchmark,8192,4096,4096,0,0,True,4428.77,116.89,116.89,116.89,6.533
2026-05-13T22:40:23.238873+00:00,gpu3_benchmark,3,nocp_s4096_e4096,benchmark,32768,4096,4096,0,0,True,9328.38,514.54,514.54,514.54,6.533
2026-05-13T22:40:29.772736+00:00,gpu3_benchmark,3,nocp_s4096_e4096,benchmark,65536,4096,4096,0,0,True,17416.01,1120.95,1120.95,1120.95,6.599
2026-05-13T22:40:36.372039+00:00,gpu3_benchmark,3,nocp_s4096_e4096,benchmark,131072,4096,4096,0,0,False,,,,,4.506
2026-05-13T22:40:40.878826+00:00,gpu3_benchmark,3,nocp_s4096_e2048,correctness,2048,4096,2048,0,0,True,,,,,5.931
2026-05-13T22:40:46.810315+00:00,gpu3_benchmark,3,nocp_s4096_e2048,benchmark,2048,4096,2048,0,0,True,3510.1,49.0,49.0,49.0,7.506
2026-05-13T22:40:46.810315+00:00,gpu3_benchmark,3,nocp_s4096_e2048,benchmark,8192,4096,2048,0,0,True,4525.78,201.83,201.83,201.83,7.506
2026-05-13T22:40:46.810315+00:00,gpu3_benchmark,3,nocp_s4096_e2048,benchmark,32768,4096,2048,0,0,True,9474.26,885.81,885.81,885.81,7.506
2026-05-13T22:40:54.316393+00:00,gpu3_benchmark,3,nocp_s4096_e2048,benchmark,65536,4096,2048,0,0,True,17708.01,1932.2,1932.2,1932.2,7.931
2026-05-13T22:41:02.248081+00:00,gpu3_benchmark,3,nocp_s4096_e2048,benchmark,131072,4096,2048,0,0,False,,,,,4.229
2026-05-13T22:41:06.478133+00:00,gpu3_benchmark,3,nocp_s2048_e2048,correctness,2048,2048,2048,0,0,True,,,,,5.862
2026-05-13T22:41:12.340094+00:00,gpu3_benchmark,3,nocp_s2048_e2048,benchmark,2048,2048,2048,0,0,True,3510.1,47.94,47.94,47.94,7.808
2026-05-13T22:41:12.340094+00:00,gpu3_benchmark,3,nocp_s2048_e2048,benchmark,8192,2048,2048,0,0,True,4526.78,202.37,202.37,202.37,7.808
2026-05-13T22:41:12.340094+00:00,gpu3_benchmark,3,nocp_s2048_e2048,benchmark,32768,2048,2048,0,0,True,9476.26,891.47,891.47,891.47,7.808
2026-05-13T22:41:20.148117+00:00,gpu3_benchmark,3,nocp_s2048_e2048,benchmark,65536,2048,2048,0,0,True,17708.01,1965.57,1965.57,1965.57,7.914
2026-05-13T22:41:28.062007+00:00,gpu3_benchmark,3,nocp_s2048_e2048,benchmark,131072,2048,2048,0,0,False,,,,,4.261
2026-05-13T22:41:32.323598+00:00,gpu3_benchmark,3,ckpt_s8192_e8192,correctness,2048,8192,8192,1,0,True,,,,,7.159
2026-05-13T22:41:39.482639+00:00,gpu3_benchmark,3,ckpt_s8192_e8192,benchmark,2048,8192,8192,1,0,True,3432.23,51.52,51.52,51.52,7.158
2026-05-13T22:41:39.482639+00:00,gpu3_benchmark,3,ckpt_s8192_e8192,benchmark,8192,8192,8192,1,0,True,4012.63,80.28,80.28,80.28,7.158
2026-05-13T22:41:39.482639+00:00,gpu3_benchmark,3,ckpt_s8192_e8192,benchmark,32768,8192,8192,1,0,True,6814.85,351.04,351.04,351.04,7.158
2026-05-13T22:41:46.641529+00:00,gpu3_benchmark,3,ckpt_s8192_e8192,benchmark,65536,8192,8192,1,0,True,11272.01,745.08,745.08,745.08,5.968
2026-05-13T22:41:52.610079+00:00,gpu3_benchmark,3,ckpt_s8192_e8192,benchmark,131072,8192,8192,1,0,True,21303.26,1667.18,1667.18,1667.18,7.868
2026-05-13T22:42:00.478236+00:00,gpu3_benchmark,3,ckpt_s16384_e4096,correctness,2048,16384,4096,1,0,True,,,,,6.864
2026-05-13T22:42:07.342262+00:00,gpu3_benchmark,3,ckpt_s16384_e4096,benchmark,2048,16384,4096,1,0,True,3432.23,52.34,52.34,52.34,7.552
2026-05-13T22:42:07.342262+00:00,gpu3_benchmark,3,ckpt_s16384_e4096,benchmark,8192,16384,4096,1,0,True,4092.77,123.99,123.99,123.99,7.552
2026-05-13T22:42:07.342262+00:00,gpu3_benchmark,3,ckpt_s16384_e4096,benchmark,32768,16384,4096,1,0,True,6894.87,531.63,531.63,531.63,7.552
2026-05-13T22:42:14.894191+00:00,gpu3_benchmark,3,ckpt_s16384_e4096,benchmark,65536,16384,4096,1,0,True,11272.01,1141.87,1141.87,1141.87,7.538
2026-05-13T22:42:22.432689+00:00,gpu3_benchmark,3,ckpt_s16384_e4096,benchmark,131072,16384,4096,1,0,True,21303.26,2605.78,2605.78,2605.78,10.179
2026-05-13T22:42:32.612024+00:00,gpu3_benchmark,3,ckpt_s8192_e4096,correctness,2048,8192,4096,1,0,True,,,,,7.218
2026-05-13T22:42:39.830715+00:00,gpu3_benchmark,3,ckpt_s8192_e4096,benchmark,2048,8192,4096,1,0,True,3432.23,51.18,51.18,51.18,7.353
2026-05-13T22:42:39.830715+00:00,gpu3_benchmark,3,ckpt_s8192_e4096,benchmark,8192,8192,4096,1,0,True,4092.77,123.11,123.11,123.11,7.353
2026-05-13T22:42:39.830715+00:00,gpu3_benchmark,3,ckpt_s8192_e4096,benchmark,32768,8192,4096,1,0,True,6894.87,535.17,535.17,535.17,7.353
2026-05-13T22:42:47.184387+00:00,gpu3_benchmark,3,ckpt_s8192_e4096,benchmark,65536,8192,4096,1,0,True,11272.01,1154.52,1154.52,1154.52,7.342
2026-05-13T22:42:54.527173+00:00,gpu3_benchmark,3,ckpt_s8192_e4096,benchmark,131072,8192,4096,1,0,True,21303.26,2631.36,2631.36,2631.36,10.200
2026-05-13T22:43:04.727940+00:00,gpu3_benchmark,3,ckpt_s4096_e4096,correctness,2048,4096,4096,1,0,True,,,,,6.881
2026-05-13T22:43:11.608969+00:00,gpu3_benchmark,3,ckpt_s4096_e4096,benchmark,2048,4096,4096,1,0,True,3432.23,52.74,52.74,52.74,7.817
2026-05-13T22:43:11.608969+00:00,gpu3_benchmark,3,ckpt_s4096_e4096,benchmark,8192,4096,4096,1,0,True,4092.77,124.43,124.43,124.43,7.817
2026-05-13T22:43:11.608969+00:00,gpu3_benchmark,3,ckpt_s4096_e4096,benchmark,32768,4096,4096,1,0,True,6894.87,551.18,551.18,551.18,7.817
2026-05-13T22:43:19.426471+00:00,gpu3_benchmark,3,ckpt_s4096_e4096,benchmark,65536,4096,4096,1,0,True,11272.01,1171.31,1171.31,1171.31,7.293
2026-05-13T22:43:26.719752+00:00,gpu3_benchmark,3,ckpt_s4096_e4096,benchmark,131072,4096,4096,1,0,True,21303.26,2741.02,2741.02,2741.02,10.262
2026-05-13T22:43:36.982371+00:00,gpu3_benchmark,3,ckpt_s8192_e2048,correctness,2048,8192,2048,1,0,True,,,,,6.528
2026-05-13T22:43:43.510749+00:00,gpu3_benchmark,3,ckpt_s8192_e2048,benchmark,2048,8192,2048,1,0,True,3432.23,52.25,52.25,52.25,8.544
2026-05-13T22:43:43.510749+00:00,gpu3_benchmark,3,ckpt_s8192_e2048,benchmark,8192,8192,2048,1,0,True,4132.78,212.47,212.47,212.47,8.544
2026-05-13T22:43:43.510749+00:00,gpu3_benchmark,3,ckpt_s8192_e2048,benchmark,32768,8192,2048,1,0,True,6934.88,922.47,922.47,922.47,8.544
2026-05-13T22:43:52.055463+00:00,gpu3_benchmark,3,ckpt_s8192_e2048,benchmark,65536,8192,2048,1,0,True,11272.01,2029.3,2029.3,2029.3,9.221
2026-05-13T22:44:01.277277+00:00,gpu3_benchmark,3,ckpt_s8192_e2048,benchmark,131072,8192,2048,1,0,False,,,,,5.597
2026-05-13T22:44:06.874903+00:00,gpu3_benchmark,3,ckpt_s4096_e2048,correctness,2048,4096,2048,1,0,True,,,,,6.936
2026-05-13T22:44:13.810978+00:00,gpu3_benchmark,3,ckpt_s4096_e2048,benchmark,2048,4096,2048,1,0,True,3432.23,51.0,51.0,51.0,8.523
2026-05-13T22:44:13.810978+00:00,gpu3_benchmark,3,ckpt_s4096_e2048,benchmark,8192,4096,2048,1,0,True,4132.78,215.44,215.44,215.44,8.523
2026-05-13T22:44:13.810978+00:00,gpu3_benchmark,3,ckpt_s4096_e2048,benchmark,32768,4096,2048,1,0,True,6934.88,957.49,957.49,957.49,8.523
2026-05-13T22:44:22.334621+00:00,gpu3_benchmark,3,ckpt_s4096_e2048,benchmark,65536,4096,2048,1,0,True,11272.01,2054.97,2054.97,2054.97,9.006
2026-05-13T22:44:31.341182+00:00,gpu3_benchmark,3,ckpt_s4096_e2048,benchmark,131072,4096,2048,1,0,False,,,,,5.426
2026-05-13T22:44:36.767386+00:00,gpu3_benchmark,3,ckpt_s2048_e2048,correctness,2048,2048,2048,1,0,True,,,,,6.531
2026-05-13T22:44:43.298655+00:00,gpu3_benchmark,3,ckpt_s2048_e2048,benchmark,2048,2048,2048,1,0,True,3432.23,52.43,52.43,52.43,8.258
2026-05-13T22:44:43.298655+00:00,gpu3_benchmark,3,ckpt_s2048_e2048,benchmark,8192,2048,2048,1,0,True,4132.78,213.25,213.25,213.25,8.258
2026-05-13T22:44:43.298655+00:00,gpu3_benchmark,3,ckpt_s2048_e2048,benchmark,32768,2048,2048,1,0,True,6934.88,946.37,946.37,946.37,8.258
2026-05-13T22:44:51.557297+00:00,gpu3_benchmark,3,ckpt_s2048_e2048,benchmark,65536,2048,2048,1,0,True,11272.01,2047.31,2047.31,2047.31,8.556
2026-05-13T22:45:00.113508+00:00,gpu3_benchmark,3,ckpt_s2048_e2048,benchmark,131072,2048,2048,1,0,False,,,,,5.079
2026-05-13T22:45:05.193048+00:00,gpu3_benchmark,3,ckpt_s4096_e1024,correctness,2048,4096,1024,1,0,True,,,,,6.521
2026-05-13T22:45:11.714270+00:00,gpu3_benchmark,3,ckpt_s4096_e1024,benchmark,2048,4096,1024,1,0,True,3453.26,220.98,220.98,220.98,10.557
2026-05-13T22:45:11.714270+00:00,gpu3_benchmark,3,ckpt_s4096_e1024,benchmark,8192,4096,1024,1,0,True,4153.79,404.62,404.62,404.62,10.557
2026-05-13T22:45:11.714270+00:00,gpu3_benchmark,3,ckpt_s4096_e1024,benchmark,32768,4096,1024,1,0,True,6955.88,1720.01,1720.01,1720.01,10.557
2026-05-13T22:45:22.271913+00:00,gpu3_benchmark,3,ckpt_s4096_e1024,benchmark,65536,4096,1024,1,0,True,11272.51,3848.44,3848.44,3848.44,12.166
2026-05-13T22:45:34.438258+00:00,gpu3_benchmark,3,ckpt_s4096_e1024,benchmark,131072,4096,1024,1,0,True,21314.76,8901.1,8901.1,8901.1,22.870
2026-05-13T22:45:57.308595+00:00,gpu3_benchmark,3,ckpt_s2048_e1024,correctness,2048,2048,1024,1,0,True,,,,,7.126
2026-05-13T22:46:04.434834+00:00,gpu3_benchmark,3,ckpt_s2048_e1024,benchmark,2048,2048,1024,1,0,True,3453.26,196.43,196.43,196.43,10.341
2026-05-13T22:46:04.434834+00:00,gpu3_benchmark,3,ckpt_s2048_e1024,benchmark,8192,2048,1024,1,0,True,4153.79,395.92,395.92,395.92,10.341
2026-05-13T22:46:04.434834+00:00,gpu3_benchmark,3,ckpt_s2048_e1024,benchmark,32768,2048,1024,1,0,True,6955.88,1724.03,1724.03,1724.03,10.341
2026-05-13T22:46:14.776293+00:00,gpu3_benchmark,3,ckpt_s2048_e1024,benchmark,65536,2048,1024,1,0,True,11272.51,3790.91,3790.91,3790.91,12.277
2026-05-13T22:46:27.053394+00:00,gpu3_benchmark,3,ckpt_s2048_e1024,benchmark,131072,2048,1024,1,0,True,21314.63,9138.44,9138.44,9138.44,22.989
2026-05-13T22:46:50.042635+00:00,gpu3_benchmark,3,ckpt_s1024_e1024,correctness,2048,1024,1024,1,0,True,,,,,7.131
2026-05-13T22:46:57.173883+00:00,gpu3_benchmark,3,ckpt_s1024_e1024,benchmark,2048,1024,1024,1,0,True,3452.26,98.4,98.4,98.4,10.351
2026-05-13T22:46:57.173883+00:00,gpu3_benchmark,3,ckpt_s1024_e1024,benchmark,8192,1024,1024,1,0,True,4152.79,397.66,397.66,397.66,10.351
2026-05-13T22:46:57.173883+00:00,gpu3_benchmark,3,ckpt_s1024_e1024,benchmark,32768,1024,1024,1,0,True,6954.88,1737.84,1737.84,1737.84,10.351
2026-05-13T22:47:07.525412+00:00,gpu3_benchmark,3,ckpt_s1024_e1024,benchmark,65536,1024,1024,1,0,True,11272.01,3846.52,3846.52,3846.52,12.440
2026-05-13T22:47:19.965288+00:00,gpu3_benchmark,3,ckpt_s1024_e1024,benchmark,131072,1024,1024,1,0,True,21314.63,9183.13,9183.13,9183.13,23.068
2026-05-13T22:47:43.034171+00:00,gpu3_benchmark,3,nocp_s8192_e8192,correctness,2048,8192,8192,0,0,True,,,,,6.286
2026-05-13T22:47:49.320282+00:00,gpu3_benchmark,3,nocp_s8192_e8192,benchmark,2048,8192,8192,0,0,True,3510.1,48.12,48.12,48.12,6.124
2026-05-13T22:47:49.320282+00:00,gpu3_benchmark,3,nocp_s8192_e8192,benchmark,8192,8192,8192,0,0,True,4300.63,74.18,74.18,74.18,6.124
2026-05-13T22:47:49.320282+00:00,gpu3_benchmark,3,nocp_s8192_e8192,benchmark,32768,8192,8192,0,0,True,9328.38,326.09,326.09,326.09,6.124
2026-05-13T22:47:55.445212+00:00,gpu3_benchmark,3,nocp_s8192_e8192,benchmark,65536,8192,8192,0,0,True,17416.01,698.99,698.99,698.99,5.702
2026-05-13T22:48:01.147615+00:00,gpu3_benchmark,3,nocp_s8192_e8192,benchmark,131072,8192,8192,0,0,False,,,,,4.271
2026-05-13T22:48:05.418672+00:00,gpu3_benchmark,3,nocp_s8192_e4096,correctness,2048,8192,4096,0,0,True,,,,,5.821
2026-05-13T22:48:11.240210+00:00,gpu3_benchmark,3,nocp_s8192_e4096,benchmark,2048,8192,4096,0,0,True,3510.1,50.67,50.67,50.67,6.454
2026-05-13T22:48:11.240210+00:00,gpu3_benchmark,3,nocp_s8192_e4096,benchmark,8192,8192,4096,0,0,True,4428.77,117.58,117.58,117.58,6.454
2026-05-13T22:48:11.240210+00:00,gpu3_benchmark,3,nocp_s8192_e4096,benchmark,32768,8192,4096,0,0,True,9328.38,511.3,511.3,511.3,6.454
2026-05-13T22:48:17.694360+00:00,gpu3_benchmark,3,nocp_s8192_e4096,benchmark,65536,8192,4096,0,0,True,17416.01,1107.03,1107.03,1107.03,6.328
2026-05-13T22:48:24.023162+00:00,gpu3_benchmark,3,nocp_s8192_e4096,benchmark,131072,8192,4096,0,0,False,,,,,4.716
2026-05-13T22:48:28.739328+00:00,gpu3_benchmark,3,nocp_s4096_e4096,correctness,2048,4096,4096,0,0,True,,,,,6.003
2026-05-13T22:48:34.742422+00:00,gpu3_benchmark,3,nocp_s4096_e4096,benchmark,2048,4096,4096,0,0,True,3510.1,48.42,48.42,48.42,6.664
2026-05-13T22:48:34.742422+00:00,gpu3_benchmark,3,nocp_s4096_e4096,benchmark,8192,4096,4096,0,0,True,4428.77,117.78,117.78,117.78,6.664
2026-05-13T22:48:34.742422+00:00,gpu3_benchmark,3,nocp_s4096_e4096,benchmark,32768,4096,4096,0,0,True,9328.38,515.77,515.77,515.77,6.664
2026-05-13T22:48:41.407233+00:00,gpu3_benchmark,3,nocp_s4096_e4096,benchmark,65536,4096,4096,0,0,True,17416.01,1120.46,1120.46,1120.46,6.558
2026-05-13T22:48:47.965355+00:00,gpu3_benchmark,3,nocp_s4096_e4096,benchmark,131072,4096,4096,0,0,False,,,,,4.810
2026-05-13T22:48:52.775242+00:00,gpu3_benchmark,3,nocp_s4096_e2048,correctness,2048,4096,2048,0,0,True,,,,,6.208
2026-05-13T22:48:58.983334+00:00,gpu3_benchmark,3,nocp_s4096_e2048,benchmark,2048,4096,2048,0,0,True,3510.1,48.42,48.42,48.42,7.357
2026-05-13T22:48:58.983334+00:00,gpu3_benchmark,3,nocp_s4096_e2048,benchmark,8192,4096,2048,0,0,True,4525.78,202.43,202.43,202.43,7.357
2026-05-13T22:48:58.983334+00:00,gpu3_benchmark,3,nocp_s4096_e2048,benchmark,32768,4096,2048,0,0,True,9474.26,884.74,884.74,884.74,7.357
2026-05-13T22:49:06.340864+00:00,gpu3_benchmark,3,nocp_s4096_e2048,benchmark,65536,4096,2048,0,0,True,17708.01,1945.94,1945.94,1945.94,8.321
2026-05-13T22:49:14.662406+00:00,gpu3_benchmark,3,nocp_s4096_e2048,benchmark,131072,4096,2048,0,0,False,,,,,4.561
2026-05-13T22:49:19.223499+00:00,gpu3_benchmark,3,nocp_s2048_e2048,correctness,2048,2048,2048,0,0,True,,,,,6.108
2026-05-13T22:49:25.332185+00:00,gpu3_benchmark,3,nocp_s2048_e2048,benchmark,2048,2048,2048,0,0,True,3510.1,48.07,48.07,48.07,7.827
2026-05-13T22:49:25.332185+00:00,gpu3_benchmark,3,nocp_s2048_e2048,benchmark,8192,2048,2048,0,0,True,4526.78,203.02,203.02,203.02,7.827
2026-05-13T22:49:25.332185+00:00,gpu3_benchmark,3,nocp_s2048_e2048,benchmark,32768,2048,2048,0,0,True,9476.26,899.63,899.63,899.63,7.827
2026-05-13T22:49:33.159743+00:00,gpu3_benchmark,3,nocp_s2048_e2048,benchmark,65536,2048,2048,0,0,True,17708.01,1960.43,1960.43,1960.43,7.871
2026-05-13T22:49:41.031415+00:00,gpu3_benchmark,3,nocp_s2048_e2048,benchmark,131072,2048,2048,0,0,False,,,,,4.239
2026-05-13T22:49:45.271231+00:00,gpu3_benchmark,3,ckpt_s8192_e8192,correctness,2048,8192,8192,1,0,True,,,,,6.948
2026-05-13T22:49:52.219389+00:00,gpu3_benchmark,3,ckpt_s8192_e8192,benchmark,2048,8192,8192,1,0,True,3432.23,50.95,50.95,50.95,7.110
2026-05-13T22:49:52.219389+00:00,gpu3_benchmark,3,ckpt_s8192_e8192,benchmark,8192,8192,8192,1,0,True,4012.63,80.15,80.15,80.15,7.110
2026-05-13T22:49:52.219389+00:00,gpu3_benchmark,3,ckpt_s8192_e8192,benchmark,32768,8192,8192,1,0,True,6814.85,349.47,349.47,349.47,7.110
2026-05-13T22:49:59.329564+00:00,gpu3_benchmark,3,ckpt_s8192_e8192,benchmark,65536,8192,8192,1,0,True,11272.01,746.35,746.35,746.35,6.214
2026-05-13T22:50:05.543782+00:00,gpu3_benchmark,3,ckpt_s8192_e8192,benchmark,131072,8192,8192,1,0,True,21303.26,1667.39,1667.39,1667.39,7.886
2026-05-13T22:50:13.429992+00:00,gpu3_benchmark,3,ckpt_s16384_e4096,correctness,2048,16384,4096,1,0,True,,,,,6.470
2026-05-13T22:50:19.899730+00:00,gpu3_benchmark,3,ckpt_s16384_e4096,benchmark,2048,16384,4096,1,0,True,3432.23,53.23,53.23,53.23,7.105
2026-05-13T22:50:19.899730+00:00,gpu3_benchmark,3,ckpt_s16384_e4096,benchmark,8192,16384,4096,1,0,True,4092.77,124.09,124.09,124.09,7.105
2026-05-13T22:50:19.899730+00:00,gpu3_benchmark,3,ckpt_s16384_e4096,benchmark,32768,16384,4096,1,0,True,6894.87,533.12,533.12,533.12,7.105
2026-05-13T22:50:27.005199+00:00,gpu3_benchmark,3,ckpt_s16384_e4096,benchmark,65536,16384,4096,1,0,True,11272.01,1167.72,1167.72,1167.72,7.128
2026-05-13T22:50:34.133439+00:00,gpu3_benchmark,3,ckpt_s16384_e4096,benchmark,131072,16384,4096,1,0,True,21303.26,2611.29,2611.29,2611.29,9.959
2026-05-13T22:50:44.093153+00:00,gpu3_benchmark,3,ckpt_s8192_e4096,correctness,2048,8192,4096,1,0,True,,,,,7.118
2026-05-13T22:50:51.211233+00:00,gpu3_benchmark,3,ckpt_s8192_e4096,benchmark,2048,8192,4096,1,0,True,3432.23,52.14,52.14,52.14,7.324
2026-05-13T22:50:51.211233+00:00,gpu3_benchmark,3,ckpt_s8192_e4096,benchmark,8192,8192,4096,1,0,True,4092.77,123.39,123.39,123.39,7.324
2026-05-13T22:50:51.211233+00:00,gpu3_benchmark,3,ckpt_s8192_e4096,benchmark,32768,8192,4096,1,0,True,6894.87,533.96,533.96,533.96,7.324
2026-05-13T22:50:58.535990+00:00,gpu3_benchmark,3,ckpt_s8192_e4096,benchmark,65536,8192,4096,1,0,True,11272.01,1152.3,1152.3,1152.3,6.699
2026-05-13T22:51:05.235434+00:00,gpu3_benchmark,3,ckpt_s8192_e4096,benchmark,131072,8192,4096,1,0,True,21303.26,2640.3,2640.3,2640.3,10.616
2026-05-13T22:51:15.851644+00:00,gpu3_benchmark,3,ckpt_s4096_e4096,correctness,2048,4096,4096,1,0,True,,,,,6.521
2026-05-13T22:51:22.373022+00:00,gpu3_benchmark,3,ckpt_s4096_e4096,benchmark,2048,4096,4096,1,0,True,3432.23,52.82,52.82,52.82,7.848
2026-05-13T22:51:22.373022+00:00,gpu3_benchmark,3,ckpt_s4096_e4096,benchmark,8192,4096,4096,1,0,True,4092.77,124.62,124.62,124.62,7.848
2026-05-13T22:51:22.373022+00:00,gpu3_benchmark,3,ckpt_s4096_e4096,benchmark,32768,4096,4096,1,0,True,6894.87,540.95,540.95,540.95,7.848
2026-05-13T22:51:30.221457+00:00,gpu3_benchmark,3,ckpt_s4096_e4096,benchmark,65536,4096,4096,1,0,True,11272.01,1167.61,1167.61,1167.61,6.869
2026-05-13T22:51:37.091133+00:00,gpu3_benchmark,3,ckpt_s4096_e4096,benchmark,131072,4096,4096,1,0,True,21303.26,2711.8,2711.8,2711.8,9.787
2026-05-13T22:51:46.879148+00:00,gpu3_benchmark,3,ckpt_s8192_e2048,correctness,2048,8192,2048,1,0,True,,,,,6.647
2026-05-13T22:51:53.526696+00:00,gpu3_benchmark,3,ckpt_s8192_e2048,benchmark,2048,8192,2048,1,0,True,3432.23,52.31,52.31,52.31,8.242
2026-05-13T22:51:53.526696+00:00,gpu3_benchmark,3,ckpt_s8192_e2048,benchmark,8192,8192,2048,1,0,True,4132.78,212.95,212.95,212.95,8.242
2026-05-13T22:51:53.526696+00:00,gpu3_benchmark,3,ckpt_s8192_e2048,benchmark,32768,8192,2048,1,0,True,6934.88,932.02,932.02,932.02,8.242
2026-05-13T22:52:01.769307+00:00,gpu3_benchmark,3,ckpt_s8192_e2048,benchmark,65536,8192,2048,1,0,True,11272.01,2010.03,2010.03,2010.03,8.478
2026-05-13T22:52:10.247348+00:00,gpu3_benchmark,3,ckpt_s8192_e2048,benchmark,131072,8192,2048,1,0,False,,,,,5.448
2026-05-13T22:52:15.696273+00:00,gpu3_benchmark,3,ckpt_s4096_e2048,correctness,2048,4096,2048,1,0,True,,,,,7.140
2026-05-13T22:52:22.836947+00:00,gpu3_benchmark,3,ckpt_s4096_e2048,benchmark,2048,4096,2048,1,0,True,3432.23,51.12,51.12,51.12,8.291
2026-05-13T22:52:22.836947+00:00,gpu3_benchmark,3,ckpt_s4096_e2048,benchmark,8192,4096,2048,1,0,True,4132.78,212.9,212.9,212.9,8.291
2026-05-13T22:52:22.836947+00:00,gpu3_benchmark,3,ckpt_s4096_e2048,benchmark,32768,4096,2048,1,0,True,6934.88,940.54,940.54,940.54,8.291
2026-05-13T22:52:31.129047+00:00,gpu3_benchmark,3,ckpt_s4096_e2048,benchmark,65536,4096,2048,1,0,True,11272.01,2034.07,2034.07,2034.07,9.027
2026-05-13T22:52:40.156694+00:00,gpu3_benchmark,3,ckpt_s4096_e2048,benchmark,131072,4096,2048,1,0,False,,,,,4.849
2026-05-13T22:52:45.006371+00:00,gpu3_benchmark,3,ckpt_s2048_e2048,correctness,2048,2048,2048,1,0,True,,,,,6.916
2026-05-13T22:52:51.922424+00:00,gpu3_benchmark,3,ckpt_s2048_e2048,benchmark,2048,2048,2048,1,0,True,3432.23,51.08,51.08,51.08,8.768
2026-05-13T22:52:51.922424+00:00,gpu3_benchmark,3,ckpt_s2048_e2048,benchmark,8192,2048,2048,1,0,True,4132.78,216.83,216.83,216.83,8.768
2026-05-13T22:52:51.922424+00:00,gpu3_benchmark,3,ckpt_s2048_e2048,benchmark,32768,2048,2048,1,0,True,6934.88,969.29,969.29,969.29,8.768
2026-05-13T22:53:00.690465+00:00,gpu3_benchmark,3,ckpt_s2048_e2048,benchmark,65536,2048,2048,1,0,True,11272.01,2044.51,2044.51,2044.51,9.108
2026-05-13T22:53:09.798721+00:00,gpu3_benchmark,3,ckpt_s2048_e2048,benchmark,131072,2048,2048,1,0,False,,,,,5.299
2026-05-13T22:53:15.098427+00:00,gpu3_benchmark,3,ckpt_s4096_e1024,correctness,2048,4096,1024,1,0,True,,,,,6.570
2026-05-13T22:53:21.668361+00:00,gpu3_benchmark,3,ckpt_s4096_e1024,benchmark,2048,4096,1024,1,0,True,3453.26,224.87,224.87,224.87,10.648
2026-05-13T22:53:21.668361+00:00,gpu3_benchmark,3,ckpt_s4096_e1024,benchmark,8192,4096,1024,1,0,True,4153.79,402.68,402.68,402.68,10.648
2026-05-13T22:53:21.668361+00:00,gpu3_benchmark,3,ckpt_s4096_e1024,benchmark,32768,4096,1024,1,0,True,6955.88,1732.04,1732.04,1732.04,10.648
2026-05-13T22:53:32.316611+00:00,gpu3_benchmark,3,ckpt_s4096_e1024,benchmark,65536,4096,1024,1,0,True,11272.51,3800.68,3800.68,3800.68,12.355
2026-05-13T22:53:44.671775+00:00,gpu3_benchmark,3,ckpt_s4096_e1024,benchmark,131072,4096,1024,1,0,True,21314.76,8892.0,8892.0,8892.0,22.528
2026-05-13T22:54:07.200352+00:00,gpu3_benchmark,3,ckpt_s2048_e1024,correctness,2048,2048,1024,1,0,True,,,,,6.520
2026-05-13T22:54:13.720785+00:00,gpu3_benchmark,3,ckpt_s2048_e1024,benchmark,2048,2048,1024,1,0,True,3453.26,206.77,206.77,206.77,10.489
2026-05-13T22:54:13.720785+00:00,gpu3_benchmark,3,ckpt_s2048_e1024,benchmark,8192,2048,1024,1,0,True,4153.79,396.97,396.97,396.97,10.489
2026-05-13T22:54:13.720785+00:00,gpu3_benchmark,3,ckpt_s2048_e1024,benchmark,32768,2048,1024,1,0,True,6955.88,1725.91,1725.91,1725.91,10.489
2026-05-13T22:54:24.210625+00:00,gpu3_benchmark,3,ckpt_s2048_e1024,benchmark,65536,2048,1024,1,0,True,11272.51,3827.91,3827.91,3827.91,12.404
2026-05-13T22:54:36.614949+00:00,gpu3_benchmark,3,ckpt_s2048_e1024,benchmark,131072,2048,1024,1,0,True,21314.63,8954.42,8954.42,8954.42,23.054
2026-05-13T22:54:59.669121+00:00,gpu3_benchmark,3,ckpt_s1024_e1024,correctness,2048,1024,1024,1,0,True,,,,,7.015
2026-05-13T22:55:06.684139+00:00,gpu3_benchmark,3,ckpt_s1024_e1024,benchmark,2048,1024,1024,1,0,True,3452.26,96.49,96.49,96.49,10.056
2026-05-13T22:55:06.684139+00:00,gpu3_benchmark,3,ckpt_s1024_e1024,benchmark,8192,1024,1024,1,0,True,4152.79,399.23,399.23,399.23,10.056
2026-05-13T22:55:06.684139+00:00,gpu3_benchmark,3,ckpt_s1024_e1024,benchmark,32768,1024,1024,1,0,True,6954.88,1742.8,1742.8,1742.8,10.056
2026-05-13T22:55:16.740594+00:00,gpu3_benchmark,3,ckpt_s1024_e1024,benchmark,65536,1024,1024,1,0,True,11272.01,3835.03,3835.03,3835.03,12.411
2026-05-13T22:55:29.152162+00:00,gpu3_benchmark,3,ckpt_s1024_e1024,benchmark,131072,1024,1024,1,0,True,21314.63,9073.41,9073.41,9073.41,23.039
2026-05-13T22:55:52.191886+00:00,gpu3_benchmark,3,nocp_s8192_e8192,correctness,2048,8192,8192,0,0,True,,,,,5.892
2026-05-13T22:55:58.084087+00:00,gpu3_benchmark,3,nocp_s8192_e8192,benchmark,2048,8192,8192,0,0,True,3510.1,48.02,48.02,48.02,6.265
2026-05-13T22:55:58.084087+00:00,gpu3_benchmark,3,nocp_s8192_e8192,benchmark,8192,8192,8192,0,0,True,4300.63,74.69,74.69,74.69,6.265
2026-05-13T22:55:58.084087+00:00,gpu3_benchmark,3,nocp_s8192_e8192,benchmark,32768,8192,8192,0,0,True,9328.38,326.74,326.74,326.74,6.265
2026-05-13T22:56:04.348927+00:00,gpu3_benchmark,3,nocp_s8192_e8192,benchmark,65536,8192,8192,0,0,True,17416.01,699.54,699.54,699.54,5.662
2026-05-13T22:56:10.011068+00:00,gpu3_benchmark,3,nocp_s8192_e8192,benchmark,131072,8192,8192,0,0,False,,,,,4.364
2026-05-13T22:56:14.375704+00:00,gpu3_benchmark,3,nocp_s8192_e4096,correctness,2048,8192,4096,0,0,True,,,,,6.113
2026-05-13T22:56:20.489146+00:00,gpu3_benchmark,3,nocp_s8192_e4096,benchmark,2048,8192,4096,0,0,True,3510.1,48.24,48.24,48.24,7.168
2026-05-13T22:56:20.489146+00:00,gpu3_benchmark,3,nocp_s8192_e4096,benchmark,8192,8192,4096,0,0,True,4428.77,116.79,116.79,116.79,7.168
2026-05-13T22:56:20.489146+00:00,gpu3_benchmark,3,nocp_s8192_e4096,benchmark,32768,8192,4096,0,0,True,9328.38,510.72,510.72,510.72,7.168
2026-05-13T22:56:27.657876+00:00,gpu3_benchmark,3,nocp_s8192_e4096,benchmark,65536,8192,4096,0,0,True,17416.01,1106.34,1106.34,1106.34,6.470
2026-05-13T22:56:34.128545+00:00,gpu3_benchmark,3,nocp_s8192_e4096,benchmark,131072,8192,4096,0,0,False,,,,,4.487
2026-05-13T22:56:38.616249+00:00,gpu3_benchmark,3,nocp_s4096_e4096,correctness,2048,4096,4096,0,0,True,,,,,6.253
2026-05-13T22:56:44.869645+00:00,gpu3_benchmark,3,nocp_s4096_e4096,benchmark,2048,4096,4096,0,0,True,3510.1,48.97,48.97,48.97,6.819
2026-05-13T22:56:44.869645+00:00,gpu3_benchmark,3,nocp_s4096_e4096,benchmark,8192,4096,4096,0,0,True,4428.77,118.53,118.53,118.53,6.819
2026-05-13T22:56:44.869645+00:00,gpu3_benchmark,3,nocp_s4096_e4096,benchmark,32768,4096,4096,0,0,True,9328.38,516.47,516.47,516.47,6.819
2026-05-13T22:56:51.689271+00:00,gpu3_benchmark,3,nocp_s4096_e4096,benchmark,65536,4096,4096,0,0,True,17416.01,1121.63,1121.63,1121.63,6.193
2026-05-13T22:56:57.882376+00:00,gpu3_benchmark,3,nocp_s4096_e4096,benchmark,131072,4096,4096,0,0,False,,,,,4.313
2026-05-13T22:57:02.196003+00:00,gpu3_benchmark,3,nocp_s4096_e2048,correctness,2048,4096,2048,0,0,True,,,,,6.226
2026-05-13T22:57:08.422106+00:00,gpu3_benchmark,3,nocp_s4096_e2048,benchmark,2048,4096,2048,0,0,True,3510.1,48.41,48.41,48.41,7.481
2026-05-13T22:57:08.422106+00:00,gpu3_benchmark,3,nocp_s4096_e2048,benchmark,8192,4096,2048,0,0,True,4525.78,202.47,202.47,202.47,7.481
2026-05-13T22:57:08.422106+00:00,gpu3_benchmark,3,nocp_s4096_e2048,benchmark,32768,4096,2048,0,0,True,9474.26,896.01,896.01,896.01,7.481
2026-05-13T22:57:15.904104+00:00,gpu3_benchmark,3,nocp_s4096_e2048,benchmark,65536,4096,2048,0,0,True,17708.01,1931.27,1931.27,1931.27,7.957
2026-05-13T22:57:23.861860+00:00,gpu3_benchmark,3,nocp_s4096_e2048,benchmark,131072,4096,2048,0,0,False,,,,,4.221
2026-05-13T22:57:28.083304+00:00,gpu3_benchmark,3,nocp_s2048_e2048,correctness,2048,2048,2048,0,0,True,,,,,6.030
2026-05-13T22:57:34.113581+00:00,gpu3_benchmark,3,nocp_s2048_e2048,benchmark,2048,2048,2048,0,0,True,3510.1,48.39,48.39,48.39,7.504
2026-05-13T22:57:34.113581+00:00,gpu3_benchmark,3,nocp_s2048_e2048,benchmark,8192,2048,2048,0,0,True,4526.78,202.96,202.96,202.96,7.504
2026-05-13T22:57:34.113581+00:00,gpu3_benchmark,3,nocp_s2048_e2048,benchmark,32768,2048,2048,0,0,True,9476.26,891.72,891.72,891.72,7.504
2026-05-13T22:57:41.617641+00:00,gpu3_benchmark,3,nocp_s2048_e2048,benchmark,65536,2048,2048,0,0,True,17708.01,1967.33,1967.33,1967.33,8.098
2026-05-13T22:57:49.716298+00:00,gpu3_benchmark,3,nocp_s2048_e2048,benchmark,131072,2048,2048,0,0,False,,,,,4.625
2026-05-13T22:57:54.341388+00:00,gpu3_benchmark,3,ckpt_s8192_e8192,correctness,2048,8192,8192,1,0,True,,,,,6.870
2026-05-13T22:58:01.212046+00:00,gpu3_benchmark,3,ckpt_s8192_e8192,benchmark,2048,8192,8192,1,0,True,3432.23,50.96,50.96,50.96,6.920
2026-05-13T22:58:01.212046+00:00,gpu3_benchmark,3,ckpt_s8192_e8192,benchmark,8192,8192,8192,1,0,True,4012.63,80.06,80.06,80.06,6.920
2026-05-13T22:58:01.212046+00:00,gpu3_benchmark,3,ckpt_s8192_e8192,benchmark,32768,8192,8192,1,0,True,6814.85,349.46,349.46,349.46,6.920
2026-05-13T22:58:08.132787+00:00,gpu3_benchmark,3,ckpt_s8192_e8192,benchmark,65536,8192,8192,1,0,True,11272.01,744.8,744.8,744.8,5.823
2026-05-13T22:58:13.955838+00:00,gpu3_benchmark,3,ckpt_s8192_e8192,benchmark,131072,8192,8192,1,0,True,21303.26,1668.88,1668.88,1668.88,8.348
2026-05-13T22:58:22.304458+00:00,gpu3_benchmark,3,ckpt_s16384_e4096,correctness,2048,16384,4096,1,0,True,,,,,6.997
2026-05-13T22:58:29.301882+00:00,gpu3_benchmark,3,ckpt_s16384_e4096,benchmark,2048,16384,4096,1,0,True,3432.23,53.86,53.86,53.86,7.515
2026-05-13T22:58:29.301882+00:00,gpu3_benchmark,3,ckpt_s16384_e4096,benchmark,8192,16384,4096,1,0,True,4092.77,125.07,125.07,125.07,7.515
2026-05-13T22:58:29.301882+00:00,gpu3_benchmark,3,ckpt_s16384_e4096,benchmark,32768,16384,4096,1,0,True,6894.87,542.43,542.43,542.43,7.515
2026-05-13T22:58:36.817385+00:00,gpu3_benchmark,3,ckpt_s16384_e4096,benchmark,65536,16384,4096,1,0,True,11272.01,1153.2,1153.2,1153.2,7.396
2026-05-13T22:58:44.213333+00:00,gpu3_benchmark,3,ckpt_s16384_e4096,benchmark,131072,16384,4096,1,0,True,21303.26,2596.9,2596.9,2596.9,10.327
2026-05-13T22:58:54.540905+00:00,gpu3_benchmark,3,ckpt_s8192_e4096,correctness,2048,8192,4096,1,0,True,,,,,6.401
2026-05-13T22:59:00.941955+00:00,gpu3_benchmark,3,ckpt_s8192_e4096,benchmark,2048,8192,4096,1,0,True,3432.23,51.17,51.17,51.17,7.553
2026-05-13T22:59:00.941955+00:00,gpu3_benchmark,3,ckpt_s8192_e4096,benchmark,8192,8192,4096,1,0,True,4092.77,123.52,123.52,123.52,7.553
2026-05-13T22:59:00.941955+00:00,gpu3_benchmark,3,ckpt_s8192_e4096,benchmark,32768,8192,4096,1,0,True,6894.87,535.07,535.07,535.07,7.553
2026-05-13T22:59:08.495465+00:00,gpu3_benchmark,3,ckpt_s8192_e4096,benchmark,65536,8192,4096,1,0,True,11272.01,1152.61,1152.61,1152.61,7.348
2026-05-13T22:59:15.844132+00:00,gpu3_benchmark,3,ckpt_s8192_e4096,benchmark,131072,8192,4096,1,0,True,21303.26,2632.13,2632.13,2632.13,10.219
2026-05-13T22:59:26.063668+00:00,gpu3_benchmark,3,ckpt_s4096_e4096,correctness,2048,4096,4096,1,0,True,,,,,6.831
2026-05-13T22:59:32.894678+00:00,gpu3_benchmark,3,ckpt_s4096_e4096,benchmark,2048,4096,4096,1,0,True,3432.23,50.98,50.98,50.98,7.502
2026-05-13T22:59:32.894678+00:00,gpu3_benchmark,3,ckpt_s4096_e4096,benchmark,8192,4096,4096,1,0,True,4092.77,123.81,123.81,123.81,7.502
2026-05-13T22:59:32.894678+00:00,gpu3_benchmark,3,ckpt_s4096_e4096,benchmark,32768,4096,4096,1,0,True,6894.87,537.82,537.82,537.82,7.502
2026-05-13T22:59:40.396591+00:00,gpu3_benchmark,3,ckpt_s4096_e4096,benchmark,65536,4096,4096,1,0,True,11272.01,1166.2,1166.2,1166.2,7.402
2026-05-13T22:59:47.798586+00:00,gpu3_benchmark,3,ckpt_s4096_e4096,benchmark,131072,4096,4096,1,0,True,21303.26,2700.93,2700.93,2700.93,10.279
2026-05-13T22:59:58.078417+00:00,gpu3_benchmark,3,ckpt_s8192_e2048,correctness,2048,8192,2048,1,0,True,,,,,7.157
2026-05-13T23:00:05.235457+00:00,gpu3_benchmark,3,ckpt_s8192_e2048,benchmark,2048,8192,2048,1,0,True,3432.23,52.62,52.62,52.62,8.224
2026-05-13T23:00:05.235457+00:00,gpu3_benchmark,3,ckpt_s8192_e2048,benchmark,8192,8192,2048,1,0,True,4132.78,221.03,221.03,221.03,8.224
2026-05-13T23:00:05.235457+00:00,gpu3_benchmark,3,ckpt_s8192_e2048,benchmark,32768,8192,2048,1,0,True,6934.88,933.21,933.21,933.21,8.224
2026-05-13T23:00:13.459958+00:00,gpu3_benchmark,3,ckpt_s8192_e2048,benchmark,65536,8192,2048,1,0,True,11272.01,2036.76,2036.76,2036.76,9.232
2026-05-13T23:00:22.692199+00:00,gpu3_benchmark,3,ckpt_s8192_e2048,benchmark,131072,8192,2048,1,0,False,,,,,5.280
2026-05-13T23:00:27.972707+00:00,gpu3_benchmark,3,ckpt_s4096_e2048,correctness,2048,4096,2048,1,0,True,,,,,6.793
2026-05-13T23:00:34.765926+00:00,gpu3_benchmark,3,ckpt_s4096_e2048,benchmark,2048,4096,2048,1,0,True,3432.23,51.29,51.29,51.29,8.817
2026-05-13T23:00:34.765926+00:00,gpu3_benchmark,3,ckpt_s4096_e2048,benchmark,8192,4096,2048,1,0,True,4132.78,213.66,213.66,213.66,8.817
2026-05-13T23:00:34.765926+00:00,gpu3_benchmark,3,ckpt_s4096_e2048,benchmark,32768,4096,2048,1,0,True,6934.88,931.62,931.62,931.62,8.817
2026-05-13T23:00:43.583016+00:00,gpu3_benchmark,3,ckpt_s4096_e2048,benchmark,65536,4096,2048,1,0,True,11272.01,2053.77,2053.77,2053.77,8.640
2026-05-13T23:00:52.223130+00:00,gpu3_benchmark,3,ckpt_s4096_e2048,benchmark,131072,4096,2048,1,0,False,,,,,5.537
2026-05-13T23:00:57.760923+00:00,gpu3_benchmark,3,ckpt_s2048_e2048,correctness,2048,2048,2048,1,0,True,,,,,6.834
2026-05-13T23:01:04.595095+00:00,gpu3_benchmark,3,ckpt_s2048_e2048,benchmark,2048,2048,2048,1,0,True,3432.23,51.25,51.25,51.25,8.379
2026-05-13T23:01:04.595095+00:00,gpu3_benchmark,3,ckpt_s2048_e2048,benchmark,8192,2048,2048,1,0,True,4132.78,213.08,213.08,213.08,8.379
2026-05-13T23:01:04.595095+00:00,gpu3_benchmark,3,ckpt_s2048_e2048,benchmark,32768,2048,2048,1,0,True,6934.88,952.14,952.14,952.14,8.379
2026-05-13T23:01:12.974634+00:00,gpu3_benchmark,3,ckpt_s2048_e2048,benchmark,65536,2048,2048,1,0,True,11272.01,2070.26,2070.26,2070.26,9.303
2026-05-13T23:01:22.278150+00:00,gpu3_benchmark,3,ckpt_s2048_e2048,benchmark,131072,2048,2048,1,0,False,,,,,5.307
2026-05-13T23:01:27.586046+00:00,gpu3_benchmark,3,ckpt_s4096_e1024,correctness,2048,4096,1024,1,0,True,,,,,7.026
2026-05-13T23:01:34.612548+00:00,gpu3_benchmark,3,ckpt_s4096_e1024,benchmark,2048,4096,1024,1,0,True,3453.26,204.81,204.81,204.81,10.215
2026-05-13T23:01:34.612548+00:00,gpu3_benchmark,3,ckpt_s4096_e1024,benchmark,8192,4096,1024,1,0,True,4153.79,396.61,396.61,396.61,10.215
2026-05-13T23:01:34.612548+00:00,gpu3_benchmark,3,ckpt_s4096_e1024,benchmark,32768,4096,1024,1,0,True,6955.88,1717.92,1717.92,1717.92,10.215
2026-05-13T23:01:44.827456+00:00,gpu3_benchmark,3,ckpt_s4096_e1024,benchmark,65536,4096,1024,1,0,True,11272.51,3760.91,3760.91,3760.91,12.319
2026-05-13T23:01:57.146984+00:00,gpu3_benchmark,3,ckpt_s4096_e1024,benchmark,131072,4096,1024,1,0,True,21314.76,8888.48,8888.48,8888.48,22.651
2026-05-13T23:02:19.798111+00:00,gpu3_benchmark,3,ckpt_s2048_e1024,correctness,2048,2048,1024,1,0,True,,,,,6.956
2026-05-13T23:02:26.754262+00:00,gpu3_benchmark,3,ckpt_s2048_e1024,benchmark,2048,2048,1024,1,0,True,3453.26,190.78,190.78,190.78,10.703
2026-05-13T23:02:26.754262+00:00,gpu3_benchmark,3,ckpt_s2048_e1024,benchmark,8192,2048,1024,1,0,True,4153.79,404.41,404.41,404.41,10.703
2026-05-13T23:02:26.754262+00:00,gpu3_benchmark,3,ckpt_s2048_e1024,benchmark,32768,2048,1024,1,0,True,6955.88,1752.85,1752.85,1752.85,10.703
2026-05-13T23:02:37.457255+00:00,gpu3_benchmark,3,ckpt_s2048_e1024,benchmark,65536,2048,1024,1,0,True,11272.51,3832.02,3832.02,3832.02,12.566
2026-05-13T23:02:50.023774+00:00,gpu3_benchmark,3,ckpt_s2048_e1024,benchmark,131072,2048,1024,1,0,True,21314.63,8968.36,8968.36,8968.36,22.961
2026-05-13T23:03:12.985609+00:00,gpu3_benchmark,3,ckpt_s1024_e1024,correctness,2048,1024,1024,1,0,True,,,,,6.802
2026-05-13T23:03:19.787785+00:00,gpu3_benchmark,3,ckpt_s1024_e1024,benchmark,2048,1024,1024,1,0,True,3452.26,96.77,96.77,96.77,10.392
2026-05-13T23:03:19.787785+00:00,gpu3_benchmark,3,ckpt_s1024_e1024,benchmark,8192,1024,1024,1,0,True,4152.79,401.83,401.83,401.83,10.392
2026-05-13T23:03:19.787785+00:00,gpu3_benchmark,3,ckpt_s1024_e1024,benchmark,32768,1024,1024,1,0,True,6954.88,1759.54,1759.54,1759.54,10.392
2026-05-13T23:03:30.180168+00:00,gpu3_benchmark,3,ckpt_s1024_e1024,benchmark,65536,1024,1024,1,0,True,11272.01,3866.7,3866.7,3866.7,12.075
2026-05-13T23:03:42.255074+00:00,gpu3_benchmark,3,ckpt_s1024_e1024,benchmark,131072,1024,1024,1,0,True,21314.63,9227.31,9227.31,9227.31,23.325
2026-05-13T23:04:05.580579+00:00,gpu3_benchmark,3,nocp_s8192_e8192,correctness,2048,8192,8192,0,0,True,,,,,6.067
2026-05-13T23:04:11.648224+00:00,gpu3_benchmark,3,nocp_s8192_e8192,benchmark,2048,8192,8192,0,0,True,3510.1,48.34,48.34,48.34,6.238
2026-05-13T23:04:11.648224+00:00,gpu3_benchmark,3,nocp_s8192_e8192,benchmark,8192,8192,8192,0,0,True,4300.63,74.0,74.0,74.0,6.238
2026-05-13T23:04:11.648224+00:00,gpu3_benchmark,3,nocp_s8192_e8192,benchmark,32768,8192,8192,0,0,True,9328.38,326.08,326.08,326.08,6.238
2026-05-13T23:04:17.886375+00:00,gpu3_benchmark,3,nocp_s8192_e8192,benchmark,65536,8192,8192,0,0,True,17416.01,699.18,699.18,699.18,5.461
2026-05-13T23:04:23.348134+00:00,gpu3_benchmark,3,nocp_s8192_e8192,benchmark,131072,8192,8192,0,0,False,,,,,4.650
2026-05-13T23:04:27.998106+00:00,gpu3_benchmark,3,nocp_s8192_e4096,correctness,2048,8192,4096,0,0,True,,,,,5.977
2026-05-13T23:04:33.975130+00:00,gpu3_benchmark,3,nocp_s8192_e4096,benchmark,2048,8192,4096,0,0,True,3510.1,48.55,48.55,48.55,6.537
2026-05-13T23:04:33.975130+00:00,gpu3_benchmark,3,nocp_s8192_e4096,benchmark,8192,8192,4096,0,0,True,4428.77,116.6,116.6,116.6,6.537
2026-05-13T23:04:33.975130+00:00,gpu3_benchmark,3,nocp_s8192_e4096,benchmark,32768,8192,4096,0,0,True,9328.38,512.13,512.13,512.13,6.537
2026-05-13T23:04:40.512851+00:00,gpu3_benchmark,3,nocp_s8192_e4096,benchmark,65536,8192,4096,0,0,True,17416.01,1106.41,1106.41,1106.41,6.387
2026-05-13T23:04:46.900450+00:00,gpu3_benchmark,3,nocp_s8192_e4096,benchmark,131072,8192,4096,0,0,False,,,,,4.165
2026-05-13T23:04:51.065856+00:00,gpu3_benchmark,3,nocp_s4096_e4096,correctness,2048,4096,4096,0,0,True,,,,,6.376
2026-05-13T23:04:57.441948+00:00,gpu3_benchmark,3,nocp_s4096_e4096,benchmark,2048,4096,4096,0,0,True,3510.1,48.01,48.01,48.01,6.724
2026-05-13T23:04:57.441948+00:00,gpu3_benchmark,3,nocp_s4096_e4096,benchmark,8192,4096,4096,0,0,True,4428.77,117.26,117.26,117.26,6.724
2026-05-13T23:04:57.441948+00:00,gpu3_benchmark,3,nocp_s4096_e4096,benchmark,32768,4096,4096,0,0,True,9328.38,515.27,515.27,515.27,6.724
2026-05-13T23:05:04.165991+00:00,gpu3_benchmark,3,nocp_s4096_e4096,benchmark,65536,4096,4096,0,0,True,17416.01,1120.59,1120.59,1120.59,6.115
2026-05-13T23:05:10.280967+00:00,gpu3_benchmark,3,nocp_s4096_e4096,benchmark,131072,4096,4096,0,0,False,,,,,4.737
2026-05-13T23:05:15.018309+00:00,gpu3_benchmark,3,nocp_s4096_e2048,correctness,2048,4096,2048,0,0,True,,,,,6.495
2026-05-13T23:05:21.513963+00:00,gpu3_benchmark,3,nocp_s4096_e2048,benchmark,2048,4096,2048,0,0,True,3510.1,49.24,49.24,49.24,7.695
2026-05-13T23:05:21.513963+00:00,gpu3_benchmark,3,nocp_s4096_e2048,benchmark,8192,4096,2048,0,0,True,4525.78,202.21,202.21,202.21,7.695
2026-05-13T23:05:21.513963+00:00,gpu3_benchmark,3,nocp_s4096_e2048,benchmark,32768,4096,2048,0,0,True,9474.26,886.88,886.88,886.88,7.695
2026-05-13T23:05:29.208990+00:00,gpu3_benchmark,3,nocp_s4096_e2048,benchmark,65536,4096,2048,0,0,True,17708.01,1984.75,1984.75,1984.75,8.233
2026-05-13T23:05:37.441787+00:00,gpu3_benchmark,3,nocp_s4096_e2048,benchmark,131072,4096,2048,0,0,False,,,,,4.364
2026-05-13T23:05:41.806333+00:00,gpu3_benchmark,3,nocp_s2048_e2048,correctness,2048,2048,2048,0,0,True,,,,,5.885
2026-05-13T23:05:47.691229+00:00,gpu3_benchmark,3,nocp_s2048_e2048,benchmark,2048,2048,2048,0,0,True,3510.1,48.25,48.25,48.25,7.391
2026-05-13T23:05:47.691229+00:00,gpu3_benchmark,3,nocp_s2048_e2048,benchmark,8192,2048,2048,0,0,True,4526.78,203.11,203.11,203.11,7.391
2026-05-13T23:05:47.691229+00:00,gpu3_benchmark,3,nocp_s2048_e2048,benchmark,32768,2048,2048,0,0,True,9476.26,891.26,891.26,891.26,7.391
2026-05-13T23:05:55.083150+00:00,gpu3_benchmark,3,nocp_s2048_e2048,benchmark,65536,2048,2048,0,0,True,17708.01,1962.44,1962.44,1962.44,8.146
2026-05-13T23:06:03.229518+00:00,gpu3_benchmark,3,nocp_s2048_e2048,benchmark,131072,2048,2048,0,0,False,,,,,4.635
2026-05-13T23:06:07.864840+00:00,gpu3_benchmark,3,ckpt_s8192_e8192,correctness,2048,8192,8192,1,0,True,,,,,6.999
2026-05-13T23:06:14.864133+00:00,gpu3_benchmark,3,ckpt_s8192_e8192,benchmark,2048,8192,8192,1,0,True,3432.23,53.25,53.25,53.25,6.514
2026-05-13T23:06:14.864133+00:00,gpu3_benchmark,3,ckpt_s8192_e8192,benchmark,8192,8192,8192,1,0,True,4012.63,80.55,80.55,80.55,6.514
2026-05-13T23:06:14.864133+00:00,gpu3_benchmark,3,ckpt_s8192_e8192,benchmark,32768,8192,8192,1,0,True,6814.85,350.84,350.84,350.84,6.514
2026-05-13T23:06:21.378128+00:00,gpu3_benchmark,3,ckpt_s8192_e8192,benchmark,65536,8192,8192,1,0,True,11272.01,746.2,746.2,746.2,6.541
2026-05-13T23:06:27.919526+00:00,gpu3_benchmark,3,ckpt_s8192_e8192,benchmark,131072,8192,8192,1,0,True,21303.26,1669.88,1669.88,1669.88,8.341
2026-05-13T23:06:36.261481+00:00,gpu3_benchmark,3,ckpt_s16384_e4096,correctness,2048,16384,4096,1,0,True,,,,,6.987
2026-05-13T23:06:43.248884+00:00,gpu3_benchmark,3,ckpt_s16384_e4096,benchmark,2048,16384,4096,1,0,True,3432.23,52.57,52.57,52.57,7.529
2026-05-13T23:06:43.248884+00:00,gpu3_benchmark,3,ckpt_s16384_e4096,benchmark,8192,16384,4096,1,0,True,4092.77,124.41,124.41,124.41,7.529
2026-05-13T23:06:43.248884+00:00,gpu3_benchmark,3,ckpt_s16384_e4096,benchmark,32768,16384,4096,1,0,True,6894.87,532.41,532.41,532.41,7.529
2026-05-13T23:06:50.777877+00:00,gpu3_benchmark,3,ckpt_s16384_e4096,benchmark,65536,16384,4096,1,0,True,11272.01,1143.33,1143.33,1143.33,7.029
2026-05-13T23:06:57.807459+00:00,gpu3_benchmark,3,ckpt_s16384_e4096,benchmark,131072,16384,4096,1,0,True,21303.26,2597.07,2597.07,2597.07,10.173
2026-05-13T23:07:07.980934+00:00,gpu3_benchmark,3,ckpt_s8192_e4096,correctness,2048,8192,4096,1,0,True,,,,,6.877
2026-05-13T23:07:14.858157+00:00,gpu3_benchmark,3,ckpt_s8192_e4096,benchmark,2048,8192,4096,1,0,True,3432.23,51.34,51.34,51.34,7.055
2026-05-13T23:07:14.858157+00:00,gpu3_benchmark,3,ckpt_s8192_e4096,benchmark,8192,8192,4096,1,0,True,4092.77,123.53,123.53,123.53,7.055
2026-05-13T23:07:14.858157+00:00,gpu3_benchmark,3,ckpt_s8192_e4096,benchmark,32768,8192,4096,1,0,True,6894.87,534.53,534.53,534.53,7.055
2026-05-13T23:07:21.913625+00:00,gpu3_benchmark,3,ckpt_s8192_e4096,benchmark,65536,8192,4096,1,0,True,11272.01,1164.49,1164.49,1164.49,7.143
2026-05-13T23:07:29.056625+00:00,gpu3_benchmark,3,ckpt_s8192_e4096,benchmark,131072,8192,4096,1,0,True,21303.26,2637.0,2637.0,2637.0,10.291
2026-05-13T23:07:39.348628+00:00,gpu3_benchmark,3,ckpt_s4096_e4096,correctness,2048,4096,4096,1,0,True,,,,,6.960
2026-05-13T23:07:46.308551+00:00,gpu3_benchmark,3,ckpt_s4096_e4096,benchmark,2048,4096,4096,1,0,True,3432.23,51.6,51.6,51.6,7.479
2026-05-13T23:07:46.308551+00:00,gpu3_benchmark,3,ckpt_s4096_e4096,benchmark,8192,4096,4096,1,0,True,4092.77,125.38,125.38,125.38,7.479
2026-05-13T23:07:46.308551+00:00,gpu3_benchmark,3,ckpt_s4096_e4096,benchmark,32768,4096,4096,1,0,True,6894.87,538.67,538.67,538.67,7.479
2026-05-13T23:07:53.788481+00:00,gpu3_benchmark,3,ckpt_s4096_e4096,benchmark,65536,4096,4096,1,0,True,11272.01,1170.62,1170.62,1170.62,7.465
2026-05-13T23:08:01.254291+00:00,gpu3_benchmark,3,ckpt_s4096_e4096,benchmark,131072,4096,4096,1,0,True,21303.26,2719.02,2719.02,2719.02,10.406
2026-05-13T23:08:11.661126+00:00,gpu3_benchmark,3,ckpt_s8192_e2048,correctness,2048,8192,2048,1,0,True,,,,,6.668
2026-05-13T23:08:18.328894+00:00,gpu3_benchmark,3,ckpt_s8192_e2048,benchmark,2048,8192,2048,1,0,True,3432.23,51.05,51.05,51.05,7.993
2026-05-13T23:08:18.328894+00:00,gpu3_benchmark,3,ckpt_s8192_e2048,benchmark,8192,8192,2048,1,0,True,4132.78,225.52,225.52,225.52,7.993
2026-05-13T23:08:18.328894+00:00,gpu3_benchmark,3,ckpt_s8192_e2048,benchmark,32768,8192,2048,1,0,True,6934.88,924.1,924.1,924.1,7.993
2026-05-13T23:08:26.322110+00:00,gpu3_benchmark,3,ckpt_s8192_e2048,benchmark,65536,8192,2048,1,0,True,11272.01,2014.72,2014.72,2014.72,8.687
2026-05-13T23:08:35.009234+00:00,gpu3_benchmark,3,ckpt_s8192_e2048,benchmark,131072,8192,2048,1,0,False,,,,,5.341
2026-05-13T23:08:40.350215+00:00,gpu3_benchmark,3,ckpt_s4096_e2048,correctness,2048,4096,2048,1,0,True,,,,,7.085
2026-05-13T23:08:47.435850+00:00,gpu3_benchmark,3,ckpt_s4096_e2048,benchmark,2048,4096,2048,1,0,True,3432.23,52.51,52.51,52.51,8.718
2026-05-13T23:08:47.435850+00:00,gpu3_benchmark,3,ckpt_s4096_e2048,benchmark,8192,4096,2048,1,0,True,4132.78,216.18,216.18,216.18,8.718
2026-05-13T23:08:47.435850+00:00,gpu3_benchmark,3,ckpt_s4096_e2048,benchmark,32768,4096,2048,1,0,True,6934.88,932.98,932.98,932.98,8.718
2026-05-13T23:08:56.154526+00:00,gpu3_benchmark,3,ckpt_s4096_e2048,benchmark,65536,4096,2048,1,0,True,11272.01,2046.78,2046.78,2046.78,9.106
2026-05-13T23:09:05.261311+00:00,gpu3_benchmark,3,ckpt_s4096_e2048,benchmark,131072,4096,2048,1,0,False,,,,,5.581
2026-05-13T23:09:10.842375+00:00,gpu3_benchmark,3,ckpt_s2048_e2048,correctness,2048,2048,2048,1,0,True,,,,,6.677
2026-05-13T23:09:17.519252+00:00,gpu3_benchmark,3,ckpt_s2048_e2048,benchmark,2048,2048,2048,1,0,True,3432.23,51.19,51.19,51.19,8.734
2026-05-13T23:09:17.519252+00:00,gpu3_benchmark,3,ckpt_s2048_e2048,benchmark,8192,2048,2048,1,0,True,4132.78,213.19,213.19,213.19,8.734
2026-05-13T23:09:17.519252+00:00,gpu3_benchmark,3,ckpt_s2048_e2048,benchmark,32768,2048,2048,1,0,True,6934.88,947.28,947.28,947.28,8.734
2026-05-13T23:09:26.253307+00:00,gpu3_benchmark,3,ckpt_s2048_e2048,benchmark,65536,2048,2048,1,0,True,11272.01,2049.38,2049.38,2049.38,8.911
2026-05-13T23:09:35.164850+00:00,gpu3_benchmark,3,ckpt_s2048_e2048,benchmark,131072,2048,2048,1,0,False,,,,,5.173
2026-05-13T23:09:40.338212+00:00,gpu3_benchmark,3,ckpt_s4096_e1024,correctness,2048,4096,1024,1,0,True,,,,,6.771
2026-05-13T23:09:47.109252+00:00,gpu3_benchmark,3,ckpt_s4096_e1024,benchmark,2048,4096,1024,1,0,True,3453.26,184.47,184.47,184.47,10.724
2026-05-13T23:09:47.109252+00:00,gpu3_benchmark,3,ckpt_s4096_e1024,benchmark,8192,4096,1024,1,0,True,4153.79,397.63,397.63,397.63,10.724
2026-05-13T23:09:47.109252+00:00,gpu3_benchmark,3,ckpt_s4096_e1024,benchmark,32768,4096,1024,1,0,True,6955.88,1734.69,1734.69,1734.69,10.724
2026-05-13T23:09:57.833116+00:00,gpu3_benchmark,3,ckpt_s4096_e1024,benchmark,65536,4096,1024,1,0,True,11272.51,3759.32,3759.32,3759.32,12.315
2026-05-13T23:10:10.148006+00:00,gpu3_benchmark,3,ckpt_s4096_e1024,benchmark,131072,4096,1024,1,0,True,21314.76,8843.83,8843.83,8843.83,22.586
2026-05-13T23:10:32.734394+00:00,gpu3_benchmark,3,ckpt_s2048_e1024,correctness,2048,2048,1024,1,0,True,,,,,6.581
2026-05-13T23:10:39.315863+00:00,gpu3_benchmark,3,ckpt_s2048_e1024,benchmark,2048,2048,1024,1,0,True,3453.26,239.44,239.44,239.44,10.687
2026-05-13T23:10:39.315863+00:00,gpu3_benchmark,3,ckpt_s2048_e1024,benchmark,8192,2048,1024,1,0,True,4153.79,402.73,402.73,402.73,10.687
2026-05-13T23:10:39.315863+00:00,gpu3_benchmark,3,ckpt_s2048_e1024,benchmark,32768,2048,1024,1,0,True,6955.88,1727.99,1727.99,1727.99,10.687
2026-05-13T23:10:50.003570+00:00,gpu3_benchmark,3,ckpt_s2048_e1024,benchmark,65536,2048,1024,1,0,True,11272.51,3914.97,3914.97,3914.97,12.840
2026-05-13T23:11:02.844421+00:00,gpu3_benchmark,3,ckpt_s2048_e1024,benchmark,131072,2048,1024,1,0,True,21314.63,9047.28,9047.28,9047.28,22.804
2026-05-13T23:11:25.648772+00:00,gpu3_benchmark,3,ckpt_s1024_e1024,correctness,2048,1024,1024,1,0,True,,,,,7.124
2026-05-13T23:11:32.773149+00:00,gpu3_benchmark,3,ckpt_s1024_e1024,benchmark,2048,1024,1024,1,0,True,3452.26,96.68,96.68,96.68,10.739
2026-05-13T23:11:32.773149+00:00,gpu3_benchmark,3,ckpt_s1024_e1024,benchmark,8192,1024,1024,1,0,True,4152.79,399.52,399.52,399.52,10.739
2026-05-13T23:11:32.773149+00:00,gpu3_benchmark,3,ckpt_s1024_e1024,benchmark,32768,1024,1024,1,0,True,6954.88,1827.34,1827.34,1827.34,10.739
2026-05-13T23:11:43.512355+00:00,gpu3_benchmark,3,ckpt_s1024_e1024,benchmark,65536,1024,1024,1,0,True,11272.01,3857.16,3857.16,3857.16,12.765
2026-05-13T23:11:56.277437+00:00,gpu3_benchmark,3,ckpt_s1024_e1024,benchmark,131072,1024,1024,1,0,True,21314.63,9211.94,9211.94,9211.94,23.663
2026-05-13T23:12:19.940565+00:00,gpu3_benchmark,3,nocp_s8192_e8192,correctness,2048,8192,8192,0,0,True,,,,,5.991
2026-05-13T23:12:25.932288+00:00,gpu3_benchmark,3,nocp_s8192_e8192,benchmark,2048,8192,8192,0,0,True,3510.1,47.98,47.98,47.98,6.061
2026-05-13T23:12:25.932288+00:00,gpu3_benchmark,3,nocp_s8192_e8192,benchmark,8192,8192,8192,0,0,True,4300.63,74.59,74.59,74.59,6.061
2026-05-13T23:12:25.932288+00:00,gpu3_benchmark,3,nocp_s8192_e8192,benchmark,32768,8192,8192,0,0,True,9328.38,326.13,326.13,326.13,6.061
2026-05-13T23:12:31.994036+00:00,gpu3_benchmark,3,nocp_s8192_e8192,benchmark,65536,8192,8192,0,0,True,17416.01,699.28,699.28,699.28,5.724
2026-05-13T23:12:37.718631+00:00,gpu3_benchmark,3,nocp_s8192_e8192,benchmark,131072,8192,8192,0,0,False,,,,,4.274
2026-05-13T23:12:41.993345+00:00,gpu3_benchmark,3,nocp_s8192_e4096,correctness,2048,8192,4096,0,0,True,,,,,6.025
2026-05-13T23:12:48.018490+00:00,gpu3_benchmark,3,nocp_s8192_e4096,benchmark,2048,8192,4096,0,0,True,3510.1,47.82,47.82,47.82,6.510
2026-05-13T23:12:48.018490+00:00,gpu3_benchmark,3,nocp_s8192_e4096,benchmark,8192,8192,4096,0,0,True,4428.77,116.52,116.52,116.52,6.510
2026-05-13T23:12:48.018490+00:00,gpu3_benchmark,3,nocp_s8192_e4096,benchmark,32768,8192,4096,0,0,True,9328.38,510.57,510.57,510.57,6.510
2026-05-13T23:12:54.529230+00:00,gpu3_benchmark,3,nocp_s8192_e4096,benchmark,65536,8192,4096,0,0,True,17416.01,1106.06,1106.06,1106.06,6.260
2026-05-13T23:13:00.789400+00:00,gpu3_benchmark,3,nocp_s8192_e4096,benchmark,131072,8192,4096,0,0,False,,,,,4.545
2026-05-13T23:13:05.334745+00:00,gpu3_benchmark,3,nocp_s4096_e4096,correctness,2048,4096,4096,0,0,True,,,,,5.951
2026-05-13T23:13:11.285795+00:00,gpu3_benchmark,3,nocp_s4096_e4096,benchmark,2048,4096,4096,0,0,True,3510.1,48.23,48.23,48.23,6.549
2026-05-13T23:13:11.285795+00:00,gpu3_benchmark,3,nocp_s4096_e4096,benchmark,8192,4096,4096,0,0,True,4428.77,116.94,116.94,116.94,6.549
2026-05-13T23:13:11.285795+00:00,gpu3_benchmark,3,nocp_s4096_e4096,benchmark,32768,4096,4096,0,0,True,9328.38,514.75,514.75,514.75,6.549
2026-05-13T23:13:17.834708+00:00,gpu3_benchmark,3,nocp_s4096_e4096,benchmark,65536,4096,4096,0,0,True,17416.01,1120.09,1120.09,1120.09,6.595
2026-05-13T23:13:24.430253+00:00,gpu3_benchmark,3,nocp_s4096_e4096,benchmark,131072,4096,4096,0,0,False,,,,,4.191
2026-05-13T23:13:28.621795+00:00,gpu3_benchmark,3,nocp_s4096_e2048,correctness,2048,4096,2048,0,0,True,,,,,5.751
2026-05-13T23:13:34.373555+00:00,gpu3_benchmark,3,nocp_s4096_e2048,benchmark,2048,4096,2048,0,0,True,3510.1,48.37,48.37,48.37,7.664
2026-05-13T23:13:34.373555+00:00,gpu3_benchmark,3,nocp_s4096_e2048,benchmark,8192,4096,2048,0,0,True,4525.78,202.49,202.49,202.49,7.664
2026-05-13T23:13:34.373555+00:00,gpu3_benchmark,3,nocp_s4096_e2048,benchmark,32768,4096,2048,0,0,True,9474.26,884.9,884.9,884.9,7.664
2026-05-13T23:13:42.037870+00:00,gpu3_benchmark,3,nocp_s4096_e2048,benchmark,65536,4096,2048,0,0,True,17708.01,1937.37,1937.37,1937.37,7.964
2026-05-13T23:13:50.001873+00:00,gpu3_benchmark,3,nocp_s4096_e2048,benchmark,131072,4096,2048,0,0,False,,,,,4.548
2026-05-13T23:13:54.550427+00:00,gpu3_benchmark,3,nocp_s2048_e2048,correctness,2048,2048,2048,0,0,True,,,,,6.282
2026-05-13T23:14:00.832555+00:00,gpu3_benchmark,3,nocp_s2048_e2048,benchmark,2048,2048,2048,0,0,True,3510.1,48.23,48.23,48.23,7.380
2026-05-13T23:14:00.832555+00:00,gpu3_benchmark,3,nocp_s2048_e2048,benchmark,8192,2048,2048,0,0,True,4526.78,202.29,202.29,202.29,7.380
2026-05-13T23:14:00.832555+00:00,gpu3_benchmark,3,nocp_s2048_e2048,benchmark,32768,2048,2048,0,0,True,9476.26,891.26,891.26,891.26,7.380
2026-05-13T23:14:08.213349+00:00,gpu3_benchmark,3,nocp_s2048_e2048,benchmark,65536,2048,2048,0,0,True,17708.01,1961.5,1961.5,1961.5,8.403
2026-05-13T23:14:16.616526+00:00,gpu3_benchmark,3,nocp_s2048_e2048,benchmark,131072,2048,2048,0,0,False,,,,,4.354
2026-05-13T23:14:20.970862+00:00,gpu3_benchmark,3,ckpt_s8192_e8192,correctness,2048,8192,8192,1,0,True,,,,,6.974
2026-05-13T23:14:27.945051+00:00,gpu3_benchmark,3,ckpt_s8192_e8192,benchmark,2048,8192,8192,1,0,True,3432.23,50.87,50.87,50.87,6.916
2026-05-13T23:14:27.945051+00:00,gpu3_benchmark,3,ckpt_s8192_e8192,benchmark,8192,8192,8192,1,0,True,4012.63,80.16,80.16,80.16,6.916
2026-05-13T23:14:27.945051+00:00,gpu3_benchmark,3,ckpt_s8192_e8192,benchmark,32768,8192,8192,1,0,True,6814.85,349.02,349.02,349.02,6.916
2026-05-13T23:14:34.861657+00:00,gpu3_benchmark,3,ckpt_s8192_e8192,benchmark,65536,8192,8192,1,0,True,11272.01,762.88,762.88,762.88,6.219
2026-05-13T23:14:41.081281+00:00,gpu3_benchmark,3,ckpt_s8192_e8192,benchmark,131072,8192,8192,1,0,True,21303.26,1667.49,1667.49,1667.49,8.275
2026-05-13T23:14:49.356813+00:00,gpu3_benchmark,3,ckpt_s16384_e4096,correctness,2048,16384,4096,1,0,True,,,,,6.777
2026-05-13T23:14:56.134270+00:00,gpu3_benchmark,3,ckpt_s16384_e4096,benchmark,2048,16384,4096,1,0,True,3432.23,61.31,61.31,61.31,7.200
2026-05-13T23:14:56.134270+00:00,gpu3_benchmark,3,ckpt_s16384_e4096,benchmark,8192,16384,4096,1,0,True,4092.77,123.02,123.02,123.02,7.200
2026-05-13T23:14:56.134270+00:00,gpu3_benchmark,3,ckpt_s16384_e4096,benchmark,32768,16384,4096,1,0,True,6894.87,532.15,532.15,532.15,7.200
2026-05-13T23:15:03.334271+00:00,gpu3_benchmark,3,ckpt_s16384_e4096,benchmark,65536,16384,4096,1,0,True,11272.01,1142.22,1142.22,1142.22,6.934
2026-05-13T23:15:10.268118+00:00,gpu3_benchmark,3,ckpt_s16384_e4096,benchmark,131072,16384,4096,1,0,True,21303.26,2640.04,2640.04,2640.04,9.883
2026-05-13T23:15:20.151698+00:00,gpu3_benchmark,3,ckpt_s8192_e4096,correctness,2048,8192,4096,1,0,True,,,,,6.712
2026-05-13T23:15:26.864336+00:00,gpu3_benchmark,3,ckpt_s8192_e4096,benchmark,2048,8192,4096,1,0,True,3432.23,50.92,50.92,50.92,7.344
2026-05-13T23:15:26.864336+00:00,gpu3_benchmark,3,ckpt_s8192_e4096,benchmark,8192,8192,4096,1,0,True,4092.77,123.35,123.35,123.35,7.344
2026-05-13T23:15:26.864336+00:00,gpu3_benchmark,3,ckpt_s8192_e4096,benchmark,32768,8192,4096,1,0,True,6894.87,536.34,536.34,536.34,7.344
2026-05-13T23:15:34.208699+00:00,gpu3_benchmark,3,ckpt_s8192_e4096,benchmark,65536,8192,4096,1,0,True,11272.01,1154.95,1154.95,1154.95,6.952
2026-05-13T23:15:41.161020+00:00,gpu3_benchmark,3,ckpt_s8192_e4096,benchmark,131072,8192,4096,1,0,True,21303.26,2631.81,2631.81,2631.81,10.466
2026-05-13T23:15:51.627801+00:00,gpu3_benchmark,3,ckpt_s4096_e4096,correctness,2048,4096,4096,1,0,True,,,,,6.768
2026-05-13T23:15:58.395929+00:00,gpu3_benchmark,3,ckpt_s4096_e4096,benchmark,2048,4096,4096,1,0,True,3432.23,52.29,52.29,52.29,7.352
2026-05-13T23:15:58.395929+00:00,gpu3_benchmark,3,ckpt_s4096_e4096,benchmark,8192,4096,4096,1,0,True,4092.77,125.12,125.12,125.12,7.352
2026-05-13T23:15:58.395929+00:00,gpu3_benchmark,3,ckpt_s4096_e4096,benchmark,32768,4096,4096,1,0,True,6894.87,537.89,537.89,537.89,7.352
2026-05-13T23:16:05.748692+00:00,gpu3_benchmark,3,ckpt_s4096_e4096,benchmark,65536,4096,4096,1,0,True,11272.01,1167.4,1167.4,1167.4,7.594
2026-05-13T23:16:13.342634+00:00,gpu3_benchmark,3,ckpt_s4096_e4096,benchmark,131072,4096,4096,1,0,True,21303.26,2711.16,2711.16,2711.16,10.048
2026-05-13T23:16:23.391516+00:00,gpu3_benchmark,3,ckpt_s8192_e2048,correctness,2048,8192,2048,1,0,True,,,,,6.816
2026-05-13T23:16:30.207450+00:00,gpu3_benchmark,3,ckpt_s8192_e2048,benchmark,2048,8192,2048,1,0,True,3432.23,51.81,51.81,51.81,8.696
2026-05-13T23:16:30.207450+00:00,gpu3_benchmark,3,ckpt_s8192_e2048,benchmark,8192,8192,2048,1,0,True,4132.78,213.37,213.37,213.37,8.696
2026-05-13T23:16:30.207450+00:00,gpu3_benchmark,3,ckpt_s8192_e2048,benchmark,32768,8192,2048,1,0,True,6934.88,926.2,926.2,926.2,8.696
2026-05-13T23:16:38.904002+00:00,gpu3_benchmark,3,ckpt_s8192_e2048,benchmark,65536,8192,2048,1,0,True,11272.01,2005.97,2005.97,2005.97,8.915
2026-05-13T23:16:47.819762+00:00,gpu3_benchmark,3,ckpt_s8192_e2048,benchmark,131072,8192,2048,1,0,False,,,,,5.495
2026-05-13T23:16:53.315649+00:00,gpu3_benchmark,3,ckpt_s4096_e2048,correctness,2048,4096,2048,1,0,True,,,,,7.214
2026-05-13T23:17:00.530191+00:00,gpu3_benchmark,3,ckpt_s4096_e2048,benchmark,2048,4096,2048,1,0,True,3432.23,51.19,51.19,51.19,8.311
2026-05-13T23:17:00.530191+00:00,gpu3_benchmark,3,ckpt_s4096_e2048,benchmark,8192,4096,2048,1,0,True,4132.78,213.11,213.11,213.11,8.311
2026-05-13T23:17:00.530191+00:00,gpu3_benchmark,3,ckpt_s4096_e2048,benchmark,32768,4096,2048,1,0,True,6934.88,928.38,928.38,928.38,8.311
2026-05-13T23:17:08.841302+00:00,gpu3_benchmark,3,ckpt_s4096_e2048,benchmark,65536,4096,2048,1,0,True,11272.01,2021.55,2021.55,2021.55,8.945
2026-05-13T23:17:17.786369+00:00,gpu3_benchmark,3,ckpt_s4096_e2048,benchmark,131072,4096,2048,1,0,False,,,,,5.300
2026-05-13T23:17:23.087155+00:00,gpu3_benchmark,3,ckpt_s2048_e2048,correctness,2048,2048,2048,1,0,True,,,,,6.536
2026-05-13T23:17:29.623840+00:00,gpu3_benchmark,3,ckpt_s2048_e2048,benchmark,2048,2048,2048,1,0,True,3432.23,78.12,78.12,78.12,8.564
2026-05-13T23:17:29.623840+00:00,gpu3_benchmark,3,ckpt_s2048_e2048,benchmark,8192,2048,2048,1,0,True,4132.78,215.57,215.57,215.57,8.564
2026-05-13T23:17:29.623840+00:00,gpu3_benchmark,3,ckpt_s2048_e2048,benchmark,32768,2048,2048,1,0,True,6934.88,932.44,932.44,932.44,8.564
2026-05-13T23:17:38.187699+00:00,gpu3_benchmark,3,ckpt_s2048_e2048,benchmark,65536,2048,2048,1,0,True,11272.01,2050.18,2050.18,2050.18,8.966
2026-05-13T23:17:47.154363+00:00,gpu3_benchmark,3,ckpt_s2048_e2048,benchmark,131072,2048,2048,1,0,False,,,,,5.514
2026-05-13T23:17:52.668751+00:00,gpu3_benchmark,3,ckpt_s4096_e1024,correctness,2048,4096,1024,1,0,True,,,,,6.928
2026-05-13T23:17:59.597325+00:00,gpu3_benchmark,3,ckpt_s4096_e1024,benchmark,2048,4096,1024,1,0,True,3453.26,243.2,243.2,243.2,10.669
2026-05-13T23:17:59.597325+00:00,gpu3_benchmark,3,ckpt_s4096_e1024,benchmark,8192,4096,1024,1,0,True,4153.79,396.77,396.77,396.77,10.669
2026-05-13T23:17:59.597325+00:00,gpu3_benchmark,3,ckpt_s4096_e1024,benchmark,32768,4096,1024,1,0,True,6955.88,1818.21,1818.21,1818.21,10.669
2026-05-13T23:18:10.266542+00:00,gpu3_benchmark,3,ckpt_s4096_e1024,benchmark,65536,4096,1024,1,0,True,11272.51,3757.33,3757.33,3757.33,12.032
2026-05-13T23:18:22.299055+00:00,gpu3_benchmark,3,ckpt_s4096_e1024,benchmark,131072,4096,1024,1,0,True,21314.76,8866.8,8866.8,8866.8,22.825
2026-05-13T23:18:45.124244+00:00,gpu3_benchmark,3,ckpt_s2048_e1024,correctness,2048,2048,1024,1,0,True,,,,,6.577
2026-05-13T23:18:51.701328+00:00,gpu3_benchmark,3,ckpt_s2048_e1024,benchmark,2048,2048,1024,1,0,True,3453.26,194.95,194.95,194.95,10.830
2026-05-13T23:18:51.701328+00:00,gpu3_benchmark,3,ckpt_s2048_e1024,benchmark,8192,2048,1024,1,0,True,4153.79,396.19,396.19,396.19,10.830
2026-05-13T23:18:51.701328+00:00,gpu3_benchmark,3,ckpt_s2048_e1024,benchmark,32768,2048,1024,1,0,True,6955.88,1724.59,1724.59,1724.59,10.830
2026-05-13T23:19:02.532171+00:00,gpu3_benchmark,3,ckpt_s2048_e1024,benchmark,65536,2048,1024,1,0,True,11272.51,3909.02,3909.02,3909.02,12.688
2026-05-13T23:19:15.220058+00:00,gpu3_benchmark,3,ckpt_s2048_e1024,benchmark,131072,2048,1024,1,0,True,21314.63,8986.46,8986.46,8986.46,22.835
2026-05-13T23:19:38.055556+00:00,gpu3_benchmark,3,ckpt_s1024_e1024,correctness,2048,1024,1024,1,0,True,,,,,6.734
2026-05-13T23:19:44.789593+00:00,gpu3_benchmark,3,ckpt_s1024_e1024,benchmark,2048,1024,1024,1,0,True,3452.26,96.59,96.59,96.59,10.697
2026-05-13T23:19:44.789593+00:00,gpu3_benchmark,3,ckpt_s1024_e1024,benchmark,8192,1024,1024,1,0,True,4152.79,398.52,398.52,398.52,10.697
2026-05-13T23:19:44.789593+00:00,gpu3_benchmark,3,ckpt_s1024_e1024,benchmark,32768,1024,1024,1,0,True,6954.88,1743.86,1743.86,1743.86,10.697
2026-05-13T23:19:55.486996+00:00,gpu3_benchmark,3,ckpt_s1024_e1024,benchmark,65536,1024,1024,1,0,True,11272.01,3835.17,3835.17,3835.17,12.265
2026-05-13T23:20:07.752366+00:00,gpu3_benchmark,3,ckpt_s1024_e1024,benchmark,131072,1024,1024,1,0,True,21314.63,9181.35,9181.35,9181.35,23.226
2026-05-13T23:20:30.979253+00:00,gpu3_benchmark,3,nocp_s8192_e8192,correctness,2048,8192,8192,0,0,True,,,,,6.127
2026-05-13T23:20:37.106751+00:00,gpu3_benchmark,3,nocp_s8192_e8192,benchmark,2048,8192,8192,0,0,True,3510.1,47.94,47.94,47.94,6.442
2026-05-13T23:20:37.106751+00:00,gpu3_benchmark,3,nocp_s8192_e8192,benchmark,8192,8192,8192,0,0,True,4300.63,73.83,73.83,73.83,6.442
2026-05-13T23:20:37.106751+00:00,gpu3_benchmark,3,nocp_s8192_e8192,benchmark,32768,8192,8192,0,0,True,9328.38,327.76,327.76,327.76,6.442
2026-05-13T23:20:43.548983+00:00,gpu3_benchmark,3,nocp_s8192_e8192,benchmark,65536,8192,8192,0,0,True,17416.01,701.9,701.9,701.9,5.457
2026-05-13T23:20:49.006074+00:00,gpu3_benchmark,3,nocp_s8192_e8192,benchmark,131072,8192,8192,0,0,False,,,,,4.242
2026-05-13T23:20:53.248579+00:00,gpu3_benchmark,3,nocp_s8192_e4096,correctness,2048,8192,4096,0,0,True,,,,,6.436
2026-05-13T23:20:59.685022+00:00,gpu3_benchmark,3,nocp_s8192_e4096,benchmark,2048,8192,4096,0,0,True,3510.1,47.87,47.87,47.87,6.611
2026-05-13T23:20:59.685022+00:00,gpu3_benchmark,3,nocp_s8192_e4096,benchmark,8192,8192,4096,0,0,True,4428.77,117.16,117.16,117.16,6.611
2026-05-13T23:20:59.685022+00:00,gpu3_benchmark,3,nocp_s8192_e4096,benchmark,32768,8192,4096,0,0,True,9328.38,510.67,510.67,510.67,6.611
2026-05-13T23:21:06.296904+00:00,gpu3_benchmark,3,nocp_s8192_e4096,benchmark,65536,8192,4096,0,0,True,17416.01,1106.97,1106.97,1106.97,6.132
2026-05-13T23:21:12.428979+00:00,gpu3_benchmark,3,nocp_s8192_e4096,benchmark,131072,8192,4096,0,0,False,,,,,4.430
2026-05-13T23:21:16.859456+00:00,gpu3_benchmark,3,nocp_s4096_e4096,correctness,2048,4096,4096,0,0,True,,,,,6.015
2026-05-13T23:21:22.875153+00:00,gpu3_benchmark,3,nocp_s4096_e4096,benchmark,2048,4096,4096,0,0,True,3510.1,49.43,49.43,49.43,7.358
2026-05-13T23:21:22.875153+00:00,gpu3_benchmark,3,nocp_s4096_e4096,benchmark,8192,4096,4096,0,0,True,4428.77,120.92,120.92,120.92,7.358
2026-05-13T23:21:22.875153+00:00,gpu3_benchmark,3,nocp_s4096_e4096,benchmark,32768,4096,4096,0,0,True,9328.38,515.49,515.49,515.49,7.358
2026-05-13T23:21:30.233641+00:00,gpu3_benchmark,3,nocp_s4096_e4096,benchmark,65536,4096,4096,0,0,True,17416.01,1120.67,1120.67,1120.67,6.563
2026-05-13T23:21:36.796630+00:00,gpu3_benchmark,3,nocp_s4096_e4096,benchmark,131072,4096,4096,0,0,False,,,,,4.132
2026-05-13T23:21:40.928872+00:00,gpu3_benchmark,3,nocp_s4096_e2048,correctness,2048,4096,2048,0,0,True,,,,,6.015
2026-05-13T23:21:46.944314+00:00,gpu3_benchmark,3,nocp_s4096_e2048,benchmark,2048,4096,2048,0,0,True,3510.1,49.81,49.81,49.81,7.811
2026-05-13T23:21:46.944314+00:00,gpu3_benchmark,3,nocp_s4096_e2048,benchmark,8192,4096,2048,0,0,True,4525.78,202.09,202.09,202.09,7.811
2026-05-13T23:21:46.944314+00:00,gpu3_benchmark,3,nocp_s4096_e2048,benchmark,32768,4096,2048,0,0,True,9474.26,885.13,885.13,885.13,7.811
2026-05-13T23:21:54.755335+00:00,gpu3_benchmark,3,nocp_s4096_e2048,benchmark,65536,4096,2048,0,0,True,17708.01,1932.22,1932.22,1932.22,8.121
2026-05-13T23:22:02.876438+00:00,gpu3_benchmark,3,nocp_s4096_e2048,benchmark,131072,4096,2048,0,0,False,,,,,4.340
2026-05-13T23:22:07.217018+00:00,gpu3_benchmark,3,nocp_s2048_e2048,correctness,2048,2048,2048,0,0,True,,,,,6.247
2026-05-13T23:22:13.464554+00:00,gpu3_benchmark,3,nocp_s2048_e2048,benchmark,2048,2048,2048,0,0,True,3510.1,47.91,47.91,47.91,7.453
2026-05-13T23:22:13.464554+00:00,gpu3_benchmark,3,nocp_s2048_e2048,benchmark,8192,2048,2048,0,0,True,4526.78,205.94,205.94,205.94,7.453
2026-05-13T23:22:13.464554+00:00,gpu3_benchmark,3,nocp_s2048_e2048,benchmark,32768,2048,2048,0,0,True,9476.26,891.03,891.03,891.03,7.453
2026-05-13T23:22:20.917968+00:00,gpu3_benchmark,3,nocp_s2048_e2048,benchmark,65536,2048,2048,0,0,True,17708.01,1961.97,1961.97,1961.97,8.102
2026-05-13T23:22:29.020129+00:00,gpu3_benchmark,3,nocp_s2048_e2048,benchmark,131072,2048,2048,0,0,False,,,,,4.852
2026-05-13T23:22:33.872925+00:00,gpu3_benchmark,3,ckpt_s8192_e8192,correctness,2048,8192,8192,1,0,True,,,,,6.716
2026-05-13T23:22:40.588862+00:00,gpu3_benchmark,3,ckpt_s8192_e8192,benchmark,2048,8192,8192,1,0,True,3432.23,52.9,52.9,52.9,7.042
2026-05-13T23:22:40.588862+00:00,gpu3_benchmark,3,ckpt_s8192_e8192,benchmark,8192,8192,8192,1,0,True,4012.63,82.63,82.63,82.63,7.042
2026-05-13T23:22:40.588862+00:00,gpu3_benchmark,3,ckpt_s8192_e8192,benchmark,32768,8192,8192,1,0,True,6814.85,349.57,349.57,349.57,7.042
2026-05-13T23:22:47.630856+00:00,gpu3_benchmark,3,ckpt_s8192_e8192,benchmark,65536,8192,8192,1,0,True,11272.01,750.17,750.17,750.17,6.229
2026-05-13T23:22:53.860407+00:00,gpu3_benchmark,3,ckpt_s8192_e8192,benchmark,131072,8192,8192,1,0,True,21303.26,1667.56,1667.56,1667.56,8.354
2026-05-13T23:23:02.215194+00:00,gpu3_benchmark,3,ckpt_s16384_e4096,correctness,2048,16384,4096,1,0,True,,,,,6.748
2026-05-13T23:23:08.963250+00:00,gpu3_benchmark,3,ckpt_s16384_e4096,benchmark,2048,16384,4096,1,0,True,3432.23,53.0,53.0,53.0,7.826
2026-05-13T23:23:08.963250+00:00,gpu3_benchmark,3,ckpt_s16384_e4096,benchmark,8192,16384,4096,1,0,True,4092.77,127.87,127.87,127.87,7.826
2026-05-13T23:23:08.963250+00:00,gpu3_benchmark,3,ckpt_s16384_e4096,benchmark,32768,16384,4096,1,0,True,6894.87,532.47,532.47,532.47,7.826
2026-05-13T23:23:16.789201+00:00,gpu3_benchmark,3,ckpt_s16384_e4096,benchmark,65536,16384,4096,1,0,True,11272.01,1149.18,1149.18,1149.18,6.575
2026-05-13T23:23:23.364939+00:00,gpu3_benchmark,3,ckpt_s16384_e4096,benchmark,131072,16384,4096,1,0,True,21303.26,2602.06,2602.06,2602.06,9.788
2026-05-13T23:23:33.153519+00:00,gpu3_benchmark,3,ckpt_s8192_e4096,correctness,2048,8192,4096,1,0,True,,,,,7.043
2026-05-13T23:23:40.197090+00:00,gpu3_benchmark,3,ckpt_s8192_e4096,benchmark,2048,8192,4096,1,0,True,3432.23,52.31,52.31,52.31,7.569
2026-05-13T23:23:40.197090+00:00,gpu3_benchmark,3,ckpt_s8192_e4096,benchmark,8192,8192,4096,1,0,True,4092.77,123.97,123.97,123.97,7.569
2026-05-13T23:23:40.197090+00:00,gpu3_benchmark,3,ckpt_s8192_e4096,benchmark,32768,8192,4096,1,0,True,6894.87,537.63,537.63,537.63,7.569
2026-05-13T23:23:47.766060+00:00,gpu3_benchmark,3,ckpt_s8192_e4096,benchmark,65536,8192,4096,1,0,True,11272.01,1155.83,1155.83,1155.83,7.035
2026-05-13T23:23:54.801428+00:00,gpu3_benchmark,3,ckpt_s8192_e4096,benchmark,131072,8192,4096,1,0,True,21303.26,2699.45,2699.45,2699.45,10.734
2026-05-13T23:24:05.535405+00:00,gpu3_benchmark,3,ckpt_s4096_e4096,correctness,2048,4096,4096,1,0,True,,,,,7.407
2026-05-13T23:24:12.942370+00:00,gpu3_benchmark,3,ckpt_s4096_e4096,benchmark,2048,4096,4096,1,0,True,3432.23,51.21,51.21,51.21,7.307
2026-05-13T23:24:12.942370+00:00,gpu3_benchmark,3,ckpt_s4096_e4096,benchmark,8192,4096,4096,1,0,True,4092.77,123.79,123.79,123.79,7.307
2026-05-13T23:24:12.942370+00:00,gpu3_benchmark,3,ckpt_s4096_e4096,benchmark,32768,4096,4096,1,0,True,6894.87,540.17,540.17,540.17,7.307
2026-05-13T23:24:20.249260+00:00,gpu3_benchmark,3,ckpt_s4096_e4096,benchmark,65536,4096,4096,1,0,True,11272.01,1165.7,1165.7,1165.7,7.140
2026-05-13T23:24:27.389092+00:00,gpu3_benchmark,3,ckpt_s4096_e4096,benchmark,131072,4096,4096,1,0,True,21303.26,2701.71,2701.71,2701.71,10.482
2026-05-13T23:24:37.872001+00:00,gpu3_benchmark,3,ckpt_s8192_e2048,correctness,2048,8192,2048,1,0,True,,,,,6.825
2026-05-13T23:24:44.697363+00:00,gpu3_benchmark,3,ckpt_s8192_e2048,benchmark,2048,8192,2048,1,0,True,3432.23,52.54,52.54,52.54,8.466
2026-05-13T23:24:44.697363+00:00,gpu3_benchmark,3,ckpt_s8192_e2048,benchmark,8192,8192,2048,1,0,True,4132.78,212.62,212.62,212.62,8.466
2026-05-13T23:24:44.697363+00:00,gpu3_benchmark,3,ckpt_s8192_e2048,benchmark,32768,8192,2048,1,0,True,6934.88,945.21,945.21,945.21,8.466
2026-05-13T23:24:53.163374+00:00,gpu3_benchmark,3,ckpt_s8192_e2048,benchmark,65536,8192,2048,1,0,True,11272.01,2031.76,2031.76,2031.76,9.092
2026-05-13T23:25:02.255982+00:00,gpu3_benchmark,3,ckpt_s8192_e2048,benchmark,131072,8192,2048,1,0,False,,,,,5.267
2026-05-13T23:25:07.523605+00:00,gpu3_benchmark,3,ckpt_s4096_e2048,correctness,2048,4096,2048,1,0,True,,,,,7.205
2026-05-13T23:25:14.729027+00:00,gpu3_benchmark,3,ckpt_s4096_e2048,benchmark,2048,4096,2048,1,0,True,3432.23,54.29,54.29,54.29,8.360
2026-05-13T23:25:14.729027+00:00,gpu3_benchmark,3,ckpt_s4096_e2048,benchmark,8192,4096,2048,1,0,True,4132.78,213.03,213.03,213.03,8.360
2026-05-13T23:25:14.729027+00:00,gpu3_benchmark,3,ckpt_s4096_e2048,benchmark,32768,4096,2048,1,0,True,6934.88,937.74,937.74,937.74,8.360
2026-05-13T23:25:23.089876+00:00,gpu3_benchmark,3,ckpt_s4096_e2048,benchmark,65536,4096,2048,1,0,True,11272.01,2036.45,2036.45,2036.45,8.440
2026-05-13T23:25:31.530656+00:00,gpu3_benchmark,3,ckpt_s4096_e2048,benchmark,131072,4096,2048,1,0,False,,,,,5.611
2026-05-13T23:25:37.141897+00:00,gpu3_benchmark,3,ckpt_s2048_e2048,correctness,2048,2048,2048,1,0,True,,,,,7.258
2026-05-13T23:25:44.400163+00:00,gpu3_benchmark,3,ckpt_s2048_e2048,benchmark,2048,2048,2048,1,0,True,3432.23,52.64,52.64,52.64,8.395
2026-05-13T23:25:44.400163+00:00,gpu3_benchmark,3,ckpt_s2048_e2048,benchmark,8192,2048,2048,1,0,True,4132.78,213.7,213.7,213.7,8.395
2026-05-13T23:25:44.400163+00:00,gpu3_benchmark,3,ckpt_s2048_e2048,benchmark,32768,2048,2048,1,0,True,6934.88,937.24,937.24,937.24,8.395
2026-05-13T23:25:52.796055+00:00,gpu3_benchmark,3,ckpt_s2048_e2048,benchmark,65536,2048,2048,1,0,True,11272.01,2062.23,2062.23,2062.23,8.761
2026-05-13T23:26:01.557720+00:00,gpu3_benchmark,3,ckpt_s2048_e2048,benchmark,131072,2048,2048,1,0,False,,,,,5.695
2026-05-13T23:26:07.252777+00:00,gpu3_benchmark,3,ckpt_s4096_e1024,correctness,2048,4096,1024,1,0,True,,,,,7.052
2026-05-13T23:26:14.305045+00:00,gpu3_benchmark,3,ckpt_s4096_e1024,benchmark,2048,4096,1024,1,0,True,3453.26,227.19,227.19,227.19,10.990
2026-05-13T23:26:14.305045+00:00,gpu3_benchmark,3,ckpt_s4096_e1024,benchmark,8192,4096,1024,1,0,True,4153.79,395.9,395.9,395.9,10.990
2026-05-13T23:26:14.305045+00:00,gpu3_benchmark,3,ckpt_s4096_e1024,benchmark,32768,4096,1024,1,0,True,6955.88,1718.69,1718.69,1718.69,10.990
2026-05-13T23:26:25.295579+00:00,gpu3_benchmark,3,ckpt_s4096_e1024,benchmark,65536,4096,1024,1,0,True,11272.51,3802.7,3802.7,3802.7,12.378
2026-05-13T23:26:37.673536+00:00,gpu3_benchmark,3,ckpt_s4096_e1024,benchmark,131072,4096,1024,1,0,True,21314.76,8835.64,8835.64,8835.64,22.783
2026-05-13T23:27:00.456487+00:00,gpu3_benchmark,3,ckpt_s2048_e1024,correctness,2048,2048,1024,1,0,True,,,,,6.763
2026-05-13T23:27:07.220243+00:00,gpu3_benchmark,3,ckpt_s2048_e1024,benchmark,2048,2048,1024,1,0,True,3453.26,190.33,190.33,190.33,10.596
2026-05-13T23:27:07.220243+00:00,gpu3_benchmark,3,ckpt_s2048_e1024,benchmark,8192,2048,1024,1,0,True,4153.79,396.73,396.73,396.73,10.596
2026-05-13T23:27:07.220243+00:00,gpu3_benchmark,3,ckpt_s2048_e1024,benchmark,32768,2048,1024,1,0,True,6955.88,1753.4,1753.4,1753.4,10.596
2026-05-13T23:27:17.816327+00:00,gpu3_benchmark,3,ckpt_s2048_e1024,benchmark,65536,2048,1024,1,0,True,11272.51,3778.4,3778.4,3778.4,12.060
2026-05-13T23:27:29.876428+00:00,gpu3_benchmark,3,ckpt_s2048_e1024,benchmark,131072,2048,1024,1,0,True,21314.63,8983.63,8983.63,8983.63,22.804
2026-05-13T23:27:52.680509+00:00,gpu3_benchmark,3,ckpt_s1024_e1024,correctness,2048,1024,1024,1,0,True,,,,,7.576
2026-05-13T23:28:00.256433+00:00,gpu3_benchmark,3,ckpt_s1024_e1024,benchmark,2048,1024,1024,1,0,True,3452.26,96.59,96.59,96.59,10.181
2026-05-13T23:28:00.256433+00:00,gpu3_benchmark,3,ckpt_s1024_e1024,benchmark,8192,1024,1024,1,0,True,4152.79,397.99,397.99,397.99,10.181
2026-05-13T23:28:00.256433+00:00,gpu3_benchmark,3,ckpt_s1024_e1024,benchmark,32768,1024,1024,1,0,True,6954.88,1750.46,1750.46,1750.46,10.181
2026-05-13T23:28:10.438002+00:00,gpu3_benchmark,3,ckpt_s1024_e1024,benchmark,65536,1024,1024,1,0,True,11272.01,3926.63,3926.63,3926.63,12.896
2026-05-13T23:28:23.334341+00:00,gpu3_benchmark,3,ckpt_s1024_e1024,benchmark,131072,1024,1024,1,0,True,21314.63,9086.18,9086.18,9086.18,23.194
2026-05-13T23:28:46.528593+00:00,gpu3_benchmark,3,nocp_s8192_e8192,correctness,2048,8192,8192,0,0,True,,,,,6.016
2026-05-13T23:28:52.545205+00:00,gpu3_benchmark,3,nocp_s8192_e8192,benchmark,2048,8192,8192,0,0,True,3510.1,49.49,49.49,49.49,6.189
2026-05-13T23:28:52.545205+00:00,gpu3_benchmark,3,nocp_s8192_e8192,benchmark,8192,8192,8192,0,0,True,4300.63,73.91,73.91,73.91,6.189
2026-05-13T23:28:52.545205+00:00,gpu3_benchmark,3,nocp_s8192_e8192,benchmark,32768,8192,8192,0,0,True,9328.38,325.92,325.92,325.92,6.189
2026-05-13T23:28:58.734763+00:00,gpu3_benchmark,3,nocp_s8192_e8192,benchmark,65536,8192,8192,0,0,True,17416.01,699.22,699.22,699.22,5.420
2026-05-13T23:29:04.155182+00:00,gpu3_benchmark,3,nocp_s8192_e8192,benchmark,131072,8192,8192,0,0,False,,,,,4.325
2026-05-13T23:29:08.480909+00:00,gpu3_benchmark,3,nocp_s8192_e4096,correctness,2048,8192,4096,0,0,True,,,,,6.160
2026-05-13T23:29:14.640867+00:00,gpu3_benchmark,3,nocp_s8192_e4096,benchmark,2048,8192,4096,0,0,True,3510.1,48.76,48.76,48.76,7.062
2026-05-13T23:29:14.640867+00:00,gpu3_benchmark,3,nocp_s8192_e4096,benchmark,8192,8192,4096,0,0,True,4428.77,117.71,117.71,117.71,7.062
2026-05-13T23:29:14.640867+00:00,gpu3_benchmark,3,nocp_s8192_e4096,benchmark,32768,8192,4096,0,0,True,9328.38,511.11,511.11,511.11,7.062
2026-05-13T23:29:21.703335+00:00,gpu3_benchmark,3,nocp_s8192_e4096,benchmark,65536,8192,4096,0,0,True,17416.01,1106.18,1106.18,1106.18,6.633
2026-05-13T23:29:28.336582+00:00,gpu3_benchmark,3,nocp_s8192_e4096,benchmark,131072,8192,4096,0,0,False,,,,,4.880
2026-05-13T23:29:33.217236+00:00,gpu3_benchmark,3,nocp_s4096_e4096,correctness,2048,4096,4096,0,0,True,,,,,6.227
2026-05-13T23:29:39.444796+00:00,gpu3_benchmark,3,nocp_s4096_e4096,benchmark,2048,4096,4096,0,0,True,3510.1,48.74,48.74,48.74,6.665
2026-05-13T23:29:39.444796+00:00,gpu3_benchmark,3,nocp_s4096_e4096,benchmark,8192,4096,4096,0,0,True,4428.77,116.79,116.79,116.79,6.665
2026-05-13T23:29:39.444796+00:00,gpu3_benchmark,3,nocp_s4096_e4096,benchmark,32768,4096,4096,0,0,True,9328.38,514.94,514.94,514.94,6.665
2026-05-13T23:29:46.110492+00:00,gpu3_benchmark,3,nocp_s4096_e4096,benchmark,65536,4096,4096,0,0,True,17416.01,1120.23,1120.23,1120.23,6.634
2026-05-13T23:29:52.744505+00:00,gpu3_benchmark,3,nocp_s4096_e4096,benchmark,131072,4096,4096,0,0,False,,,,,4.249
2026-05-13T23:29:56.993649+00:00,gpu3_benchmark,3,nocp_s4096_e2048,correctness,2048,4096,2048,0,0,True,,,,,6.427
2026-05-13T23:30:03.420712+00:00,gpu3_benchmark,3,nocp_s4096_e2048,benchmark,2048,4096,2048,0,0,True,3510.1,47.98,47.98,47.98,7.716
2026-05-13T23:30:03.420712+00:00,gpu3_benchmark,3,nocp_s4096_e2048,benchmark,8192,4096,2048,0,0,True,4525.78,201.93,201.93,201.93,7.716
2026-05-13T23:30:03.420712+00:00,gpu3_benchmark,3,nocp_s4096_e2048,benchmark,32768,4096,2048,0,0,True,9474.26,893.58,893.58,893.58,7.716
2026-05-13T23:30:11.137072+00:00,gpu3_benchmark,3,nocp_s4096_e2048,benchmark,65536,4096,2048,0,0,True,17708.01,1933.4,1933.4,1933.4,8.191
2026-05-13T23:30:19.328049+00:00,gpu3_benchmark,3,nocp_s4096_e2048,benchmark,131072,4096,2048,0,0,False,,,,,4.213
2026-05-13T23:30:23.541109+00:00,gpu3_benchmark,3,nocp_s2048_e2048,correctness,2048,2048,2048,0,0,True,,,,,6.144
2026-05-13T23:30:29.685048+00:00,gpu3_benchmark,3,nocp_s2048_e2048,benchmark,2048,2048,2048,0,0,True,3510.1,48.5,48.5,48.5,7.606
2026-05-13T23:30:29.685048+00:00,gpu3_benchmark,3,nocp_s2048_e2048,benchmark,8192,2048,2048,0,0,True,4526.78,202.36,202.36,202.36,7.606
2026-05-13T23:30:29.685048+00:00,gpu3_benchmark,3,nocp_s2048_e2048,benchmark,32768,2048,2048,0,0,True,9476.26,891.86,891.86,891.86,7.606
2026-05-13T23:30:37.291786+00:00,gpu3_benchmark,3,nocp_s2048_e2048,benchmark,65536,2048,2048,0,0,True,17708.01,1961.79,1961.79,1961.79,7.978
2026-05-13T23:30:45.270531+00:00,gpu3_benchmark,3,nocp_s2048_e2048,benchmark,131072,2048,2048,0,0,False,,,,,4.679
2026-05-13T23:30:49.949738+00:00,gpu3_benchmark,3,ckpt_s8192_e8192,correctness,2048,8192,8192,1,0,True,,,,,6.716
2026-05-13T23:30:56.666503+00:00,gpu3_benchmark,3,ckpt_s8192_e8192,benchmark,2048,8192,8192,1,0,True,3432.23,51.06,51.06,51.06,7.085
2026-05-13T23:30:56.666503+00:00,gpu3_benchmark,3,ckpt_s8192_e8192,benchmark,8192,8192,8192,1,0,True,4012.63,80.43,80.43,80.43,7.085
2026-05-13T23:30:56.666503+00:00,gpu3_benchmark,3,ckpt_s8192_e8192,benchmark,32768,8192,8192,1,0,True,6814.85,349.86,349.86,349.86,7.085
2026-05-13T23:31:03.751927+00:00,gpu3_benchmark,3,ckpt_s8192_e8192,benchmark,65536,8192,8192,1,0,True,11272.01,745.61,745.61,745.61,6.382
2026-05-13T23:31:10.134485+00:00,gpu3_benchmark,3,ckpt_s8192_e8192,benchmark,131072,8192,8192,1,0,True,21303.26,1668.43,1668.43,1668.43,8.159
2026-05-13T23:31:18.294302+00:00,gpu3_benchmark,3,ckpt_s16384_e4096,correctness,2048,16384,4096,1,0,True,,,,,6.568
2026-05-13T23:31:24.862635+00:00,gpu3_benchmark,3,ckpt_s16384_e4096,benchmark,2048,16384,4096,1,0,True,3432.23,51.03,51.03,51.03,7.687
2026-05-13T23:31:24.862635+00:00,gpu3_benchmark,3,ckpt_s16384_e4096,benchmark,8192,16384,4096,1,0,True,4092.77,126.62,126.62,126.62,7.687
2026-05-13T23:31:24.862635+00:00,gpu3_benchmark,3,ckpt_s16384_e4096,benchmark,32768,16384,4096,1,0,True,6894.87,534.24,534.24,534.24,7.687
2026-05-13T23:31:32.550222+00:00,gpu3_benchmark,3,ckpt_s16384_e4096,benchmark,65536,16384,4096,1,0,True,11272.01,1174.47,1174.47,1174.47,7.298
2026-05-13T23:31:39.848600+00:00,gpu3_benchmark,3,ckpt_s16384_e4096,benchmark,131072,16384,4096,1,0,True,21303.26,2598.59,2598.59,2598.59,10.390
2026-05-13T23:31:50.238890+00:00,gpu3_benchmark,3,ckpt_s8192_e4096,correctness,2048,8192,4096,1,0,True,,,,,7.416
2026-05-13T23:31:57.655169+00:00,gpu3_benchmark,3,ckpt_s8192_e4096,benchmark,2048,8192,4096,1,0,True,3432.23,52.54,52.54,52.54,7.607
2026-05-13T23:31:57.655169+00:00,gpu3_benchmark,3,ckpt_s8192_e4096,benchmark,8192,8192,4096,1,0,True,4092.77,123.53,123.53,123.53,7.607
2026-05-13T23:31:57.655169+00:00,gpu3_benchmark,3,ckpt_s8192_e4096,benchmark,32768,8192,4096,1,0,True,6894.87,537.15,537.15,537.15,7.607
2026-05-13T23:32:05.262233+00:00,gpu3_benchmark,3,ckpt_s8192_e4096,benchmark,65536,8192,4096,1,0,True,11272.01,1153.92,1153.92,1153.92,7.307
2026-05-13T23:32:12.569467+00:00,gpu3_benchmark,3,ckpt_s8192_e4096,benchmark,131072,8192,4096,1,0,True,21303.26,2637.42,2637.42,2637.42,10.332
2026-05-13T23:32:22.901922+00:00,gpu3_benchmark,3,ckpt_s4096_e4096,correctness,2048,4096,4096,1,0,True,,,,,6.932
2026-05-13T23:32:29.834524+00:00,gpu3_benchmark,3,ckpt_s4096_e4096,benchmark,2048,4096,4096,1,0,True,3432.23,51.18,51.18,51.18,7.113
2026-05-13T23:32:29.834524+00:00,gpu3_benchmark,3,ckpt_s4096_e4096,benchmark,8192,4096,4096,1,0,True,4092.77,123.49,123.49,123.49,7.113
2026-05-13T23:32:29.834524+00:00,gpu3_benchmark,3,ckpt_s4096_e4096,benchmark,32768,4096,4096,1,0,True,6894.87,538.62,538.62,538.62,7.113
2026-05-13T23:32:36.947485+00:00,gpu3_benchmark,3,ckpt_s4096_e4096,benchmark,65536,4096,4096,1,0,True,11272.01,1173.46,1173.46,1173.46,7.683
2026-05-13T23:32:44.631283+00:00,gpu3_benchmark,3,ckpt_s4096_e4096,benchmark,131072,4096,4096,1,0,True,21303.26,2709.4,2709.4,2709.4,10.687
2026-05-13T23:32:55.318370+00:00,gpu3_benchmark,3,ckpt_s8192_e2048,correctness,2048,8192,2048,1,0,True,,,,,6.875
2026-05-13T23:33:02.193669+00:00,gpu3_benchmark,3,ckpt_s8192_e2048,benchmark,2048,8192,2048,1,0,True,3432.23,51.16,51.16,51.16,8.649
2026-05-13T23:33:02.193669+00:00,gpu3_benchmark,3,ckpt_s8192_e2048,benchmark,8192,8192,2048,1,0,True,4132.78,212.9,212.9,212.9,8.649
2026-05-13T23:33:02.193669+00:00,gpu3_benchmark,3,ckpt_s8192_e2048,benchmark,32768,8192,2048,1,0,True,6934.88,922.98,922.98,922.98,8.649
2026-05-13T23:33:10.842886+00:00,gpu3_benchmark,3,ckpt_s8192_e2048,benchmark,65536,8192,2048,1,0,True,11272.01,2022.24,2022.24,2022.24,8.981
2026-05-13T23:33:19.824070+00:00,gpu3_benchmark,3,ckpt_s8192_e2048,benchmark,131072,8192,2048,1,0,False,,,,,5.546
2026-05-13T23:33:25.370479+00:00,gpu3_benchmark,3,ckpt_s4096_e2048,correctness,2048,4096,2048,1,0,True,,,,,6.849
2026-05-13T23:33:32.219832+00:00,gpu3_benchmark,3,ckpt_s4096_e2048,benchmark,2048,4096,2048,1,0,True,3432.23,50.92,50.92,50.92,8.718
2026-05-13T23:33:32.219832+00:00,gpu3_benchmark,3,ckpt_s4096_e2048,benchmark,8192,4096,2048,1,0,True,4132.78,213.11,213.11,213.11,8.718
2026-05-13T23:33:32.219832+00:00,gpu3_benchmark,3,ckpt_s4096_e2048,benchmark,32768,4096,2048,1,0,True,6934.88,926.43,926.43,926.43,8.718
2026-05-13T23:33:40.937903+00:00,gpu3_benchmark,3,ckpt_s4096_e2048,benchmark,65536,4096,2048,1,0,True,11272.01,2022.14,2022.14,2022.14,8.994
2026-05-13T23:33:49.932534+00:00,gpu3_benchmark,3,ckpt_s4096_e2048,benchmark,131072,4096,2048,1,0,False,,,,,5.393
2026-05-13T23:33:55.326167+00:00,gpu3_benchmark,3,ckpt_s2048_e2048,correctness,2048,2048,2048,1,0,True,,,,,6.991
2026-05-13T23:34:02.317109+00:00,gpu3_benchmark,3,ckpt_s2048_e2048,benchmark,2048,2048,2048,1,0,True,3432.23,53.56,53.56,53.56,8.764
2026-05-13T23:34:02.317109+00:00,gpu3_benchmark,3,ckpt_s2048_e2048,benchmark,8192,2048,2048,1,0,True,4132.78,216.87,216.87,216.87,8.764
2026-05-13T23:34:02.317109+00:00,gpu3_benchmark,3,ckpt_s2048_e2048,benchmark,32768,2048,2048,1,0,True,6934.88,934.66,934.66,934.66,8.764
2026-05-13T23:34:11.081058+00:00,gpu3_benchmark,3,ckpt_s2048_e2048,benchmark,65536,2048,2048,1,0,True,11272.01,2074.72,2074.72,2074.72,8.897
2026-05-13T23:34:19.978887+00:00,gpu3_benchmark,3,ckpt_s2048_e2048,benchmark,131072,2048,2048,1,0,False,,,,,5.402
2026-05-13T23:34:25.380895+00:00,gpu3_benchmark,3,ckpt_s4096_e1024,correctness,2048,4096,1024,1,0,True,,,,,7.121
2026-05-13T23:34:32.502031+00:00,gpu3_benchmark,3,ckpt_s4096_e1024,benchmark,2048,4096,1024,1,0,True,3453.26,190.32,190.32,190.32,10.315
2026-05-13T23:34:32.502031+00:00,gpu3_benchmark,3,ckpt_s4096_e1024,benchmark,8192,4096,1024,1,0,True,4153.79,401.45,401.45,401.45,10.315
2026-05-13T23:34:32.502031+00:00,gpu3_benchmark,3,ckpt_s4096_e1024,benchmark,32768,4096,1024,1,0,True,6955.88,1738.79,1738.79,1738.79,10.315
2026-05-13T23:34:42.817009+00:00,gpu3_benchmark,3,ckpt_s4096_e1024,benchmark,65536,4096,1024,1,0,True,11272.51,3757.72,3757.72,3757.72,12.387
2026-05-13T23:34:55.204334+00:00,gpu3_benchmark,3,ckpt_s4096_e1024,benchmark,131072,4096,1024,1,0,True,21314.76,9089.66,9089.66,9089.66,22.654
2026-05-13T23:35:17.858480+00:00,gpu3_benchmark,3,ckpt_s2048_e1024,correctness,2048,2048,1024,1,0,True,,,,,6.940
2026-05-13T23:35:24.798708+00:00,gpu3_benchmark,3,ckpt_s2048_e1024,benchmark,2048,2048,1024,1,0,True,3453.26,227.67,227.67,227.67,10.437
2026-05-13T23:35:24.798708+00:00,gpu3_benchmark,3,ckpt_s2048_e1024,benchmark,8192,2048,1024,1,0,True,4153.79,397.06,397.06,397.06,10.437
2026-05-13T23:35:24.798708+00:00,gpu3_benchmark,3,ckpt_s2048_e1024,benchmark,32768,2048,1024,1,0,True,6955.88,1731.7,1731.7,1731.7,10.437
2026-05-13T23:35:35.236038+00:00,gpu3_benchmark,3,ckpt_s2048_e1024,benchmark,65536,2048,1024,1,0,True,11272.51,3826.48,3826.48,3826.48,12.680
2026-05-13T23:35:47.916800+00:00,gpu3_benchmark,3,ckpt_s2048_e1024,benchmark,131072,2048,1024,1,0,True,21314.63,9009.29,9009.29,9009.29,23.327
2026-05-13T23:36:11.244815+00:00,gpu3_benchmark,3,ckpt_s1024_e1024,correctness,2048,1024,1024,1,0,True,,,,,7.083
2026-05-13T23:36:18.328428+00:00,gpu3_benchmark,3,ckpt_s1024_e1024,benchmark,2048,1024,1024,1,0,True,3452.26,99.57,99.57,99.57,10.389
2026-05-13T23:36:18.328428+00:00,gpu3_benchmark,3,ckpt_s1024_e1024,benchmark,8192,1024,1024,1,0,True,4152.79,406.26,406.26,406.26,10.389
2026-05-13T23:36:18.328428+00:00,gpu3_benchmark,3,ckpt_s1024_e1024,benchmark,32768,1024,1024,1,0,True,6954.88,1756.27,1756.27,1756.27,10.389
2026-05-13T23:36:28.717401+00:00,gpu3_benchmark,3,ckpt_s1024_e1024,benchmark,65536,1024,1024,1,0,True,11272.01,3895.86,3895.86,3895.86,12.763
2026-05-13T23:36:41.480596+00:00,gpu3_benchmark,3,ckpt_s1024_e1024,benchmark,131072,1024,1024,1,0,True,21314.63,9075.73,9075.73,9075.73,23.503
2026-05-13T23:37:04.984120+00:00,gpu3_benchmark,3,nocp_s8192_e8192,correctness,2048,8192,8192,0,0,True,,,,,6.192
2026-05-13T23:37:11.176292+00:00,gpu3_benchmark,3,nocp_s8192_e8192,benchmark,2048,8192,8192,0,0,True,3510.1,48.53,48.53,48.53,6.321
2026-05-13T23:37:11.176292+00:00,gpu3_benchmark,3,nocp_s8192_e8192,benchmark,8192,8192,8192,0,0,True,4300.63,74.27,74.27,74.27,6.321
2026-05-13T23:37:11.176292+00:00,gpu3_benchmark,3,nocp_s8192_e8192,benchmark,32768,8192,8192,0,0,True,9328.38,326.67,326.67,326.67,6.321
2026-05-13T23:37:17.498011+00:00,gpu3_benchmark,3,nocp_s8192_e8192,benchmark,65536,8192,8192,0,0,True,17416.01,704.42,704.42,704.42,5.560
2026-05-13T23:37:23.057950+00:00,gpu3_benchmark,3,nocp_s8192_e8192,benchmark,131072,8192,8192,0,0,False,,,,,4.401
2026-05-13T23:37:27.459677+00:00,gpu3_benchmark,3,nocp_s8192_e4096,correctness,2048,8192,4096,0,0,True,,,,,6.434
2026-05-13T23:37:33.893532+00:00,gpu3_benchmark,3,nocp_s8192_e4096,benchmark,2048,8192,4096,0,0,True,3510.1,47.9,47.9,47.9,6.863
2026-05-13T23:37:33.893532+00:00,gpu3_benchmark,3,nocp_s8192_e4096,benchmark,8192,8192,4096,0,0,True,4428.77,116.6,116.6,116.6,6.863
2026-05-13T23:37:33.893532+00:00,gpu3_benchmark,3,nocp_s8192_e4096,benchmark,32768,8192,4096,0,0,True,9328.38,510.69,510.69,510.69,6.863
2026-05-13T23:37:40.757093+00:00,gpu3_benchmark,3,nocp_s8192_e4096,benchmark,65536,8192,4096,0,0,True,17416.01,1106.22,1106.22,1106.22,6.860
2026-05-13T23:37:47.617083+00:00,gpu3_benchmark,3,nocp_s8192_e4096,benchmark,131072,8192,4096,0,0,False,,,,,4.273
2026-05-13T23:37:51.890642+00:00,gpu3_benchmark,3,nocp_s4096_e4096,correctness,2048,4096,4096,0,0,True,,,,,6.650
2026-05-13T23:37:58.540951+00:00,gpu3_benchmark,3,nocp_s4096_e4096,benchmark,2048,4096,4096,0,0,True,3510.1,48.01,48.01,48.01,6.830
2026-05-13T23:37:58.540951+00:00,gpu3_benchmark,3,nocp_s4096_e4096,benchmark,8192,4096,4096,0,0,True,4428.77,116.81,116.81,116.81,6.830
2026-05-13T23:37:58.540951+00:00,gpu3_benchmark,3,nocp_s4096_e4096,benchmark,32768,4096,4096,0,0,True,9328.38,517.75,517.75,517.75,6.830
2026-05-13T23:38:05.371681+00:00,gpu3_benchmark,3,nocp_s4096_e4096,benchmark,65536,4096,4096,0,0,True,17416.01,1120.9,1120.9,1120.9,6.597
2026-05-13T23:38:11.968814+00:00,gpu3_benchmark,3,nocp_s4096_e4096,benchmark,131072,4096,4096,0,0,False,,,,,4.589
2026-05-13T23:38:16.558694+00:00,gpu3_benchmark,3,nocp_s4096_e2048,correctness,2048,4096,2048,0,0,True,,,,,6.543
2026-05-13T23:38:23.102110+00:00,gpu3_benchmark,3,nocp_s4096_e2048,benchmark,2048,4096,2048,0,0,True,3510.1,48.84,48.84,48.84,7.584
2026-05-13T23:38:23.102110+00:00,gpu3_benchmark,3,nocp_s4096_e2048,benchmark,8192,4096,2048,0,0,True,4525.78,202.35,202.35,202.35,7.584
2026-05-13T23:38:23.102110+00:00,gpu3_benchmark,3,nocp_s4096_e2048,benchmark,32768,4096,2048,0,0,True,9474.26,883.66,883.66,883.66,7.584
2026-05-13T23:38:30.686167+00:00,gpu3_benchmark,3,nocp_s4096_e2048,benchmark,65536,4096,2048,0,0,True,17708.01,1931.6,1931.6,1931.6,8.171
2026-05-13T23:38:38.857385+00:00,gpu3_benchmark,3,nocp_s4096_e2048,benchmark,131072,4096,2048,0,0,False,,,,,4.828
2026-05-13T23:38:43.685965+00:00,gpu3_benchmark,3,nocp_s2048_e2048,correctness,2048,2048,2048,0,0,True,,,,,6.495
2026-05-13T23:38:50.181187+00:00,gpu3_benchmark,3,nocp_s2048_e2048,benchmark,2048,2048,2048,0,0,True,3510.1,49.47,49.47,49.47,7.521
2026-05-13T23:38:50.181187+00:00,gpu3_benchmark,3,nocp_s2048_e2048,benchmark,8192,2048,2048,0,0,True,4526.78,202.24,202.24,202.24,7.521
2026-05-13T23:38:50.181187+00:00,gpu3_benchmark,3,nocp_s2048_e2048,benchmark,32768,2048,2048,0,0,True,9476.26,891.33,891.33,891.33,7.521
2026-05-13T23:38:57.702941+00:00,gpu3_benchmark,3,nocp_s2048_e2048,benchmark,65536,2048,2048,0,0,True,17708.01,1961.09,1961.09,1961.09,8.622
2026-05-13T23:39:06.324942+00:00,gpu3_benchmark,3,nocp_s2048_e2048,benchmark,131072,2048,2048,0,0,False,,,,,4.355
2026-05-13T23:39:10.680923+00:00,gpu3_benchmark,3,ckpt_s8192_e8192,correctness,2048,8192,8192,1,0,True,,,,,7.133
2026-05-13T23:39:17.814379+00:00,gpu3_benchmark,3,ckpt_s8192_e8192,benchmark,2048,8192,8192,1,0,True,3432.23,52.22,52.22,52.22,6.935
2026-05-13T23:39:17.814379+00:00,gpu3_benchmark,3,ckpt_s8192_e8192,benchmark,8192,8192,8192,1,0,True,4012.63,80.77,80.77,80.77,6.935
2026-05-13T23:39:17.814379+00:00,gpu3_benchmark,3,ckpt_s8192_e8192,benchmark,32768,8192,8192,1,0,True,6814.85,349.62,349.62,349.62,6.935
2026-05-13T23:39:24.749409+00:00,gpu3_benchmark,3,ckpt_s8192_e8192,benchmark,65536,8192,8192,1,0,True,11272.01,744.52,744.52,744.52,6.500
2026-05-13T23:39:31.249848+00:00,gpu3_benchmark,3,ckpt_s8192_e8192,benchmark,131072,8192,8192,1,0,True,21303.26,1667.23,1667.23,1667.23,8.267
2026-05-13T23:39:39.517757+00:00,gpu3_benchmark,3,ckpt_s16384_e4096,correctness,2048,16384,4096,1,0,True,,,,,6.983
2026-05-13T23:39:46.501473+00:00,gpu3_benchmark,3,ckpt_s16384_e4096,benchmark,2048,16384,4096,1,0,True,3432.23,50.88,50.88,50.88,7.062
2026-05-13T23:39:46.501473+00:00,gpu3_benchmark,3,ckpt_s16384_e4096,benchmark,8192,16384,4096,1,0,True,4092.77,123.4,123.4,123.4,7.062
2026-05-13T23:39:46.501473+00:00,gpu3_benchmark,3,ckpt_s16384_e4096,benchmark,32768,16384,4096,1,0,True,6894.87,531.1,531.1,531.1,7.062
2026-05-13T23:39:53.563666+00:00,gpu3_benchmark,3,ckpt_s16384_e4096,benchmark,65536,16384,4096,1,0,True,11272.01,1142.45,1142.45,1142.45,7.515
2026-05-13T23:40:01.079418+00:00,gpu3_benchmark,3,ckpt_s16384_e4096,benchmark,131072,16384,4096,1,0,True,21303.26,2605.02,2605.02,2605.02,10.282
2026-05-13T23:40:11.362106+00:00,gpu3_benchmark,3,ckpt_s8192_e4096,correctness,2048,8192,4096,1,0,True,,,,,6.981
2026-05-13T23:40:18.343502+00:00,gpu3_benchmark,3,ckpt_s8192_e4096,benchmark,2048,8192,4096,1,0,True,3432.23,53.18,53.18,53.18,8.095
2026-05-13T23:40:18.343502+00:00,gpu3_benchmark,3,ckpt_s8192_e4096,benchmark,8192,8192,4096,1,0,True,4092.77,123.24,123.24,123.24,8.095
2026-05-13T23:40:18.343502+00:00,gpu3_benchmark,3,ckpt_s8192_e4096,benchmark,32768,8192,4096,1,0,True,6894.87,534.15,534.15,534.15,8.095
2026-05-13T23:40:26.438433+00:00,gpu3_benchmark,3,ckpt_s8192_e4096,benchmark,65536,8192,4096,1,0,True,11272.01,1152.94,1152.94,1152.94,7.319
2026-05-13T23:40:33.757733+00:00,gpu3_benchmark,3,ckpt_s8192_e4096,benchmark,131072,8192,4096,1,0,True,21303.26,2640.1,2640.1,2640.1,10.360
2026-05-13T23:40:44.118581+00:00,gpu3_benchmark,3,ckpt_s4096_e4096,correctness,2048,4096,4096,1,0,True,,,,,7.439
2026-05-13T23:40:51.558317+00:00,gpu3_benchmark,3,ckpt_s4096_e4096,benchmark,2048,4096,4096,1,0,True,3432.23,52.31,52.31,52.31,7.619
2026-05-13T23:40:51.558317+00:00,gpu3_benchmark,3,ckpt_s4096_e4096,benchmark,8192,4096,4096,1,0,True,4092.77,124.02,124.02,124.02,7.619
2026-05-13T23:40:51.558317+00:00,gpu3_benchmark,3,ckpt_s4096_e4096,benchmark,32768,4096,4096,1,0,True,6894.87,540.74,540.74,540.74,7.619
2026-05-13T23:40:59.177584+00:00,gpu3_benchmark,3,ckpt_s4096_e4096,benchmark,65536,4096,4096,1,0,True,11272.01,1173.52,1173.52,1173.52,7.327
2026-05-13T23:41:06.504812+00:00,gpu3_benchmark,3,ckpt_s4096_e4096,benchmark,131072,4096,4096,1,0,True,21303.26,2711.0,2711.0,2711.0,10.735
2026-05-13T23:41:17.240546+00:00,gpu3_benchmark,3,ckpt_s8192_e2048,correctness,2048,8192,2048,1,0,True,,,,,7.506
2026-05-13T23:41:24.746400+00:00,gpu3_benchmark,3,ckpt_s8192_e2048,benchmark,2048,8192,2048,1,0,True,3432.23,52.44,52.44,52.44,8.365
2026-05-13T23:41:24.746400+00:00,gpu3_benchmark,3,ckpt_s8192_e2048,benchmark,8192,8192,2048,1,0,True,4132.78,213.09,213.09,213.09,8.365
2026-05-13T23:41:24.746400+00:00,gpu3_benchmark,3,ckpt_s8192_e2048,benchmark,32768,8192,2048,1,0,True,6934.88,924.52,924.52,924.52,8.365
2026-05-13T23:41:33.112136+00:00,gpu3_benchmark,3,ckpt_s8192_e2048,benchmark,65536,8192,2048,1,0,True,11272.01,2039.61,2039.61,2039.61,8.796
2026-05-13T23:41:41.908958+00:00,gpu3_benchmark,3,ckpt_s8192_e2048,benchmark,131072,8192,2048,1,0,False,,,,,5.731
2026-05-13T23:41:47.640781+00:00,gpu3_benchmark,3,ckpt_s4096_e2048,correctness,2048,4096,2048,1,0,True,,,,,6.702
2026-05-13T23:41:54.343423+00:00,gpu3_benchmark,3,ckpt_s4096_e2048,benchmark,2048,4096,2048,1,0,True,3432.23,51.11,51.11,51.11,8.521
2026-05-13T23:41:54.343423+00:00,gpu3_benchmark,3,ckpt_s4096_e2048,benchmark,8192,4096,2048,1,0,True,4132.78,221.74,221.74,221.74,8.521
2026-05-13T23:41:54.343423+00:00,gpu3_benchmark,3,ckpt_s4096_e2048,benchmark,32768,4096,2048,1,0,True,6934.88,946.66,946.66,946.66,8.521
2026-05-13T23:42:02.864750+00:00,gpu3_benchmark,3,ckpt_s4096_e2048,benchmark,65536,4096,2048,1,0,True,11272.01,2021.71,2021.71,2021.71,9.002
2026-05-13T23:42:11.867293+00:00,gpu3_benchmark,3,ckpt_s4096_e2048,benchmark,131072,4096,2048,1,0,False,,,,,6.100
2026-05-13T23:42:17.968131+00:00,gpu3_benchmark,3,ckpt_s2048_e2048,correctness,2048,2048,2048,1,0,True,,,,,7.241
2026-05-13T23:42:25.209730+00:00,gpu3_benchmark,3,ckpt_s2048_e2048,benchmark,2048,2048,2048,1,0,True,3432.23,51.04,51.04,51.04,8.195
2026-05-13T23:42:25.209730+00:00,gpu3_benchmark,3,ckpt_s2048_e2048,benchmark,8192,2048,2048,1,0,True,4132.78,216.03,216.03,216.03,8.195
2026-05-13T23:42:25.209730+00:00,gpu3_benchmark,3,ckpt_s2048_e2048,benchmark,32768,2048,2048,1,0,True,6934.88,932.96,932.96,932.96,8.195
2026-05-13T23:42:33.405286+00:00,gpu3_benchmark,3,ckpt_s2048_e2048,benchmark,65536,2048,2048,1,0,True,11272.01,2073.66,2073.66,2073.66,8.996
2026-05-13T23:42:42.401310+00:00,gpu3_benchmark,3,ckpt_s2048_e2048,benchmark,131072,2048,2048,1,0,False,,,,,5.307
2026-05-13T23:42:47.708586+00:00,gpu3_benchmark,3,ckpt_s4096_e1024,correctness,2048,4096,1024,1,0,True,,,,,7.051
2026-05-13T23:42:54.759849+00:00,gpu3_benchmark,3,ckpt_s4096_e1024,benchmark,2048,4096,1024,1,0,True,3453.26,181.28,181.28,181.28,10.182
2026-05-13T23:42:54.759849+00:00,gpu3_benchmark,3,ckpt_s4096_e1024,benchmark,8192,4096,1024,1,0,True,4153.79,412.84,412.84,412.84,10.182
2026-05-13T23:42:54.759849+00:00,gpu3_benchmark,3,ckpt_s4096_e1024,benchmark,32768,4096,1024,1,0,True,6955.88,1717.34,1717.34,1717.34,10.182
2026-05-13T23:43:04.942594+00:00,gpu3_benchmark,3,ckpt_s4096_e1024,benchmark,65536,4096,1024,1,0,True,11272.51,3763.86,3763.86,3763.86,12.526
2026-05-13T23:43:17.468955+00:00,gpu3_benchmark,3,ckpt_s4096_e1024,benchmark,131072,4096,1024,1,0,True,21314.76,8958.34,8958.34,8958.34,22.609
2026-05-13T23:43:40.078266+00:00,gpu3_benchmark,3,ckpt_s2048_e1024,correctness,2048,2048,1024,1,0,True,,,,,7.292
2026-05-13T23:43:47.371005+00:00,gpu3_benchmark,3,ckpt_s2048_e1024,benchmark,2048,2048,1024,1,0,True,3453.26,203.19,203.19,203.19,10.285
2026-05-13T23:43:47.371005+00:00,gpu3_benchmark,3,ckpt_s2048_e1024,benchmark,8192,2048,1024,1,0,True,4153.79,396.66,396.66,396.66,10.285
2026-05-13T23:43:47.371005+00:00,gpu3_benchmark,3,ckpt_s2048_e1024,benchmark,32768,2048,1024,1,0,True,6955.88,1723.68,1723.68,1723.68,10.285
2026-05-13T23:43:57.656342+00:00,gpu3_benchmark,3,ckpt_s2048_e1024,benchmark,65536,2048,1024,1,0,True,11272.51,3831.57,3831.57,3831.57,12.344
2026-05-13T23:44:10.000228+00:00,gpu3_benchmark,3,ckpt_s2048_e1024,benchmark,131072,2048,1024,1,0,True,21314.63,9080.83,9080.83,9080.83,23.237
2026-05-13T23:44:33.237455+00:00,gpu3_benchmark,3,ckpt_s1024_e1024,correctness,2048,1024,1024,1,0,True,,,,,6.715
2026-05-13T23:44:39.953214+00:00,gpu3_benchmark,3,ckpt_s1024_e1024,benchmark,2048,1024,1024,1,0,True,3452.26,98.7,98.7,98.7,10.979
2026-05-13T23:44:39.953214+00:00,gpu3_benchmark,3,ckpt_s1024_e1024,benchmark,8192,1024,1024,1,0,True,4152.79,398.23,398.23,398.23,10.979
2026-05-13T23:44:39.953214+00:00,gpu3_benchmark,3,ckpt_s1024_e1024,benchmark,32768,1024,1024,1,0,True,6954.88,1750.33,1750.33,1750.33,10.979
2026-05-13T23:44:50.932178+00:00,gpu3_benchmark,3,ckpt_s1024_e1024,benchmark,65536,1024,1024,1,0,True,11272.01,3866.96,3866.96,3866.96,12.599
2026-05-13T23:45:03.531953+00:00,gpu3_benchmark,3,ckpt_s1024_e1024,benchmark,131072,1024,1024,1,0,True,21314.63,9179.64,9179.64,9179.64,23.752
2026-05-13T23:45:27.284265+00:00,gpu3_benchmark,3,nocp_s8192_e8192,correctness,2048,8192,8192,0,0,True,,,,,6.523
2026-05-13T23:45:33.807764+00:00,gpu3_benchmark,3,nocp_s8192_e8192,benchmark,2048,8192,8192,0,0,True,3510.1,48.2,48.2,48.2,6.196
2026-05-13T23:45:33.807764+00:00,gpu3_benchmark,3,nocp_s8192_e8192,benchmark,8192,8192,8192,0,0,True,4300.63,73.89,73.89,73.89,6.196
2026-05-13T23:45:33.807764+00:00,gpu3_benchmark,3,nocp_s8192_e8192,benchmark,32768,8192,8192,0,0,True,9328.38,325.72,325.72,325.72,6.196
2026-05-13T23:45:40.004689+00:00,gpu3_benchmark,3,nocp_s8192_e8192,benchmark,65536,8192,8192,0,0,True,17416.01,699.62,699.62,699.62,5.161
2026-05-13T23:45:45.165704+00:00,gpu3_benchmark,3,nocp_s8192_e8192,benchmark,131072,8192,8192,0,0,False,,,,,4.147
2026-05-13T23:45:49.313391+00:00,gpu3_benchmark,3,nocp_s8192_e4096,correctness,2048,8192,4096,0,0,True,,,,,5.913
2026-05-13T23:45:55.226430+00:00,gpu3_benchmark,3,nocp_s8192_e4096,benchmark,2048,8192,4096,0,0,True,3510.1,48.28,48.28,48.28,6.672
2026-05-13T23:45:55.226430+00:00,gpu3_benchmark,3,nocp_s8192_e4096,benchmark,8192,8192,4096,0,0,True,4428.77,116.66,116.66,116.66,6.672
2026-05-13T23:45:55.226430+00:00,gpu3_benchmark,3,nocp_s8192_e4096,benchmark,32768,8192,4096,0,0,True,9328.38,511.1,511.1,511.1,6.672
2026-05-13T23:46:01.898564+00:00,gpu3_benchmark,3,nocp_s8192_e4096,benchmark,65536,8192,4096,0,0,True,17416.01,1107.07,1107.07,1107.07,6.150
2026-05-13T23:46:08.048556+00:00,gpu3_benchmark,3,nocp_s8192_e4096,benchmark,131072,8192,4096,0,0,False,,,,,4.585
2026-05-13T23:46:12.634130+00:00,gpu3_benchmark,3,nocp_s4096_e4096,correctness,2048,4096,4096,0,0,True,,,,,6.500
2026-05-13T23:46:19.134398+00:00,gpu3_benchmark,3,nocp_s4096_e4096,benchmark,2048,4096,4096,0,0,True,3510.1,48.28,48.28,48.28,7.021
2026-05-13T23:46:19.134398+00:00,gpu3_benchmark,3,nocp_s4096_e4096,benchmark,8192,4096,4096,0,0,True,4428.77,117.26,117.26,117.26,7.021
2026-05-13T23:46:19.134398+00:00,gpu3_benchmark,3,nocp_s4096_e4096,benchmark,32768,4096,4096,0,0,True,9328.38,514.5,514.5,514.5,7.021
2026-05-13T23:46:26.155710+00:00,gpu3_benchmark,3,nocp_s4096_e4096,benchmark,65536,4096,4096,0,0,True,17416.01,1120.39,1120.39,1120.39,6.392
2026-05-13T23:46:32.548300+00:00,gpu3_benchmark,3,nocp_s4096_e4096,benchmark,131072,4096,4096,0,0,False,,,,,4.588
2026-05-13T23:46:37.136662+00:00,gpu3_benchmark,3,nocp_s4096_e2048,correctness,2048,4096,2048,0,0,True,,,,,6.128
2026-05-13T23:46:43.265274+00:00,gpu3_benchmark,3,nocp_s4096_e2048,benchmark,2048,4096,2048,0,0,True,3510.1,47.82,47.82,47.82,7.511
2026-05-13T23:46:43.265274+00:00,gpu3_benchmark,3,nocp_s4096_e2048,benchmark,8192,4096,2048,0,0,True,4525.78,201.83,201.83,201.83,7.511
2026-05-13T23:46:43.265274+00:00,gpu3_benchmark,3,nocp_s4096_e2048,benchmark,32768,4096,2048,0,0,True,9474.26,883.63,883.63,883.63,7.511
2026-05-13T23:46:50.776379+00:00,gpu3_benchmark,3,nocp_s4096_e2048,benchmark,65536,4096,2048,0,0,True,17708.01,1933.02,1933.02,1933.02,7.637
2026-05-13T23:46:58.413687+00:00,gpu3_benchmark,3,nocp_s4096_e2048,benchmark,131072,4096,2048,0,0,False,,,,,4.626
2026-05-13T23:47:03.040043+00:00,gpu3_benchmark,3,nocp_s2048_e2048,correctness,2048,2048,2048,0,0,True,,,,,6.388
2026-05-13T23:47:09.428013+00:00,gpu3_benchmark,3,nocp_s2048_e2048,benchmark,2048,2048,2048,0,0,True,3510.1,48.59,48.59,48.59,7.954
2026-05-13T23:47:09.428013+00:00,gpu3_benchmark,3,nocp_s2048_e2048,benchmark,8192,2048,2048,0,0,True,4526.78,202.97,202.97,202.97,7.954
2026-05-13T23:47:09.428013+00:00,gpu3_benchmark,3,nocp_s2048_e2048,benchmark,32768,2048,2048,0,0,True,9476.26,907.19,907.19,907.19,7.954
2026-05-13T23:47:17.382068+00:00,gpu3_benchmark,3,nocp_s2048_e2048,benchmark,65536,2048,2048,0,0,True,17708.01,1960.62,1960.62,1960.62,7.995
2026-05-13T23:47:25.377630+00:00,gpu3_benchmark,3,nocp_s2048_e2048,benchmark,131072,2048,2048,0,0,False,,,,,4.603
2026-05-13T23:47:29.980757+00:00,gpu3_benchmark,3,ckpt_s8192_e8192,correctness,2048,8192,8192,1,0,True,,,,,6.827
2026-05-13T23:47:36.807651+00:00,gpu3_benchmark,3,ckpt_s8192_e8192,benchmark,2048,8192,8192,1,0,True,3432.23,53.49,53.49,53.49,7.045
2026-05-13T23:47:36.807651+00:00,gpu3_benchmark,3,ckpt_s8192_e8192,benchmark,8192,8192,8192,1,0,True,4012.63,80.4,80.4,80.4,7.045
2026-05-13T23:47:36.807651+00:00,gpu3_benchmark,3,ckpt_s8192_e8192,benchmark,32768,8192,8192,1,0,True,6814.85,349.15,349.15,349.15,7.045
2026-05-13T23:47:43.853032+00:00,gpu3_benchmark,3,ckpt_s8192_e8192,benchmark,65536,8192,8192,1,0,True,11272.01,746.9,746.9,746.9,6.676
2026-05-13T23:47:50.529188+00:00,gpu3_benchmark,3,ckpt_s8192_e8192,benchmark,131072,8192,8192,1,0,True,21303.26,1668.02,1668.02,1668.02,8.689
2026-05-13T23:47:59.219163+00:00,gpu3_benchmark,3,ckpt_s16384_e4096,correctness,2048,16384,4096,1,0,True,,,,,7.296
2026-05-13T23:48:06.515723+00:00,gpu3_benchmark,3,ckpt_s16384_e4096,benchmark,2048,16384,4096,1,0,True,3432.23,51.16,51.16,51.16,7.352
2026-05-13T23:48:06.515723+00:00,gpu3_benchmark,3,ckpt_s16384_e4096,benchmark,8192,16384,4096,1,0,True,4092.77,125.84,125.84,125.84,7.352
2026-05-13T23:48:06.515723+00:00,gpu3_benchmark,3,ckpt_s16384_e4096,benchmark,32768,16384,4096,1,0,True,6894.87,533.9,533.9,533.9,7.352
2026-05-13T23:48:13.868314+00:00,gpu3_benchmark,3,ckpt_s16384_e4096,benchmark,65536,16384,4096,1,0,True,11272.01,1150.53,1150.53,1150.53,7.092
2026-05-13T23:48:20.960145+00:00,gpu3_benchmark,3,ckpt_s16384_e4096,benchmark,131072,16384,4096,1,0,True,21303.26,2596.75,2596.75,2596.75,10.126
2026-05-13T23:48:31.087104+00:00,gpu3_benchmark,3,ckpt_s8192_e4096,correctness,2048,8192,4096,1,0,True,,,,,7.427
2026-05-13T23:48:38.513967+00:00,gpu3_benchmark,3,ckpt_s8192_e4096,benchmark,2048,8192,4096,1,0,True,3432.23,52.24,52.24,52.24,8.104
2026-05-13T23:48:38.513967+00:00,gpu3_benchmark,3,ckpt_s8192_e4096,benchmark,8192,8192,4096,1,0,True,4092.77,123.16,123.16,123.16,8.104
2026-05-13T23:48:38.513967+00:00,gpu3_benchmark,3,ckpt_s8192_e4096,benchmark,32768,8192,4096,1,0,True,6894.87,534.2,534.2,534.2,8.104
2026-05-13T23:48:46.618279+00:00,gpu3_benchmark,3,ckpt_s8192_e4096,benchmark,65536,8192,4096,1,0,True,11272.01,1152.38,1152.38,1152.38,6.967
2026-05-13T23:48:53.586043+00:00,gpu3_benchmark,3,ckpt_s8192_e4096,benchmark,131072,8192,4096,1,0,True,21303.26,2638.41,2638.41,2638.41,9.861
2026-05-13T23:49:03.447845+00:00,gpu3_benchmark,3,ckpt_s4096_e4096,correctness,2048,4096,4096,1,0,True,,,,,6.510
2026-05-13T23:49:09.958492+00:00,gpu3_benchmark,3,ckpt_s4096_e4096,benchmark,2048,4096,4096,1,0,True,3432.23,52.39,52.39,52.39,7.767
2026-05-13T23:49:09.958492+00:00,gpu3_benchmark,3,ckpt_s4096_e4096,benchmark,8192,4096,4096,1,0,True,4092.77,125.01,125.01,125.01,7.767
2026-05-13T23:49:09.958492+00:00,gpu3_benchmark,3,ckpt_s4096_e4096,benchmark,32768,4096,4096,1,0,True,6894.87,537.98,537.98,537.98,7.767
2026-05-13T23:49:17.725690+00:00,gpu3_benchmark,3,ckpt_s4096_e4096,benchmark,65536,4096,4096,1,0,True,11272.01,1166.37,1166.37,1166.37,7.673
2026-05-13T23:49:25.399051+00:00,gpu3_benchmark,3,ckpt_s4096_e4096,benchmark,131072,4096,4096,1,0,True,21303.26,2705.56,2705.56,2705.56,10.541
2026-05-13T23:49:35.940692+00:00,gpu3_benchmark,3,ckpt_s8192_e2048,correctness,2048,8192,2048,1,0,True,,,,,6.885
2026-05-13T23:49:42.826102+00:00,gpu3_benchmark,3,ckpt_s8192_e2048,benchmark,2048,8192,2048,1,0,True,3432.23,55.06,55.06,55.06,8.576
2026-05-13T23:49:42.826102+00:00,gpu3_benchmark,3,ckpt_s8192_e2048,benchmark,8192,8192,2048,1,0,True,4132.78,214.02,214.02,214.02,8.576
2026-05-13T23:49:42.826102+00:00,gpu3_benchmark,3,ckpt_s8192_e2048,benchmark,32768,8192,2048,1,0,True,6934.88,952.73,952.73,952.73,8.576
2026-05-13T23:49:51.402369+00:00,gpu3_benchmark,3,ckpt_s8192_e2048,benchmark,65536,8192,2048,1,0,True,11272.01,2019.95,2019.95,2019.95,9.438
2026-05-13T23:50:00.840350+00:00,gpu3_benchmark,3,ckpt_s8192_e2048,benchmark,131072,8192,2048,1,0,False,,,,,5.461
2026-05-13T23:50:06.302012+00:00,gpu3_benchmark,3,ckpt_s4096_e2048,correctness,2048,4096,2048,1,0,True,,,,,6.782
2026-05-13T23:50:13.084349+00:00,gpu3_benchmark,3,ckpt_s4096_e2048,benchmark,2048,4096,2048,1,0,True,3432.23,52.75,52.75,52.75,8.656
2026-05-13T23:50:13.084349+00:00,gpu3_benchmark,3,ckpt_s4096_e2048,benchmark,8192,4096,2048,1,0,True,4132.78,213.08,213.08,213.08,8.656
2026-05-13T23:50:13.084349+00:00,gpu3_benchmark,3,ckpt_s4096_e2048,benchmark,32768,4096,2048,1,0,True,6934.88,937.15,937.15,937.15,8.656
2026-05-13T23:50:21.740694+00:00,gpu3_benchmark,3,ckpt_s4096_e2048,benchmark,65536,4096,2048,1,0,True,11272.01,2036.33,2036.33,2036.33,9.582
2026-05-13T23:50:31.322943+00:00,gpu3_benchmark,3,ckpt_s4096_e2048,benchmark,131072,4096,2048,1,0,False,,,,,5.394
2026-05-13T23:50:36.717777+00:00,gpu3_benchmark,3,ckpt_s2048_e2048,correctness,2048,2048,2048,1,0,True,,,,,7.463
2026-05-13T23:50:44.181464+00:00,gpu3_benchmark,3,ckpt_s2048_e2048,benchmark,2048,2048,2048,1,0,True,3432.23,50.9,50.9,50.9,8.567
2026-05-13T23:50:44.181464+00:00,gpu3_benchmark,3,ckpt_s2048_e2048,benchmark,8192,2048,2048,1,0,True,4132.78,212.8,212.8,212.8,8.567
2026-05-13T23:50:44.181464+00:00,gpu3_benchmark,3,ckpt_s2048_e2048,benchmark,32768,2048,2048,1,0,True,6934.88,937.91,937.91,937.91,8.567
2026-05-13T23:50:52.749276+00:00,gpu3_benchmark,3,ckpt_s2048_e2048,benchmark,65536,2048,2048,1,0,True,11272.01,2051.4,2051.4,2051.4,9.401
2026-05-13T23:51:02.150197+00:00,gpu3_benchmark,3,ckpt_s2048_e2048,benchmark,131072,2048,2048,1,0,False,,,,,5.453
2026-05-13T23:51:07.603937+00:00,gpu3_benchmark,3,ckpt_s4096_e1024,correctness,2048,4096,1024,1,0,True,,,,,6.723
2026-05-13T23:51:14.327248+00:00,gpu3_benchmark,3,ckpt_s4096_e1024,benchmark,2048,4096,1024,1,0,True,3453.26,186.38,186.38,186.38,10.215
2026-05-13T23:51:14.327248+00:00,gpu3_benchmark,3,ckpt_s4096_e1024,benchmark,8192,4096,1024,1,0,True,4153.79,396.93,396.93,396.93,10.215
2026-05-13T23:51:14.327248+00:00,gpu3_benchmark,3,ckpt_s4096_e1024,benchmark,32768,4096,1024,1,0,True,6955.88,1748.29,1748.29,1748.29,10.215
2026-05-13T23:51:24.542842+00:00,gpu3_benchmark,3,ckpt_s4096_e1024,benchmark,65536,4096,1024,1,0,True,11272.51,3788.36,3788.36,3788.36,12.631
2026-05-13T23:51:37.173922+00:00,gpu3_benchmark,3,ckpt_s4096_e1024,benchmark,131072,4096,1024,1,0,True,21314.76,8848.12,8848.12,8848.12,22.374
2026-05-13T23:51:59.548160+00:00,gpu3_benchmark,3,ckpt_s2048_e1024,correctness,2048,2048,1024,1,0,True,,,,,6.722
2026-05-13T23:52:06.270799+00:00,gpu3_benchmark,3,ckpt_s2048_e1024,benchmark,2048,2048,1024,1,0,True,3453.26,244.79,244.79,244.79,10.599
2026-05-13T23:52:06.270799+00:00,gpu3_benchmark,3,ckpt_s2048_e1024,benchmark,8192,2048,1024,1,0,True,4153.79,396.82,396.82,396.82,10.599
2026-05-13T23:52:06.270799+00:00,gpu3_benchmark,3,ckpt_s2048_e1024,benchmark,32768,2048,1024,1,0,True,6955.88,1761.96,1761.96,1761.96,10.599
2026-05-13T23:52:16.870588+00:00,gpu3_benchmark,3,ckpt_s2048_e1024,benchmark,65536,2048,1024,1,0,True,11272.51,3867.76,3867.76,3867.76,13.135
2026-05-13T23:52:30.005385+00:00,gpu3_benchmark,3,ckpt_s2048_e1024,benchmark,131072,2048,1024,1,0,True,21314.63,8976.89,8976.89,8976.89,23.186
2026-05-13T23:52:53.191768+00:00,gpu3_benchmark,3,ckpt_s1024_e1024,correctness,2048,1024,1024,1,0,True,,,,,6.817
2026-05-13T23:53:00.009158+00:00,gpu3_benchmark,3,ckpt_s1024_e1024,benchmark,2048,1024,1024,1,0,True,3452.26,98.4,98.4,98.4,10.959
2026-05-13T23:53:00.009158+00:00,gpu3_benchmark,3,ckpt_s1024_e1024,benchmark,8192,1024,1024,1,0,True,4152.79,405.53,405.53,405.53,10.959
2026-05-13T23:53:00.009158+00:00,gpu3_benchmark,3,ckpt_s1024_e1024,benchmark,32768,1024,1024,1,0,True,6954.88,1764.28,1764.28,1764.28,10.959
2026-05-13T23:53:10.969163+00:00,gpu3_benchmark,3,ckpt_s1024_e1024,benchmark,65536,1024,1024,1,0,True,11272.01,3891.39,3891.39,3891.39,12.991
2026-05-13T23:53:23.960627+00:00,gpu3_benchmark,3,ckpt_s1024_e1024,benchmark,131072,1024,1024,1,0,True,21314.63,9100.08,9100.08,9100.08,23.825
2026-05-13T23:53:47.786624+00:00,gpu3_benchmark,3,nocp_s8192_e8192,correctness,2048,8192,8192,0,0,True,,,,,6.213
2026-05-13T23:53:53.999860+00:00,gpu3_benchmark,3,nocp_s8192_e8192,benchmark,2048,8192,8192,0,0,True,3510.1,47.82,47.82,47.82,6.027
2026-05-13T23:53:53.999860+00:00,gpu3_benchmark,3,nocp_s8192_e8192,benchmark,8192,8192,8192,0,0,True,4300.63,74.2,74.2,74.2,6.027
2026-05-13T23:53:53.999860+00:00,gpu3_benchmark,3,nocp_s8192_e8192,benchmark,32768,8192,8192,0,0,True,9328.38,326.11,326.11,326.11,6.027
2026-05-13T23:54:00.027326+00:00,gpu3_benchmark,3,nocp_s8192_e8192,benchmark,65536,8192,8192,0,0,True,17416.01,699.18,699.18,699.18,5.702
2026-05-13T23:54:05.729754+00:00,gpu3_benchmark,3,nocp_s8192_e8192,benchmark,131072,8192,8192,0,0,False,,,,,4.351
2026-05-13T23:54:10.081358+00:00,gpu3_benchmark,3,nocp_s8192_e4096,correctness,2048,8192,4096,0,0,True,,,,,6.296
2026-05-13T23:54:16.377243+00:00,gpu3_benchmark,3,nocp_s8192_e4096,benchmark,2048,8192,4096,0,0,True,3510.1,47.87,47.87,47.87,6.111
2026-05-13T23:54:16.377243+00:00,gpu3_benchmark,3,nocp_s8192_e4096,benchmark,8192,8192,4096,0,0,True,4428.77,116.76,116.76,116.76,6.111
2026-05-13T23:54:16.377243+00:00,gpu3_benchmark,3,nocp_s8192_e4096,benchmark,32768,8192,4096,0,0,True,9328.38,511.83,511.83,511.83,6.111
2026-05-13T23:54:22.488785+00:00,gpu3_benchmark,3,nocp_s8192_e4096,benchmark,65536,8192,4096,0,0,True,17416.01,1106.42,1106.42,1106.42,6.389
2026-05-13T23:54:28.878393+00:00,gpu3_benchmark,3,nocp_s8192_e4096,benchmark,131072,8192,4096,0,0,False,,,,,4.237
2026-05-13T23:54:33.115952+00:00,gpu3_benchmark,3,nocp_s4096_e4096,correctness,2048,4096,4096,0,0,True,,,,,6.311
2026-05-13T23:54:39.427080+00:00,gpu3_benchmark,3,nocp_s4096_e4096,benchmark,2048,4096,4096,0,0,True,3510.1,48.25,48.25,48.25,6.754
2026-05-13T23:54:39.427080+00:00,gpu3_benchmark,3,nocp_s4096_e4096,benchmark,8192,4096,4096,0,0,True,4428.77,116.89,116.89,116.89,6.754
2026-05-13T23:54:39.427080+00:00,gpu3_benchmark,3,nocp_s4096_e4096,benchmark,32768,4096,4096,0,0,True,9328.38,514.66,514.66,514.66,6.754
2026-05-13T23:54:46.181323+00:00,gpu3_benchmark,3,nocp_s4096_e4096,benchmark,65536,4096,4096,0,0,True,17416.01,1120.7,1120.7,1120.7,6.484
2026-05-13T23:54:52.665450+00:00,gpu3_benchmark,3,nocp_s4096_e4096,benchmark,131072,4096,4096,0,0,False,,,,,4.363
2026-05-13T23:54:57.029301+00:00,gpu3_benchmark,3,nocp_s4096_e2048,correctness,2048,4096,2048,0,0,True,,,,,6.114
2026-05-13T23:55:03.143960+00:00,gpu3_benchmark,3,nocp_s4096_e2048,benchmark,2048,4096,2048,0,0,True,3510.1,47.86,47.86,47.86,7.448
2026-05-13T23:55:03.143960+00:00,gpu3_benchmark,3,nocp_s4096_e2048,benchmark,8192,4096,2048,0,0,True,4525.78,202.29,202.29,202.29,7.448
2026-05-13T23:55:03.143960+00:00,gpu3_benchmark,3,nocp_s4096_e2048,benchmark,32768,4096,2048,0,0,True,9474.26,883.56,883.56,883.56,7.448
2026-05-13T23:55:10.592092+00:00,gpu3_benchmark,3,nocp_s4096_e2048,benchmark,65536,4096,2048,0,0,True,17708.01,1931.49,1931.49,1931.49,8.672
2026-05-13T23:55:19.264500+00:00,gpu3_benchmark,3,nocp_s4096_e2048,benchmark,131072,4096,2048,0,0,False,,,,,4.764
2026-05-13T23:55:24.029275+00:00,gpu3_benchmark,3,nocp_s2048_e2048,correctness,2048,2048,2048,0,0,True,,,,,6.057
2026-05-13T23:55:30.086430+00:00,gpu3_benchmark,3,nocp_s2048_e2048,benchmark,2048,2048,2048,0,0,True,3510.1,47.25,47.25,47.25,7.612
2026-05-13T23:55:30.086430+00:00,gpu3_benchmark,3,nocp_s2048_e2048,benchmark,8192,2048,2048,0,0,True,4526.78,202.48,202.48,202.48,7.612
2026-05-13T23:55:30.086430+00:00,gpu3_benchmark,3,nocp_s2048_e2048,benchmark,32768,2048,2048,0,0,True,9476.26,891.01,891.01,891.01,7.612
2026-05-13T23:55:37.698845+00:00,gpu3_benchmark,3,nocp_s2048_e2048,benchmark,65536,2048,2048,0,0,True,17708.01,1961.49,1961.49,1961.49,8.374
2026-05-13T23:55:46.072745+00:00,gpu3_benchmark,3,nocp_s2048_e2048,benchmark,131072,2048,2048,0,0,False,,,,,4.598
2026-05-13T23:55:50.671306+00:00,gpu3_benchmark,3,ckpt_s8192_e8192,correctness,2048,8192,8192,1,0,True,,,,,6.625
2026-05-13T23:55:57.296929+00:00,gpu3_benchmark,3,ckpt_s8192_e8192,benchmark,2048,8192,8192,1,0,True,3432.23,51.37,51.37,51.37,6.800
2026-05-13T23:55:57.296929+00:00,gpu3_benchmark,3,ckpt_s8192_e8192,benchmark,8192,8192,8192,1,0,True,4012.63,80.15,80.15,80.15,6.800
2026-05-13T23:55:57.296929+00:00,gpu3_benchmark,3,ckpt_s8192_e8192,benchmark,32768,8192,8192,1,0,True,6814.85,350.26,350.26,350.26,6.800
2026-05-13T23:56:04.097334+00:00,gpu3_benchmark,3,ckpt_s8192_e8192,benchmark,65536,8192,8192,1,0,True,11272.01,745.15,745.15,745.15,6.247
2026-05-13T23:56:10.344388+00:00,gpu3_benchmark,3,ckpt_s8192_e8192,benchmark,131072,8192,8192,1,0,True,21303.26,1666.88,1666.88,1666.88,8.231
2026-05-13T23:56:18.575591+00:00,gpu3_benchmark,3,ckpt_s16384_e4096,correctness,2048,16384,4096,1,0,True,,,,,6.689
2026-05-13T23:56:25.265251+00:00,gpu3_benchmark,3,ckpt_s16384_e4096,benchmark,2048,16384,4096,1,0,True,3432.23,51.12,51.12,51.12,7.457
2026-05-13T23:56:25.265251+00:00,gpu3_benchmark,3,ckpt_s16384_e4096,benchmark,8192,16384,4096,1,0,True,4092.77,124.57,124.57,124.57,7.457
2026-05-13T23:56:25.265251+00:00,gpu3_benchmark,3,ckpt_s16384_e4096,benchmark,32768,16384,4096,1,0,True,6894.87,532.31,532.31,532.31,7.457
2026-05-13T23:56:32.722346+00:00,gpu3_benchmark,3,ckpt_s16384_e4096,benchmark,65536,16384,4096,1,0,True,11272.01,1142.39,1142.39,1142.39,7.607
2026-05-13T23:56:40.330000+00:00,gpu3_benchmark,3,ckpt_s16384_e4096,benchmark,131072,16384,4096,1,0,True,21303.26,2607.08,2607.08,2607.08,10.314
2026-05-13T23:56:50.644185+00:00,gpu3_benchmark,3,ckpt_s8192_e4096,correctness,2048,8192,4096,1,0,True,,,,,6.367
2026-05-13T23:56:57.011051+00:00,gpu3_benchmark,3,ckpt_s8192_e4096,benchmark,2048,8192,4096,1,0,True,3432.23,51.13,51.13,51.13,7.424
2026-05-13T23:56:57.011051+00:00,gpu3_benchmark,3,ckpt_s8192_e4096,benchmark,8192,8192,4096,1,0,True,4092.77,123.57,123.57,123.57,7.424
2026-05-13T23:56:57.011051+00:00,gpu3_benchmark,3,ckpt_s8192_e4096,benchmark,32768,8192,4096,1,0,True,6894.87,534.28,534.28,534.28,7.424
2026-05-13T23:57:04.435239+00:00,gpu3_benchmark,3,ckpt_s8192_e4096,benchmark,65536,8192,4096,1,0,True,11272.01,1158.04,1158.04,1158.04,7.142
2026-05-13T23:57:11.577999+00:00,gpu3_benchmark,3,ckpt_s8192_e4096,benchmark,131072,8192,4096,1,0,True,21303.26,2636.54,2636.54,2636.54,10.579
2026-05-13T23:57:22.157749+00:00,gpu3_benchmark,3,ckpt_s4096_e4096,correctness,2048,4096,4096,1,0,True,,,,,7.005
2026-05-13T23:57:29.162755+00:00,gpu3_benchmark,3,ckpt_s4096_e4096,benchmark,2048,4096,4096,1,0,True,3432.23,53.61,53.61,53.61,7.351
2026-05-13T23:57:29.162755+00:00,gpu3_benchmark,3,ckpt_s4096_e4096,benchmark,8192,4096,4096,1,0,True,4092.77,123.87,123.87,123.87,7.351
2026-05-13T23:57:29.162755+00:00,gpu3_benchmark,3,ckpt_s4096_e4096,benchmark,32768,4096,4096,1,0,True,6894.87,537.89,537.89,537.89,7.351
2026-05-13T23:57:36.514388+00:00,gpu3_benchmark,3,ckpt_s4096_e4096,benchmark,65536,4096,4096,1,0,True,11272.01,1190.94,1190.94,1190.94,7.433
2026-05-13T23:57:43.947498+00:00,gpu3_benchmark,3,ckpt_s4096_e4096,benchmark,131072,4096,4096,1,0,True,21303.26,2721.93,2721.93,2721.93,10.783
2026-05-13T23:57:54.731423+00:00,gpu3_benchmark,3,ckpt_s8192_e2048,correctness,2048,8192,2048,1,0,True,,,,,6.753
2026-05-13T23:58:01.484512+00:00,gpu3_benchmark,3,ckpt_s8192_e2048,benchmark,2048,8192,2048,1,0,True,3432.23,52.32,52.32,52.32,8.554
2026-05-13T23:58:01.484512+00:00,gpu3_benchmark,3,ckpt_s8192_e2048,benchmark,8192,8192,2048,1,0,True,4132.78,216.09,216.09,216.09,8.554
2026-05-13T23:58:01.484512+00:00,gpu3_benchmark,3,ckpt_s8192_e2048,benchmark,32768,8192,2048,1,0,True,6934.88,934.85,934.85,934.85,8.554
2026-05-13T23:58:10.039296+00:00,gpu3_benchmark,3,ckpt_s8192_e2048,benchmark,65536,8192,2048,1,0,True,11272.01,2060.69,2060.69,2060.69,8.711
2026-05-13T23:58:18.750752+00:00,gpu3_benchmark,3,ckpt_s8192_e2048,benchmark,131072,8192,2048,1,0,False,,,,,5.382
2026-05-13T23:58:24.133379+00:00,gpu3_benchmark,3,ckpt_s4096_e2048,correctness,2048,4096,2048,1,0,True,,,,,6.688
2026-05-13T23:58:30.821570+00:00,gpu3_benchmark,3,ckpt_s4096_e2048,benchmark,2048,4096,2048,1,0,True,3432.23,53.83,53.83,53.83,8.804
2026-05-13T23:58:30.821570+00:00,gpu3_benchmark,3,ckpt_s4096_e2048,benchmark,8192,4096,2048,1,0,True,4132.78,215.28,215.28,215.28,8.804
2026-05-13T23:58:30.821570+00:00,gpu3_benchmark,3,ckpt_s4096_e2048,benchmark,32768,4096,2048,1,0,True,6934.88,940.99,940.99,940.99,8.804
2026-05-13T23:58:39.625982+00:00,gpu3_benchmark,3,ckpt_s4096_e2048,benchmark,65536,4096,2048,1,0,True,11272.01,2041.58,2041.58,2041.58,9.028
2026-05-13T23:58:48.653873+00:00,gpu3_benchmark,3,ckpt_s4096_e2048,benchmark,131072,4096,2048,1,0,False,,,,,5.146
2026-05-13T23:58:53.800678+00:00,gpu3_benchmark,3,ckpt_s2048_e2048,correctness,2048,2048,2048,1,0,True,,,,,7.592
2026-05-13T23:59:01.392827+00:00,gpu3_benchmark,3,ckpt_s2048_e2048,benchmark,2048,2048,2048,1,0,True,3432.23,54.02,54.02,54.02,8.777
2026-05-13T23:59:01.392827+00:00,gpu3_benchmark,3,ckpt_s2048_e2048,benchmark,8192,2048,2048,1,0,True,4132.78,221.42,221.42,221.42,8.777
2026-05-13T23:59:01.392827+00:00,gpu3_benchmark,3,ckpt_s2048_e2048,benchmark,32768,2048,2048,1,0,True,6934.88,948.77,948.77,948.77,8.777
2026-05-13T23:59:10.170202+00:00,gpu3_benchmark,3,ckpt_s2048_e2048,benchmark,65536,2048,2048,1,0,True,11272.01,2051.82,2051.82,2051.82,9.084
2026-05-13T23:59:19.254584+00:00,gpu3_benchmark,3,ckpt_s2048_e2048,benchmark,131072,2048,2048,1,0,False,,,,,5.795
2026-05-13T23:59:25.050015+00:00,gpu3_benchmark,3,ckpt_s4096_e1024,correctness,2048,4096,1024,1,0,True,,,,,7.332
2026-05-13T23:59:32.382633+00:00,gpu3_benchmark,3,ckpt_s4096_e1024,benchmark,2048,4096,1024,1,0,True,3453.26,224.7,224.7,224.7,10.694
2026-05-13T23:59:32.382633+00:00,gpu3_benchmark,3,ckpt_s4096_e1024,benchmark,8192,4096,1024,1,0,True,4153.79,398.01,398.01,398.01,10.694
2026-05-13T23:59:32.382633+00:00,gpu3_benchmark,3,ckpt_s4096_e1024,benchmark,32768,4096,1024,1,0,True,6955.88,1757.99,1757.99,1757.99,10.694
2026-05-13T23:59:43.076752+00:00,gpu3_benchmark,3,ckpt_s4096_e1024,benchmark,65536,4096,1024,1,0,True,11272.51,3806.22,3806.22,3806.22,12.339
2026-05-13T23:59:55.416015+00:00,gpu3_benchmark,3,ckpt_s4096_e1024,benchmark,131072,4096,1024,1,0,True,21314.76,8978.87,8978.87,8978.87,22.615
2026-05-14T00:00:18.031560+00:00,gpu3_benchmark,3,ckpt_s2048_e1024,correctness,2048,2048,1024,1,0,True,,,,,7.386
2026-05-14T00:00:25.418151+00:00,gpu3_benchmark,3,ckpt_s2048_e1024,benchmark,2048,2048,1024,1,0,True,3453.26,200.31,200.31,200.31,10.479
2026-05-14T00:00:25.418151+00:00,gpu3_benchmark,3,ckpt_s2048_e1024,benchmark,8192,2048,1024,1,0,True,4153.79,405.14,405.14,405.14,10.479
2026-05-14T00:00:25.418151+00:00,gpu3_benchmark,3,ckpt_s2048_e1024,benchmark,32768,2048,1024,1,0,True,6955.88,1742.77,1742.77,1742.77,10.479
2026-05-14T00:00:35.897460+00:00,gpu3_benchmark,3,ckpt_s2048_e1024,benchmark,65536,2048,1024,1,0,True,11272.51,3794.1,3794.1,3794.1,12.263
2026-05-14T00:00:48.160722+00:00,gpu3_benchmark,3,ckpt_s2048_e1024,benchmark,131072,2048,1024,1,0,True,21314.63,8995.81,8995.81,8995.81,23.325
2026-05-14T00:01:11.485679+00:00,gpu3_benchmark,3,ckpt_s1024_e1024,correctness,2048,1024,1024,1,0,True,,,,,6.921
2026-05-14T00:01:18.407086+00:00,gpu3_benchmark,3,ckpt_s1024_e1024,benchmark,2048,1024,1024,1,0,True,3452.26,98.37,98.37,98.37,10.742
2026-05-14T00:01:18.407086+00:00,gpu3_benchmark,3,ckpt_s1024_e1024,benchmark,8192,1024,1024,1,0,True,4152.79,404.26,404.26,404.26,10.742
2026-05-14T00:01:18.407086+00:00,gpu3_benchmark,3,ckpt_s1024_e1024,benchmark,32768,1024,1024,1,0,True,6954.88,1744.09,1744.09,1744.09,10.742
2026-05-14T00:01:29.149266+00:00,gpu3_benchmark,3,ckpt_s1024_e1024,benchmark,65536,1024,1024,1,0,True,11272.01,3943.11,3943.11,3943.11,12.630
2026-05-14T00:01:41.779249+00:00,gpu3_benchmark,3,ckpt_s1024_e1024,benchmark,131072,1024,1024,1,0,True,21314.63,9130.54,9130.54,9130.54,23.912
2026-05-14T00:02:05.692228+00:00,gpu3_benchmark,3,nocp_s8192_e8192,correctness,2048,8192,8192,0,0,True,,,,,6.177
2026-05-14T00:02:11.869707+00:00,gpu3_benchmark,3,nocp_s8192_e8192,benchmark,2048,8192,8192,0,0,True,3510.1,48.15,48.15,48.15,6.421
2026-05-14T00:02:11.869707+00:00,gpu3_benchmark,3,nocp_s8192_e8192,benchmark,8192,8192,8192,0,0,True,4300.63,73.81,73.81,73.81,6.421
2026-05-14T00:02:11.869707+00:00,gpu3_benchmark,3,nocp_s8192_e8192,benchmark,32768,8192,8192,0,0,True,9328.38,326.16,326.16,326.16,6.421
2026-05-14T00:02:18.291326+00:00,gpu3_benchmark,3,nocp_s8192_e8192,benchmark,65536,8192,8192,0,0,True,17416.01,699.88,699.88,699.88,5.310
2026-05-14T00:02:23.601928+00:00,gpu3_benchmark,3,nocp_s8192_e8192,benchmark,131072,8192,8192,0,0,False,,,,,4.775
2026-05-14T00:02:28.377722+00:00,gpu3_benchmark,3,nocp_s8192_e4096,correctness,2048,8192,4096,0,0,True,,,,,6.493
2026-05-14T00:02:34.871405+00:00,gpu3_benchmark,3,nocp_s8192_e4096,benchmark,2048,8192,4096,0,0,True,3510.1,48.46,48.46,48.46,6.957
2026-05-14T00:02:34.871405+00:00,gpu3_benchmark,3,nocp_s8192_e4096,benchmark,8192,8192,4096,0,0,True,4428.77,116.59,116.59,116.59,6.957
2026-05-14T00:02:34.871405+00:00,gpu3_benchmark,3,nocp_s8192_e4096,benchmark,32768,8192,4096,0,0,True,9328.38,510.61,510.61,510.61,6.957
2026-05-14T00:02:41.828323+00:00,gpu3_benchmark,3,nocp_s8192_e4096,benchmark,65536,8192,4096,0,0,True,17416.01,1105.97,1105.97,1105.97,6.503
2026-05-14T00:02:48.331379+00:00,gpu3_benchmark,3,nocp_s8192_e4096,benchmark,131072,8192,4096,0,0,False,,,,,4.309
2026-05-14T00:02:52.640882+00:00,gpu3_benchmark,3,nocp_s4096_e4096,correctness,2048,4096,4096,0,0,True,,,,,6.748
2026-05-14T00:02:59.389343+00:00,gpu3_benchmark,3,nocp_s4096_e4096,benchmark,2048,4096,4096,0,0,True,3510.1,48.78,48.78,48.78,7.024
2026-05-14T00:02:59.389343+00:00,gpu3_benchmark,3,nocp_s4096_e4096,benchmark,8192,4096,4096,0,0,True,4428.77,118.09,118.09,118.09,7.024
2026-05-14T00:02:59.389343+00:00,gpu3_benchmark,3,nocp_s4096_e4096,benchmark,32768,4096,4096,0,0,True,9328.38,514.56,514.56,514.56,7.024
2026-05-14T00:03:06.413484+00:00,gpu3_benchmark,3,nocp_s4096_e4096,benchmark,65536,4096,4096,0,0,True,17416.01,1119.89,1119.89,1119.89,6.485
2026-05-14T00:03:12.899108+00:00,gpu3_benchmark,3,nocp_s4096_e4096,benchmark,131072,4096,4096,0,0,False,,,,,4.296
2026-05-14T00:03:17.195462+00:00,gpu3_benchmark,3,nocp_s4096_e2048,correctness,2048,4096,2048,0,0,True,,,,,6.466
2026-05-14T00:03:23.661962+00:00,gpu3_benchmark,3,nocp_s4096_e2048,benchmark,2048,4096,2048,0,0,True,3510.1,48.59,48.59,48.59,7.776
2026-05-14T00:03:23.661962+00:00,gpu3_benchmark,3,nocp_s4096_e2048,benchmark,8192,4096,2048,0,0,True,4525.78,203.27,203.27,203.27,7.776
2026-05-14T00:03:23.661962+00:00,gpu3_benchmark,3,nocp_s4096_e2048,benchmark,32768,4096,2048,0,0,True,9474.26,884.17,884.17,884.17,7.776
2026-05-14T00:03:31.438666+00:00,gpu3_benchmark,3,nocp_s4096_e2048,benchmark,65536,4096,2048,0,0,True,17708.01,1931.95,1931.95,1931.95,8.199
2026-05-14T00:03:39.637504+00:00,gpu3_benchmark,3,nocp_s4096_e2048,benchmark,131072,4096,2048,0,0,False,,,,,4.269
2026-05-14T00:03:43.907127+00:00,gpu3_benchmark,3,nocp_s2048_e2048,correctness,2048,2048,2048,0,0,True,,,,,5.715
2026-05-14T00:03:49.621946+00:00,gpu3_benchmark,3,nocp_s2048_e2048,benchmark,2048,2048,2048,0,0,True,3510.1,48.34,48.34,48.34,7.864
2026-05-14T00:03:49.621946+00:00,gpu3_benchmark,3,nocp_s2048_e2048,benchmark,8192,2048,2048,0,0,True,4526.78,206.48,206.48,206.48,7.864
2026-05-14T00:03:49.621946+00:00,gpu3_benchmark,3,nocp_s2048_e2048,benchmark,32768,2048,2048,0,0,True,9476.26,891.72,891.72,891.72,7.864
2026-05-14T00:03:57.486172+00:00,gpu3_benchmark,3,nocp_s2048_e2048,benchmark,65536,2048,2048,0,0,True,17708.01,1984.99,1984.99,1984.99,8.036
2026-05-14T00:04:05.522769+00:00,gpu3_benchmark,3,nocp_s2048_e2048,benchmark,131072,2048,2048,0,0,False,,,,,4.194
2026-05-14T00:04:09.717742+00:00,gpu3_benchmark,3,ckpt_s8192_e8192,correctness,2048,8192,8192,1,0,True,,,,,6.843
2026-05-14T00:04:16.561505+00:00,gpu3_benchmark,3,ckpt_s8192_e8192,benchmark,2048,8192,8192,1,0,True,3432.23,52.13,52.13,52.13,7.287
2026-05-14T00:04:16.561505+00:00,gpu3_benchmark,3,ckpt_s8192_e8192,benchmark,8192,8192,8192,1,0,True,4012.63,80.11,80.11,80.11,7.287
2026-05-14T00:04:16.561505+00:00,gpu3_benchmark,3,ckpt_s8192_e8192,benchmark,32768,8192,8192,1,0,True,6814.85,349.38,349.38,349.38,7.287
2026-05-14T00:04:23.849027+00:00,gpu3_benchmark,3,ckpt_s8192_e8192,benchmark,65536,8192,8192,1,0,True,11272.01,744.96,744.96,744.96,6.175
2026-05-14T00:04:30.024557+00:00,gpu3_benchmark,3,ckpt_s8192_e8192,benchmark,131072,8192,8192,1,0,True,21303.26,1666.98,1666.98,1666.98,8.155
2026-05-14T00:04:38.180259+00:00,gpu3_benchmark,3,ckpt_s16384_e4096,correctness,2048,16384,4096,1,0,True,,,,,6.851
2026-05-14T00:04:45.031710+00:00,gpu3_benchmark,3,ckpt_s16384_e4096,benchmark,2048,16384,4096,1,0,True,3432.23,52.27,52.27,52.27,7.626
2026-05-14T00:04:45.031710+00:00,gpu3_benchmark,3,ckpt_s16384_e4096,benchmark,8192,16384,4096,1,0,True,4092.77,124.33,124.33,124.33,7.626
2026-05-14T00:04:45.031710+00:00,gpu3_benchmark,3,ckpt_s16384_e4096,benchmark,32768,16384,4096,1,0,True,6894.87,536.41,536.41,536.41,7.626
2026-05-14T00:04:52.657986+00:00,gpu3_benchmark,3,ckpt_s16384_e4096,benchmark,65536,16384,4096,1,0,True,11272.01,1142.14,1142.14,1142.14,6.878
2026-05-14T00:04:59.536589+00:00,gpu3_benchmark,3,ckpt_s16384_e4096,benchmark,131072,16384,4096,1,0,True,21303.26,2599.02,2599.02,2599.02,10.125
2026-05-14T00:05:09.661640+00:00,gpu3_benchmark,3,ckpt_s8192_e4096,correctness,2048,8192,4096,1,0,True,,,,,7.266
2026-05-14T00:05:16.928131+00:00,gpu3_benchmark,3,ckpt_s8192_e4096,benchmark,2048,8192,4096,1,0,True,3432.23,51.15,51.15,51.15,7.794
2026-05-14T00:05:16.928131+00:00,gpu3_benchmark,3,ckpt_s8192_e4096,benchmark,8192,8192,4096,1,0,True,4092.77,124.87,124.87,124.87,7.794
2026-05-14T00:05:16.928131+00:00,gpu3_benchmark,3,ckpt_s8192_e4096,benchmark,32768,8192,4096,1,0,True,6894.87,533.93,533.93,533.93,7.794
2026-05-14T00:05:24.722040+00:00,gpu3_benchmark,3,ckpt_s8192_e4096,benchmark,65536,8192,4096,1,0,True,11272.01,1152.06,1152.06,1152.06,6.862
2026-05-14T00:05:31.584103+00:00,gpu3_benchmark,3,ckpt_s8192_e4096,benchmark,131072,8192,4096,1,0,True,21303.26,2629.82,2629.82,2629.82,9.989
2026-05-14T00:05:41.573211+00:00,gpu3_benchmark,3,ckpt_s4096_e4096,correctness,2048,4096,4096,1,0,True,,,,,7.249
2026-05-14T00:05:48.822457+00:00,gpu3_benchmark,3,ckpt_s4096_e4096,benchmark,2048,4096,4096,1,0,True,3432.23,54.36,54.36,54.36,7.290
2026-05-14T00:05:48.822457+00:00,gpu3_benchmark,3,ckpt_s4096_e4096,benchmark,8192,4096,4096,1,0,True,4092.77,123.88,123.88,123.88,7.290
2026-05-14T00:05:48.822457+00:00,gpu3_benchmark,3,ckpt_s4096_e4096,benchmark,32768,4096,4096,1,0,True,6894.87,540.73,540.73,540.73,7.290
2026-05-14T00:05:56.112751+00:00,gpu3_benchmark,3,ckpt_s4096_e4096,benchmark,65536,4096,4096,1,0,True,11272.01,1165.69,1165.69,1165.69,6.894
2026-05-14T00:06:03.007450+00:00,gpu3_benchmark,3,ckpt_s4096_e4096,benchmark,131072,4096,4096,1,0,True,21303.26,2730.29,2730.29,2730.29,10.820
2026-05-14T00:06:13.828124+00:00,gpu3_benchmark,3,ckpt_s8192_e2048,correctness,2048,8192,2048,1,0,True,,,,,7.031
2026-05-14T00:06:20.859323+00:00,gpu3_benchmark,3,ckpt_s8192_e2048,benchmark,2048,8192,2048,1,0,True,3432.23,51.03,51.03,51.03,8.282
2026-05-14T00:06:20.859323+00:00,gpu3_benchmark,3,ckpt_s8192_e2048,benchmark,8192,8192,2048,1,0,True,4132.78,216.79,216.79,216.79,8.282
2026-05-14T00:06:20.859323+00:00,gpu3_benchmark,3,ckpt_s8192_e2048,benchmark,32768,8192,2048,1,0,True,6934.88,922.2,922.2,922.2,8.282
2026-05-14T00:06:29.141373+00:00,gpu3_benchmark,3,ckpt_s8192_e2048,benchmark,65536,8192,2048,1,0,True,11272.01,2048.11,2048.11,2048.11,8.540
2026-05-14T00:06:37.681347+00:00,gpu3_benchmark,3,ckpt_s8192_e2048,benchmark,131072,8192,2048,1,0,False,,,,,5.485
2026-05-14T00:06:43.166644+00:00,gpu3_benchmark,3,ckpt_s4096_e2048,correctness,2048,4096,2048,1,0,True,,,,,6.974
2026-05-14T00:06:50.140519+00:00,gpu3_benchmark,3,ckpt_s4096_e2048,benchmark,2048,4096,2048,1,0,True,3432.23,52.02,52.02,52.02,8.566
2026-05-14T00:06:50.140519+00:00,gpu3_benchmark,3,ckpt_s4096_e2048,benchmark,8192,4096,2048,1,0,True,4132.78,220.74,220.74,220.74,8.566
2026-05-14T00:06:50.140519+00:00,gpu3_benchmark,3,ckpt_s4096_e2048,benchmark,32768,4096,2048,1,0,True,6934.88,956.42,956.42,956.42,8.566
2026-05-14T00:06:58.706532+00:00,gpu3_benchmark,3,ckpt_s4096_e2048,benchmark,65536,4096,2048,1,0,True,11272.01,2015.25,2015.25,2015.25,8.705
2026-05-14T00:07:07.412080+00:00,gpu3_benchmark,3,ckpt_s4096_e2048,benchmark,131072,4096,2048,1,0,False,,,,,5.440
2026-05-14T00:07:12.852620+00:00,gpu3_benchmark,3,ckpt_s2048_e2048,correctness,2048,2048,2048,1,0,True,,,,,7.160
2026-05-14T00:07:20.013068+00:00,gpu3_benchmark,3,ckpt_s2048_e2048,benchmark,2048,2048,2048,1,0,True,3432.23,51.87,51.87,51.87,8.719
2026-05-14T00:07:20.013068+00:00,gpu3_benchmark,3,ckpt_s2048_e2048,benchmark,8192,2048,2048,1,0,True,4132.78,213.06,213.06,213.06,8.719
2026-05-14T00:07:20.013068+00:00,gpu3_benchmark,3,ckpt_s2048_e2048,benchmark,32768,2048,2048,1,0,True,6934.88,946.77,946.77,946.77,8.719
2026-05-14T00:07:28.732373+00:00,gpu3_benchmark,3,ckpt_s2048_e2048,benchmark,65536,2048,2048,1,0,True,11272.01,2049.59,2049.59,2049.59,8.771
2026-05-14T00:07:37.503849+00:00,gpu3_benchmark,3,ckpt_s2048_e2048,benchmark,131072,2048,2048,1,0,False,,,,,5.057
2026-05-14T00:07:42.561652+00:00,gpu3_benchmark,3,ckpt_s4096_e1024,correctness,2048,4096,1024,1,0,True,,,,,7.415
2026-05-14T00:07:49.977074+00:00,gpu3_benchmark,3,ckpt_s4096_e1024,benchmark,2048,4096,1024,1,0,True,3453.26,189.47,189.47,189.47,10.353
2026-05-14T00:07:49.977074+00:00,gpu3_benchmark,3,ckpt_s4096_e1024,benchmark,8192,4096,1024,1,0,True,4153.79,407.72,407.72,407.72,10.353
2026-05-14T00:07:49.977074+00:00,gpu3_benchmark,3,ckpt_s4096_e1024,benchmark,32768,4096,1024,1,0,True,6955.88,1741.55,1741.55,1741.55,10.353
2026-05-14T00:08:00.330086+00:00,gpu3_benchmark,3,ckpt_s4096_e1024,benchmark,65536,4096,1024,1,0,True,11272.51,3840.0,3840.0,3840.0,12.573
2026-05-14T00:08:12.902946+00:00,gpu3_benchmark,3,ckpt_s4096_e1024,benchmark,131072,4096,1024,1,0,True,21314.76,8863.98,8863.98,8863.98,22.571
2026-05-14T00:08:35.474747+00:00,gpu3_benchmark,3,ckpt_s2048_e1024,correctness,2048,2048,1024,1,0,True,,,,,7.502
2026-05-14T00:08:42.977227+00:00,gpu3_benchmark,3,ckpt_s2048_e1024,benchmark,2048,2048,1024,1,0,True,3453.26,254.11,254.11,254.11,10.574
2026-05-14T00:08:42.977227+00:00,gpu3_benchmark,3,ckpt_s2048_e1024,benchmark,8192,2048,1024,1,0,True,4153.79,397.18,397.18,397.18,10.574
2026-05-14T00:08:42.977227+00:00,gpu3_benchmark,3,ckpt_s2048_e1024,benchmark,32768,2048,1024,1,0,True,6955.88,1730.3,1730.3,1730.3,10.574
2026-05-14T00:08:53.551518+00:00,gpu3_benchmark,3,ckpt_s2048_e1024,benchmark,65536,2048,1024,1,0,True,11272.51,3773.67,3773.67,3773.67,12.325
2026-05-14T00:09:05.876802+00:00,gpu3_benchmark,3,ckpt_s2048_e1024,benchmark,131072,2048,1024,1,0,True,21314.63,9090.73,9090.73,9090.73,23.039
2026-05-14T00:09:28.916370+00:00,gpu3_benchmark,3,ckpt_s1024_e1024,correctness,2048,1024,1024,1,0,True,,,,,6.197
2026-05-14T00:09:35.113784+00:00,gpu3_benchmark,3,ckpt_s1024_e1024,benchmark,2048,1024,1024,1,0,True,3452.26,96.92,96.92,96.92,10.656
2026-05-14T00:09:35.113784+00:00,gpu3_benchmark,3,ckpt_s1024_e1024,benchmark,8192,1024,1024,1,0,True,4152.79,413.8,413.8,413.8,10.656
2026-05-14T00:09:35.113784+00:00,gpu3_benchmark,3,ckpt_s1024_e1024,benchmark,32768,1024,1024,1,0,True,6954.88,1768.2,1768.2,1768.2,10.656
2026-05-14T00:09:45.770599+00:00,gpu3_benchmark,3,ckpt_s1024_e1024,benchmark,65536,1024,1024,1,0,True,11272.01,3838.05,3838.05,3838.05,12.756
2026-05-14T00:09:58.526629+00:00,gpu3_benchmark,3,ckpt_s1024_e1024,benchmark,131072,1024,1024,1,0,True,21314.63,9159.5,9159.5,9159.5,23.609
2026-05-14T00:10:22.136385+00:00,gpu3_benchmark,3,nocp_s8192_e8192,correctness,2048,8192,8192,0,0,True,,,,,6.039
2026-05-14T00:10:28.175506+00:00,gpu3_benchmark,3,nocp_s8192_e8192,benchmark,2048,8192,8192,0,0,True,3510.1,48.79,48.79,48.79,6.370
2026-05-14T00:10:28.175506+00:00,gpu3_benchmark,3,nocp_s8192_e8192,benchmark,8192,8192,8192,0,0,True,4300.63,74.56,74.56,74.56,6.370
2026-05-14T00:10:28.175506+00:00,gpu3_benchmark,3,nocp_s8192_e8192,benchmark,32768,8192,8192,0,0,True,9328.38,326.6,326.6,326.6,6.370
2026-05-14T00:10:34.545896+00:00,gpu3_benchmark,3,nocp_s8192_e8192,benchmark,65536,8192,8192,0,0,True,17416.01,698.84,698.84,698.84,5.779
2026-05-14T00:10:40.325246+00:00,gpu3_benchmark,3,nocp_s8192_e8192,benchmark,131072,8192,8192,0,0,False,,,,,4.352
2026-05-14T00:10:44.677328+00:00,gpu3_benchmark,3,nocp_s8192_e4096,correctness,2048,8192,4096,0,0,True,,,,,6.369
2026-05-14T00:10:51.046695+00:00,gpu3_benchmark,3,nocp_s8192_e4096,benchmark,2048,8192,4096,0,0,True,3510.1,48.52,48.52,48.52,6.820
2026-05-14T00:10:51.046695+00:00,gpu3_benchmark,3,nocp_s8192_e4096,benchmark,8192,8192,4096,0,0,True,4428.77,116.93,116.93,116.93,6.820
2026-05-14T00:10:51.046695+00:00,gpu3_benchmark,3,nocp_s8192_e4096,benchmark,32768,8192,4096,0,0,True,9328.38,511.1,511.1,511.1,6.820
2026-05-14T00:10:57.867628+00:00,gpu3_benchmark,3,nocp_s8192_e4096,benchmark,65536,8192,4096,0,0,True,17416.01,1106.44,1106.44,1106.44,6.321
2026-05-14T00:11:04.189114+00:00,gpu3_benchmark,3,nocp_s8192_e4096,benchmark,131072,8192,4096,0,0,False,,,,,4.121
2026-05-14T00:11:08.310591+00:00,gpu3_benchmark,3,nocp_s4096_e4096,correctness,2048,4096,4096,0,0,True,,,,,6.330
2026-05-14T00:11:14.640775+00:00,gpu3_benchmark,3,nocp_s4096_e4096,benchmark,2048,4096,4096,0,0,True,3510.1,47.89,47.89,47.89,6.834
2026-05-14T00:11:14.640775+00:00,gpu3_benchmark,3,nocp_s4096_e4096,benchmark,8192,4096,4096,0,0,True,4428.77,117.83,117.83,117.83,6.834
2026-05-14T00:11:14.640775+00:00,gpu3_benchmark,3,nocp_s4096_e4096,benchmark,32768,4096,4096,0,0,True,9328.38,515.42,515.42,515.42,6.834
2026-05-14T00:11:21.475302+00:00,gpu3_benchmark,3,nocp_s4096_e4096,benchmark,65536,4096,4096,0,0,True,17416.01,1121.55,1121.55,1121.55,6.330
2026-05-14T00:11:27.805320+00:00,gpu3_benchmark,3,nocp_s4096_e4096,benchmark,131072,4096,4096,0,0,False,,,,,4.710
2026-05-14T00:11:32.516254+00:00,gpu3_benchmark,3,nocp_s4096_e2048,correctness,2048,4096,2048,0,0,True,,,,,6.326
2026-05-14T00:11:38.842238+00:00,gpu3_benchmark,3,nocp_s4096_e2048,benchmark,2048,4096,2048,0,0,True,3510.1,48.02,48.02,48.02,7.890
2026-05-14T00:11:38.842238+00:00,gpu3_benchmark,3,nocp_s4096_e2048,benchmark,8192,4096,2048,0,0,True,4525.78,203.39,203.39,203.39,7.890
2026-05-14T00:11:38.842238+00:00,gpu3_benchmark,3,nocp_s4096_e2048,benchmark,32768,4096,2048,0,0,True,9474.26,887.66,887.66,887.66,7.890
2026-05-14T00:11:46.732969+00:00,gpu3_benchmark,3,nocp_s4096_e2048,benchmark,65536,4096,2048,0,0,True,17708.01,1952.01,1952.01,1952.01,7.958
2026-05-14T00:11:54.691586+00:00,gpu3_benchmark,3,nocp_s4096_e2048,benchmark,131072,4096,2048,0,0,False,,,,,4.882
2026-05-14T00:11:59.574371+00:00,gpu3_benchmark,3,nocp_s2048_e2048,correctness,2048,2048,2048,0,0,True,,,,,6.277
2026-05-14T00:12:05.851969+00:00,gpu3_benchmark,3,nocp_s2048_e2048,benchmark,2048,2048,2048,0,0,True,3510.1,50.74,50.74,50.74,7.386
2026-05-14T00:12:05.851969+00:00,gpu3_benchmark,3,nocp_s2048_e2048,benchmark,8192,2048,2048,0,0,True,4526.78,203.09,203.09,203.09,7.386
2026-05-14T00:12:05.851969+00:00,gpu3_benchmark,3,nocp_s2048_e2048,benchmark,32768,2048,2048,0,0,True,9476.26,891.11,891.11,891.11,7.386
2026-05-14T00:12:13.238117+00:00,gpu3_benchmark,3,nocp_s2048_e2048,benchmark,65536,2048,2048,0,0,True,17708.01,1960.62,1960.62,1960.62,8.226
2026-05-14T00:12:21.464381+00:00,gpu3_benchmark,3,nocp_s2048_e2048,benchmark,131072,2048,2048,0,0,False,,,,,4.365
2026-05-14T00:12:25.829412+00:00,gpu3_benchmark,3,ckpt_s8192_e8192,correctness,2048,8192,8192,1,0,True,,,,,6.528
2026-05-14T00:12:32.357765+00:00,gpu3_benchmark,3,ckpt_s8192_e8192,benchmark,2048,8192,8192,1,0,True,3432.23,50.96,50.96,50.96,7.225
2026-05-14T00:12:32.357765+00:00,gpu3_benchmark,3,ckpt_s8192_e8192,benchmark,8192,8192,8192,1,0,True,4012.63,81.16,81.16,81.16,7.225
2026-05-14T00:12:32.357765+00:00,gpu3_benchmark,3,ckpt_s8192_e8192,benchmark,32768,8192,8192,1,0,True,6814.85,349.33,349.33,349.33,7.225
2026-05-14T00:12:39.583253+00:00,gpu3_benchmark,3,ckpt_s8192_e8192,benchmark,65536,8192,8192,1,0,True,11272.01,745.52,745.52,745.52,6.191
2026-05-14T00:12:45.775012+00:00,gpu3_benchmark,3,ckpt_s8192_e8192,benchmark,131072,8192,8192,1,0,True,21303.26,1666.89,1666.89,1666.89,8.288
2026-05-14T00:12:54.063880+00:00,gpu3_benchmark,3,ckpt_s16384_e4096,correctness,2048,16384,4096,1,0,True,,,,,6.635
2026-05-14T00:13:00.699186+00:00,gpu3_benchmark,3,ckpt_s16384_e4096,benchmark,2048,16384,4096,1,0,True,3432.23,52.55,52.55,52.55,7.171
2026-05-14T00:13:00.699186+00:00,gpu3_benchmark,3,ckpt_s16384_e4096,benchmark,8192,16384,4096,1,0,True,4092.77,125.26,125.26,125.26,7.171
2026-05-14T00:13:00.699186+00:00,gpu3_benchmark,3,ckpt_s16384_e4096,benchmark,32768,16384,4096,1,0,True,6894.87,530.61,530.61,530.61,7.171
2026-05-14T00:13:07.870806+00:00,gpu3_benchmark,3,ckpt_s16384_e4096,benchmark,65536,16384,4096,1,0,True,11272.01,1169.51,1169.51,1169.51,6.971
2026-05-14T00:13:14.841958+00:00,gpu3_benchmark,3,ckpt_s16384_e4096,benchmark,131072,16384,4096,1,0,True,21303.26,2597.01,2597.01,2597.01,10.513
2026-05-14T00:13:25.355374+00:00,gpu3_benchmark,3,ckpt_s8192_e4096,correctness,2048,8192,4096,1,0,True,,,,,7.446
2026-05-14T00:13:32.801559+00:00,gpu3_benchmark,3,ckpt_s8192_e4096,benchmark,2048,8192,4096,1,0,True,3432.23,51.18,51.18,51.18,7.647
2026-05-14T00:13:32.801559+00:00,gpu3_benchmark,3,ckpt_s8192_e4096,benchmark,8192,8192,4096,1,0,True,4092.77,123.61,123.61,123.61,7.647
2026-05-14T00:13:32.801559+00:00,gpu3_benchmark,3,ckpt_s8192_e4096,benchmark,32768,8192,4096,1,0,True,6894.87,541.27,541.27,541.27,7.647
2026-05-14T00:13:40.448525+00:00,gpu3_benchmark,3,ckpt_s8192_e4096,benchmark,65536,8192,4096,1,0,True,11272.01,1152.62,1152.62,1152.62,7.263
2026-05-14T00:13:47.711804+00:00,gpu3_benchmark,3,ckpt_s8192_e4096,benchmark,131072,8192,4096,1,0,True,21303.26,2642.29,2642.29,2642.29,10.806
2026-05-14T00:13:58.518080+00:00,gpu3_benchmark,3,ckpt_s4096_e4096,correctness,2048,4096,4096,1,0,True,,,,,6.557
2026-05-14T00:14:05.075630+00:00,gpu3_benchmark,3,ckpt_s4096_e4096,benchmark,2048,4096,4096,1,0,True,3432.23,51.1,51.1,51.1,7.737
2026-05-14T00:14:05.075630+00:00,gpu3_benchmark,3,ckpt_s4096_e4096,benchmark,8192,4096,4096,1,0,True,4092.77,123.94,123.94,123.94,7.737
2026-05-14T00:14:05.075630+00:00,gpu3_benchmark,3,ckpt_s4096_e4096,benchmark,32768,4096,4096,1,0,True,6894.87,543.57,543.57,543.57,7.737
2026-05-14T00:14:12.812945+00:00,gpu3_benchmark,3,ckpt_s4096_e4096,benchmark,65536,4096,4096,1,0,True,11272.01,1173.84,1173.84,1173.84,7.406
2026-05-14T00:14:20.219349+00:00,gpu3_benchmark,3,ckpt_s4096_e4096,benchmark,131072,4096,4096,1,0,True,21303.26,2709.45,2709.45,2709.45,9.985
2026-05-14T00:14:30.204422+00:00,gpu3_benchmark,3,ckpt_s8192_e2048,correctness,2048,8192,2048,1,0,True,,,,,7.256
2026-05-14T00:14:37.461016+00:00,gpu3_benchmark,3,ckpt_s8192_e2048,benchmark,2048,8192,2048,1,0,True,3432.23,52.72,52.72,52.72,8.783
2026-05-14T00:14:37.461016+00:00,gpu3_benchmark,3,ckpt_s8192_e2048,benchmark,8192,8192,2048,1,0,True,4132.78,212.97,212.97,212.97,8.783
2026-05-14T00:14:37.461016+00:00,gpu3_benchmark,3,ckpt_s8192_e2048,benchmark,32768,8192,2048,1,0,True,6934.88,924.79,924.79,924.79,8.783
2026-05-14T00:14:46.244779+00:00,gpu3_benchmark,3,ckpt_s8192_e2048,benchmark,65536,8192,2048,1,0,True,11272.01,2058.85,2058.85,2058.85,9.004
2026-05-14T00:14:55.248898+00:00,gpu3_benchmark,3,ckpt_s8192_e2048,benchmark,131072,8192,2048,1,0,False,,,,,5.594
2026-05-14T00:15:00.843757+00:00,gpu3_benchmark,3,ckpt_s4096_e2048,correctness,2048,4096,2048,1,0,True,,,,,7.576
2026-05-14T00:15:08.419873+00:00,gpu3_benchmark,3,ckpt_s4096_e2048,benchmark,2048,4096,2048,1,0,True,3432.23,52.81,52.81,52.81,8.707
2026-05-14T00:15:08.419873+00:00,gpu3_benchmark,3,ckpt_s4096_e2048,benchmark,8192,4096,2048,1,0,True,4132.78,212.64,212.64,212.64,8.707
2026-05-14T00:15:08.419873+00:00,gpu3_benchmark,3,ckpt_s4096_e2048,benchmark,32768,4096,2048,1,0,True,6934.88,937.63,937.63,937.63,8.707
2026-05-14T00:15:17.127307+00:00,gpu3_benchmark,3,ckpt_s4096_e2048,benchmark,65536,4096,2048,1,0,True,11272.01,2018.8,2018.8,2018.8,8.636
2026-05-14T00:15:25.763687+00:00,gpu3_benchmark,3,ckpt_s4096_e2048,benchmark,131072,4096,2048,1,0,False,,,,,5.711
2026-05-14T00:15:31.474554+00:00,gpu3_benchmark,3,ckpt_s2048_e2048,correctness,2048,2048,2048,1,0,True,,,,,6.957
2026-05-14T00:15:38.432228+00:00,gpu3_benchmark,3,ckpt_s2048_e2048,benchmark,2048,2048,2048,1,0,True,3432.23,51.73,51.73,51.73,8.021
2026-05-14T00:15:38.432228+00:00,gpu3_benchmark,3,ckpt_s2048_e2048,benchmark,8192,2048,2048,1,0,True,4132.78,213.38,213.38,213.38,8.021
2026-05-14T00:15:38.432228+00:00,gpu3_benchmark,3,ckpt_s2048_e2048,benchmark,32768,2048,2048,1,0,True,6934.88,939.3,939.3,939.3,8.021
2026-05-14T00:15:46.453516+00:00,gpu3_benchmark,3,ckpt_s2048_e2048,benchmark,65536,2048,2048,1,0,True,11272.01,2043.23,2043.23,2043.23,8.898
2026-05-14T00:15:55.351664+00:00,gpu3_benchmark,3,ckpt_s2048_e2048,benchmark,131072,2048,2048,1,0,False,,,,,5.453
2026-05-14T00:16:00.804714+00:00,gpu3_benchmark,3,ckpt_s4096_e1024,correctness,2048,4096,1024,1,0,True,,,,,7.205
2026-05-14T00:16:08.010411+00:00,gpu3_benchmark,3,ckpt_s4096_e1024,benchmark,2048,4096,1024,1,0,True,3453.26,208.89,208.89,208.89,10.737
2026-05-14T00:16:08.010411+00:00,gpu3_benchmark,3,ckpt_s4096_e1024,benchmark,8192,4096,1024,1,0,True,4153.79,402.94,402.94,402.94,10.737
2026-05-14T00:16:08.010411+00:00,gpu3_benchmark,3,ckpt_s4096_e1024,benchmark,32768,4096,1024,1,0,True,6955.88,1719.14,1719.14,1719.14,10.737
2026-05-14T00:16:18.747344+00:00,gpu3_benchmark,3,ckpt_s4096_e1024,benchmark,65536,4096,1024,1,0,True,11272.51,3759.72,3759.72,3759.72,12.080
2026-05-14T00:16:30.827738+00:00,gpu3_benchmark,3,ckpt_s4096_e1024,benchmark,131072,4096,1024,1,0,True,21314.76,8947.22,8947.22,8947.22,22.782
2026-05-14T00:16:53.610723+00:00,gpu3_benchmark,3,ckpt_s2048_e1024,correctness,2048,2048,1024,1,0,True,,,,,7.071
2026-05-14T00:17:00.682608+00:00,gpu3_benchmark,3,ckpt_s2048_e1024,benchmark,2048,2048,1024,1,0,True,3453.26,204.96,204.96,204.96,10.844
2026-05-14T00:17:00.682608+00:00,gpu3_benchmark,3,ckpt_s2048_e1024,benchmark,8192,2048,1024,1,0,True,4153.79,397.16,397.16,397.16,10.844
2026-05-14T00:17:00.682608+00:00,gpu3_benchmark,3,ckpt_s2048_e1024,benchmark,32768,2048,1024,1,0,True,6955.88,1725.27,1725.27,1725.27,10.844
2026-05-14T00:17:11.526954+00:00,gpu3_benchmark,3,ckpt_s2048_e1024,benchmark,65536,2048,1024,1,0,True,11272.51,3841.23,3841.23,3841.23,12.423
2026-05-14T00:17:23.949956+00:00,gpu3_benchmark,3,ckpt_s2048_e1024,benchmark,131072,2048,1024,1,0,True,21314.63,8971.41,8971.41,8971.41,23.051
2026-05-14T00:17:47.001566+00:00,gpu3_benchmark,3,ckpt_s1024_e1024,correctness,2048,1024,1024,1,0,True,,,,,6.935
2026-05-14T00:17:53.937076+00:00,gpu3_benchmark,3,ckpt_s1024_e1024,benchmark,2048,1024,1024,1,0,True,3452.26,100.2,100.2,100.2,10.768
2026-05-14T00:17:53.937076+00:00,gpu3_benchmark,3,ckpt_s1024_e1024,benchmark,8192,1024,1024,1,0,True,4152.79,397.72,397.72,397.72,10.768
2026-05-14T00:17:53.937076+00:00,gpu3_benchmark,3,ckpt_s1024_e1024,benchmark,32768,1024,1024,1,0,True,6954.88,1766.64,1766.64,1766.64,10.768
2026-05-14T00:18:04.705433+00:00,gpu3_benchmark,3,ckpt_s1024_e1024,benchmark,65536,1024,1024,1,0,True,11272.01,3912.03,3912.03,3912.03,12.809
2026-05-14T00:18:17.515078+00:00,gpu3_benchmark,3,ckpt_s1024_e1024,benchmark,131072,1024,1024,1,0,True,21314.63,9109.93,9109.93,9109.93,23.290
2026-05-14T00:18:40.805161+00:00,gpu3_benchmark,3,nocp_s8192_e8192,correctness,2048,8192,8192,0,0,True,,,,,6.449
2026-05-14T00:18:47.254641+00:00,gpu3_benchmark,3,nocp_s8192_e8192,benchmark,2048,8192,8192,0,0,True,3510.1,47.95,47.95,47.95,6.070
2026-05-14T00:18:47.254641+00:00,gpu3_benchmark,3,nocp_s8192_e8192,benchmark,8192,8192,8192,0,0,True,4300.63,74.07,74.07,74.07,6.070
2026-05-14T00:18:47.254641+00:00,gpu3_benchmark,3,nocp_s8192_e8192,benchmark,32768,8192,8192,0,0,True,9328.38,326.16,326.16,326.16,6.070
2026-05-14T00:18:53.325449+00:00,gpu3_benchmark,3,nocp_s8192_e8192,benchmark,65536,8192,8192,0,0,True,17416.01,700.78,700.78,700.78,5.273
2026-05-14T00:18:58.598567+00:00,gpu3_benchmark,3,nocp_s8192_e8192,benchmark,131072,8192,8192,0,0,False,,,,,4.500
2026-05-14T00:19:03.098603+00:00,gpu3_benchmark,3,nocp_s8192_e4096,correctness,2048,8192,4096,0,0,True,,,,,6.655
2026-05-14T00:19:09.754306+00:00,gpu3_benchmark,3,nocp_s8192_e4096,benchmark,2048,8192,4096,0,0,True,3510.1,49.31,49.31,49.31,7.039
2026-05-14T00:19:09.754306+00:00,gpu3_benchmark,3,nocp_s8192_e4096,benchmark,8192,8192,4096,0,0,True,4428.77,116.4,116.4,116.4,7.039
2026-05-14T00:19:09.754306+00:00,gpu3_benchmark,3,nocp_s8192_e4096,benchmark,32768,8192,4096,0,0,True,9328.38,511.1,511.1,511.1,7.039
2026-05-14T00:19:16.793679+00:00,gpu3_benchmark,3,nocp_s8192_e4096,benchmark,65536,8192,4096,0,0,True,17416.01,1106.76,1106.76,1106.76,6.254
2026-05-14T00:19:23.047819+00:00,gpu3_benchmark,3,nocp_s8192_e4096,benchmark,131072,8192,4096,0,0,False,,,,,4.465
2026-05-14T00:19:27.512899+00:00,gpu3_benchmark,3,nocp_s4096_e4096,correctness,2048,4096,4096,0,0,True,,,,,6.438
2026-05-14T00:19:33.950800+00:00,gpu3_benchmark,3,nocp_s4096_e4096,benchmark,2048,4096,4096,0,0,True,3510.1,50.34,50.34,50.34,7.141
2026-05-14T00:19:33.950800+00:00,gpu3_benchmark,3,nocp_s4096_e4096,benchmark,8192,4096,4096,0,0,True,4428.77,116.74,116.74,116.74,7.141
2026-05-14T00:19:33.950800+00:00,gpu3_benchmark,3,nocp_s4096_e4096,benchmark,32768,4096,4096,0,0,True,9328.38,516.16,516.16,516.16,7.141
2026-05-14T00:19:41.092641+00:00,gpu3_benchmark,3,nocp_s4096_e4096,benchmark,65536,4096,4096,0,0,True,17416.01,1120.06,1120.06,1120.06,6.614
2026-05-14T00:19:47.707356+00:00,gpu3_benchmark,3,nocp_s4096_e4096,benchmark,131072,4096,4096,0,0,False,,,,,4.337
2026-05-14T00:19:52.044921+00:00,gpu3_benchmark,3,nocp_s4096_e2048,correctness,2048,4096,2048,0,0,True,,,,,6.137
2026-05-14T00:19:58.182169+00:00,gpu3_benchmark,3,nocp_s4096_e2048,benchmark,2048,4096,2048,0,0,True,3510.1,47.61,47.61,47.61,7.407
2026-05-14T00:19:58.182169+00:00,gpu3_benchmark,3,nocp_s4096_e2048,benchmark,8192,4096,2048,0,0,True,4525.78,203.19,203.19,203.19,7.407
2026-05-14T00:19:58.182169+00:00,gpu3_benchmark,3,nocp_s4096_e2048,benchmark,32768,4096,2048,0,0,True,9474.26,883.66,883.66,883.66,7.407
2026-05-14T00:20:05.589674+00:00,gpu3_benchmark,3,nocp_s4096_e2048,benchmark,65536,4096,2048,0,0,True,17708.01,1931.91,1931.91,1931.91,8.141
2026-05-14T00:20:13.731537+00:00,gpu3_benchmark,3,nocp_s4096_e2048,benchmark,131072,4096,2048,0,0,False,,,,,4.514
2026-05-14T00:20:18.246355+00:00,gpu3_benchmark,3,nocp_s2048_e2048,correctness,2048,2048,2048,0,0,True,,,,,6.236
2026-05-14T00:20:24.483142+00:00,gpu3_benchmark,3,nocp_s2048_e2048,benchmark,2048,2048,2048,0,0,True,3510.1,47.94,47.94,47.94,7.680
2026-05-14T00:20:24.483142+00:00,gpu3_benchmark,3,nocp_s2048_e2048,benchmark,8192,2048,2048,0,0,True,4526.78,202.27,202.27,202.27,7.680
2026-05-14T00:20:24.483142+00:00,gpu3_benchmark,3,nocp_s2048_e2048,benchmark,32768,2048,2048,0,0,True,9476.26,910.9,910.9,910.9,7.680
2026-05-14T00:20:32.163207+00:00,gpu3_benchmark,3,nocp_s2048_e2048,benchmark,65536,2048,2048,0,0,True,17708.01,1998.38,1998.38,1998.38,8.077
2026-05-14T00:20:40.240901+00:00,gpu3_benchmark,3,nocp_s2048_e2048,benchmark,131072,2048,2048,0,0,False,,,,,4.158
2026-05-14T00:20:44.398917+00:00,gpu3_benchmark,3,ckpt_s8192_e8192,correctness,2048,8192,8192,1,0,True,,,,,6.822
2026-05-14T00:20:51.221663+00:00,gpu3_benchmark,3,ckpt_s8192_e8192,benchmark,2048,8192,8192,1,0,True,3432.23,52.33,52.33,52.33,7.321
2026-05-14T00:20:51.221663+00:00,gpu3_benchmark,3,ckpt_s8192_e8192,benchmark,8192,8192,8192,1,0,True,4012.63,82.3,82.3,82.3,7.321
2026-05-14T00:20:51.221663+00:00,gpu3_benchmark,3,ckpt_s8192_e8192,benchmark,32768,8192,8192,1,0,True,6814.85,350.03,350.03,350.03,7.321
2026-05-14T00:20:58.542900+00:00,gpu3_benchmark,3,ckpt_s8192_e8192,benchmark,65536,8192,8192,1,0,True,11272.01,744.85,744.85,744.85,6.236
2026-05-14T00:21:04.779191+00:00,gpu3_benchmark,3,ckpt_s8192_e8192,benchmark,131072,8192,8192,1,0,True,21303.26,1667.38,1667.38,1667.38,8.291
2026-05-14T00:21:13.070266+00:00,gpu3_benchmark,3,ckpt_s16384_e4096,correctness,2048,16384,4096,1,0,True,,,,,6.946
2026-05-14T00:21:20.016735+00:00,gpu3_benchmark,3,ckpt_s16384_e4096,benchmark,2048,16384,4096,1,0,True,3432.23,52.46,52.46,52.46,7.893
2026-05-14T00:21:20.016735+00:00,gpu3_benchmark,3,ckpt_s16384_e4096,benchmark,8192,16384,4096,1,0,True,4092.77,124.62,124.62,124.62,7.893
2026-05-14T00:21:20.016735+00:00,gpu3_benchmark,3,ckpt_s16384_e4096,benchmark,32768,16384,4096,1,0,True,6894.87,535.75,535.75,535.75,7.893
2026-05-14T00:21:27.910314+00:00,gpu3_benchmark,3,ckpt_s16384_e4096,benchmark,65536,16384,4096,1,0,True,11272.01,1144.11,1144.11,1144.11,7.206
2026-05-14T00:21:35.117024+00:00,gpu3_benchmark,3,ckpt_s16384_e4096,benchmark,131072,16384,4096,1,0,True,21303.26,2610.51,2610.51,2610.51,10.437
2026-05-14T00:21:45.554040+00:00,gpu3_benchmark,3,ckpt_s8192_e4096,correctness,2048,8192,4096,1,0,True,,,,,6.946
2026-05-14T00:21:52.500420+00:00,gpu3_benchmark,3,ckpt_s8192_e4096,benchmark,2048,8192,4096,1,0,True,3432.23,52.89,52.89,52.89,7.429
2026-05-14T00:21:52.500420+00:00,gpu3_benchmark,3,ckpt_s8192_e4096,benchmark,8192,8192,4096,1,0,True,4092.77,123.12,123.12,123.12,7.429
2026-05-14T00:21:52.500420+00:00,gpu3_benchmark,3,ckpt_s8192_e4096,benchmark,32768,8192,4096,1,0,True,6894.87,537.06,537.06,537.06,7.429
2026-05-14T00:21:59.930223+00:00,gpu3_benchmark,3,ckpt_s8192_e4096,benchmark,65536,8192,4096,1,0,True,11272.01,1153.23,1153.23,1153.23,7.211
2026-05-14T00:22:07.141193+00:00,gpu3_benchmark,3,ckpt_s8192_e4096,benchmark,131072,8192,4096,1,0,True,21303.26,2631.0,2631.0,2631.0,10.560
2026-05-14T00:22:17.702074+00:00,gpu3_benchmark,3,ckpt_s4096_e4096,correctness,2048,4096,4096,1,0,True,,,,,7.198
2026-05-14T00:22:24.900100+00:00,gpu3_benchmark,3,ckpt_s4096_e4096,benchmark,2048,4096,4096,1,0,True,3432.23,52.13,52.13,52.13,7.784
2026-05-14T00:22:24.900100+00:00,gpu3_benchmark,3,ckpt_s4096_e4096,benchmark,8192,4096,4096,1,0,True,4092.77,124.64,124.64,124.64,7.784
2026-05-14T00:22:24.900100+00:00,gpu3_benchmark,3,ckpt_s4096_e4096,benchmark,32768,4096,4096,1,0,True,6894.87,540.6,540.6,540.6,7.784
2026-05-14T00:22:32.684081+00:00,gpu3_benchmark,3,ckpt_s4096_e4096,benchmark,65536,4096,4096,1,0,True,11272.01,1165.82,1165.82,1165.82,7.575
2026-05-14T00:22:40.259345+00:00,gpu3_benchmark,3,ckpt_s4096_e4096,benchmark,131072,4096,4096,1,0,True,21303.26,2716.1,2716.1,2716.1,10.795
2026-05-14T00:22:51.054511+00:00,gpu3_benchmark,3,ckpt_s8192_e2048,correctness,2048,8192,2048,1,0,True,,,,,7.033
2026-05-14T00:22:58.087994+00:00,gpu3_benchmark,3,ckpt_s8192_e2048,benchmark,2048,8192,2048,1,0,True,3432.23,51.09,51.09,51.09,8.315
2026-05-14T00:22:58.087994+00:00,gpu3_benchmark,3,ckpt_s8192_e2048,benchmark,8192,8192,2048,1,0,True,4132.78,215.38,215.38,215.38,8.315
2026-05-14T00:22:58.087994+00:00,gpu3_benchmark,3,ckpt_s8192_e2048,benchmark,32768,8192,2048,1,0,True,6934.88,943.62,943.62,943.62,8.315
2026-05-14T00:23:06.403204+00:00,gpu3_benchmark,3,ckpt_s8192_e2048,benchmark,65536,8192,2048,1,0,True,11272.01,2009.33,2009.33,2009.33,8.835
2026-05-14T00:23:15.238561+00:00,gpu3_benchmark,3,ckpt_s8192_e2048,benchmark,131072,8192,2048,1,0,False,,,,,5.456
2026-05-14T00:23:20.695279+00:00,gpu3_benchmark,3,ckpt_s4096_e2048,correctness,2048,4096,2048,1,0,True,,,,,7.089
2026-05-14T00:23:27.784534+00:00,gpu3_benchmark,3,ckpt_s4096_e2048,benchmark,2048,4096,2048,1,0,True,3432.23,51.06,51.06,51.06,8.714
2026-05-14T00:23:27.784534+00:00,gpu3_benchmark,3,ckpt_s4096_e2048,benchmark,8192,4096,2048,1,0,True,4132.78,212.98,212.98,212.98,8.714
2026-05-14T00:23:27.784534+00:00,gpu3_benchmark,3,ckpt_s4096_e2048,benchmark,32768,4096,2048,1,0,True,6934.88,937.79,937.79,937.79,8.714
2026-05-14T00:23:36.498674+00:00,gpu3_benchmark,3,ckpt_s4096_e2048,benchmark,65536,4096,2048,1,0,True,11272.01,2025.8,2025.8,2025.8,8.789
2026-05-14T00:23:45.287632+00:00,gpu3_benchmark,3,ckpt_s4096_e2048,benchmark,131072,4096,2048,1,0,False,,,,,5.231
2026-05-14T00:23:50.519025+00:00,gpu3_benchmark,3,ckpt_s2048_e2048,correctness,2048,2048,2048,1,0,True,,,,,6.806
2026-05-14T00:23:57.325602+00:00,gpu3_benchmark,3,ckpt_s2048_e2048,benchmark,2048,2048,2048,1,0,True,3432.23,51.04,51.04,51.04,8.364
2026-05-14T00:23:57.325602+00:00,gpu3_benchmark,3,ckpt_s2048_e2048,benchmark,8192,2048,2048,1,0,True,4132.78,215.46,215.46,215.46,8.364
2026-05-14T00:23:57.325602+00:00,gpu3_benchmark,3,ckpt_s2048_e2048,benchmark,32768,2048,2048,1,0,True,6934.88,950.93,950.93,950.93,8.364
2026-05-14T00:24:05.689874+00:00,gpu3_benchmark,3,ckpt_s2048_e2048,benchmark,65536,2048,2048,1,0,True,11272.01,2071.63,2071.63,2071.63,9.244
2026-05-14T00:24:14.933999+00:00,gpu3_benchmark,3,ckpt_s2048_e2048,benchmark,131072,2048,2048,1,0,False,,,,,5.565
2026-05-14T00:24:20.499807+00:00,gpu3_benchmark,3,ckpt_s4096_e1024,correctness,2048,4096,1024,1,0,True,,,,,7.160
2026-05-14T00:24:27.659679+00:00,gpu3_benchmark,3,ckpt_s4096_e1024,benchmark,2048,4096,1024,1,0,True,3453.26,218.59,218.59,218.59,10.566
2026-05-14T00:24:27.659679+00:00,gpu3_benchmark,3,ckpt_s4096_e1024,benchmark,8192,4096,1024,1,0,True,4153.79,395.89,395.89,395.89,10.566
2026-05-14T00:24:27.659679+00:00,gpu3_benchmark,3,ckpt_s4096_e1024,benchmark,32768,4096,1024,1,0,True,6955.88,1750.38,1750.38,1750.38,10.566
2026-05-14T00:24:38.226560+00:00,gpu3_benchmark,3,ckpt_s4096_e1024,benchmark,65536,4096,1024,1,0,True,11272.51,3759.05,3759.05,3759.05,12.622
2026-05-14T00:24:50.849196+00:00,gpu3_benchmark,3,ckpt_s4096_e1024,benchmark,131072,4096,1024,1,0,True,21314.76,8861.59,8861.59,8861.59,22.819
2026-05-14T00:25:13.669118+00:00,gpu3_benchmark,3,ckpt_s2048_e1024,correctness,2048,2048,1024,1,0,True,,,,,7.154
2026-05-14T00:25:20.823247+00:00,gpu3_benchmark,3,ckpt_s2048_e1024,benchmark,2048,2048,1024,1,0,True,3453.26,209.68,209.68,209.68,10.791
2026-05-14T00:25:20.823247+00:00,gpu3_benchmark,3,ckpt_s2048_e1024,benchmark,8192,2048,1024,1,0,True,4153.79,401.71,401.71,401.71,10.791
2026-05-14T00:25:20.823247+00:00,gpu3_benchmark,3,ckpt_s2048_e1024,benchmark,32768,2048,1024,1,0,True,6955.88,1725.82,1725.82,1725.82,10.791
2026-05-14T00:25:31.615043+00:00,gpu3_benchmark,3,ckpt_s2048_e1024,benchmark,65536,2048,1024,1,0,True,11272.51,3857.71,3857.71,3857.71,12.980
2026-05-14T00:25:44.595728+00:00,gpu3_benchmark,3,ckpt_s2048_e1024,benchmark,131072,2048,1024,1,0,True,21314.63,9063.05,9063.05,9063.05,23.043
2026-05-14T00:26:07.638863+00:00,gpu3_benchmark,3,ckpt_s1024_e1024,correctness,2048,1024,1024,1,0,True,,,,,7.173
2026-05-14T00:26:14.811801+00:00,gpu3_benchmark,3,ckpt_s1024_e1024,benchmark,2048,1024,1024,1,0,True,3452.26,104.76,104.76,104.76,10.746
2026-05-14T00:26:14.811801+00:00,gpu3_benchmark,3,ckpt_s1024_e1024,benchmark,8192,1024,1024,1,0,True,4152.79,398.74,398.74,398.74,10.746
2026-05-14T00:26:14.811801+00:00,gpu3_benchmark,3,ckpt_s1024_e1024,benchmark,32768,1024,1024,1,0,True,6954.88,1745.49,1745.49,1745.49,10.746
2026-05-14T00:26:25.558485+00:00,gpu3_benchmark,3,ckpt_s1024_e1024,benchmark,65536,1024,1024,1,0,True,11272.01,3888.62,3888.62,3888.62,12.465
2026-05-14T00:26:38.024066+00:00,gpu3_benchmark,3,ckpt_s1024_e1024,benchmark,131072,1024,1024,1,0,True,21314.63,9093.23,9093.23,9093.23,23.501
2026-05-14T00:27:01.525921+00:00,gpu3_benchmark,3,nocp_s8192_e8192,correctness,2048,8192,8192,0,0,True,,,,,6.265
2026-05-14T00:27:07.790908+00:00,gpu3_benchmark,3,nocp_s8192_e8192,benchmark,2048,8192,8192,0,0,True,3510.1,48.62,48.62,48.62,6.205
2026-05-14T00:27:07.790908+00:00,gpu3_benchmark,3,nocp_s8192_e8192,benchmark,8192,8192,8192,0,0,True,4300.63,73.91,73.91,73.91,6.205
2026-05-14T00:27:07.790908+00:00,gpu3_benchmark,3,nocp_s8192_e8192,benchmark,32768,8192,8192,0,0,True,9328.38,326.38,326.38,326.38,6.205
2026-05-14T00:27:13.995825+00:00,gpu3_benchmark,3,nocp_s8192_e8192,benchmark,65536,8192,8192,0,0,True,17416.01,699.07,699.07,699.07,5.386
2026-05-14T00:27:19.382197+00:00,gpu3_benchmark,3,nocp_s8192_e8192,benchmark,131072,8192,8192,0,0,False,,,,,4.894
2026-05-14T00:27:24.276559+00:00,gpu3_benchmark,3,nocp_s8192_e4096,correctness,2048,8192,4096,0,0,True,,,,,6.123
2026-05-14T00:27:30.399535+00:00,gpu3_benchmark,3,nocp_s8192_e4096,benchmark,2048,8192,4096,0,0,True,3510.1,48.44,48.44,48.44,7.007
2026-05-14T00:27:30.399535+00:00,gpu3_benchmark,3,nocp_s8192_e4096,benchmark,8192,8192,4096,0,0,True,4428.77,116.46,116.46,116.46,7.007
2026-05-14T00:27:30.399535+00:00,gpu3_benchmark,3,nocp_s8192_e4096,benchmark,32768,8192,4096,0,0,True,9328.38,510.54,510.54,510.54,7.007
2026-05-14T00:27:37.406697+00:00,gpu3_benchmark,3,nocp_s8192_e4096,benchmark,65536,8192,4096,0,0,True,17416.01,1106.36,1106.36,1106.36,6.310
2026-05-14T00:27:43.717209+00:00,gpu3_benchmark,3,nocp_s8192_e4096,benchmark,131072,8192,4096,0,0,False,,,,,4.759
2026-05-14T00:27:48.476601+00:00,gpu3_benchmark,3,nocp_s4096_e4096,correctness,2048,4096,4096,0,0,True,,,,,6.106
2026-05-14T00:27:54.582790+00:00,gpu3_benchmark,3,nocp_s4096_e4096,benchmark,2048,4096,4096,0,0,True,3510.1,47.94,47.94,47.94,6.558
2026-05-14T00:27:54.582790+00:00,gpu3_benchmark,3,nocp_s4096_e4096,benchmark,8192,4096,4096,0,0,True,4428.77,117.47,117.47,117.47,6.558
2026-05-14T00:27:54.582790+00:00,gpu3_benchmark,3,nocp_s4096_e4096,benchmark,32768,4096,4096,0,0,True,9328.38,515.46,515.46,515.46,6.558
2026-05-14T00:28:01.141136+00:00,gpu3_benchmark,3,nocp_s4096_e4096,benchmark,65536,4096,4096,0,0,True,17416.01,1120.82,1120.82,1120.82,6.370
2026-05-14T00:28:07.511594+00:00,gpu3_benchmark,3,nocp_s4096_e4096,benchmark,131072,4096,4096,0,0,False,,,,,4.507
2026-05-14T00:28:12.019294+00:00,gpu3_benchmark,3,nocp_s4096_e2048,correctness,2048,4096,2048,0,0,True,,,,,5.992
2026-05-14T00:28:18.011621+00:00,gpu3_benchmark,3,nocp_s4096_e2048,benchmark,2048,4096,2048,0,0,True,3510.1,47.28,47.28,47.28,7.395
2026-05-14T00:28:18.011621+00:00,gpu3_benchmark,3,nocp_s4096_e2048,benchmark,8192,4096,2048,0,0,True,4525.78,203.51,203.51,203.51,7.395
2026-05-14T00:28:18.011621+00:00,gpu3_benchmark,3,nocp_s4096_e2048,benchmark,32768,4096,2048,0,0,True,9474.26,888.94,888.94,888.94,7.395
2026-05-14T00:28:25.407512+00:00,gpu3_benchmark,3,nocp_s4096_e2048,benchmark,65536,4096,2048,0,0,True,17708.01,1937.07,1937.07,1937.07,8.016
2026-05-14T00:28:33.423709+00:00,gpu3_benchmark,3,nocp_s4096_e2048,benchmark,131072,4096,2048,0,0,False,,,,,4.526
2026-05-14T00:28:37.950480+00:00,gpu3_benchmark,3,nocp_s2048_e2048,correctness,2048,2048,2048,0,0,True,,,,,6.048
2026-05-14T00:28:43.998640+00:00,gpu3_benchmark,3,nocp_s2048_e2048,benchmark,2048,2048,2048,0,0,True,3510.1,48.53,48.53,48.53,7.717
2026-05-14T00:28:43.998640+00:00,gpu3_benchmark,3,nocp_s2048_e2048,benchmark,8192,2048,2048,0,0,True,4526.78,203.7,203.7,203.7,7.717
2026-05-14T00:28:43.998640+00:00,gpu3_benchmark,3,nocp_s2048_e2048,benchmark,32768,2048,2048,0,0,True,9476.26,894.18,894.18,894.18,7.717
2026-05-14T00:28:51.716557+00:00,gpu3_benchmark,3,nocp_s2048_e2048,benchmark,65536,2048,2048,0,0,True,17708.01,1961.22,1961.22,1961.22,8.575
2026-05-14T00:29:00.292102+00:00,gpu3_benchmark,3,nocp_s2048_e2048,benchmark,131072,2048,2048,0,0,False,,,,,4.579
2026-05-14T00:29:04.871974+00:00,gpu3_benchmark,3,ckpt_s8192_e8192,correctness,2048,8192,8192,1,0,True,,,,,6.706
2026-05-14T00:29:11.578342+00:00,gpu3_benchmark,3,ckpt_s8192_e8192,benchmark,2048,8192,8192,1,0,True,3432.23,50.86,50.86,50.86,6.475
2026-05-14T00:29:11.578342+00:00,gpu3_benchmark,3,ckpt_s8192_e8192,benchmark,8192,8192,8192,1,0,True,4012.63,80.44,80.44,80.44,6.475
2026-05-14T00:29:11.578342+00:00,gpu3_benchmark,3,ckpt_s8192_e8192,benchmark,32768,8192,8192,1,0,True,6814.85,348.86,348.86,348.86,6.475
2026-05-14T00:29:18.054133+00:00,gpu3_benchmark,3,ckpt_s8192_e8192,benchmark,65536,8192,8192,1,0,True,11272.01,744.75,744.75,744.75,6.106
2026-05-14T00:29:24.160685+00:00,gpu3_benchmark,3,ckpt_s8192_e8192,benchmark,131072,8192,8192,1,0,True,21303.26,1668.92,1668.92,1668.92,8.769
2026-05-14T00:29:32.930724+00:00,gpu3_benchmark,3,ckpt_s16384_e4096,correctness,2048,16384,4096,1,0,True,,,,,7.160
2026-05-14T00:29:40.090736+00:00,gpu3_benchmark,3,ckpt_s16384_e4096,benchmark,2048,16384,4096,1,0,True,3432.23,50.8,50.8,50.8,6.936
2026-05-14T00:29:40.090736+00:00,gpu3_benchmark,3,ckpt_s16384_e4096,benchmark,8192,16384,4096,1,0,True,4092.77,123.1,123.1,123.1,6.936
2026-05-14T00:29:40.090736+00:00,gpu3_benchmark,3,ckpt_s16384_e4096,benchmark,32768,16384,4096,1,0,True,6894.87,531.16,531.16,531.16,6.936
2026-05-14T00:29:47.027200+00:00,gpu3_benchmark,3,ckpt_s16384_e4096,benchmark,65536,16384,4096,1,0,True,11272.01,1151.69,1151.69,1151.69,7.202
2026-05-14T00:29:54.229928+00:00,gpu3_benchmark,3,ckpt_s16384_e4096,benchmark,131072,16384,4096,1,0,True,21303.26,2596.14,2596.14,2596.14,10.490
2026-05-14T00:30:04.720416+00:00,gpu3_benchmark,3,ckpt_s8192_e4096,correctness,2048,8192,4096,1,0,True,,,,,6.671
2026-05-14T00:30:11.391852+00:00,gpu3_benchmark,3,ckpt_s8192_e4096,benchmark,2048,8192,4096,1,0,True,3432.23,50.99,50.99,50.99,7.388
2026-05-14T00:30:11.391852+00:00,gpu3_benchmark,3,ckpt_s8192_e4096,benchmark,8192,8192,4096,1,0,True,4092.77,123.01,123.01,123.01,7.388
2026-05-14T00:30:11.391852+00:00,gpu3_benchmark,3,ckpt_s8192_e4096,benchmark,32768,8192,4096,1,0,True,6894.87,537.82,537.82,537.82,7.388
2026-05-14T00:30:18.780258+00:00,gpu3_benchmark,3,ckpt_s8192_e4096,benchmark,65536,8192,4096,1,0,True,11272.01,1153.74,1153.74,1153.74,7.179
2026-05-14T00:30:25.960012+00:00,gpu3_benchmark,3,ckpt_s8192_e4096,benchmark,131072,8192,4096,1,0,True,21303.26,2630.59,2630.59,2630.59,10.100
2026-05-14T00:30:36.060524+00:00,gpu3_benchmark,3,ckpt_s4096_e4096,correctness,2048,4096,4096,1,0,True,,,,,6.967
2026-05-14T00:30:43.027539+00:00,gpu3_benchmark,3,ckpt_s4096_e4096,benchmark,2048,4096,4096,1,0,True,3432.23,53.93,53.93,53.93,7.290
2026-05-14T00:30:43.027539+00:00,gpu3_benchmark,3,ckpt_s4096_e4096,benchmark,8192,4096,4096,1,0,True,4092.77,124.22,124.22,124.22,7.290
2026-05-14T00:30:43.027539+00:00,gpu3_benchmark,3,ckpt_s4096_e4096,benchmark,32768,4096,4096,1,0,True,6894.87,537.97,537.97,537.97,7.290
2026-05-14T00:30:50.318425+00:00,gpu3_benchmark,3,ckpt_s4096_e4096,benchmark,65536,4096,4096,1,0,True,11272.01,1165.66,1165.66,1165.66,7.277
2026-05-14T00:30:57.595392+00:00,gpu3_benchmark,3,ckpt_s4096_e4096,benchmark,131072,4096,4096,1,0,True,21303.26,2709.69,2709.69,2709.69,10.507
2026-05-14T00:31:08.102970+00:00,gpu3_benchmark,3,ckpt_s8192_e2048,correctness,2048,8192,2048,1,0,True,,,,,7.398
2026-05-14T00:31:15.500974+00:00,gpu3_benchmark,3,ckpt_s8192_e2048,benchmark,2048,8192,2048,1,0,True,3432.23,52.41,52.41,52.41,8.758
2026-05-14T00:31:15.500974+00:00,gpu3_benchmark,3,ckpt_s8192_e2048,benchmark,8192,8192,2048,1,0,True,4132.78,216.49,216.49,216.49,8.758
2026-05-14T00:31:15.500974+00:00,gpu3_benchmark,3,ckpt_s8192_e2048,benchmark,32768,8192,2048,1,0,True,6934.88,928.33,928.33,928.33,8.758
2026-05-14T00:31:24.259483+00:00,gpu3_benchmark,3,ckpt_s8192_e2048,benchmark,65536,8192,2048,1,0,True,11272.01,2029.0,2029.0,2029.0,8.902
2026-05-14T00:31:33.161727+00:00,gpu3_benchmark,3,ckpt_s8192_e2048,benchmark,131072,8192,2048,1,0,False,,,,,5.478
2026-05-14T00:31:38.640526+00:00,gpu3_benchmark,3,ckpt_s4096_e2048,correctness,2048,4096,2048,1,0,True,,,,,6.924
2026-05-14T00:31:45.564551+00:00,gpu3_benchmark,3,ckpt_s4096_e2048,benchmark,2048,4096,2048,1,0,True,3432.23,51.15,51.15,51.15,8.832
2026-05-14T00:31:45.564551+00:00,gpu3_benchmark,3,ckpt_s4096_e2048,benchmark,8192,4096,2048,1,0,True,4132.78,218.3,218.3,218.3,8.832
2026-05-14T00:31:45.564551+00:00,gpu3_benchmark,3,ckpt_s4096_e2048,benchmark,32768,4096,2048,1,0,True,6934.88,927.53,927.53,927.53,8.832
2026-05-14T00:31:54.397035+00:00,gpu3_benchmark,3,ckpt_s4096_e2048,benchmark,65536,4096,2048,1,0,True,11272.01,2044.82,2044.82,2044.82,9.052
2026-05-14T00:32:03.449844+00:00,gpu3_benchmark,3,ckpt_s4096_e2048,benchmark,131072,4096,2048,1,0,False,,,,,5.469
2026-05-14T00:32:08.919346+00:00,gpu3_benchmark,3,ckpt_s2048_e2048,correctness,2048,2048,2048,1,0,True,,,,,7.132
2026-05-14T00:32:16.051274+00:00,gpu3_benchmark,3,ckpt_s2048_e2048,benchmark,2048,2048,2048,1,0,True,3432.23,51.18,51.18,51.18,8.697
2026-05-14T00:32:16.051274+00:00,gpu3_benchmark,3,ckpt_s2048_e2048,benchmark,8192,2048,2048,1,0,True,4132.78,213.25,213.25,213.25,8.697
2026-05-14T00:32:16.051274+00:00,gpu3_benchmark,3,ckpt_s2048_e2048,benchmark,32768,2048,2048,1,0,True,6934.88,939.86,939.86,939.86,8.697
2026-05-14T00:32:24.748664+00:00,gpu3_benchmark,3,ckpt_s2048_e2048,benchmark,65536,2048,2048,1,0,True,11272.01,2078.78,2078.78,2078.78,9.131
2026-05-14T00:32:33.880298+00:00,gpu3_benchmark,3,ckpt_s2048_e2048,benchmark,131072,2048,2048,1,0,False,,,,,5.649
2026-05-14T00:32:39.529553+00:00,gpu3_benchmark,3,ckpt_s4096_e1024,correctness,2048,4096,1024,1,0,True,,,,,7.269
2026-05-14T00:32:46.798438+00:00,gpu3_benchmark,3,ckpt_s4096_e1024,benchmark,2048,4096,1024,1,0,True,3453.26,214.63,214.63,214.63,10.395
2026-05-14T00:32:46.798438+00:00,gpu3_benchmark,3,ckpt_s4096_e1024,benchmark,8192,4096,1024,1,0,True,4153.79,412.22,412.22,412.22,10.395
2026-05-14T00:32:46.798438+00:00,gpu3_benchmark,3,ckpt_s4096_e1024,benchmark,32768,4096,1024,1,0,True,6955.88,1717.0,1717.0,1717.0,10.395
2026-05-14T00:32:57.193734+00:00,gpu3_benchmark,3,ckpt_s4096_e1024,benchmark,65536,4096,1024,1,0,True,11272.51,3755.11,3755.11,3755.11,12.822
2026-05-14T00:33:10.015873+00:00,gpu3_benchmark,3,ckpt_s4096_e1024,benchmark,131072,4096,1024,1,0,True,21314.76,8989.46,8989.46,8989.46,22.666
2026-05-14T00:33:32.682918+00:00,gpu3_benchmark,3,ckpt_s2048_e1024,correctness,2048,2048,1024,1,0,True,,,,,6.990
2026-05-14T00:33:39.672848+00:00,gpu3_benchmark,3,ckpt_s2048_e1024,benchmark,2048,2048,1024,1,0,True,3453.26,193.25,193.25,193.25,10.300
2026-05-14T00:33:39.672848+00:00,gpu3_benchmark,3,ckpt_s2048_e1024,benchmark,8192,2048,1024,1,0,True,4153.79,419.5,419.5,419.5,10.300
2026-05-14T00:33:39.672848+00:00,gpu3_benchmark,3,ckpt_s2048_e1024,benchmark,32768,2048,1024,1,0,True,6955.88,1750.95,1750.95,1750.95,10.300
2026-05-14T00:33:49.972744+00:00,gpu3_benchmark,3,ckpt_s2048_e1024,benchmark,65536,2048,1024,1,0,True,11272.51,3811.98,3811.98,3811.98,12.416
2026-05-14T00:34:02.389072+00:00,gpu3_benchmark,3,ckpt_s2048_e1024,benchmark,131072,2048,1024,1,0,True,21314.63,8981.36,8981.36,8981.36,23.268
2026-05-14T00:34:25.657026+00:00,gpu3_benchmark,3,ckpt_s1024_e1024,correctness,2048,1024,1024,1,0,True,,,,,6.666
2026-05-14T00:34:32.323631+00:00,gpu3_benchmark,3,ckpt_s1024_e1024,benchmark,2048,1024,1024,1,0,True,3452.26,96.65,96.65,96.65,10.289
2026-05-14T00:34:32.323631+00:00,gpu3_benchmark,3,ckpt_s1024_e1024,benchmark,8192,1024,1024,1,0,True,4152.79,411.54,411.54,411.54,10.289
2026-05-14T00:34:32.323631+00:00,gpu3_benchmark,3,ckpt_s1024_e1024,benchmark,32768,1024,1024,1,0,True,6954.88,1776.84,1776.84,1776.84,10.289
2026-05-14T00:34:42.612624+00:00,gpu3_benchmark,3,ckpt_s1024_e1024,benchmark,65536,1024,1024,1,0,True,11272.01,3895.15,3895.15,3895.15,12.264
2026-05-14T00:34:54.876804+00:00,gpu3_benchmark,3,ckpt_s1024_e1024,benchmark,131072,1024,1024,1,0,True,21314.63,9105.23,9105.23,9105.23,23.457
2026-05-14T00:35:18.334555+00:00,gpu3_benchmark,3,nocp_s8192_e8192,correctness,2048,8192,8192,0,0,True,,,,,6.016
2026-05-14T00:35:24.351160+00:00,gpu3_benchmark,3,nocp_s8192_e8192,benchmark,2048,8192,8192,0,0,True,3510.1,47.91,47.91,47.91,6.803
2026-05-14T00:35:24.351160+00:00,gpu3_benchmark,3,nocp_s8192_e8192,benchmark,8192,8192,8192,0,0,True,4300.63,73.75,73.75,73.75,6.803
2026-05-14T00:35:24.351160+00:00,gpu3_benchmark,3,nocp_s8192_e8192,benchmark,32768,8192,8192,0,0,True,9328.38,325.87,325.87,325.87,6.803
2026-05-14T00:35:31.154314+00:00,gpu3_benchmark,3,nocp_s8192_e8192,benchmark,65536,8192,8192,0,0,True,17416.01,699.04,699.04,699.04,5.509
2026-05-14T00:35:36.663614+00:00,gpu3_benchmark,3,nocp_s8192_e8192,benchmark,131072,8192,8192,0,0,False,,,,,4.423
2026-05-14T00:35:41.086828+00:00,gpu3_benchmark,3,nocp_s8192_e4096,correctness,2048,8192,4096,0,0,True,,,,,6.329
2026-05-14T00:35:47.416358+00:00,gpu3_benchmark,3,nocp_s8192_e4096,benchmark,2048,8192,4096,0,0,True,3510.1,47.82,47.82,47.82,7.077
2026-05-14T00:35:47.416358+00:00,gpu3_benchmark,3,nocp_s8192_e4096,benchmark,8192,8192,4096,0,0,True,4428.77,116.48,116.48,116.48,7.077
2026-05-14T00:35:47.416358+00:00,gpu3_benchmark,3,nocp_s8192_e4096,benchmark,32768,8192,4096,0,0,True,9328.38,511.1,511.1,511.1,7.077
2026-05-14T00:35:54.494038+00:00,gpu3_benchmark,3,nocp_s8192_e4096,benchmark,65536,8192,4096,0,0,True,17416.01,1106.72,1106.72,1106.72,6.163
2026-05-14T00:36:00.657683+00:00,gpu3_benchmark,3,nocp_s8192_e4096,benchmark,131072,8192,4096,0,0,False,,,,,4.418
2026-05-14T00:36:05.075786+00:00,gpu3_benchmark,3,nocp_s4096_e4096,correctness,2048,4096,4096,0,0,True,,,,,5.933
2026-05-14T00:36:11.009261+00:00,gpu3_benchmark,3,nocp_s4096_e4096,benchmark,2048,4096,4096,0,0,True,3510.1,51.78,51.78,51.78,6.704
2026-05-14T00:36:11.009261+00:00,gpu3_benchmark,3,nocp_s4096_e4096,benchmark,8192,4096,4096,0,0,True,4428.77,117.21,117.21,117.21,6.704
2026-05-14T00:36:11.009261+00:00,gpu3_benchmark,3,nocp_s4096_e4096,benchmark,32768,4096,4096,0,0,True,9328.38,514.52,514.52,514.52,6.704
2026-05-14T00:36:17.713423+00:00,gpu3_benchmark,3,nocp_s4096_e4096,benchmark,65536,4096,4096,0,0,True,17416.01,1121.12,1121.12,1121.12,6.730
2026-05-14T00:36:24.443408+00:00,gpu3_benchmark,3,nocp_s4096_e4096,benchmark,131072,4096,4096,0,0,False,,,,,4.742
2026-05-14T00:36:29.185534+00:00,gpu3_benchmark,3,nocp_s4096_e2048,correctness,2048,4096,2048,0,0,True,,,,,6.149
2026-05-14T00:36:35.335236+00:00,gpu3_benchmark,3,nocp_s4096_e2048,benchmark,2048,4096,2048,0,0,True,3510.1,49.38,49.38,49.38,7.814
2026-05-14T00:36:35.335236+00:00,gpu3_benchmark,3,nocp_s4096_e2048,benchmark,8192,4096,2048,0,0,True,4525.78,203.61,203.61,203.61,7.814
2026-05-14T00:36:35.335236+00:00,gpu3_benchmark,3,nocp_s4096_e2048,benchmark,32768,4096,2048,0,0,True,9474.26,897.03,897.03,897.03,7.814
2026-05-14T00:36:43.149610+00:00,gpu3_benchmark,3,nocp_s4096_e2048,benchmark,65536,4096,2048,0,0,True,17708.01,1955.67,1955.67,1955.67,7.632
2026-05-14T00:36:50.781735+00:00,gpu3_benchmark,3,nocp_s4096_e2048,benchmark,131072,4096,2048,0,0,False,,,,,4.389
2026-05-14T00:36:55.171576+00:00,gpu3_benchmark,3,nocp_s2048_e2048,correctness,2048,2048,2048,0,0,True,,,,,6.304
2026-05-14T00:37:01.475677+00:00,gpu3_benchmark,3,nocp_s2048_e2048,benchmark,2048,2048,2048,0,0,True,3510.1,49.72,49.72,49.72,8.023
2026-05-14T00:37:01.475677+00:00,gpu3_benchmark,3,nocp_s2048_e2048,benchmark,8192,2048,2048,0,0,True,4526.78,206.97,206.97,206.97,8.023
2026-05-14T00:37:01.475677+00:00,gpu3_benchmark,3,nocp_s2048_e2048,benchmark,32768,2048,2048,0,0,True,9476.26,903.41,903.41,903.41,8.023
2026-05-14T00:37:09.499460+00:00,gpu3_benchmark,3,nocp_s2048_e2048,benchmark,65536,2048,2048,0,0,True,17708.01,1961.16,1961.16,1961.16,8.476
2026-05-14T00:37:17.975641+00:00,gpu3_benchmark,3,nocp_s2048_e2048,benchmark,131072,2048,2048,0,0,False,,,,,4.368
2026-05-14T00:37:22.344218+00:00,gpu3_benchmark,3,ckpt_s8192_e8192,correctness,2048,8192,8192,1,0,True,,,,,7.425
2026-05-14T00:37:29.769798+00:00,gpu3_benchmark,3,ckpt_s8192_e8192,benchmark,2048,8192,8192,1,0,True,3432.23,50.98,50.98,50.98,7.233
2026-05-14T00:37:29.769798+00:00,gpu3_benchmark,3,ckpt_s8192_e8192,benchmark,8192,8192,8192,1,0,True,4012.63,82.18,82.18,82.18,7.233
2026-05-14T00:37:29.769798+00:00,gpu3_benchmark,3,ckpt_s8192_e8192,benchmark,32768,8192,8192,1,0,True,6814.85,349.46,349.46,349.46,7.233
2026-05-14T00:37:37.003515+00:00,gpu3_benchmark,3,ckpt_s8192_e8192,benchmark,65536,8192,8192,1,0,True,11272.01,746.11,746.11,746.11,6.556
2026-05-14T00:37:43.559837+00:00,gpu3_benchmark,3,ckpt_s8192_e8192,benchmark,131072,8192,8192,1,0,True,21303.26,1667.15,1667.15,1667.15,8.195
2026-05-14T00:37:51.755841+00:00,gpu3_benchmark,3,ckpt_s16384_e4096,correctness,2048,16384,4096,1,0,True,,,,,6.797
2026-05-14T00:37:58.553110+00:00,gpu3_benchmark,3,ckpt_s16384_e4096,benchmark,2048,16384,4096,1,0,True,3432.23,51.11,51.11,51.11,8.079
2026-05-14T00:37:58.553110+00:00,gpu3_benchmark,3,ckpt_s16384_e4096,benchmark,8192,16384,4096,1,0,True,4092.77,125.9,125.9,125.9,8.079
2026-05-14T00:37:58.553110+00:00,gpu3_benchmark,3,ckpt_s16384_e4096,benchmark,32768,16384,4096,1,0,True,6894.87,545.18,545.18,545.18,8.079
2026-05-14T00:38:06.632226+00:00,gpu3_benchmark,3,ckpt_s16384_e4096,benchmark,65536,16384,4096,1,0,True,11272.01,1146.48,1146.48,1146.48,7.064
